frame,id,class,confidence,x1,y1,x2,y2
1,137.0,feeder,0.9534947872161865,821,892,1974,1258
2,137.0,feeder,0.953183114528656,808,901,2029,1268
2,295.0,gt,0.9166336059570312,1250,814,1616,1135
3,137.0,feeder,0.9522861838340759,802,905,2050,1273
3,295.0,gt,0.9001858830451965,1257,854,1579,1135
4,137.0,feeder,0.9508002996444702,799,907,2059,1274
4,295.0,gt,0.9436410069465637,1312,862,1549,1136
5,137.0,feeder,0.9512670040130615,799,907,2061,1275
5,295.0,gt,0.9465165734291077,1310,862,1542,1136
6,137.0,feeder,0.9517710208892822,798,907,2062,1275
6,295.0,gt,0.9432456493377686,1316,863,1539,1136
7,137.0,feeder,0.9515464305877686,798,907,2061,1275
7,295.0,gt,0.9399502873420715,1323,860,1540,1136
8,137.0,feeder,0.9525718688964844,799,906,2059,1274
8,295.0,gt,0.937117874622345,1322,860,1540,1136
9,137.0,feeder,0.9526069164276123,799,906,2058,1274
9,295.0,gt,0.9382853507995605,1325,860,1542,1136
10,137.0,feeder,0.952263355255127,800,906,2057,1274
10,295.0,gt,0.9358294606208801,1325,859,1543,1136
11,137.0,feeder,0.9535526037216187,800,906,2056,1274
11,295.0,gt,0.9376363754272461,1329,857,1545,1136
12,137.0,feeder,0.9530137181282043,800,906,2056,1274
12,295.0,gt,0.935565710067749,1328,857,1545,1136
13,137.0,feeder,0.9525582194328308,800,906,2055,1273
13,295.0,gt,0.9403330683708191,1328,857,1546,1135
14,137.0,feeder,0.9524665474891663,800,906,2055,1273
14,295.0,gt,0.9350765347480774,1330,857,1547,1135
15,137.0,feeder,0.9526728391647339,800,906,2054,1273
15,295.0,gt,0.9417311549186707,1328,856,1547,1136
16,137.0,feeder,0.9521300196647644,800,906,2053,1273
16,295.0,gt,0.9300076961517334,1327,855,1547,1136
17,137.0,feeder,0.9523462653160095,800,906,2053,1273
17,295.0,gt,0.9362982511520386,1328,855,1547,1137
18,137.0,feeder,0.9522883296012878,800,906,2053,1273
18,295.0,gt,0.9328722357749939,1326,857,1547,1137
19,137.0,feeder,0.95260089635849,800,906,2052,1273
19,295.0,gt,0.9296974539756775,1328,857,1548,1137
20,137.0,feeder,0.9528838396072388,801,906,2052,1273
20,295.0,gt,0.9212010502815247,1325,856,1549,1136
21,137.0,feeder,0.9541462659835815,801,906,2052,1273
21,295.0,gt,0.9259968996047974,1331,855,1554,1136
22,137.0,feeder,0.9549666047096252,801,906,2052,1273
22,295.0,gt,0.9313436150550842,1342,847,1556,1135
23,137.0,feeder,0.954885721206665,801,906,2052,1272
23,295.0,gt,0.9284427165985107,1344,844,1557,1135
24,137.0,feeder,0.9549353718757629,801,906,2052,1272
24,295.0,gt,0.9293433427810669,1343,842,1558,1135
25,137.0,feeder,0.9547852873802185,801,907,2052,1272
25,295.0,gt,0.9305391907691956,1344,841,1558,1135
26,137.0,feeder,0.9548203945159912,801,907,2052,1272
26,295.0,gt,0.9297558665275574,1344,840,1558,1135
27,137.0,feeder,0.9550022482872009,801,906,2052,1272
27,295.0,gt,0.929427981376648,1343,840,1558,1135
28,137.0,feeder,0.9548313617706299,801,906,2052,1272
28,295.0,gt,0.9331351518630981,1340,840,1558,1135
29,137.0,feeder,0.9545730948448181,801,907,2052,1272
29,295.0,gt,0.9314861297607422,1338,839,1559,1135
30,137.0,feeder,0.95450359582901,802,907,2051,1272
30,295.0,gt,0.9336094856262207,1338,839,1559,1135
31,137.0,feeder,0.9549775719642639,801,906,2052,1272
31,295.0,gt,0.9320285320281982,1338,839,1559,1135
32,137.0,feeder,0.9539878368377686,801,906,2052,1272
32,295.0,gt,0.9160131812095642,1333,850,1555,1135
33,137.0,feeder,0.9535537958145142,801,905,2051,1272
33,295.0,gt,0.9285721778869629,1331,855,1552,1135
34,137.0,feeder,0.9511104822158813,800,906,2052,1273
34,295.0,gt,0.9364054203033447,1330,859,1549,1135
35,137.0,feeder,0.9516246914863586,800,906,2052,1273
35,295.0,gt,0.9406369924545288,1324,857,1548,1136
36,137.0,feeder,0.9523956775665283,800,906,2052,1273
36,295.0,gt,0.9374115467071533,1322,858,1547,1136
37,137.0,feeder,0.9531635046005249,800,906,2051,1273
37,295.0,gt,0.9346522092819214,1325,857,1546,1135
38,137.0,feeder,0.9516527652740479,800,906,2052,1273
38,295.0,gt,0.9378364086151123,1326,859,1546,1135
39,137.0,feeder,0.9521143436431885,800,906,2051,1273
39,295.0,gt,0.9456750750541687,1325,857,1544,1135
40,137.0,feeder,0.952406644821167,801,906,2051,1273
40,295.0,gt,0.9424489736557007,1324,858,1542,1135
41,137.0,feeder,0.952519953250885,801,907,2051,1272
41,295.0,gt,0.9348204731941223,1323,858,1542,1135
42,137.0,feeder,0.9523270726203918,801,907,2051,1272
42,295.0,gt,0.9386935830116272,1324,858,1541,1135
43,137.0,feeder,0.951704740524292,801,907,2052,1273
43,295.0,gt,0.9392616748809814,1328,858,1539,1135
44,137.0,feeder,0.9520209431648254,801,907,2052,1273
44,295.0,gt,0.9354217648506165,1328,859,1536,1135
45,137.0,feeder,0.9523156881332397,801,907,2052,1273
45,295.0,gt,0.9362856149673462,1326,859,1534,1135
46,137.0,feeder,0.9516505002975464,801,907,2052,1273
46,295.0,gt,0.9383444786071777,1323,858,1533,1135
47,137.0,feeder,0.951957106590271,801,907,2052,1273
47,295.0,gt,0.9393525719642639,1325,857,1534,1135
48,137.0,feeder,0.9514039158821106,801,907,2052,1273
48,295.0,gt,0.9317747950553894,1325,858,1532,1135
49,137.0,feeder,0.9516332149505615,801,907,2052,1273
49,295.0,gt,0.935252845287323,1325,858,1533,1136
50,137.0,feeder,0.9519982933998108,801,907,2052,1273
50,295.0,gt,0.9340247511863708,1325,858,1533,1136
51,137.0,feeder,0.9518033266067505,801,907,2052,1273
51,295.0,gt,0.9343432188034058,1323,858,1534,1135
52,137.0,feeder,0.9515155553817749,801,907,2051,1273
52,295.0,gt,0.9167078137397766,1318,861,1543,1135
53,137.0,feeder,0.9532267451286316,801,906,2051,1272
53,295.0,gt,0.935513973236084,1285,847,1581,1135
54,137.0,feeder,0.9531644582748413,800,906,2052,1273
54,295.0,gt,0.9283692240715027,1274,837,1602,1135
55,137.0,feeder,0.9537712335586548,801,906,2052,1273
55,295.0,gt,0.9150574803352356,1265,832,1609,1135
56,137.0,feeder,0.9541865587234497,801,905,2051,1272
56,295.0,gt,0.9163076877593994,1263,831,1614,1135
57,137.0,feeder,0.9541019201278687,801,905,2051,1272
57,295.0,gt,0.9132729768753052,1260,829,1615,1135
58,137.0,feeder,0.9543763399124146,801,905,2051,1272
58,295.0,gt,0.9136176705360413,1260,828,1616,1136
59,137.0,feeder,0.9542461633682251,801,904,2051,1272
59,295.0,gt,0.9126448631286621,1258,828,1616,1136
60,137.0,feeder,0.9544934630393982,801,904,2051,1272
60,295.0,gt,0.9166789650917053,1260,827,1615,1136
61,137.0,feeder,0.9544704556465149,801,904,2051,1272
61,295.0,gt,0.9172002673149109,1260,826,1615,1136
62,137.0,feeder,0.9523611068725586,801,906,2051,1273
62,295.0,gt,0.9267333745956421,1258,838,1589,1136
63,137.0,feeder,0.953019380569458,801,906,2051,1272
63,295.0,gt,0.9227834343910217,1276,846,1572,1136
64,137.0,feeder,0.9534814953804016,801,906,2050,1272
64,295.0,gt,0.9233161807060242,1283,853,1562,1137
65,137.0,feeder,0.9536053538322449,801,906,2050,1272
65,295.0,gt,0.9309557676315308,1280,856,1560,1138
66,137.0,feeder,0.9533525109291077,801,906,2050,1272
66,295.0,gt,0.9230484366416931,1286,855,1559,1138
67,137.0,feeder,0.9532219767570496,801,906,2050,1272
67,295.0,gt,0.921002209186554,1282,857,1558,1138
68,137.0,feeder,0.9534115791320801,801,906,2050,1272
68,295.0,gt,0.9247214794158936,1290,857,1560,1138
69,137.0,feeder,0.9535036087036133,801,906,2051,1272
69,295.0,gt,0.9280295968055725,1293,859,1561,1138
70,137.0,feeder,0.9534174203872681,801,906,2051,1272
70,295.0,gt,0.919450044631958,1295,857,1561,1137
71,137.0,feeder,0.9535220265388489,801,905,2051,1272
71,295.0,gt,0.917984127998352,1290,857,1560,1137
72,137.0,feeder,0.9534521102905273,801,905,2051,1272
72,295.0,gt,0.9188352823257446,1285,857,1560,1137
73,137.0,feeder,0.9535110592842102,801,905,2051,1273
73,295.0,gt,0.9237242937088013,1284,858,1557,1138
74,137.0,feeder,0.9529740214347839,801,905,2051,1273
74,295.0,gt,0.9269468784332275,1288,855,1553,1137
75,137.0,feeder,0.9529187083244324,801,906,2050,1273
75,295.0,gt,0.9154049754142761,1292,857,1549,1136
76,137.0,feeder,0.9543611407279968,801,905,2051,1272
76,295.0,gt,0.9328998923301697,1291,853,1552,1134
77,137.0,feeder,0.9550184607505798,801,905,2051,1272
77,295.0,gt,0.928846538066864,1318,847,1554,1134
78,137.0,feeder,0.9551293849945068,801,905,2051,1272
78,295.0,gt,0.9310678243637085,1327,845,1555,1135
79,137.0,feeder,0.9550952315330505,801,905,2051,1272
79,295.0,gt,0.9321324825286865,1333,844,1556,1135
80,137.0,feeder,0.9551307559013367,801,905,2051,1272
80,295.0,gt,0.9333773851394653,1333,844,1557,1135
81,137.0,feeder,0.9549833536148071,801,906,2051,1272
81,295.0,gt,0.9360213279724121,1334,843,1557,1135
82,137.0,feeder,0.9550178050994873,801,906,2051,1272
82,295.0,gt,0.9367265105247498,1333,843,1558,1136
83,137.0,feeder,0.9551531672477722,801,906,2051,1272
83,295.0,gt,0.934904158115387,1333,842,1558,1135
84,137.0,feeder,0.9551497101783752,801,906,2051,1272
84,295.0,gt,0.9340677261352539,1333,842,1558,1135
85,137.0,feeder,0.9551957249641418,801,906,2051,1272
85,295.0,gt,0.9351158142089844,1332,842,1558,1135
86,137.0,feeder,0.9549688696861267,801,906,2051,1272
86,295.0,gt,0.9340896606445312,1331,842,1558,1136
87,137.0,feeder,0.9540613293647766,801,907,2051,1273
87,295.0,gt,0.928132176399231,1328,837,1558,1136
88,137.0,feeder,0.954181969165802,801,907,2051,1273
88,295.0,gt,0.9306069016456604,1323,832,1558,1136
89,137.0,feeder,0.9539009928703308,801,907,2051,1273
89,295.0,gt,0.9340848922729492,1323,830,1555,1136
90,137.0,feeder,0.9538198113441467,801,907,2051,1273
90,295.0,gt,0.9353933930397034,1323,828,1552,1136
91,137.0,feeder,0.9534236192703247,801,907,2051,1273
91,295.0,gt,0.9367315173149109,1324,829,1551,1136
92,137.0,feeder,0.9536119699478149,801,907,2050,1273
92,295.0,gt,0.9355989098548889,1324,828,1550,1136
93,137.0,feeder,0.9535468220710754,801,907,2050,1273
93,295.0,gt,0.9346434473991394,1325,828,1550,1136
94,137.0,feeder,0.9534494280815125,801,908,2050,1273
94,295.0,gt,0.9342700242996216,1326,828,1550,1136
95,137.0,feeder,0.9533126354217529,801,908,2050,1273
95,295.0,gt,0.9342530965805054,1327,828,1550,1136
96,137.0,feeder,0.9534034729003906,801,908,2050,1273
96,295.0,gt,0.9394322633743286,1333,816,1550,1136
97,137.0,feeder,0.9528232216835022,801,909,2050,1273
97,295.0,gt,0.9356796741485596,1348,796,1549,1137
98,137.0,feeder,0.9530762434005737,801,909,2050,1273
98,295.0,gt,0.9379211068153381,1356,786,1550,1137
99,137.0,feeder,0.9531410932540894,801,909,2050,1273
99,295.0,gt,0.9347565174102783,1358,781,1551,1136
100,137.0,feeder,0.9529024362564087,801,909,2050,1273
100,295.0,gt,0.9328370690345764,1359,779,1552,1136
101,137.0,feeder,0.9529060125350952,801,909,2050,1273
101,295.0,gt,0.927828311920166,1359,778,1553,1137
102,137.0,feeder,0.9528926014900208,801,909,2051,1273
102,295.0,gt,0.928238570690155,1359,778,1553,1137
103,137.0,feeder,0.9527593851089478,801,909,2050,1273
103,295.0,gt,0.9280261993408203,1359,778,1554,1137
104,137.0,feeder,0.9529231190681458,801,909,2051,1273
104,295.0,gt,0.9314417243003845,1359,779,1554,1137
105,137.0,feeder,0.9530659317970276,801,909,2051,1273
105,295.0,gt,0.9327228665351868,1359,779,1554,1137
106,137.0,feeder,0.9532520174980164,801,909,2051,1273
106,295.0,gt,0.9284375905990601,1359,779,1553,1136
107,137.0,feeder,0.9531587362289429,801,909,2051,1273
107,295.0,gt,0.9286370873451233,1358,779,1553,1136
108,137.0,feeder,0.9532788395881653,801,909,2051,1273
108,295.0,gt,0.9291011691093445,1358,779,1553,1136
109,137.0,feeder,0.952976405620575,801,909,2051,1273
109,295.0,gt,0.9262338280677795,1357,779,1553,1136
110,137.0,feeder,0.9530931115150452,801,909,2051,1273
110,295.0,gt,0.9270206689834595,1356,779,1553,1137
111,137.0,feeder,0.953033447265625,801,909,2051,1273
111,295.0,gt,0.9304510354995728,1356,780,1552,1136
112,137.0,feeder,0.9531204104423523,801,909,2051,1273
112,295.0,gt,0.9301719665527344,1356,780,1552,1137
113,137.0,feeder,0.9530020356178284,801,908,2051,1273
113,295.0,gt,0.9296239614486694,1355,781,1553,1137
114,137.0,feeder,0.9531079530715942,801,908,2051,1273
114,295.0,gt,0.9328877925872803,1353,786,1552,1137
115,137.0,feeder,0.9530813097953796,801,908,2050,1273
115,295.0,gt,0.9421828389167786,1348,784,1552,1137
116,137.0,feeder,0.9529132843017578,802,908,2050,1273
116,295.0,gt,0.9417293667793274,1350,782,1553,1137
117,137.0,feeder,0.9530933499336243,802,908,2050,1273
117,295.0,gt,0.9420262575149536,1350,781,1553,1137
118,137.0,feeder,0.952994167804718,801,908,2050,1273
118,295.0,gt,0.9402442574501038,1350,781,1553,1137
119,137.0,feeder,0.9531084895133972,801,908,2050,1273
119,295.0,gt,0.9396677017211914,1350,781,1553,1137
120,137.0,feeder,0.9531742334365845,801,908,2050,1273
120,295.0,gt,0.940290093421936,1350,781,1553,1138
121,137.0,feeder,0.9535447955131531,801,908,2050,1273
121,295.0,gt,0.9416422843933105,1350,780,1552,1137
122,137.0,feeder,0.9534308910369873,801,908,2050,1273
122,295.0,gt,0.9417480826377869,1350,780,1552,1137
123,137.0,feeder,0.9531896114349365,801,908,2050,1273
123,295.0,gt,0.9419644474983215,1350,780,1551,1137
124,137.0,feeder,0.9532240629196167,801,908,2050,1273
124,295.0,gt,0.9417350888252258,1350,781,1551,1137
125,137.0,feeder,0.953174889087677,801,908,2050,1273
125,295.0,gt,0.9403058886528015,1350,780,1551,1137
126,137.0,feeder,0.9532337784767151,801,908,2050,1273
126,295.0,gt,0.9395788908004761,1350,780,1551,1137
127,137.0,feeder,0.9533026814460754,801,908,2050,1273
127,295.0,gt,0.9403287768363953,1349,780,1551,1137
128,137.0,feeder,0.9532819986343384,801,908,2050,1273
128,295.0,gt,0.9403923153877258,1349,780,1551,1137
129,137.0,feeder,0.9531744122505188,801,908,2050,1273
129,295.0,gt,0.9401067495346069,1349,780,1551,1137
130,137.0,feeder,0.9530673623085022,801,908,2051,1273
130,295.0,gt,0.9404882788658142,1349,781,1551,1137
131,137.0,feeder,0.9532427787780762,802,909,2051,1273
131,295.0,gt,0.9396257996559143,1346,781,1551,1137
132,137.0,feeder,0.9531525373458862,801,909,2050,1273
132,295.0,gt,0.9389606714248657,1349,781,1551,1137
133,137.0,feeder,0.9532877206802368,801,909,2051,1273
133,295.0,gt,0.9408581256866455,1349,780,1551,1138
134,137.0,feeder,0.9531919956207275,801,909,2051,1273
134,295.0,gt,0.9406707286834717,1349,779,1551,1137
135,137.0,feeder,0.9533106088638306,801,909,2051,1273
135,295.0,gt,0.9361897110939026,1349,783,1551,1137
136,137.0,feeder,0.9530602693557739,801,908,2051,1273
136,295.0,gt,0.9353577494621277,1349,785,1551,1137
137,137.0,feeder,0.9530726671218872,801,908,2051,1273
137,295.0,gt,0.9334389567375183,1349,785,1550,1137
138,137.0,feeder,0.9532883763313293,801,908,2051,1273
138,295.0,gt,0.932731568813324,1349,785,1550,1137
139,137.0,feeder,0.9532185196876526,801,908,2051,1273
139,295.0,gt,0.933253288269043,1349,785,1550,1137
140,137.0,feeder,0.9531939625740051,801,908,2051,1273
140,295.0,gt,0.9349380135536194,1350,785,1550,1137
141,137.0,feeder,0.9532673954963684,801,908,2051,1273
141,295.0,gt,0.9344499707221985,1350,785,1550,1136
142,137.0,feeder,0.9533305168151855,801,908,2051,1273
142,295.0,gt,0.934675931930542,1350,785,1550,1136
143,137.0,feeder,0.9532491564750671,801,908,2051,1273
143,295.0,gt,0.9337882399559021,1350,785,1550,1136
144,137.0,feeder,0.9532903432846069,801,908,2051,1273
144,295.0,gt,0.9347518682479858,1350,785,1550,1137
145,137.0,feeder,0.9531688094139099,801,908,2051,1273
145,295.0,gt,0.9360382556915283,1350,785,1551,1136
146,137.0,feeder,0.9532489776611328,801,908,2051,1273
146,295.0,gt,0.9362660050392151,1351,785,1551,1136
147,137.0,feeder,0.9533694386482239,801,908,2051,1273
147,295.0,gt,0.9354559779167175,1351,785,1551,1136
148,137.0,feeder,0.953220009803772,801,908,2051,1273
148,295.0,gt,0.9364572763442993,1352,785,1551,1136
149,137.0,feeder,0.9530900716781616,801,908,2051,1273
149,295.0,gt,0.936059832572937,1352,785,1551,1137
150,137.0,feeder,0.9530951380729675,801,908,2051,1273
150,295.0,gt,0.934249758720398,1352,785,1551,1136
151,137.0,feeder,0.953303337097168,801,909,2051,1273
151,295.0,gt,0.935055673122406,1352,785,1551,1136
152,137.0,feeder,0.9534693360328674,801,908,2051,1273
152,295.0,gt,0.9298949837684631,1349,794,1550,1136
153,137.0,feeder,0.9534417986869812,801,908,2051,1273
153,295.0,gt,0.9284064173698425,1348,797,1549,1136
154,137.0,feeder,0.9535512924194336,801,908,2051,1273
154,295.0,gt,0.9287468791007996,1348,798,1548,1137
155,137.0,feeder,0.953493058681488,802,908,2051,1273
155,295.0,gt,0.9303424954414368,1348,798,1548,1137
156,137.0,feeder,0.9536322355270386,802,908,2051,1273
156,295.0,gt,0.9309374094009399,1349,798,1548,1138
157,137.0,feeder,0.9537148475646973,801,908,2051,1273
157,295.0,gt,0.9324559569358826,1349,797,1548,1137
158,137.0,feeder,0.9536260962486267,801,908,2051,1273
158,295.0,gt,0.9324773550033569,1350,797,1548,1138
159,137.0,feeder,0.9535906314849854,801,908,2050,1273
159,295.0,gt,0.9328349828720093,1350,797,1549,1138
160,137.0,feeder,0.9535701274871826,802,908,2050,1273
160,295.0,gt,0.9311069846153259,1350,796,1549,1138
161,137.0,feeder,0.9535644054412842,801,908,2051,1273
161,295.0,gt,0.932246208190918,1351,796,1549,1138
162,137.0,feeder,0.9536259770393372,801,908,2051,1273
162,295.0,gt,0.9335467219352722,1352,796,1549,1138
163,137.0,feeder,0.953719437122345,802,908,2051,1273
163,295.0,gt,0.9366800785064697,1352,796,1550,1138
164,137.0,feeder,0.9535945057868958,802,908,2051,1273
164,295.0,gt,0.9345135688781738,1353,798,1551,1137
165,137.0,feeder,0.9529584050178528,802,908,2051,1273
165,295.0,gt,0.9369242787361145,1347,826,1551,1136
166,137.0,feeder,0.9528912901878357,801,906,2051,1273
166,295.0,gt,0.9291620850563049,1343,847,1549,1134
167,137.0,feeder,0.9529960751533508,801,906,2051,1273
167,295.0,gt,0.9249364733695984,1340,859,1547,1134
168,137.0,feeder,0.9528914093971252,801,905,2051,1273
168,295.0,gt,0.9278141260147095,1339,864,1545,1134
169,137.0,feeder,0.9525144696235657,801,905,2051,1273
169,295.0,gt,0.918638288974762,1338,865,1545,1135
170,137.0,feeder,0.9528023600578308,801,905,2051,1273
170,295.0,gt,0.9261199235916138,1336,865,1543,1135
171,137.0,feeder,0.9529494047164917,801,905,2051,1273
171,295.0,gt,0.9270709753036499,1335,866,1540,1135
172,137.0,feeder,0.9529688358306885,801,905,2051,1273
172,295.0,gt,0.9283859133720398,1335,866,1539,1135
173,137.0,feeder,0.9522668123245239,800,905,2052,1273
173,295.0,gt,0.925692081451416,1335,865,1538,1134
174,137.0,feeder,0.9523083567619324,800,905,2052,1273
174,295.0,gt,0.9298234581947327,1335,865,1538,1134
175,137.0,feeder,0.9519160389900208,800,905,2052,1273
175,295.0,gt,0.9324126243591309,1333,865,1539,1134
176,137.0,feeder,0.9521179795265198,800,905,2051,1273
176,295.0,gt,0.9315536618232727,1334,864,1539,1135
177,137.0,feeder,0.9517272710800171,801,905,2051,1273
177,295.0,gt,0.9303149580955505,1334,864,1539,1134
178,137.0,feeder,0.9519785046577454,801,905,2051,1273
178,295.0,gt,0.9361626505851746,1335,864,1544,1134
179,137.0,feeder,0.9520302414894104,801,905,2051,1273
179,295.0,gt,0.9332007765769958,1335,864,1546,1134
180,137.0,feeder,0.952564001083374,801,905,2051,1272
180,295.0,gt,0.9217217564582825,1333,865,1550,1135
181,137.0,feeder,0.9525750279426575,801,905,2051,1273
181,295.0,gt,0.9266961216926575,1333,865,1548,1134
182,137.0,feeder,0.9523218274116516,801,905,2051,1273
182,295.0,gt,0.925355851650238,1332,864,1548,1134
183,137.0,feeder,0.951728343963623,801,905,2051,1273
183,295.0,gt,0.9205316305160522,1332,862,1548,1134
184,137.0,feeder,0.9518782496452332,801,906,2051,1273
184,295.0,gt,0.9191704988479614,1329,859,1573,1134
185,137.0,feeder,0.9537532329559326,801,905,2051,1273
185,295.0,gt,0.9211134910583496,1291,837,1598,1135
186,137.0,feeder,0.9540273547172546,801,904,2051,1273
186,295.0,gt,0.927397608757019,1280,825,1609,1135
187,137.0,feeder,0.9537184238433838,801,904,2051,1273
187,295.0,gt,0.9308859705924988,1271,819,1613,1135
188,137.0,feeder,0.9537851214408875,801,904,2051,1272
188,295.0,gt,0.9319139719009399,1269,817,1615,1136
189,137.0,feeder,0.9537447094917297,801,904,2051,1272
189,295.0,gt,0.9333229660987854,1268,815,1615,1136
190,137.0,feeder,0.9536450505256653,801,904,2051,1272
190,295.0,gt,0.9352928400039673,1269,815,1615,1135
191,137.0,feeder,0.9536088109016418,801,904,2051,1272
191,295.0,gt,0.9352510571479797,1270,815,1615,1136
192,137.0,feeder,0.9528969526290894,801,905,2051,1272
192,295.0,gt,0.9244605898857117,1272,837,1583,1135
193,137.0,feeder,0.9529072046279907,801,905,2051,1273
193,295.0,gt,0.9167100191116333,1277,850,1569,1134
194,137.0,feeder,0.9536438584327698,801,905,2051,1272
194,295.0,gt,0.9149413704872131,1273,854,1561,1133
195,137.0,feeder,0.9537297487258911,801,905,2051,1272
195,295.0,gt,0.911077618598938,1271,857,1558,1133
196,137.0,feeder,0.953395426273346,800,905,2051,1272
196,295.0,gt,0.9133183360099792,1277,860,1557,1132
197,137.0,feeder,0.9527407884597778,800,905,2051,1273
197,295.0,gt,0.89726322889328,1288,862,1552,1132
198,137.0,feeder,0.9527422785758972,800,904,2051,1273
198,295.0,gt,0.9069478511810303,1287,861,1552,1132
199,137.0,feeder,0.9529606699943542,800,904,2051,1273
199,295.0,gt,0.9148139357566833,1284,862,1551,1131
200,137.0,feeder,0.9525266885757446,801,905,2051,1273
200,295.0,gt,0.9138691425323486,1283,863,1552,1131
201,137.0,feeder,0.9533728957176208,801,905,2051,1273
201,295.0,gt,0.9082040786743164,1283,858,1555,1132
202,137.0,feeder,0.9529616832733154,801,905,2051,1273
202,295.0,gt,0.8994888663291931,1281,857,1553,1131
203,137.0,feeder,0.953619122505188,801,905,2051,1273
203,295.0,gt,0.9265192747116089,1282,855,1550,1131
204,137.0,feeder,0.954242467880249,801,905,2051,1273
204,295.0,gt,0.9356411099433899,1284,852,1547,1132
205,137.0,feeder,0.9545004367828369,801,905,2051,1273
205,295.0,gt,0.9332924485206604,1287,850,1546,1133
206,137.0,feeder,0.9543790221214294,801,905,2051,1273
206,295.0,gt,0.9360045194625854,1288,850,1545,1134
207,137.0,feeder,0.9542247653007507,801,905,2051,1273
207,295.0,gt,0.9363867044448853,1291,849,1545,1134
208,137.0,feeder,0.9543957710266113,801,905,2051,1273
208,295.0,gt,0.9393552541732788,1294,849,1544,1134
209,137.0,feeder,0.9542324542999268,801,904,2051,1273
209,295.0,gt,0.9122799038887024,1291,849,1542,1135
210,137.0,feeder,0.9532894492149353,801,904,2051,1273
210,295.0,gt,0.9322606325149536,1320,852,1538,1135
211,137.0,feeder,0.9522789120674133,801,905,2050,1273
211,295.0,gt,0.9218007326126099,1329,857,1536,1133
212,137.0,feeder,0.9520702362060547,801,905,2050,1273
212,295.0,gt,0.9207680225372314,1333,861,1537,1134
213,137.0,feeder,0.9524756073951721,801,905,2050,1273
213,295.0,gt,0.9187690615653992,1335,863,1538,1136
214,137.0,feeder,0.9528830647468567,801,905,2050,1273
214,295.0,gt,0.9225276708602905,1336,864,1540,1137
215,137.0,feeder,0.9527330994606018,801,905,2051,1273
215,295.0,gt,0.9191933274269104,1338,864,1544,1137
216,137.0,feeder,0.9523583054542542,801,905,2051,1273
216,295.0,gt,0.9215606451034546,1342,865,1548,1138
217,137.0,feeder,0.9520396590232849,801,906,2051,1273
217,295.0,gt,0.9263388514518738,1345,863,1550,1141
218,137.0,feeder,0.9510172009468079,800,905,2051,1273
218,295.0,gt,0.9303451776504517,1346,865,1550,1141
219,137.0,feeder,0.9512170553207397,800,905,2051,1273
219,295.0,gt,0.9356063008308411,1346,864,1551,1142
220,137.0,feeder,0.9519847631454468,801,905,2050,1273
220,295.0,gt,0.9245189428329468,1347,861,1551,1141
221,137.0,feeder,0.9525136947631836,801,906,2050,1273
221,295.0,gt,0.9323856234550476,1349,860,1551,1141
222,137.0,feeder,0.9526058435440063,801,906,2051,1273
222,295.0,gt,0.9348430037498474,1350,859,1551,1140
223,137.0,feeder,0.9528075456619263,801,906,2051,1272
223,295.0,gt,0.942092776298523,1351,857,1552,1140
224,137.0,feeder,0.9532524347305298,801,906,2051,1272
224,295.0,gt,0.9090551137924194,1343,857,1567,1141
225,137.0,feeder,0.9548623561859131,801,905,2051,1272
225,295.0,gt,0.9266350269317627,1305,840,1598,1141
226,137.0,feeder,0.9549012780189514,801,904,2051,1272
226,295.0,gt,0.9211562275886536,1287,827,1611,1142
227,137.0,feeder,0.9549692273139954,801,904,2051,1272
227,295.0,gt,0.9239104390144348,1281,821,1617,1143
228,137.0,feeder,0.9552050828933716,801,904,2051,1272
228,295.0,gt,0.9228067994117737,1283,818,1619,1142
229,137.0,feeder,0.9551828503608704,801,904,2051,1272
229,295.0,gt,0.9218353033065796,1284,816,1619,1142
230,137.0,feeder,0.9551082849502563,801,905,2051,1272
230,295.0,gt,0.9205266833305359,1285,814,1616,1142
231,137.0,feeder,0.9551828503608704,801,905,2051,1272
231,295.0,gt,0.9113480448722839,1286,823,1603,1141
232,137.0,feeder,0.9548275470733643,801,906,2051,1272
232,295.0,gt,0.9201268553733826,1290,827,1578,1139
233,137.0,feeder,0.9548723697662354,801,906,2050,1272
233,295.0,gt,0.9246814250946045,1302,829,1569,1139
234,137.0,feeder,0.9545425772666931,801,906,2051,1272
234,295.0,gt,0.9230633974075317,1314,829,1564,1139
235,137.0,feeder,0.9545171856880188,801,906,2051,1272
235,295.0,gt,0.9245449304580688,1321,829,1561,1139
236,137.0,feeder,0.954535186290741,801,906,2051,1272
236,295.0,gt,0.9244250059127808,1323,828,1560,1138
237,137.0,feeder,0.9547401666641235,801,906,2051,1272
237,295.0,gt,0.9253402352333069,1325,829,1560,1139
238,137.0,feeder,0.9549052715301514,801,906,2051,1272
238,295.0,gt,0.9264571666717529,1326,829,1560,1138
239,137.0,feeder,0.9548373222351074,801,906,2051,1272
239,295.0,gt,0.9264043569564819,1326,829,1560,1139
240,137.0,feeder,0.954177975654602,801,905,2051,1272
240,295.0,gt,0.9098708629608154,1326,850,1559,1139
241,137.0,feeder,0.9535752534866333,801,905,2051,1272
241,295.0,gt,0.9271121621131897,1339,856,1558,1139
242,137.0,feeder,0.9532948732376099,801,905,2051,1273
242,295.0,gt,0.925422728061676,1343,860,1556,1139
243,137.0,feeder,0.9524132013320923,801,905,2051,1273
243,295.0,gt,0.9328620433807373,1342,863,1555,1140
244,137.0,feeder,0.9524309635162354,801,905,2051,1273
244,295.0,gt,0.9262909889221191,1342,863,1554,1140
245,137.0,feeder,0.9530867338180542,801,904,2051,1273
245,295.0,gt,0.9231939911842346,1343,862,1551,1140
246,137.0,feeder,0.9534395337104797,801,904,2051,1273
246,295.0,gt,0.9241676926612854,1343,860,1550,1138
247,137.0,feeder,0.9522894024848938,801,904,2051,1273
247,295.0,gt,0.9282621741294861,1342,860,1551,1139
248,137.0,feeder,0.9529289603233337,801,905,2051,1273
248,295.0,gt,0.9198781251907349,1342,860,1550,1139
249,137.0,feeder,0.9536656737327576,801,905,2051,1272
249,295.0,gt,0.931747317314148,1342,859,1550,1138
250,137.0,feeder,0.9539761543273926,801,905,2051,1272
250,295.0,gt,0.9313653111457825,1342,857,1551,1137
251,137.0,feeder,0.953198254108429,801,905,2051,1273
251,295.0,gt,0.9361848831176758,1340,860,1553,1138
252,137.0,feeder,0.9537708163261414,801,905,2051,1273
252,295.0,gt,0.9300739169120789,1338,859,1552,1138
253,137.0,feeder,0.9536572694778442,801,905,2051,1272
253,295.0,gt,0.9255105257034302,1337,857,1549,1136
254,137.0,feeder,0.9540851712226868,801,905,2051,1272
254,295.0,gt,0.9301891922950745,1336,856,1548,1136
255,137.0,feeder,0.9535598158836365,801,905,2051,1272
255,295.0,gt,0.9215412735939026,1336,857,1548,1137
256,137.0,feeder,0.9531540870666504,800,905,2051,1273
256,295.0,gt,0.9367594718933105,1335,861,1550,1138
257,137.0,feeder,0.9527509212493896,800,905,2050,1273
257,295.0,gt,0.9310819506645203,1336,861,1549,1138
258,137.0,feeder,0.9527631402015686,800,905,2050,1273
258,295.0,gt,0.9301338195800781,1336,858,1547,1137
259,137.0,feeder,0.9529030919075012,801,905,2050,1273
259,295.0,gt,0.9302027225494385,1336,858,1547,1137
260,137.0,feeder,0.95253586769104,801,905,2051,1273
260,295.0,gt,0.9320189952850342,1337,861,1546,1137
261,137.0,feeder,0.9539084434509277,801,904,2050,1272
261,295.0,gt,0.934320330619812,1337,858,1546,1136
262,137.0,feeder,0.9537054300308228,801,904,2050,1272
262,295.0,gt,0.9011515378952026,1334,858,1548,1135
263,137.0,feeder,0.9542128443717957,801,905,2050,1273
263,295.0,gt,0.9355661869049072,1340,845,1549,1134
264,137.0,feeder,0.9536806344985962,801,906,2051,1273
264,295.0,gt,0.936874270439148,1346,829,1550,1134
265,137.0,feeder,0.9539291858673096,801,906,2051,1273
265,295.0,gt,0.9364410638809204,1349,822,1550,1134
266,137.0,feeder,0.9538504481315613,801,907,2051,1273
266,295.0,gt,0.9397145509719849,1348,820,1550,1134
267,137.0,feeder,0.9537070393562317,801,906,2051,1273
267,295.0,gt,0.9390152096748352,1347,818,1550,1134
268,137.0,feeder,0.953405499458313,801,907,2051,1273
268,295.0,gt,0.9381086826324463,1344,816,1551,1134
269,137.0,feeder,0.9533548951148987,801,907,2052,1273
269,295.0,gt,0.9350205659866333,1346,806,1552,1135
270,137.0,feeder,0.9533565640449524,801,908,2051,1273
270,295.0,gt,0.9399551153182983,1342,793,1553,1136
271,137.0,feeder,0.9528082609176636,801,907,2051,1273
271,295.0,gt,0.9362724423408508,1344,787,1552,1136
272,137.0,feeder,0.9529188871383667,801,907,2051,1273
272,295.0,gt,0.9393361210823059,1346,784,1553,1136
273,137.0,feeder,0.9528769254684448,801,907,2051,1273
273,295.0,gt,0.937384843826294,1346,784,1553,1136
274,137.0,feeder,0.9529637098312378,801,907,2051,1273
274,295.0,gt,0.9387642741203308,1345,783,1552,1136
275,137.0,feeder,0.9529036283493042,801,907,2051,1273
275,295.0,gt,0.9393893480300903,1345,783,1551,1136
276,137.0,feeder,0.9529577493667603,801,907,2051,1273
276,295.0,gt,0.9374548196792603,1344,784,1552,1137
277,137.0,feeder,0.9524515867233276,801,907,2051,1273
277,295.0,gt,0.9366346001625061,1345,802,1553,1135
278,137.0,feeder,0.9527801275253296,801,906,2051,1273
278,295.0,gt,0.9083803296089172,1347,841,1552,1134
279,137.0,feeder,0.9537963271141052,801,905,2051,1272
279,295.0,gt,0.9304373264312744,1344,854,1552,1134
280,137.0,feeder,0.9537928104400635,801,904,2051,1272
280,295.0,gt,0.9225689768791199,1342,861,1552,1133
281,137.0,feeder,0.9534879922866821,801,904,2051,1272
281,295.0,gt,0.9241352081298828,1341,865,1553,1134
282,137.0,feeder,0.9536483883857727,801,904,2051,1272
282,295.0,gt,0.9247628450393677,1342,865,1552,1133
283,137.0,feeder,0.9529579877853394,801,905,2051,1272
283,295.0,gt,0.9329526424407959,1343,863,1550,1133
284,137.0,feeder,0.9526861310005188,801,905,2051,1273
284,295.0,gt,0.9289152026176453,1343,864,1549,1132
285,137.0,feeder,0.9534559845924377,801,905,2051,1273
285,295.0,gt,0.9214752912521362,1342,866,1549,1132
286,137.0,feeder,0.9539276361465454,801,905,2051,1273
286,295.0,gt,0.9192308187484741,1339,864,1550,1132
287,137.0,feeder,0.9537771940231323,801,905,2051,1273
287,295.0,gt,0.9200633764266968,1338,863,1549,1132
288,137.0,feeder,0.9538516402244568,801,905,2051,1273
288,295.0,gt,0.9167121052742004,1339,863,1549,1132
289,137.0,feeder,0.9541992545127869,801,905,2051,1273
289,295.0,gt,0.9140719175338745,1338,863,1548,1133
290,137.0,feeder,0.9540797472000122,801,905,2051,1273
290,295.0,gt,0.9156049489974976,1338,861,1548,1132
291,137.0,feeder,0.9538896679878235,801,905,2051,1272
291,295.0,gt,0.9195038676261902,1338,860,1548,1132
292,137.0,feeder,0.9540899395942688,801,905,2051,1272
292,295.0,gt,0.92318195104599,1338,860,1548,1132
293,137.0,feeder,0.9540061950683594,801,905,2051,1272
293,295.0,gt,0.9159951210021973,1336,860,1548,1133
294,137.0,feeder,0.9537560939788818,801,905,2051,1272
294,295.0,gt,0.9157246947288513,1336,860,1550,1133
295,137.0,feeder,0.9541810154914856,801,905,2051,1272
295,295.0,gt,0.9150286912918091,1335,860,1550,1133
296,137.0,feeder,0.9541863203048706,801,905,2051,1273
296,295.0,gt,0.9170072674751282,1337,860,1550,1133
297,137.0,feeder,0.9542897939682007,801,905,2051,1272
297,295.0,gt,0.921812891960144,1338,860,1550,1133
298,137.0,feeder,0.954317033290863,801,904,2051,1272
298,295.0,gt,0.9165822267532349,1338,861,1551,1133
299,137.0,feeder,0.954443633556366,801,904,2051,1272
299,295.0,gt,0.9130701422691345,1337,861,1552,1133
300,137.0,feeder,0.954472541809082,801,904,2051,1272
300,295.0,gt,0.9154230356216431,1338,862,1554,1133
301,137.0,feeder,0.9540658593177795,801,904,2051,1273
301,295.0,gt,0.929196834564209,1339,863,1557,1133
302,137.0,feeder,0.9537338614463806,801,905,2051,1273
302,295.0,gt,0.9276240468025208,1338,863,1558,1132
303,137.0,feeder,0.9536247849464417,801,905,2051,1273
303,295.0,gt,0.9273170232772827,1338,865,1558,1135
304,137.0,feeder,0.953004002571106,801,905,2051,1273
304,295.0,gt,0.9135823249816895,1338,864,1554,1137
305,137.0,feeder,0.9535114765167236,801,905,2051,1273
305,295.0,gt,0.911089301109314,1339,861,1551,1137
306,137.0,feeder,0.9534706473350525,801,905,2051,1273
306,295.0,gt,0.920140266418457,1339,857,1548,1137
307,137.0,feeder,0.9535359144210815,801,904,2051,1272
307,295.0,gt,0.9022765755653381,1338,863,1546,1138
308,137.0,feeder,0.9535539746284485,801,904,2051,1272
308,295.0,gt,0.9010754823684692,1336,864,1546,1138
309,137.0,feeder,0.9537069797515869,801,905,2051,1272
309,295.0,gt,0.9031444787979126,1337,862,1544,1137
310,137.0,feeder,0.9535475969314575,801,905,2051,1272
310,295.0,gt,0.9040334820747375,1337,862,1542,1137
311,137.0,feeder,0.9536339044570923,801,905,2051,1272
311,295.0,gt,0.9192731380462646,1338,861,1540,1136
312,137.0,feeder,0.9542790651321411,801,905,2051,1272
312,295.0,gt,0.9374361634254456,1313,852,1582,1136
313,137.0,feeder,0.9536588191986084,800,905,2052,1273
313,295.0,gt,0.914472222328186,1285,834,1603,1136
314,137.0,feeder,0.954168438911438,800,904,2052,1273
314,295.0,gt,0.9186719655990601,1274,827,1612,1136
315,137.0,feeder,0.9538548588752747,800,903,2052,1272
315,295.0,gt,0.9218246340751648,1263,822,1617,1135
316,137.0,feeder,0.9539686441421509,800,903,2051,1272
316,295.0,gt,0.9195008277893066,1259,821,1622,1135
317,137.0,feeder,0.9538447856903076,801,903,2051,1272
317,295.0,gt,0.9182254076004028,1257,819,1621,1135
318,137.0,feeder,0.9539884328842163,801,903,2051,1272
318,295.0,gt,0.9185630679130554,1257,818,1621,1135
319,137.0,feeder,0.9547168612480164,801,903,2051,1272
319,295.0,gt,0.9203150272369385,1261,822,1619,1135
320,137.0,feeder,0.9540038108825684,801,904,2051,1272
320,295.0,gt,0.8987783789634705,1269,849,1583,1134
321,137.0,feeder,0.9534457325935364,801,905,2051,1272
321,295.0,gt,0.9219309091567993,1303,857,1563,1135
322,137.0,feeder,0.9536325931549072,801,906,2051,1272
322,295.0,gt,0.9262890815734863,1315,857,1555,1135
323,137.0,feeder,0.9539359211921692,801,905,2051,1272
323,295.0,gt,0.9245298504829407,1316,858,1553,1135
324,137.0,feeder,0.95420902967453,801,905,2051,1272
324,295.0,gt,0.9327751398086548,1327,858,1551,1135
325,137.0,feeder,0.9541014432907104,801,905,2051,1272
325,295.0,gt,0.9399868249893188,1332,856,1550,1135
326,137.0,feeder,0.9541064500808716,801,905,2051,1272
326,295.0,gt,0.938254714012146,1333,857,1550,1135
327,137.0,feeder,0.9541122317314148,801,905,2051,1272
327,295.0,gt,0.9360347986221313,1334,859,1551,1135
328,137.0,feeder,0.9541624784469604,801,905,2051,1272
328,295.0,gt,0.9318509697914124,1334,858,1551,1135
329,137.0,feeder,0.9543355107307434,801,905,2051,1272
329,295.0,gt,0.941165566444397,1334,856,1551,1134
330,137.0,feeder,0.9544404745101929,801,905,2051,1272
330,295.0,gt,0.9381145238876343,1333,855,1552,1134
331,137.0,feeder,0.9540321230888367,801,904,2051,1272
331,295.0,gt,0.9292013645172119,1330,856,1553,1135
332,137.0,feeder,0.954208493232727,801,904,2051,1272
332,295.0,gt,0.9301764965057373,1333,856,1551,1134
333,137.0,feeder,0.9537994265556335,801,905,2050,1272
333,295.0,gt,0.9300671815872192,1334,856,1549,1134
334,137.0,feeder,0.9541002511978149,801,905,2051,1272
334,295.0,gt,0.9248266816139221,1338,858,1551,1135
335,137.0,feeder,0.9521039724349976,801,905,2050,1273
335,295.0,gt,0.9274544715881348,1340,857,1550,1135
336,137.0,feeder,0.9528643488883972,800,905,2050,1272
336,295.0,gt,0.928148627281189,1341,857,1549,1135
337,137.0,feeder,0.9531762003898621,801,905,2050,1272
337,295.0,gt,0.9265113472938538,1339,856,1549,1135
338,137.0,feeder,0.9532293677330017,801,906,2050,1272
338,295.0,gt,0.9294281601905823,1337,855,1549,1135
339,137.0,feeder,0.953029990196228,801,906,2050,1272
339,295.0,gt,0.9280486106872559,1338,854,1550,1135
340,137.0,feeder,0.9518294334411621,801,906,2051,1273
340,295.0,gt,0.9276989102363586,1340,854,1549,1135
341,137.0,feeder,0.9520867466926575,801,906,2051,1273
341,295.0,gt,0.9306467771530151,1340,855,1549,1135
342,137.0,feeder,0.9526765942573547,801,906,2051,1273
342,295.0,gt,0.9368100762367249,1338,854,1548,1134
343,137.0,feeder,0.9531482458114624,801,906,2051,1273
343,295.0,gt,0.933202862739563,1338,854,1548,1134
344,137.0,feeder,0.9531649351119995,801,906,2051,1273
344,295.0,gt,0.936262309551239,1339,854,1548,1134
345,137.0,feeder,0.9526486992835999,801,905,2051,1273
345,295.0,gt,0.9297741055488586,1340,854,1548,1134
346,137.0,feeder,0.9533333778381348,801,905,2051,1272
346,295.0,gt,0.9316391944885254,1341,854,1548,1134
347,137.0,feeder,0.9541758894920349,801,905,2050,1272
347,295.0,gt,0.9140511155128479,1337,855,1551,1134
348,137.0,feeder,0.9544252753257751,801,906,2050,1272
348,295.0,gt,0.9330799579620361,1344,854,1553,1134
349,137.0,feeder,0.9547353982925415,801,906,2050,1272
349,295.0,gt,0.9307410717010498,1348,850,1553,1134
350,137.0,feeder,0.9547197818756104,801,906,2051,1272
350,295.0,gt,0.9332748055458069,1349,848,1553,1134
351,137.0,feeder,0.9546957612037659,801,906,2051,1272
351,295.0,gt,0.93165123462677,1347,848,1553,1135
352,137.0,feeder,0.9547690153121948,801,906,2051,1272
352,295.0,gt,0.9316151142120361,1346,848,1553,1135
353,137.0,feeder,0.9547330141067505,801,906,2051,1272
353,295.0,gt,0.9305412769317627,1345,848,1553,1135
354,137.0,feeder,0.954704761505127,801,906,2051,1272
354,295.0,gt,0.9310100078582764,1346,848,1553,1135
355,137.0,feeder,0.9534834027290344,801,906,2051,1273
355,295.0,gt,0.9288173913955688,1348,845,1553,1133
356,137.0,feeder,0.9519768953323364,801,907,2051,1273
356,295.0,gt,0.9191254377365112,1319,832,1558,1122
357,137.0,feeder,0.954023540019989,801,906,2051,1273
357,295.0,gt,0.9322373270988464,1301,824,1596,1129
358,137.0,feeder,0.9545741677284241,801,905,2051,1273
358,295.0,gt,0.926042914390564,1293,821,1609,1134
359,137.0,feeder,0.9548156261444092,801,904,2051,1273
359,295.0,gt,0.9264307618141174,1290,820,1615,1136
360,137.0,feeder,0.9547382593154907,801,904,2051,1273
360,295.0,gt,0.9224653840065002,1287,819,1622,1137
361,137.0,feeder,0.9541867971420288,800,902,2051,1272
361,295.0,gt,0.9270258545875549,1279,815,1655,1137
362,137.0,feeder,0.9532482028007507,801,904,2051,1272
362,295.0,gt,0.8730361461639404,1285,801,1739,1086
363,137.0,feeder,0.9527176022529602,801,903,2050,1271
363,295.0,gt,0.8661927580833435,1300,812,1732,1109
364,137.0,feeder,0.9511629939079285,801,903,2051,1272
364,295.0,gt,0.9042692184448242,1307,815,1691,1123
365,137.0,feeder,0.9510135650634766,801,903,2051,1272
365,295.0,gt,0.9023488759994507,1310,816,1672,1130
366,137.0,feeder,0.95089191198349,801,904,2051,1272
366,295.0,gt,0.9069828987121582,1312,816,1663,1131
367,137.0,feeder,0.9507735967636108,801,904,2051,1272
367,295.0,gt,0.91146320104599,1312,816,1656,1131
368,137.0,feeder,0.9510033130645752,801,905,2051,1272
368,295.0,gt,0.912257969379425,1312,817,1653,1131
369,137.0,feeder,0.9517465829849243,800,906,2052,1273
369,295.0,gt,0.8824936747550964,1312,821,1637,1131
370,137.0,feeder,0.9498034715652466,801,906,2051,1273
370,295.0,gt,0.9186171889305115,1321,820,1557,1128
371,137.0,feeder,0.9511088728904724,801,906,2051,1273
371,295.0,gt,0.9179949164390564,1327,817,1536,1126
372,137.0,feeder,0.9511335492134094,801,906,2050,1273
372,295.0,gt,0.910904586315155,1330,815,1530,1125
373,137.0,feeder,0.9511956572532654,801,906,2050,1273
373,295.0,gt,0.9143819808959961,1331,815,1530,1125
374,137.0,feeder,0.9509444236755371,801,906,2051,1274
374,295.0,gt,0.9148778319358826,1332,817,1530,1126
375,137.0,feeder,0.9503525495529175,801,906,2051,1274
375,295.0,gt,0.9174160361289978,1332,817,1531,1127
376,137.0,feeder,0.9508678913116455,801,906,2051,1274
376,295.0,gt,0.9195572137832642,1331,818,1531,1127
377,137.0,feeder,0.9506028294563293,800,906,2052,1274
377,295.0,gt,0.9200773239135742,1331,818,1531,1127
378,137.0,feeder,0.9510274529457092,801,907,2051,1274
378,295.0,gt,0.916167676448822,1331,821,1532,1127
379,137.0,feeder,0.950842559337616,801,907,2051,1274
379,295.0,gt,0.9156513214111328,1331,819,1532,1127
380,137.0,feeder,0.9509516358375549,801,907,2051,1274
380,295.0,gt,0.915748119354248,1332,817,1532,1128
381,137.0,feeder,0.9508779048919678,801,907,2051,1274
381,295.0,gt,0.9162560105323792,1332,815,1533,1128
382,137.0,feeder,0.9509445428848267,801,907,2051,1274
382,295.0,gt,0.9180352687835693,1331,814,1533,1128
383,137.0,feeder,0.9510384202003479,801,907,2051,1274
383,295.0,gt,0.9208217859268188,1331,812,1533,1128
384,137.0,feeder,0.9511719346046448,801,907,2051,1274
384,295.0,gt,0.920019805431366,1331,810,1534,1128
385,137.0,feeder,0.9517150521278381,801,907,2051,1274
385,295.0,gt,0.9234127998352051,1331,809,1535,1128
386,137.0,feeder,0.951560914516449,801,907,2051,1274
386,295.0,gt,0.919772744178772,1330,807,1535,1128
387,137.0,feeder,0.9513697028160095,801,907,2050,1274
387,295.0,gt,0.9183962345123291,1331,806,1535,1128
388,137.0,feeder,0.9513832926750183,801,907,2050,1274
388,295.0,gt,0.9179556369781494,1330,806,1535,1128
389,137.0,feeder,0.9512896537780762,801,907,2051,1274
389,295.0,gt,0.9204420447349548,1330,806,1535,1128
390,137.0,feeder,0.9511719346046448,801,907,2050,1274
390,295.0,gt,0.9193589687347412,1330,806,1535,1128
391,137.0,feeder,0.9511585831642151,801,906,2050,1274
391,295.0,gt,0.9201269745826721,1329,806,1535,1128
392,137.0,feeder,0.9511888027191162,801,905,2050,1274
392,295.0,gt,0.920028567314148,1329,827,1536,1127
393,137.0,feeder,0.9501230716705322,800,905,2051,1274
393,295.0,gt,0.9219754338264465,1330,844,1536,1126
394,137.0,feeder,0.9508329033851624,801,905,2051,1274
394,295.0,gt,0.923956036567688,1329,848,1536,1126
395,137.0,feeder,0.9508731961250305,801,905,2050,1273
395,295.0,gt,0.9242668747901917,1329,849,1536,1126
396,137.0,feeder,0.9506096243858337,801,904,2050,1274
396,295.0,gt,0.9263783693313599,1328,849,1535,1126
397,137.0,feeder,0.9510147571563721,801,904,2050,1274
397,295.0,gt,0.9273251891136169,1329,849,1535,1126
398,137.0,feeder,0.9509217739105225,801,905,2050,1274
398,295.0,gt,0.9249721169471741,1329,849,1535,1126
399,137.0,feeder,0.9508901238441467,801,905,2050,1274
399,295.0,gt,0.9278507828712463,1329,850,1535,1126
400,137.0,feeder,0.9507532119750977,800,905,2051,1274
400,295.0,gt,0.930029034614563,1329,850,1536,1127
401,137.0,feeder,0.95086669921875,800,905,2052,1274
401,295.0,gt,0.9284558892250061,1328,851,1536,1127
402,137.0,feeder,0.9498805403709412,800,905,2052,1274
402,295.0,gt,0.9248988628387451,1329,852,1535,1127
403,137.0,feeder,0.9482881426811218,800,905,2052,1274
403,295.0,gt,0.9258531332015991,1329,852,1533,1127
404,137.0,feeder,0.9479967355728149,800,905,2052,1274
404,295.0,gt,0.9256424903869629,1330,852,1532,1127
405,137.0,feeder,0.9490419030189514,800,905,2052,1274
405,295.0,gt,0.9239004850387573,1330,852,1532,1127
406,137.0,feeder,0.9488798975944519,800,904,2052,1274
406,295.0,gt,0.9254344701766968,1329,851,1530,1127
407,137.0,feeder,0.948788046836853,800,904,2052,1274
407,295.0,gt,0.9248759150505066,1329,851,1530,1127
408,137.0,feeder,0.9493386745452881,800,904,2052,1274
408,295.0,gt,0.9252129793167114,1328,851,1530,1127
409,137.0,feeder,0.9487605690956116,800,905,2052,1274
409,295.0,gt,0.9254690408706665,1328,851,1530,1127
410,137.0,feeder,0.951411783695221,800,905,2051,1274
410,295.0,gt,0.9311563968658447,1325,850,1531,1127
411,137.0,feeder,0.9507336020469666,800,905,2051,1273
411,295.0,gt,0.9447520971298218,1316,829,1545,1128
412,137.0,feeder,0.9522203207015991,800,904,2051,1273
412,295.0,gt,0.9323847889900208,1301,813,1590,1131
413,137.0,feeder,0.952998161315918,800,903,2051,1273
413,295.0,gt,0.9420822262763977,1295,805,1605,1132
414,137.0,feeder,0.9528450965881348,800,903,2051,1273
414,295.0,gt,0.9401848912239075,1293,801,1608,1132
415,137.0,feeder,0.9527097940444946,800,903,2051,1273
415,295.0,gt,0.9374231696128845,1291,799,1610,1133
416,137.0,feeder,0.9524968266487122,800,903,2051,1272
416,295.0,gt,0.9374766945838928,1291,798,1610,1132
417,137.0,feeder,0.9524037837982178,801,903,2051,1272
417,295.0,gt,0.9354255199432373,1291,798,1612,1133
418,137.0,feeder,0.951549232006073,801,904,2051,1273
418,295.0,gt,0.9181026220321655,1304,807,1611,1134
419,137.0,feeder,0.9490026235580444,801,905,2050,1273
419,295.0,gt,0.9152174592018127,1316,824,1552,1129
420,137.0,feeder,0.9518598914146423,801,906,2050,1273
420,295.0,gt,0.9165461659431458,1298,832,1550,1119
421,137.0,feeder,0.9530695080757141,801,906,2050,1273
421,295.0,gt,0.9128416776657104,1288,828,1553,1116
422,137.0,feeder,0.9533935785293579,801,906,2051,1273
422,295.0,gt,0.9068576097488403,1284,826,1554,1116
423,137.0,feeder,0.9536375403404236,801,906,2051,1273
423,295.0,gt,0.9124709963798523,1282,825,1555,1117
424,137.0,feeder,0.9534786343574524,801,906,2051,1273
424,295.0,gt,0.918379545211792,1278,824,1556,1118
425,137.0,feeder,0.9534235000610352,801,906,2051,1273
425,295.0,gt,0.9187167882919312,1276,824,1556,1118
426,137.0,feeder,0.9534419178962708,801,905,2051,1273
426,295.0,gt,0.9173187017440796,1275,823,1556,1120
427,137.0,feeder,0.9535678625106812,801,905,2051,1273
427,295.0,gt,0.9215133786201477,1274,822,1557,1120
428,137.0,feeder,0.9535809755325317,801,906,2050,1273
428,295.0,gt,0.9207108020782471,1273,822,1557,1120
429,137.0,feeder,0.9536290168762207,801,906,2051,1273
429,295.0,gt,0.9169754385948181,1274,822,1557,1121
430,137.0,feeder,0.9535415172576904,801,906,2051,1274
430,295.0,gt,0.9142953753471375,1273,821,1557,1121
431,137.0,feeder,0.9522916078567505,801,905,2052,1273
431,295.0,gt,0.8993132710456848,1266,836,1591,1114
432,137.0,feeder,0.951520562171936,801,903,2051,1272
432,295.0,gt,0.8813650608062744,1197,849,1650,1112
433,137.0,feeder,0.9525495767593384,801,902,2050,1271
433,295.0,gt,0.8419291973114014,1163,852,1690,1112
434,137.0,feeder,0.9536468982696533,801,902,2050,1271
434,295.0,gt,0.83663409948349,1174,851,1707,1114
435,137.0,feeder,0.9542922973632812,801,902,2050,1272
435,295.0,gt,0.8709865212440491,1161,848,1717,1117
436,137.0,feeder,0.9540978670120239,800,902,2050,1271
436,295.0,gt,0.8748753666877747,1163,848,1722,1117
437,137.0,feeder,0.9542359113693237,800,902,2050,1271
437,295.0,gt,0.8803354501724243,1168,848,1724,1120
438,137.0,feeder,0.9542943239212036,800,903,2050,1271
438,295.0,gt,0.8827928900718689,1170,848,1725,1121
439,137.0,feeder,0.9542791247367859,800,902,2050,1271
439,295.0,gt,0.882344663143158,1172,848,1725,1123
440,137.0,feeder,0.9542896747589111,800,902,2049,1271
440,295.0,gt,0.8839133381843567,1173,848,1724,1126
441,137.0,feeder,0.95413738489151,800,902,2049,1271
441,295.0,gt,0.8829444646835327,1177,849,1721,1124
442,137.0,feeder,0.9521762728691101,801,902,2052,1272
442,295.0,gt,0.8768519759178162,1204,849,1688,1124
443,137.0,feeder,0.9536263942718506,800,904,2052,1272
443,295.0,gt,0.8942974209785461,1273,848,1657,1083
444,137.0,feeder,0.9521915912628174,800,904,2052,1272
444,295.0,gt,0.8891194462776184,1334,846,1642,1097
445,137.0,feeder,0.9531420469284058,800,905,2053,1272
445,295.0,gt,0.8998850584030151,1367,844,1634,1101
446,137.0,feeder,0.9538364410400391,800,906,2053,1272
446,295.0,gt,0.8997601866722107,1383,842,1632,1103
447,137.0,feeder,0.9539090991020203,800,906,2053,1272
447,295.0,gt,0.8937217593193054,1386,842,1633,1104
448,137.0,feeder,0.9540001153945923,800,906,2053,1272
448,295.0,gt,0.8942180871963501,1389,842,1634,1105
449,137.0,feeder,0.9540231227874756,800,906,2052,1272
449,295.0,gt,0.893133282661438,1389,842,1634,1105
450,137.0,feeder,0.9539288282394409,800,906,2053,1272
450,295.0,gt,0.8921338319778442,1389,842,1634,1105
451,137.0,feeder,0.9541420340538025,800,906,2053,1272
451,295.0,gt,0.8967447876930237,1392,844,1634,1105
452,137.0,feeder,0.9537612795829773,800,906,2053,1272
452,295.0,gt,0.8989803791046143,1389,846,1636,1105
453,137.0,feeder,0.9536513090133667,800,906,2053,1272
453,295.0,gt,0.9008057713508606,1386,846,1637,1105
454,137.0,feeder,0.9535992741584778,800,906,2053,1272
454,295.0,gt,0.89899080991745,1386,846,1638,1105
455,137.0,feeder,0.9533559083938599,800,906,2053,1272
455,295.0,gt,0.898449182510376,1387,845,1638,1105
456,137.0,feeder,0.9536280035972595,800,906,2053,1272
456,295.0,gt,0.8968766331672668,1387,845,1641,1106
457,137.0,feeder,0.9540613293647766,800,906,2053,1272
457,295.0,gt,0.8880059719085693,1390,844,1644,1105
458,137.0,feeder,0.9525222182273865,800,905,2053,1272
458,295.0,gt,0.8956307172775269,1334,852,1655,1073
459,137.0,feeder,0.954702615737915,801,904,2053,1272
459,295.0,gt,0.8915327191352844,1309,868,1682,1089
460,137.0,feeder,0.9543017148971558,801,904,2053,1272
460,295.0,gt,0.8992704749107361,1304,882,1707,1095
461,137.0,feeder,0.9544840455055237,801,904,2053,1272
461,295.0,gt,0.9000992178916931,1305,888,1714,1097
462,137.0,feeder,0.9547021389007568,801,904,2053,1272
462,295.0,gt,0.8955966830253601,1308,888,1718,1093
463,137.0,feeder,0.9546181559562683,801,905,2052,1271
463,295.0,gt,0.8983834385871887,1318,887,1721,1095
464,137.0,feeder,0.9549709558486938,801,905,2053,1272
464,295.0,gt,0.8986101150512695,1322,885,1721,1099
465,137.0,feeder,0.9549086689949036,801,904,2053,1272
465,295.0,gt,0.8988233804702759,1324,883,1721,1100
466,137.0,feeder,0.9547615051269531,800,904,2053,1272
466,295.0,gt,0.8976659178733826,1326,882,1721,1101
467,137.0,feeder,0.9544988870620728,800,904,2053,1272
467,295.0,gt,0.8980520367622375,1326,881,1721,1101
468,137.0,feeder,0.9545618295669556,800,904,2053,1272
468,295.0,gt,0.8977009654045105,1326,880,1721,1100
469,137.0,feeder,0.9545493125915527,800,903,2053,1272
469,295.0,gt,0.899103045463562,1326,880,1721,1101
470,137.0,feeder,0.9544556736946106,800,903,2053,1272
470,295.0,gt,0.8992086052894592,1326,880,1721,1102
471,137.0,feeder,0.9546058177947998,800,904,2053,1272
471,295.0,gt,0.8982837200164795,1326,880,1721,1102
472,137.0,feeder,0.9545543193817139,800,904,2053,1272
472,295.0,gt,0.8976026177406311,1326,880,1721,1100
473,137.0,feeder,0.9544622898101807,800,904,2053,1272
473,295.0,gt,0.8980317711830139,1327,881,1721,1099
474,137.0,feeder,0.9540814161300659,800,904,2052,1272
474,295.0,gt,0.9000949859619141,1326,881,1720,1098
475,137.0,feeder,0.954104483127594,800,905,2053,1272
475,295.0,gt,0.8933573961257935,1326,885,1722,1101
476,137.0,feeder,0.954056978225708,800,905,2053,1272
476,295.0,gt,0.8972805738449097,1327,885,1722,1101
477,137.0,feeder,0.9540423154830933,800,905,2053,1272
477,295.0,gt,0.8950425982475281,1327,886,1722,1101
478,137.0,feeder,0.953711748123169,800,906,2053,1272
478,295.0,gt,0.8498984575271606,1321,883,1722,1097
479,137.0,feeder,0.9533812403678894,800,905,2053,1272
479,295.0,gt,0.8912245035171509,1319,900,1733,1095
480,137.0,feeder,0.9536762833595276,801,906,2053,1271
480,295.0,gt,0.9010629653930664,1319,903,1749,1093
481,137.0,feeder,0.9542842507362366,801,906,2052,1271
481,295.0,gt,0.8985699415206909,1322,901,1756,1094
482,137.0,feeder,0.954127311706543,802,906,2052,1271
482,295.0,gt,0.8968092203140259,1330,898,1759,1093
483,137.0,feeder,0.9541831612586975,802,905,2052,1271
483,295.0,gt,0.8961014151573181,1338,895,1760,1094
484,137.0,feeder,0.9541454315185547,802,905,2052,1271
484,295.0,gt,0.8978179693222046,1346,893,1761,1093
485,137.0,feeder,0.9541051387786865,802,905,2053,1271
485,295.0,gt,0.8980231881141663,1346,892,1761,1093
486,137.0,feeder,0.9542863368988037,802,905,2053,1271
486,295.0,gt,0.8992663025856018,1347,892,1761,1094
487,137.0,feeder,0.9540565609931946,802,905,2052,1271
487,295.0,gt,0.8988891839981079,1349,892,1761,1094
488,137.0,feeder,0.9534151554107666,802,906,2052,1271
488,295.0,gt,0.9065893888473511,1353,893,1749,1095
489,137.0,feeder,0.9533877372741699,801,907,2052,1272
489,295.0,gt,0.907623827457428,1356,889,1735,1095
490,137.0,feeder,0.9535907506942749,801,907,2052,1272
490,295.0,gt,0.907630205154419,1357,887,1730,1095
491,137.0,feeder,0.9535143971443176,802,907,2052,1272
491,295.0,gt,0.9077304005622864,1358,886,1728,1096
492,137.0,feeder,0.9536446332931519,801,908,2052,1272
492,295.0,gt,0.9071655869483948,1359,885,1727,1096
493,137.0,feeder,0.9535757899284363,802,908,2052,1272
493,295.0,gt,0.9081905484199524,1360,885,1727,1096
494,137.0,feeder,0.9537656307220459,801,908,2051,1272
494,295.0,gt,0.9099759459495544,1362,885,1727,1096
495,137.0,feeder,0.9535473585128784,801,908,2051,1272
495,295.0,gt,0.905958354473114,1361,890,1729,1096
496,137.0,feeder,0.9532374739646912,801,907,2052,1272
496,295.0,gt,0.894551157951355,1354,898,1730,1095
497,137.0,feeder,0.9533056020736694,801,907,2052,1271
497,295.0,gt,0.8963626623153687,1356,901,1728,1094
498,137.0,feeder,0.9534491896629333,801,907,2052,1271
498,295.0,gt,0.8958660364151001,1357,901,1726,1093
499,137.0,feeder,0.9534404277801514,801,908,2052,1271
499,295.0,gt,0.8965561389923096,1360,901,1725,1093
500,137.0,feeder,0.953494131565094,801,908,2052,1271
500,295.0,gt,0.9011679291725159,1363,901,1725,1094
501,137.0,feeder,0.9537240862846375,801,908,2052,1271
501,295.0,gt,0.9026076197624207,1364,900,1724,1093
502,137.0,feeder,0.953393816947937,801,908,2052,1271
502,295.0,gt,0.8828186988830566,1364,903,1714,1090
503,137.0,feeder,0.9532609581947327,801,908,2052,1272
503,295.0,gt,0.887885570526123,1364,906,1709,1090
504,137.0,feeder,0.9532896876335144,801,909,2052,1272
504,295.0,gt,0.8839881420135498,1370,904,1706,1089
505,137.0,feeder,0.9529557228088379,801,909,2052,1272
505,295.0,gt,0.8861468434333801,1374,909,1704,1088
506,137.0,feeder,0.9534614086151123,801,908,2052,1272
506,295.0,gt,0.8845567107200623,1361,926,1701,1090
507,137.0,feeder,0.953790545463562,801,908,2052,1272
507,295.0,gt,0.8802564144134521,1366,930,1697,1091
508,137.0,feeder,0.9538462162017822,801,908,2053,1272
508,295.0,gt,0.8786407113075256,1366,929,1691,1089
509,137.0,feeder,0.9538792967796326,801,908,2053,1272
509,295.0,gt,0.8875058889389038,1373,923,1694,1088
510,137.0,feeder,0.9541333913803101,801,908,2053,1272
510,295.0,gt,0.8859807848930359,1375,919,1695,1088
511,137.0,feeder,0.9539964199066162,801,909,2053,1272
511,295.0,gt,0.8915254473686218,1377,916,1694,1088
512,137.0,feeder,0.9539478421211243,800,909,2053,1272
512,295.0,gt,0.8956508636474609,1385,913,1694,1088
513,137.0,feeder,0.9536817073822021,800,909,2053,1272
513,295.0,gt,0.8931886553764343,1384,911,1695,1088
514,137.0,feeder,0.9538650512695312,800,909,2053,1272
514,295.0,gt,0.890338659286499,1384,911,1697,1088
515,137.0,feeder,0.9543031454086304,800,910,2053,1272
515,295.0,gt,0.8877698183059692,1388,913,1694,1089
516,137.0,feeder,0.9540318250656128,800,910,2052,1272
516,295.0,gt,0.888044536113739,1392,914,1692,1089
517,137.0,feeder,0.9538633227348328,800,910,2052,1272
517,295.0,gt,0.8818372488021851,1396,921,1690,1090
518,137.0,feeder,0.9511515498161316,801,911,2052,1272
518,295.0,gt,0.8715360760688782,1388,934,1688,1093
519,137.0,feeder,0.9517558813095093,801,911,2052,1272
519,295.0,gt,0.8719115853309631,1391,937,1685,1094
520,137.0,feeder,0.9526511430740356,801,911,2052,1272
520,295.0,gt,0.8705577254295349,1393,937,1684,1093
521,137.0,feeder,0.9533400535583496,801,910,2053,1272
521,295.0,gt,0.8695149421691895,1406,936,1684,1092
522,137.0,feeder,0.9534966349601746,801,910,2052,1272
522,295.0,gt,0.8739759922027588,1414,932,1685,1091
523,137.0,feeder,0.9518170356750488,801,911,2052,1272
523,295.0,gt,0.8799557685852051,1422,927,1685,1091
524,137.0,feeder,0.9519569873809814,801,911,2053,1272
524,295.0,gt,0.880675196647644,1421,924,1686,1091
525,137.0,feeder,0.9519426226615906,801,911,2053,1272
525,295.0,gt,0.884536862373352,1424,920,1686,1091
526,137.0,feeder,0.9519500732421875,801,911,2053,1272
526,295.0,gt,0.8882433176040649,1426,920,1684,1091
527,137.0,feeder,0.9511466026306152,802,911,2053,1273
527,295.0,gt,0.8702334761619568,1411,931,1683,1092
528,137.0,feeder,0.952400803565979,802,911,2053,1272
528,295.0,gt,0.8733848333358765,1415,933,1685,1091
529,137.0,feeder,0.9533690214157104,802,910,2053,1272
529,295.0,gt,0.8883269429206848,1418,921,1688,1090
530,137.0,feeder,0.954210102558136,801,909,2052,1272
530,295.0,gt,0.9004327654838562,1395,893,1692,1089
531,137.0,feeder,0.9547861814498901,801,909,2052,1271
531,295.0,gt,0.8944718837738037,1382,881,1694,1089
532,137.0,feeder,0.95444256067276,801,908,2052,1271
532,295.0,gt,0.8887203335762024,1378,876,1695,1088
533,137.0,feeder,0.9543620944023132,801,908,2052,1271
533,295.0,gt,0.8900047540664673,1378,874,1694,1088
534,137.0,feeder,0.9541317224502563,801,908,2052,1272
534,295.0,gt,0.8840566873550415,1378,872,1694,1087
535,137.0,feeder,0.9537849426269531,801,909,2052,1271
535,295.0,gt,0.8772516250610352,1374,886,1691,1087
536,137.0,feeder,0.9531989097595215,801,910,2052,1272
536,295.0,gt,0.8789141774177551,1373,898,1690,1086
537,137.0,feeder,0.9532954096794128,801,910,2052,1272
537,295.0,gt,0.8828302621841431,1374,902,1689,1086
538,137.0,feeder,0.9530131816864014,801,910,2052,1272
538,295.0,gt,0.8830024600028992,1376,904,1689,1086
539,137.0,feeder,0.9532569646835327,802,910,2052,1272
539,295.0,gt,0.8832483291625977,1377,904,1690,1086
540,137.0,feeder,0.953326404094696,801,911,2052,1272
540,295.0,gt,0.8835486769676208,1374,905,1691,1086
541,137.0,feeder,0.9536685943603516,801,909,2052,1272
541,295.0,gt,0.905728280544281,1379,901,1712,1085
542,137.0,feeder,0.954533576965332,801,909,2051,1271
542,295.0,gt,0.9178300499916077,1379,886,1732,1085
543,137.0,feeder,0.9544681906700134,802,908,2051,1271
543,295.0,gt,0.9158610701560974,1377,880,1740,1085
544,137.0,feeder,0.9545114040374756,802,908,2052,1271
544,295.0,gt,0.914771556854248,1376,877,1743,1085
545,137.0,feeder,0.9545391201972961,802,908,2051,1271
545,295.0,gt,0.9177240133285522,1377,877,1744,1085
546,137.0,feeder,0.9546059966087341,802,908,2051,1271
546,295.0,gt,0.9175966382026672,1377,877,1745,1085
547,137.0,feeder,0.9547939896583557,802,908,2051,1271
547,295.0,gt,0.917952835559845,1377,877,1745,1085
548,137.0,feeder,0.9544457197189331,802,908,2051,1271
548,295.0,gt,0.9154666662216187,1376,877,1745,1085
549,137.0,feeder,0.9547088742256165,802,908,2051,1271
549,295.0,gt,0.9107140302658081,1385,876,1746,1085
550,137.0,feeder,0.9539750814437866,802,908,2051,1271
550,295.0,gt,0.9038809537887573,1396,875,1756,1087
551,137.0,feeder,0.9552122354507446,802,909,2051,1271
551,295.0,gt,0.8875442743301392,1397,877,1780,1088
552,137.0,feeder,0.9530219435691833,803,911,2051,1271
552,295.0,gt,0.894061803817749,1418,893,1819,1090
553,137.0,feeder,0.952401876449585,803,912,2051,1271
553,295.0,gt,0.8917160034179688,1431,897,1832,1091
554,137.0,feeder,0.9527129530906677,803,913,2051,1271
554,295.0,gt,0.8927230834960938,1451,899,1835,1090
555,137.0,feeder,0.9528209567070007,803,913,2051,1271
555,295.0,gt,0.8923735022544861,1462,899,1843,1089
556,137.0,feeder,0.9532680511474609,803,914,2051,1271
556,295.0,gt,0.8930678963661194,1466,899,1846,1090
557,137.0,feeder,0.9534404873847961,803,914,2051,1271
557,295.0,gt,0.8914835453033447,1468,898,1846,1089
558,137.0,feeder,0.9533326029777527,803,914,2051,1271
558,295.0,gt,0.8864721655845642,1468,899,1842,1091
559,137.0,feeder,0.9530762434005737,803,914,2051,1271
559,295.0,gt,0.9036980867385864,1466,906,1855,1091
560,137.0,feeder,0.952265202999115,803,915,2052,1271
560,295.0,gt,0.9081987738609314,1459,913,1872,1092
561,137.0,feeder,0.9522812962532043,803,915,2052,1271
561,295.0,gt,0.9087504148483276,1457,915,1880,1092
562,137.0,feeder,0.9522000551223755,803,915,2052,1271
562,295.0,gt,0.9063400030136108,1456,916,1884,1092
563,137.0,feeder,0.9524631500244141,804,915,2052,1271
563,295.0,gt,0.9047123789787292,1456,916,1885,1092
564,137.0,feeder,0.9524319171905518,803,916,2052,1271
564,295.0,gt,0.9032278060913086,1458,916,1886,1092
565,137.0,feeder,0.9524145126342773,803,915,2052,1271
565,295.0,gt,0.9048041701316833,1458,916,1885,1091
566,137.0,feeder,0.9524477124214172,804,915,2052,1271
566,295.0,gt,0.9027168154716492,1459,915,1885,1092
567,137.0,feeder,0.9522637128829956,804,915,2052,1271
567,295.0,gt,0.9029029011726379,1460,915,1885,1091
568,137.0,feeder,0.9524587392807007,804,915,2052,1271
568,295.0,gt,0.9027140736579895,1458,915,1886,1092
569,137.0,feeder,0.9525342583656311,804,915,2052,1271
569,295.0,gt,0.9040436148643494,1459,916,1886,1091
570,137.0,feeder,0.952185332775116,804,915,2052,1271
570,295.0,gt,0.9029871821403503,1458,916,1885,1091
571,137.0,feeder,0.9523313641548157,804,915,2051,1271
571,295.0,gt,0.9054772853851318,1458,916,1884,1092
572,137.0,feeder,0.9524552822113037,804,915,2051,1271
572,295.0,gt,0.9051315188407898,1459,916,1885,1091
573,137.0,feeder,0.9524382948875427,803,914,2051,1271
573,295.0,gt,0.9056655764579773,1460,916,1885,1091
574,137.0,feeder,0.9524897933006287,804,914,2051,1271
574,295.0,gt,0.907245934009552,1460,916,1884,1091
575,137.0,feeder,0.9523807764053345,803,914,2052,1271
575,295.0,gt,0.9057647585868835,1461,916,1884,1092
576,137.0,feeder,0.9522892236709595,803,915,2051,1271
576,295.0,gt,0.9047050476074219,1460,916,1883,1092
577,137.0,feeder,0.9523718953132629,803,915,2051,1271
577,295.0,gt,0.9049345254898071,1460,916,1883,1092
578,137.0,feeder,0.9523941874504089,803,915,2051,1271
578,295.0,gt,0.904986560344696,1460,916,1881,1092
579,137.0,feeder,0.9527588486671448,803,914,2051,1271
579,295.0,gt,0.9095945954322815,1472,910,1856,1093
580,137.0,feeder,0.9526606798171997,803,914,2051,1270
580,295.0,gt,0.9109823703765869,1511,890,1835,1094
581,137.0,feeder,0.9527691006660461,803,914,2051,1271
581,295.0,gt,0.9064655303955078,1530,878,1822,1093
582,137.0,feeder,0.9524011015892029,803,914,2051,1271
582,295.0,gt,0.9164661169052124,1531,872,1818,1095
583,137.0,feeder,0.9526779055595398,803,915,2051,1271
583,295.0,gt,0.9133579134941101,1524,870,1817,1095
584,137.0,feeder,0.9510253071784973,804,914,2051,1271
584,295.0,gt,0.9081524014472961,1518,875,1827,1096
585,137.0,feeder,0.9513063430786133,803,915,2051,1271
585,295.0,gt,0.8942691087722778,1485,884,1880,1094
586,137.0,feeder,0.9505571722984314,804,917,2050,1271
586,295.0,gt,0.8950324058532715,1478,893,1918,1098
587,137.0,feeder,0.952156126499176,804,916,2050,1271
587,295.0,gt,0.8957803845405579,1481,894,1919,1098
588,137.0,feeder,0.9520496129989624,804,915,2050,1271
588,295.0,gt,0.8971285820007324,1488,878,1912,1098
589,137.0,feeder,0.9513657093048096,804,915,2050,1271
589,295.0,gt,0.8928045630455017,1491,872,1910,1098
590,137.0,feeder,0.9513221979141235,804,915,2050,1271
590,295.0,gt,0.8947404026985168,1495,870,1910,1097
591,137.0,feeder,0.9510928988456726,804,915,2050,1271
591,295.0,gt,0.8924915790557861,1497,869,1909,1097
592,137.0,feeder,0.9510403871536255,804,915,2050,1271
592,295.0,gt,0.8920972347259521,1499,868,1910,1097
593,137.0,feeder,0.9513437747955322,804,915,2050,1271
593,295.0,gt,0.8896864652633667,1497,868,1910,1097
594,137.0,feeder,0.9511492848396301,804,916,2050,1271
594,295.0,gt,0.8886815309524536,1496,867,1911,1098
595,137.0,feeder,0.950744092464447,804,915,2050,1271
595,295.0,gt,0.8889368176460266,1496,867,1911,1097
596,137.0,feeder,0.9509651064872742,804,915,2050,1271
596,295.0,gt,0.8873838186264038,1497,868,1910,1097
597,137.0,feeder,0.9508881568908691,804,915,2050,1271
597,295.0,gt,0.8853821158409119,1498,868,1910,1097
598,137.0,feeder,0.9511499404907227,804,916,2050,1271
598,295.0,gt,0.8861475586891174,1499,868,1908,1097
599,137.0,feeder,0.9516387581825256,804,915,2050,1271
599,295.0,gt,0.905239462852478,1520,878,1903,1097
600,137.0,feeder,0.9513415098190308,804,916,2050,1271
600,295.0,gt,0.8938782215118408,1537,886,1891,1096
601,137.0,feeder,0.9536986351013184,804,915,2050,1271
601,295.0,gt,0.8851751089096069,1571,879,1867,1096
602,137.0,feeder,0.9550366401672363,803,914,2050,1271
602,295.0,gt,0.8851062059402466,1604,861,1851,1095
603,137.0,feeder,0.9508156180381775,802,913,2051,1271
603,295.0,gt,0.8836002945899963,1654,855,1841,1095
604,137.0,feeder,0.950622022151947,802,913,2052,1271
604,295.0,gt,0.8525751829147339,1674,852,1836,1096
605,137.0,feeder,0.9474271535873413,802,913,2052,1272
605,295.0,gt,0.8462709188461304,1682,852,1832,1097
606,137.0,feeder,0.9515724778175354,802,913,2052,1272
606,295.0,gt,0.8396156430244446,1685,852,1829,1096
607,137.0,feeder,0.9533657431602478,802,913,2052,1271
607,295.0,gt,0.855259358882904,1684,852,1829,1095
608,137.0,feeder,0.9529512524604797,802,913,2052,1271
608,295.0,gt,0.8568930625915527,1683,852,1830,1095
609,137.0,feeder,0.9532886147499084,802,913,2052,1271
609,295.0,gt,0.8635088205337524,1681,852,1830,1095
610,137.0,feeder,0.9536986351013184,802,913,2051,1271
610,295.0,gt,0.8693376779556274,1678,857,1835,1095
611,137.0,feeder,0.9529927372932434,802,913,2051,1272
611,295.0,gt,0.8659571409225464,1674,860,1836,1095
612,137.0,feeder,0.9529795050621033,802,913,2051,1272
612,295.0,gt,0.8668770790100098,1672,861,1834,1096
613,137.0,feeder,0.9540605545043945,802,913,2051,1272
613,295.0,gt,0.867900550365448,1671,861,1834,1096
614,137.0,feeder,0.9542052149772644,803,913,2051,1271
614,295.0,gt,0.8729352355003357,1670,862,1835,1096
615,137.0,feeder,0.9545499682426453,803,913,2051,1271
615,295.0,gt,0.878563642501831,1670,861,1837,1096
616,137.0,feeder,0.9549357295036316,802,913,2051,1271
616,295.0,gt,0.8813705444335938,1670,863,1837,1095
617,137.0,feeder,0.9549679160118103,802,913,2051,1271
617,295.0,gt,0.8840497732162476,1670,862,1838,1096
618,137.0,feeder,0.9551655650138855,802,913,2051,1271
618,295.0,gt,0.8930144309997559,1669,867,1839,1096
619,137.0,feeder,0.9547783136367798,802,913,2051,1271
619,295.0,gt,0.8958384394645691,1662,876,1843,1095
620,137.0,feeder,0.9551073908805847,802,913,2050,1271
620,295.0,gt,0.8987137675285339,1659,880,1845,1095
621,137.0,feeder,0.9551685452461243,802,913,2050,1271
621,295.0,gt,0.8988440632820129,1658,881,1846,1095
622,137.0,feeder,0.9550559520721436,802,913,2050,1271
622,295.0,gt,0.8978107571601868,1658,881,1845,1094
623,137.0,feeder,0.9550788998603821,802,913,2050,1271
623,295.0,gt,0.8995094299316406,1658,881,1846,1095
624,137.0,feeder,0.9552169442176819,802,913,2050,1271
624,295.0,gt,0.9008445739746094,1657,881,1838,1096
625,137.0,feeder,0.9478643536567688,802,911,2051,1272
625,295.0,gt,0.9018270969390869,1650,873,1815,1096
626,137.0,feeder,0.9537717700004578,802,911,2051,1272
626,295.0,gt,0.8948055505752563,1614,868,1787,1091
627,137.0,feeder,0.9541129469871521,802,910,2052,1272
627,295.0,gt,0.8955667614936829,1558,868,1767,1095
628,137.0,feeder,0.9542011022567749,802,911,2052,1271
628,295.0,gt,0.8904784321784973,1534,869,1756,1096
629,137.0,feeder,0.954310417175293,802,911,2052,1271
629,295.0,gt,0.8975927233695984,1519,870,1751,1098
630,137.0,feeder,0.9540093541145325,802,911,2052,1271
630,295.0,gt,0.8867872953414917,1509,870,1750,1090
631,137.0,feeder,0.9549102783203125,803,910,2052,1271
631,295.0,gt,0.9068689942359924,1491,885,1768,1090
632,137.0,feeder,0.9526979327201843,803,912,2051,1271
632,295.0,gt,0.8861826062202454,1428,896,1791,1093
633,137.0,feeder,0.9521176815032959,803,913,2051,1271
633,295.0,gt,0.8733906745910645,1401,898,1816,1092
634,137.0,feeder,0.9527555704116821,803,914,2051,1271
634,295.0,gt,0.8959591388702393,1402,893,1832,1094
635,137.0,feeder,0.9528697729110718,803,914,2051,1271
635,295.0,gt,0.9069424271583557,1409,890,1841,1093
636,137.0,feeder,0.9530972242355347,803,914,2051,1271
636,295.0,gt,0.9061456322669983,1415,889,1845,1094
637,137.0,feeder,0.9529221653938293,803,914,2051,1271
637,295.0,gt,0.909322202205658,1417,889,1848,1094
638,137.0,feeder,0.9529744386672974,803,913,2051,1271
638,295.0,gt,0.9098172783851624,1419,889,1850,1094
639,137.0,feeder,0.9531927704811096,803,914,2051,1271
639,295.0,gt,0.9105278253555298,1419,889,1850,1094
640,137.0,feeder,0.953163743019104,803,914,2051,1271
640,295.0,gt,0.907442569732666,1420,889,1851,1093
641,137.0,feeder,0.9520642757415771,803,914,2051,1271
641,295.0,gt,0.8790470361709595,1419,897,1849,1092
642,137.0,feeder,0.9518932700157166,803,914,2051,1271
642,295.0,gt,0.8782860040664673,1417,901,1853,1093
643,137.0,feeder,0.9522885680198669,803,914,2051,1271
643,295.0,gt,0.8801578283309937,1415,903,1854,1093
644,137.0,feeder,0.9525212645530701,803,914,2051,1271
644,295.0,gt,0.8813212513923645,1415,903,1855,1093
645,137.0,feeder,0.9528018832206726,803,914,2051,1271
645,295.0,gt,0.8782046437263489,1415,903,1851,1094
646,137.0,feeder,0.9517859220504761,803,914,2051,1271
646,295.0,gt,0.8692550659179688,1416,901,1843,1094
647,137.0,feeder,0.9531264901161194,803,914,2051,1271
647,295.0,gt,0.8911076784133911,1413,888,1834,1094
648,137.0,feeder,0.9533357620239258,803,913,2051,1271
648,295.0,gt,0.8889171481132507,1412,882,1829,1095
649,137.0,feeder,0.9528253674507141,803,913,2051,1271
649,295.0,gt,0.8872066140174866,1411,880,1827,1096
650,137.0,feeder,0.9529266953468323,803,913,2051,1271
650,295.0,gt,0.8879704475402832,1411,879,1826,1096
651,137.0,feeder,0.9524142742156982,803,913,2051,1271
651,295.0,gt,0.8874863386154175,1411,878,1826,1096
652,137.0,feeder,0.9521675109863281,803,913,2051,1271
652,295.0,gt,0.8889445662498474,1411,878,1825,1096
653,137.0,feeder,0.9520204067230225,803,913,2051,1271
653,295.0,gt,0.8854775428771973,1412,882,1820,1096
654,137.0,feeder,0.9517010450363159,803,914,2051,1271
654,295.0,gt,0.863178014755249,1404,902,1831,1093
655,137.0,feeder,0.9513525366783142,803,914,2051,1271
655,295.0,gt,0.8608759045600891,1397,909,1835,1091
656,137.0,feeder,0.9519460797309875,803,914,2051,1271
656,295.0,gt,0.8615217804908752,1397,911,1837,1091
657,137.0,feeder,0.9518333077430725,803,915,2051,1271
657,295.0,gt,0.8604570627212524,1399,912,1838,1091
658,137.0,feeder,0.9518366456031799,803,914,2051,1271
658,295.0,gt,0.862186849117279,1398,912,1838,1091
659,137.0,feeder,0.9519326090812683,803,914,2051,1271
659,295.0,gt,0.8608279228210449,1398,911,1838,1091
660,137.0,feeder,0.9521446824073792,803,915,2051,1270
660,295.0,gt,0.8634548187255859,1398,911,1839,1091
661,137.0,feeder,0.951966404914856,803,914,2051,1271
661,295.0,gt,0.8628302216529846,1398,911,1839,1093
662,137.0,feeder,0.95204097032547,803,914,2051,1271
662,295.0,gt,0.8614094853401184,1397,912,1838,1093
663,137.0,feeder,0.9517940282821655,803,914,2051,1271
663,295.0,gt,0.8612312078475952,1406,917,1843,1094
664,137.0,feeder,0.9519703984260559,803,914,2051,1271
664,295.0,gt,0.8618459105491638,1408,920,1845,1094
665,137.0,feeder,0.9520317912101746,803,914,2051,1271
665,295.0,gt,0.8677101731300354,1411,921,1846,1094
666,137.0,feeder,0.9520174860954285,803,914,2052,1271
666,295.0,gt,0.8713933825492859,1412,921,1846,1094
667,137.0,feeder,0.951913058757782,803,914,2051,1271
667,295.0,gt,0.8646926879882812,1412,922,1846,1094
668,137.0,feeder,0.9523892402648926,803,914,2051,1270
668,295.0,gt,0.870769739151001,1406,917,1842,1094
669,137.0,feeder,0.9524997472763062,803,913,2051,1270
669,295.0,gt,0.8840928673744202,1405,905,1835,1094
670,137.0,feeder,0.9528381824493408,803,913,2051,1270
670,295.0,gt,0.8761025071144104,1402,897,1829,1094
671,137.0,feeder,0.9532365202903748,803,912,2051,1270
671,295.0,gt,0.8798118233680725,1403,894,1826,1095
672,137.0,feeder,0.9532889127731323,803,912,2051,1271
672,295.0,gt,0.8791829347610474,1402,893,1826,1095
673,137.0,feeder,0.9530994892120361,803,912,2051,1271
673,295.0,gt,0.8801494240760803,1402,892,1825,1095
674,137.0,feeder,0.9528484344482422,803,912,2051,1271
674,295.0,gt,0.8800184726715088,1402,892,1825,1094
675,137.0,feeder,0.953185498714447,803,912,2051,1271
675,295.0,gt,0.889025092124939,1406,894,1810,1094
676,137.0,feeder,0.9545027017593384,802,912,2051,1271
676,295.0,gt,0.8832041025161743,1414,883,1787,1094
677,137.0,feeder,0.9534048438072205,802,911,2052,1271
677,295.0,gt,0.8734732270240784,1464,879,1770,1089
678,137.0,feeder,0.9526038765907288,802,912,2052,1271
678,295.0,gt,0.9035916924476624,1537,873,1757,1092
679,137.0,feeder,0.9526715278625488,802,911,2052,1272
679,295.0,gt,0.9063342213630676,1590,873,1751,1094
680,137.0,feeder,0.9525607228279114,802,911,2052,1272
680,295.0,gt,0.8908383846282959,1606,872,1748,1094
681,137.0,feeder,0.9530971050262451,802,911,2052,1272
681,295.0,gt,0.8909605145454407,1612,873,1745,1095
682,137.0,feeder,0.9527878165245056,802,911,2052,1272
682,295.0,gt,0.8873751759529114,1610,875,1743,1095
683,137.0,feeder,0.9532692432403564,802,911,2052,1272
683,295.0,gt,0.8799498677253723,1607,880,1742,1091
684,137.0,feeder,0.9531591534614563,802,911,2052,1272
684,295.0,gt,0.8736003041267395,1605,882,1740,1089
685,137.0,feeder,0.9531553983688354,802,912,2052,1272
685,295.0,gt,0.8725367188453674,1603,883,1740,1089
686,137.0,feeder,0.953029453754425,802,911,2052,1272
686,295.0,gt,0.8749684691429138,1603,884,1740,1091
687,137.0,feeder,0.9531760811805725,802,911,2051,1272
687,295.0,gt,0.8734012842178345,1602,883,1740,1089
688,137.0,feeder,0.9534330368041992,802,911,2052,1272
688,295.0,gt,0.8750377297401428,1602,884,1741,1090
689,137.0,feeder,0.953296959400177,802,912,2052,1272
689,295.0,gt,0.875700831413269,1601,884,1741,1087
690,137.0,feeder,0.9529140591621399,802,912,2052,1272
690,295.0,gt,0.8763597011566162,1600,886,1742,1090
691,137.0,feeder,0.9527550339698792,802,911,2051,1272
691,295.0,gt,0.8741839528083801,1599,884,1743,1089
692,137.0,feeder,0.9529794454574585,802,911,2051,1272
692,295.0,gt,0.8714131116867065,1599,883,1744,1087
693,137.0,feeder,0.9529339671134949,802,911,2051,1272
693,295.0,gt,0.8708054423332214,1598,883,1745,1088
694,137.0,feeder,0.952981173992157,802,911,2051,1272
694,295.0,gt,0.8718041777610779,1598,883,1745,1089
695,137.0,feeder,0.952531635761261,802,911,2051,1272
695,295.0,gt,0.875882625579834,1597,883,1742,1089
696,137.0,feeder,0.9481346607208252,802,910,2051,1272
696,295.0,gt,0.8872010111808777,1572,872,1749,1080
697,137.0,feeder,0.9544512629508972,802,911,2051,1272
697,295.0,gt,0.9185557961463928,1534,853,1795,1070
698,137.0,feeder,0.9531188011169434,802,912,2051,1272
698,295.0,gt,0.911668062210083,1505,844,1842,1075
699,137.0,feeder,0.9535133242607117,802,913,2051,1272
699,295.0,gt,0.9094497561454773,1491,841,1864,1080
700,137.0,feeder,0.9546349048614502,802,912,2051,1272
700,295.0,gt,0.9061044454574585,1484,839,1869,1080
701,137.0,feeder,0.9552026987075806,802,912,2051,1272
701,295.0,gt,0.903459906578064,1482,839,1869,1078
702,137.0,feeder,0.9552310705184937,802,912,2052,1272
702,295.0,gt,0.9033858776092529,1481,839,1868,1077
703,137.0,feeder,0.9554744362831116,802,912,2052,1272
703,295.0,gt,0.9012338519096375,1481,838,1864,1076
704,137.0,feeder,0.955542266368866,802,912,2052,1272
704,295.0,gt,0.8981390595436096,1480,838,1860,1076
705,137.0,feeder,0.9539092183113098,802,912,2051,1272
705,295.0,gt,0.9144406914710999,1496,848,1864,1075
706,137.0,feeder,0.954355776309967,802,913,2051,1272
706,295.0,gt,0.9087533950805664,1503,850,1858,1073
707,137.0,feeder,0.9543516635894775,801,913,2051,1272
707,295.0,gt,0.9099935293197632,1507,851,1850,1070
708,137.0,feeder,0.9544200897216797,801,913,2051,1272
708,295.0,gt,0.9087973237037659,1508,851,1846,1067
709,137.0,feeder,0.9547823667526245,801,913,2051,1272
709,295.0,gt,0.9070526361465454,1509,850,1842,1065
710,137.0,feeder,0.9545563459396362,801,913,2051,1272
710,295.0,gt,0.9082921147346497,1509,850,1839,1064
711,137.0,feeder,0.954673171043396,801,912,2051,1272
711,295.0,gt,0.8971238136291504,1509,850,1826,1064
712,137.0,feeder,0.9533880949020386,801,910,2051,1272
712,295.0,gt,0.8974981307983398,1506,851,1771,1077
713,137.0,feeder,0.9533124566078186,801,909,2051,1272
713,295.0,gt,0.8933867812156677,1500,861,1710,1062
714,137.0,feeder,0.9519609212875366,800,909,2052,1272
714,295.0,gt,0.8768117427825928,1492,865,1659,1065
715,137.0,feeder,0.9520726203918457,800,909,2052,1272
715,295.0,gt,0.8796433806419373,1484,867,1642,1062
716,137.0,feeder,0.952409565448761,800,909,2052,1272
716,295.0,gt,0.8745722770690918,1481,867,1633,1058
717,137.0,feeder,0.9522783756256104,800,910,2052,1272
717,295.0,gt,0.8723012804985046,1480,867,1632,1056
718,137.0,feeder,0.9521226286888123,800,910,2052,1272
718,295.0,gt,0.8737318515777588,1480,867,1634,1056
719,137.0,feeder,0.9524127840995789,800,910,2052,1272
719,295.0,gt,0.8760933876037598,1480,867,1637,1057
720,137.0,feeder,0.9525924324989319,800,909,2052,1272
720,295.0,gt,0.874068021774292,1479,867,1638,1056
721,137.0,feeder,0.9515203237533569,801,909,2052,1272
721,295.0,gt,0.8722580671310425,1480,869,1640,1058
722,137.0,feeder,0.9513899683952332,801,910,2052,1272
722,295.0,gt,0.8919388055801392,1479,864,1640,1059
723,137.0,feeder,0.9514437317848206,801,910,2052,1272
723,295.0,gt,0.8889156579971313,1479,862,1640,1060
724,137.0,feeder,0.9516251683235168,801,910,2052,1272
724,295.0,gt,0.8846075534820557,1480,860,1640,1061
725,137.0,feeder,0.9512485265731812,801,910,2052,1272
725,295.0,gt,0.8816310167312622,1480,860,1638,1061
726,137.0,feeder,0.9514169692993164,801,909,2052,1272
726,295.0,gt,0.8810597062110901,1480,859,1636,1061
727,137.0,feeder,0.9518952965736389,801,909,2052,1272
727,295.0,gt,0.8894132971763611,1481,860,1632,1060
728,137.0,feeder,0.9502332806587219,801,910,2052,1273
728,295.0,gt,0.8845528960227966,1472,867,1625,1058
729,137.0,feeder,0.9528396725654602,801,909,2052,1272
729,295.0,gt,0.9021562933921814,1403,881,1643,1055
730,137.0,feeder,0.953498363494873,801,908,2052,1272
730,295.0,gt,0.8936712741851807,1358,893,1665,1056
731,137.0,feeder,0.9541098475456238,801,907,2052,1272
731,295.0,gt,0.8982884883880615,1337,896,1677,1057
732,137.0,feeder,0.9541711211204529,801,906,2052,1272
732,295.0,gt,0.8923460841178894,1329,898,1683,1058
733,137.0,feeder,0.9541458487510681,801,906,2052,1272
733,295.0,gt,0.8939072489738464,1326,898,1686,1058
734,137.0,feeder,0.9541428089141846,801,906,2052,1272
734,295.0,gt,0.892905592918396,1326,898,1686,1059
735,137.0,feeder,0.9540429711341858,801,906,2052,1272
735,295.0,gt,0.891811192035675,1327,898,1687,1059
736,137.0,feeder,0.9541130661964417,801,906,2052,1272
736,295.0,gt,0.8913150429725647,1329,898,1688,1058
737,137.0,feeder,0.953927755355835,801,906,2052,1272
737,295.0,gt,0.8926810622215271,1330,898,1688,1059
738,137.0,feeder,0.9539703726768494,801,906,2052,1272
738,295.0,gt,0.8894416689872742,1333,899,1687,1061
739,137.0,feeder,0.9541365504264832,801,906,2052,1272
739,295.0,gt,0.888566792011261,1335,903,1688,1060
740,137.0,feeder,0.9542555809020996,801,906,2053,1272
740,295.0,gt,0.8886417746543884,1335,904,1688,1061
741,137.0,feeder,0.9542592763900757,801,907,2052,1272
741,295.0,gt,0.8872711062431335,1336,905,1690,1061
742,137.0,feeder,0.9542242288589478,801,907,2052,1272
742,295.0,gt,0.8875675797462463,1338,905,1691,1061
743,137.0,feeder,0.9542748928070068,801,907,2052,1272
743,295.0,gt,0.8852483630180359,1340,905,1691,1062
744,137.0,feeder,0.9544177651405334,801,907,2052,1272
744,295.0,gt,0.8808093667030334,1342,905,1691,1061
745,137.0,feeder,0.9545944929122925,801,907,2052,1272
745,295.0,gt,0.8814141750335693,1345,905,1700,1063
746,137.0,feeder,0.9545647501945496,801,908,2052,1272
746,295.0,gt,0.8831064701080322,1347,905,1703,1064
747,137.0,feeder,0.9543507099151611,801,908,2052,1272
747,295.0,gt,0.8865385055541992,1346,905,1704,1064
748,137.0,feeder,0.9543598890304565,801,908,2052,1272
748,295.0,gt,0.8841304183006287,1346,904,1704,1064
749,137.0,feeder,0.9542525410652161,801,909,2052,1272
749,295.0,gt,0.8841016292572021,1348,904,1704,1064
750,137.0,feeder,0.954281747341156,801,909,2052,1272
750,295.0,gt,0.8855496048927307,1351,904,1704,1064
751,137.0,feeder,0.954056441783905,801,908,2052,1272
751,295.0,gt,0.8873381018638611,1351,904,1704,1064
752,137.0,feeder,0.9543436169624329,801,908,2052,1272
752,295.0,gt,0.8857914209365845,1352,904,1704,1063
753,137.0,feeder,0.9543086886405945,801,908,2052,1272
753,295.0,gt,0.8828061819076538,1355,903,1703,1063
754,137.0,feeder,0.9544081091880798,801,908,2052,1272
754,295.0,gt,0.8798399567604065,1356,904,1696,1062
755,137.0,feeder,0.9539974927902222,801,908,2052,1272
755,295.0,gt,0.8788456320762634,1356,904,1690,1063
756,137.0,feeder,0.954011082649231,801,908,2052,1272
756,295.0,gt,0.8774795532226562,1357,904,1687,1063
757,137.0,feeder,0.9539454579353333,801,908,2052,1272
757,295.0,gt,0.8805541396141052,1359,904,1686,1063
758,137.0,feeder,0.9539660811424255,801,908,2052,1272
758,295.0,gt,0.8827888369560242,1362,904,1685,1061
759,137.0,feeder,0.9535044431686401,801,908,2052,1272
759,295.0,gt,0.8574540019035339,1355,907,1682,1061
760,137.0,feeder,0.9543280005455017,801,908,2053,1272
760,295.0,gt,0.8825271129608154,1371,887,1675,1057
761,137.0,feeder,0.9550383687019348,801,908,2053,1272
761,295.0,gt,0.8899651765823364,1403,865,1675,1054
762,137.0,feeder,0.9551119804382324,801,908,2053,1272
762,295.0,gt,0.8869381546974182,1459,850,1677,1061
763,137.0,feeder,0.9546666145324707,801,909,2052,1272
763,295.0,gt,0.8981612920761108,1491,842,1681,1059
764,137.0,feeder,0.9539396166801453,801,910,2052,1272
764,295.0,gt,0.8929939270019531,1501,841,1684,1059
765,137.0,feeder,0.9525628089904785,801,910,2052,1272
765,295.0,gt,0.8762561082839966,1508,841,1684,1054
766,137.0,feeder,0.9087032675743103,799,909,2052,1272
766,295.0,gt,0.81953364610672,1538,828,1685,1054
767,137.0,feeder,0.9403780102729797,800,910,2052,1272
767,295.0,gt,0.8366963267326355,1552,821,1685,1047
768,137.0,feeder,0.9457483291625977,801,910,2052,1272
768,295.0,gt,0.85846346616745,1541,818,1679,1046
769,137.0,feeder,0.9520375728607178,801,910,2052,1272
769,295.0,gt,0.8908774256706238,1539,817,1676,1045
770,137.0,feeder,0.9529700875282288,801,910,2052,1272
770,295.0,gt,0.8984520435333252,1538,817,1675,1045
771,137.0,feeder,0.9528763890266418,801,910,2052,1272
771,295.0,gt,0.8755627274513245,1537,817,1678,1045
772,137.0,feeder,0.9530004262924194,801,910,2052,1272
772,295.0,gt,0.8760087490081787,1537,816,1686,1043
773,137.0,feeder,0.953324019908905,801,911,2052,1272
773,295.0,gt,0.880181610584259,1536,816,1692,1042
774,137.0,feeder,0.9531471729278564,801,911,2052,1272
774,295.0,gt,0.8840627670288086,1536,813,1697,1042
775,137.0,feeder,0.9431848526000977,801,910,2051,1272
775,295.0,gt,0.85957270860672,1534,835,1692,1036
776,137.0,feeder,0.9536870121955872,801,910,2051,1272
776,295.0,gt,0.8959411978721619,1529,850,1699,1042
777,137.0,feeder,0.9541012644767761,801,910,2051,1272
777,295.0,gt,0.8981990814208984,1527,855,1697,1044
778,137.0,feeder,0.9538466334342957,801,910,2051,1272
778,295.0,gt,0.8981679081916809,1526,857,1696,1045
779,137.0,feeder,0.9539656043052673,801,910,2052,1272
779,295.0,gt,0.8989103436470032,1526,858,1696,1045
780,137.0,feeder,0.9536519050598145,801,910,2051,1272
780,295.0,gt,0.897173285484314,1525,858,1700,1045
781,137.0,feeder,0.95337975025177,801,910,2051,1272
781,295.0,gt,0.8947966694831848,1524,857,1701,1044
782,137.0,feeder,0.9532667398452759,801,910,2051,1272
782,295.0,gt,0.8912022709846497,1524,857,1702,1043
783,137.0,feeder,0.9530330896377563,801,910,2051,1272
783,295.0,gt,0.87333083152771,1531,865,1703,1043
784,137.0,feeder,0.9523500800132751,801,910,2051,1272
784,295.0,gt,0.8686704635620117,1534,867,1697,1042
785,137.0,feeder,0.9526334404945374,801,910,2052,1272
785,295.0,gt,0.8580043315887451,1534,871,1684,1040
786,137.0,feeder,0.952185332775116,801,910,2052,1272
786,295.0,gt,0.8594531416893005,1535,872,1677,1040
787,137.0,feeder,0.9522899389266968,801,910,2052,1272
787,295.0,gt,0.8620759844779968,1534,871,1674,1041
788,137.0,feeder,0.9520632028579712,800,910,2052,1272
788,295.0,gt,0.8609966039657593,1534,871,1671,1041
789,137.0,feeder,0.9513513445854187,801,910,2052,1272
789,295.0,gt,0.8590722680091858,1535,870,1670,1041
790,137.0,feeder,0.9511731266975403,801,910,2052,1272
790,295.0,gt,0.8626163005828857,1535,870,1673,1041
791,137.0,feeder,0.9511466026306152,801,910,2052,1272
791,295.0,gt,0.860985279083252,1535,870,1674,1041
792,137.0,feeder,0.9513256549835205,801,910,2052,1272
792,295.0,gt,0.8600618243217468,1535,870,1674,1041
793,137.0,feeder,0.9510533213615417,801,910,2052,1272
793,295.0,gt,0.855509877204895,1535,870,1672,1041
794,137.0,feeder,0.9511853456497192,801,910,2052,1272
794,295.0,gt,0.8533956408500671,1536,870,1671,1041
795,137.0,feeder,0.9518356919288635,801,910,2052,1272
795,295.0,gt,0.8565155267715454,1536,869,1671,1041
796,137.0,feeder,0.950928270816803,800,910,2052,1272
796,295.0,gt,0.8491361141204834,1538,871,1668,1041
797,137.0,feeder,0.9510015845298767,800,911,2052,1272
797,295.0,gt,0.882080078125,1536,861,1682,1042
798,137.0,feeder,0.9528328776359558,800,911,2052,1272
798,295.0,gt,0.8959283828735352,1527,854,1693,1044
799,137.0,feeder,0.9533552527427673,800,910,2052,1272
799,295.0,gt,0.902685821056366,1524,848,1697,1044
800,137.0,feeder,0.953472912311554,800,910,2052,1272
800,295.0,gt,0.9035529494285583,1525,846,1698,1045
801,137.0,feeder,0.9537367820739746,800,910,2052,1272
801,295.0,gt,0.9043333530426025,1529,845,1699,1045
802,137.0,feeder,0.9535872936248779,800,910,2052,1272
802,295.0,gt,0.9017782211303711,1528,844,1698,1045
803,137.0,feeder,0.9539864659309387,800,910,2052,1272
803,295.0,gt,0.8820016980171204,1529,839,1690,1045
804,137.0,feeder,0.9535164833068848,800,910,2052,1272
804,295.0,gt,0.8885259628295898,1528,841,1687,1045
805,137.0,feeder,0.9536867737770081,800,910,2052,1272
805,295.0,gt,0.8877536654472351,1533,840,1685,1046
806,137.0,feeder,0.9537107348442078,800,909,2052,1272
806,295.0,gt,0.8863757848739624,1535,839,1684,1046
807,137.0,feeder,0.9529693722724915,800,909,2052,1272
807,295.0,gt,0.8861697912216187,1532,839,1684,1046
808,137.0,feeder,0.9528928995132446,801,910,2052,1272
808,295.0,gt,0.889530599117279,1531,840,1684,1046
809,137.0,feeder,0.9531139135360718,801,910,2052,1272
809,295.0,gt,0.8914195895195007,1530,841,1684,1046
810,137.0,feeder,0.9533517956733704,801,909,2052,1272
810,295.0,gt,0.8920593857765198,1532,842,1683,1046
811,137.0,feeder,0.9528063535690308,800,909,2052,1272
811,295.0,gt,0.8946887254714966,1532,842,1684,1047
812,137.0,feeder,0.9531188011169434,801,909,2052,1272
812,295.0,gt,0.8978879451751709,1533,844,1684,1047
813,137.0,feeder,0.952571451663971,801,909,2051,1272
813,295.0,gt,0.8974224328994751,1534,845,1684,1047
814,137.0,feeder,0.9523589611053467,801,909,2051,1272
814,295.0,gt,0.8955844044685364,1536,845,1683,1047
815,137.0,feeder,0.9528067708015442,801,909,2051,1272
815,295.0,gt,0.8958885669708252,1536,844,1683,1047
816,137.0,feeder,0.9529320001602173,801,909,2051,1272
816,295.0,gt,0.8954653143882751,1534,843,1683,1047
817,137.0,feeder,0.9543327689170837,801,909,2051,1272
817,295.0,gt,0.9002076983451843,1519,851,1689,1046
818,137.0,feeder,0.9530537128448486,801,909,2051,1272
818,295.0,gt,0.8808860182762146,1441,836,1708,1031
819,137.0,feeder,0.9558806419372559,800,908,2051,1272
819,295.0,gt,0.9061474204063416,1417,835,1719,1043
820,137.0,feeder,0.9542217254638672,800,909,2051,1272
820,295.0,gt,0.9073267579078674,1458,837,1721,1047
821,137.0,feeder,0.9539831876754761,800,909,2051,1272
821,295.0,gt,0.903696596622467,1472,838,1721,1048
822,137.0,feeder,0.9543021321296692,800,909,2051,1272
822,295.0,gt,0.9049780368804932,1476,839,1721,1049
823,137.0,feeder,0.9541956782341003,800,909,2051,1272
823,295.0,gt,0.9035377502441406,1476,840,1722,1049
824,137.0,feeder,0.954060971736908,801,909,2051,1272
824,295.0,gt,0.9044592380523682,1475,840,1722,1048
825,137.0,feeder,0.954177975654602,800,909,2051,1272
825,295.0,gt,0.9042132496833801,1474,840,1721,1048
826,137.0,feeder,0.9545963406562805,800,909,2052,1272
826,295.0,gt,0.9082547426223755,1474,840,1721,1050
827,137.0,feeder,0.9546231627464294,800,909,2052,1272
827,295.0,gt,0.9067521691322327,1473,840,1720,1049
828,137.0,feeder,0.9544541835784912,800,909,2052,1272
828,295.0,gt,0.9046537280082703,1472,840,1721,1048
829,137.0,feeder,0.9543355703353882,800,909,2052,1272
829,295.0,gt,0.9071080684661865,1472,841,1712,1048
830,137.0,feeder,0.9540130496025085,800,909,2052,1272
830,295.0,gt,0.9032263159751892,1471,839,1704,1048
831,137.0,feeder,0.9541153311729431,800,909,2052,1272
831,295.0,gt,0.8958176970481873,1474,835,1700,1048
832,137.0,feeder,0.9541451930999756,800,909,2052,1272
832,295.0,gt,0.8962027430534363,1475,834,1699,1048
833,137.0,feeder,0.954131543636322,800,909,2052,1272
833,295.0,gt,0.8964860439300537,1477,834,1699,1048
834,137.0,feeder,0.9541393518447876,800,909,2052,1272
834,295.0,gt,0.895111083984375,1477,834,1699,1049
835,137.0,feeder,0.9539601802825928,800,909,2052,1272
835,295.0,gt,0.9148851037025452,1479,842,1697,1048
836,137.0,feeder,0.9542232155799866,800,909,2052,1272
836,295.0,gt,0.9167237281799316,1479,846,1696,1048
837,137.0,feeder,0.9537088871002197,800,909,2052,1272
837,295.0,gt,0.9161178469657898,1480,846,1695,1048
838,137.0,feeder,0.9534006118774414,800,909,2053,1272
838,295.0,gt,0.9177065491676331,1482,847,1694,1047
839,137.0,feeder,0.9532619714736938,800,909,2052,1272
839,295.0,gt,0.9190250635147095,1483,847,1693,1047
840,137.0,feeder,0.9533882737159729,800,909,2052,1272
840,295.0,gt,0.9191932082176208,1486,846,1692,1047
841,137.0,feeder,0.953550398349762,800,909,2052,1272
841,295.0,gt,0.9196244478225708,1487,845,1693,1049
842,137.0,feeder,0.9538370966911316,800,909,2052,1272
842,295.0,gt,0.9196765422821045,1488,845,1693,1050
843,137.0,feeder,0.9537051320075989,800,909,2052,1272
843,295.0,gt,0.9184573292732239,1490,845,1693,1050
844,137.0,feeder,0.9522226452827454,800,909,2052,1272
844,295.0,gt,0.9240428805351257,1489,857,1686,1050
845,137.0,feeder,0.9505298137664795,801,910,2052,1272
845,295.0,gt,0.9089637398719788,1490,865,1685,1050
846,137.0,feeder,0.9522252082824707,800,910,2052,1272
846,295.0,gt,0.9110910892486572,1493,868,1684,1049
847,137.0,feeder,0.9512679576873779,801,910,2052,1272
847,295.0,gt,0.9094080328941345,1497,869,1684,1048
848,137.0,feeder,0.9517622590065002,801,910,2052,1272
848,295.0,gt,0.9050257802009583,1501,870,1684,1048
849,137.0,feeder,0.9521178007125854,801,910,2052,1272
849,295.0,gt,0.9034117460250854,1503,870,1684,1048
850,137.0,feeder,0.9524737596511841,801,910,2052,1272
850,295.0,gt,0.9039468765258789,1504,869,1682,1048
851,137.0,feeder,0.9536579251289368,801,910,2052,1272
851,295.0,gt,0.9214240908622742,1507,866,1684,1048
852,137.0,feeder,0.9537006616592407,801,910,2052,1272
852,295.0,gt,0.923037588596344,1510,860,1685,1049
853,137.0,feeder,0.9536135196685791,801,910,2053,1272
853,295.0,gt,0.9182006120681763,1513,856,1685,1049
854,137.0,feeder,0.9532667398452759,801,910,2052,1272
854,295.0,gt,0.9167478084564209,1514,855,1685,1049
855,137.0,feeder,0.953298032283783,801,910,2052,1272
855,295.0,gt,0.9175621271133423,1515,854,1686,1048
856,137.0,feeder,0.9532605409622192,801,910,2052,1272
856,295.0,gt,0.9172132015228271,1518,854,1686,1049
857,137.0,feeder,0.9529415369033813,801,910,2052,1272
857,295.0,gt,0.9172880053520203,1518,854,1686,1049
858,137.0,feeder,0.9530861973762512,801,910,2052,1272
858,295.0,gt,0.9149194955825806,1520,853,1686,1048
859,137.0,feeder,0.9531099200248718,801,909,2052,1272
859,295.0,gt,0.910422146320343,1521,851,1686,1049
860,137.0,feeder,0.9532299041748047,801,909,2052,1272
860,295.0,gt,0.9032647609710693,1522,849,1686,1048
861,137.0,feeder,0.9532360434532166,801,909,2052,1272
861,295.0,gt,0.9028791785240173,1524,848,1686,1048
862,137.0,feeder,0.953191339969635,801,909,2052,1272
862,295.0,gt,0.9015085101127625,1525,847,1686,1048
863,137.0,feeder,0.9530952572822571,801,909,2052,1272
863,295.0,gt,0.904280424118042,1526,847,1686,1049
864,137.0,feeder,0.9530667066574097,801,909,2052,1272
864,295.0,gt,0.9057435989379883,1526,847,1686,1049
865,137.0,feeder,0.9534167647361755,801,909,2052,1272
865,295.0,gt,0.9084095358848572,1528,849,1685,1049
866,137.0,feeder,0.954376757144928,801,909,2052,1272
866,295.0,gt,0.9047491550445557,1539,847,1684,1050
867,137.0,feeder,0.9543713331222534,801,909,2052,1272
867,295.0,gt,0.902346670627594,1543,846,1682,1050
868,137.0,feeder,0.9543508887290955,801,909,2052,1272
868,295.0,gt,0.9062741994857788,1544,846,1682,1051
869,137.0,feeder,0.9545268416404724,801,909,2052,1272
869,295.0,gt,0.906914472579956,1545,846,1682,1051
870,137.0,feeder,0.9544951319694519,801,909,2052,1272
870,295.0,gt,0.9062201380729675,1545,846,1682,1051
871,137.0,feeder,0.9544053077697754,800,909,2052,1272
871,295.0,gt,0.9008687734603882,1546,846,1680,1051
872,137.0,feeder,0.9547900557518005,800,909,2052,1272
872,295.0,gt,0.9131742119789124,1541,853,1680,1052
873,137.0,feeder,0.9504877924919128,800,909,2052,1272
873,295.0,gt,0.8808265328407288,1518,842,1655,1050
874,137.0,feeder,0.9522193670272827,800,909,2053,1272
874,295.0,gt,0.8555241227149963,1481,837,1638,1048
875,137.0,feeder,0.9535070657730103,800,907,2053,1272
875,295.0,gt,0.8842083811759949,1438,852,1638,1052
876,137.0,feeder,0.9516674876213074,800,907,2053,1272
876,295.0,gt,0.891267716884613,1397,858,1630,1056
877,137.0,feeder,0.9528329372406006,800,906,2053,1272
877,295.0,gt,0.9194597005844116,1375,854,1623,1053
878,137.0,feeder,0.9532245993614197,800,905,2053,1272
878,295.0,gt,0.9175765514373779,1364,853,1617,1050
879,137.0,feeder,0.9529417157173157,800,905,2053,1272
879,295.0,gt,0.9071328639984131,1360,852,1614,1049
880,137.0,feeder,0.952341616153717,800,905,2052,1272
880,295.0,gt,0.8899527192115784,1357,851,1610,1047
881,137.0,feeder,0.9520599842071533,801,906,2051,1272
881,295.0,gt,0.882011353969574,1354,841,1595,1044
882,137.0,feeder,0.9505443572998047,800,906,2052,1272
882,295.0,gt,0.8923265933990479,1349,829,1573,1048
883,137.0,feeder,0.9486948251724243,801,907,2051,1272
883,295.0,gt,0.8984041810035706,1342,823,1552,1049
884,137.0,feeder,0.9496979713439941,801,907,2051,1272
884,295.0,gt,0.8914334177970886,1338,821,1541,1049
885,137.0,feeder,0.9493686556816101,800,907,2051,1272
885,295.0,gt,0.8765420913696289,1332,818,1536,1050
886,137.0,feeder,0.9483230710029602,800,909,2051,1272
886,295.0,gt,0.9076471924781799,1314,808,1537,1050
887,137.0,feeder,0.9484413266181946,800,909,2051,1272
887,295.0,gt,0.9136306047439575,1307,803,1539,1049
888,137.0,feeder,0.9486382603645325,801,909,2051,1272
888,295.0,gt,0.9209672212600708,1305,800,1540,1049
889,137.0,feeder,0.9484438300132751,800,909,2051,1272
889,295.0,gt,0.922021210193634,1305,800,1541,1049
890,137.0,feeder,0.9482728838920593,801,909,2051,1272
890,295.0,gt,0.9206399321556091,1305,799,1542,1049
891,137.0,feeder,0.9482836127281189,801,909,2051,1272
891,295.0,gt,0.9183892607688904,1306,799,1543,1050
892,137.0,feeder,0.9484097361564636,801,909,2050,1272
892,295.0,gt,0.9177752733230591,1307,799,1543,1050
893,137.0,feeder,0.9487305283546448,801,908,2051,1272
893,295.0,gt,0.9186400175094604,1308,799,1544,1050
894,137.0,feeder,0.9490042328834534,801,909,2051,1272
894,295.0,gt,0.919419527053833,1308,799,1544,1050
895,137.0,feeder,0.9495686292648315,801,908,2051,1273
895,295.0,gt,0.9102753400802612,1311,799,1547,1050
896,137.0,feeder,0.9495274424552917,801,908,2051,1273
896,295.0,gt,0.9061756134033203,1314,802,1548,1050
897,137.0,feeder,0.9497483968734741,801,908,2051,1273
897,295.0,gt,0.9063372611999512,1315,804,1548,1050
898,137.0,feeder,0.9495565891265869,801,908,2052,1273
898,295.0,gt,0.9084949493408203,1315,805,1547,1050
899,137.0,feeder,0.9494869709014893,801,908,2051,1273
899,295.0,gt,0.9067236185073853,1316,806,1547,1050
900,137.0,feeder,0.9493234157562256,801,907,2052,1273
900,295.0,gt,0.9060590267181396,1316,807,1547,1050
901,137.0,feeder,0.9492626190185547,800,908,2052,1273
901,295.0,gt,0.9097144603729248,1317,807,1547,1051
902,137.0,feeder,0.9494363069534302,800,908,2052,1273
902,295.0,gt,0.9091822504997253,1317,807,1547,1051
903,137.0,feeder,0.9492894411087036,801,908,2053,1273
903,295.0,gt,0.9104161262512207,1317,807,1547,1051
904,137.0,feeder,0.9492135047912598,801,908,2051,1273
904,295.0,gt,0.911125123500824,1317,807,1547,1051
905,137.0,feeder,0.9491999745368958,801,908,2051,1273
905,295.0,gt,0.9118388891220093,1317,807,1547,1051
906,137.0,feeder,0.949752926826477,801,908,2051,1273
906,295.0,gt,0.9077237248420715,1317,807,1548,1051
907,137.0,feeder,0.9505009651184082,800,907,2052,1273
907,295.0,gt,0.9140222072601318,1313,815,1550,1052
908,137.0,feeder,0.9492948055267334,800,907,2052,1273
908,295.0,gt,0.9140064716339111,1311,818,1548,1052
909,137.0,feeder,0.9494551420211792,800,907,2052,1273
909,295.0,gt,0.9150404930114746,1310,820,1547,1052
910,137.0,feeder,0.9497444033622742,800,907,2052,1273
910,295.0,gt,0.9155828952789307,1309,820,1548,1052
911,137.0,feeder,0.9494467377662659,800,907,2052,1273
911,295.0,gt,0.9102804064750671,1312,820,1546,1052
912,137.0,feeder,0.9495468139648438,800,906,2052,1273
912,295.0,gt,0.9079173803329468,1314,820,1546,1053
913,137.0,feeder,0.9495435953140259,800,907,2052,1273
913,295.0,gt,0.9067515730857849,1314,819,1546,1053
914,137.0,feeder,0.9498758316040039,800,907,2052,1273
914,295.0,gt,0.9086882472038269,1314,819,1545,1053
915,137.0,feeder,0.9498403072357178,800,907,2052,1273
915,295.0,gt,0.9085789918899536,1314,818,1546,1052
916,137.0,feeder,0.9497963190078735,800,907,2052,1273
916,295.0,gt,0.906244695186615,1314,818,1546,1052
917,137.0,feeder,0.9497556090354919,800,907,2052,1273
917,295.0,gt,0.9066653251647949,1314,819,1547,1052
918,137.0,feeder,0.949995756149292,800,907,2052,1273
918,295.0,gt,0.907080888748169,1314,818,1547,1052
919,137.0,feeder,0.9500282406806946,800,907,2052,1273
919,295.0,gt,0.9068804383277893,1314,818,1547,1052
920,137.0,feeder,0.9500826001167297,800,907,2052,1273
920,295.0,gt,0.906222403049469,1314,818,1547,1052
921,137.0,feeder,0.9499278664588928,800,907,2052,1273
921,295.0,gt,0.9069796800613403,1314,818,1547,1052
922,137.0,feeder,0.95017409324646,800,907,2053,1273
922,295.0,gt,0.9078022241592407,1314,818,1547,1052
923,137.0,feeder,0.9501346945762634,800,907,2053,1273
923,295.0,gt,0.9076836705207825,1314,818,1546,1052
924,137.0,feeder,0.9501165747642517,800,907,2053,1273
924,295.0,gt,0.907601535320282,1314,818,1546,1052
925,137.0,feeder,0.9498540759086609,800,906,2052,1273
925,295.0,gt,0.9076770544052124,1314,818,1546,1052
926,137.0,feeder,0.9497827887535095,800,906,2052,1273
926,295.0,gt,0.9086819887161255,1314,818,1545,1052
927,137.0,feeder,0.9499689936637878,800,906,2052,1273
927,295.0,gt,0.9084553718566895,1314,818,1545,1052
928,137.0,feeder,0.9499229192733765,800,906,2052,1273
928,295.0,gt,0.9056926965713501,1315,823,1546,1052
929,137.0,feeder,0.9492014646530151,800,907,2052,1273
929,295.0,gt,0.9048280119895935,1318,826,1544,1052
930,137.0,feeder,0.9491526484489441,800,907,2052,1273
930,295.0,gt,0.9032529592514038,1319,828,1543,1052
931,137.0,feeder,0.9490276575088501,800,907,2052,1273
931,295.0,gt,0.9053175449371338,1319,828,1543,1051
932,137.0,feeder,0.9491595029830933,800,907,2053,1273
932,295.0,gt,0.9036354422569275,1319,828,1543,1051
933,137.0,feeder,0.9491991400718689,800,907,2053,1273
933,295.0,gt,0.9045218229293823,1319,829,1543,1050
934,137.0,feeder,0.9491020441055298,800,907,2053,1273
934,295.0,gt,0.90546715259552,1319,828,1542,1050
935,137.0,feeder,0.948876142501831,800,907,2051,1273
935,295.0,gt,0.9086208939552307,1319,828,1542,1050
936,137.0,feeder,0.9483689665794373,801,908,2051,1273
936,295.0,gt,0.9016992449760437,1304,832,1540,1051
937,137.0,feeder,0.9481053948402405,800,908,2052,1273
937,295.0,gt,0.9085798859596252,1274,831,1543,1051
938,137.0,feeder,0.9480535387992859,800,907,2052,1273
938,295.0,gt,0.918046236038208,1264,829,1544,1051
939,137.0,feeder,0.9477797150611877,800,907,2052,1273
939,295.0,gt,0.915615975856781,1259,829,1543,1050
940,137.0,feeder,0.9481601715087891,800,907,2052,1273
940,295.0,gt,0.9166280031204224,1258,829,1543,1050
941,137.0,feeder,0.9486978054046631,800,907,2052,1273
941,295.0,gt,0.9184010624885559,1258,829,1544,1051
942,137.0,feeder,0.9490852952003479,801,906,2052,1273
942,295.0,gt,0.9099435806274414,1254,839,1539,1052
943,137.0,feeder,0.9501583576202393,801,905,2052,1273
943,295.0,gt,0.9051253795623779,1232,837,1546,1045
944,137.0,feeder,0.9500788450241089,801,905,2052,1273
944,295.0,gt,0.9175911545753479,1194,845,1543,1040
945,137.0,feeder,0.9474470615386963,801,907,2052,1273
945,295.0,gt,0.931780993938446,1159,837,1529,1048
946,137.0,feeder,0.9472436904907227,801,907,2052,1273
946,295.0,gt,0.9128327369689941,1144,834,1517,1047
947,137.0,feeder,0.9474947452545166,801,908,2051,1273
947,295.0,gt,0.9123824834823608,1138,833,1511,1044
948,137.0,feeder,0.9472357630729675,801,908,2050,1273
948,295.0,gt,0.9065380096435547,1136,832,1509,1047
949,137.0,feeder,0.9461721181869507,801,908,2051,1274
949,295.0,gt,0.9157719016075134,1138,843,1494,1050
950,137.0,feeder,0.9475173354148865,801,907,2052,1273
950,295.0,gt,0.9094087481498718,1163,844,1481,1056
951,137.0,feeder,0.947134792804718,801,907,2052,1273
951,295.0,gt,0.9112653732299805,1179,839,1471,1059
952,137.0,feeder,0.9466663002967834,801,907,2052,1273
952,295.0,gt,0.9059464931488037,1184,837,1469,1058
953,137.0,feeder,0.947684645652771,801,907,2052,1273
953,295.0,gt,0.9127139449119568,1187,836,1469,1057
954,137.0,feeder,0.9474424123764038,801,907,2052,1273
954,295.0,gt,0.911589503288269,1188,836,1468,1057
955,137.0,feeder,0.9474189877510071,801,907,2052,1273
955,295.0,gt,0.91152423620224,1188,836,1470,1059
956,137.0,feeder,0.9475124478340149,801,907,2052,1273
956,295.0,gt,0.9101666212081909,1187,836,1468,1060
957,137.0,feeder,0.9460422992706299,801,908,2052,1273
957,295.0,gt,0.9136632084846497,1168,842,1465,1059
958,137.0,feeder,0.9457823634147644,801,909,2052,1273
958,295.0,gt,0.920376718044281,1156,840,1466,1058
959,137.0,feeder,0.9465212225914001,801,909,2052,1273
959,295.0,gt,0.9225065112113953,1151,840,1466,1057
960,137.0,feeder,0.9470573663711548,801,909,2052,1273
960,295.0,gt,0.9258273839950562,1150,840,1467,1057
961,137.0,feeder,0.9470868706703186,801,909,2052,1273
961,295.0,gt,0.92496258020401,1150,839,1468,1057
962,137.0,feeder,0.9468538165092468,801,910,2052,1273
962,295.0,gt,0.9224684238433838,1150,839,1469,1056
963,137.0,feeder,0.9473990797996521,801,909,2052,1273
963,295.0,gt,0.922894299030304,1150,839,1467,1058
964,137.0,feeder,0.9477073550224304,801,909,2052,1273
964,295.0,gt,0.9245332479476929,1150,839,1468,1060
965,137.0,feeder,0.9467644691467285,801,909,2052,1273
965,295.0,gt,0.9264665246009827,1142,840,1459,1062
966,137.0,feeder,0.9465643167495728,801,910,2052,1273
966,295.0,gt,0.9345203638076782,1139,832,1461,1064
967,137.0,feeder,0.9461632966995239,801,909,2052,1273
967,295.0,gt,0.9351926445960999,1139,828,1464,1066
968,137.0,feeder,0.9460335373878479,801,909,2052,1273
968,295.0,gt,0.935361385345459,1138,827,1467,1066
969,137.0,feeder,0.9459450840950012,801,909,2052,1273
969,295.0,gt,0.935371994972229,1137,826,1469,1067
970,137.0,feeder,0.9461203813552856,801,909,2052,1273
970,295.0,gt,0.9366347193717957,1138,826,1471,1067
971,137.0,feeder,0.9462475180625916,801,909,2052,1273
971,295.0,gt,0.9334989190101624,1138,826,1471,1065
972,137.0,feeder,0.9473984837532043,801,909,2052,1273
972,295.0,gt,0.9233362078666687,1139,832,1462,1060
973,137.0,feeder,0.9473608136177063,801,909,2052,1273
973,295.0,gt,0.9075954556465149,1146,841,1482,1051
974,137.0,feeder,0.945846676826477,801,909,2052,1273
974,295.0,gt,0.9106463193893433,1136,838,1490,1046
975,137.0,feeder,0.9447791576385498,801,910,2052,1273
975,295.0,gt,0.9027325510978699,1118,838,1476,1047
976,137.0,feeder,0.9445586204528809,801,911,2052,1273
976,295.0,gt,0.9050482511520386,1107,835,1455,1042
977,137.0,feeder,0.9455680847167969,801,911,2052,1273
977,295.0,gt,0.9008844494819641,1102,834,1432,1039
978,137.0,feeder,0.9456695318222046,801,911,2052,1273
978,295.0,gt,0.8989534974098206,1100,833,1421,1040
979,137.0,feeder,0.9451605677604675,801,911,2052,1273
979,295.0,gt,0.8939813375473022,1098,832,1416,1039
980,137.0,feeder,0.9449505805969238,800,911,2051,1274
980,295.0,gt,0.8988361954689026,1096,832,1414,1044
981,137.0,feeder,0.9447258114814758,801,911,2051,1274
981,295.0,gt,0.9085781574249268,1080,834,1413,1040
982,137.0,feeder,0.945651113986969,800,912,2051,1274
982,295.0,gt,0.8950205445289612,1071,826,1417,1042
983,137.0,feeder,0.9444692730903625,800,911,2051,1274
983,295.0,gt,0.8892219066619873,1070,818,1421,1046
984,137.0,feeder,0.9444772601127625,800,912,2051,1274
984,295.0,gt,0.8917562961578369,1069,814,1422,1047
985,137.0,feeder,0.9440450668334961,800,911,2052,1274
985,295.0,gt,0.8940142393112183,1070,813,1421,1047
986,137.0,feeder,0.9435616135597229,801,912,2052,1274
986,295.0,gt,0.898581326007843,1070,813,1417,1048
987,137.0,feeder,0.9436178803443909,801,911,2052,1274
987,295.0,gt,0.8984013795852661,1070,812,1416,1047
988,137.0,feeder,0.9444822669029236,801,911,2052,1274
988,295.0,gt,0.8987573981285095,1069,811,1415,1048
989,137.0,feeder,0.9441348314285278,801,911,2052,1274
989,295.0,gt,0.8967720866203308,1070,811,1415,1048
990,137.0,feeder,0.9440476298332214,801,912,2051,1274
990,295.0,gt,0.8952460885047913,1070,811,1415,1048
991,137.0,feeder,0.9440821409225464,800,912,2051,1274
991,295.0,gt,0.8958804607391357,1071,810,1415,1049
992,137.0,feeder,0.9441090226173401,800,912,2051,1274
992,295.0,gt,0.8939036130905151,1071,809,1414,1050
993,137.0,feeder,0.9442921280860901,800,912,2051,1274
993,295.0,gt,0.8982871770858765,1071,809,1413,1050
994,137.0,feeder,0.9445548057556152,800,912,2051,1274
994,295.0,gt,0.9079853892326355,1060,818,1421,1051
995,137.0,feeder,0.9444420337677002,800,912,2051,1274
995,295.0,gt,0.9081318974494934,1051,819,1424,1051
996,137.0,feeder,0.9448685050010681,800,913,2051,1274
996,295.0,gt,0.9110639691352844,1045,820,1422,1050
997,137.0,feeder,0.9446742534637451,800,913,2051,1274
997,295.0,gt,0.908145010471344,1043,820,1415,1050
998,137.0,feeder,0.9449374079704285,800,913,2051,1274
998,295.0,gt,0.9072509407997131,1042,820,1418,1050
999,137.0,feeder,0.9444838166236877,800,913,2051,1274
999,295.0,gt,0.9063833951950073,1041,820,1420,1049
1000,137.0,feeder,0.9450430870056152,801,912,2051,1274
1000,295.0,gt,0.8925395607948303,1039,839,1423,1049
1001,137.0,feeder,0.9443371295928955,801,912,2051,1274
1001,295.0,gt,0.884036123752594,1034,850,1425,1050
1002,137.0,feeder,0.9449023604393005,801,912,2051,1273
1002,295.0,gt,0.8820016384124756,1032,853,1427,1051
1003,137.0,feeder,0.9451446533203125,801,912,2051,1274
1003,295.0,gt,0.885292649269104,1031,854,1427,1051
1004,137.0,feeder,0.9454351663589478,801,912,2051,1274
1004,295.0,gt,0.8830955624580383,1030,854,1428,1052
1005,137.0,feeder,0.9453452229499817,801,912,2051,1274
1005,295.0,gt,0.8826815485954285,1030,854,1430,1052
1006,137.0,feeder,0.9451619386672974,801,911,2051,1274
1006,295.0,gt,0.8852623701095581,1031,855,1431,1052
1007,137.0,feeder,0.9454402923583984,801,911,2051,1274
1007,295.0,gt,0.8861377835273743,1027,854,1433,1051
1008,137.0,feeder,0.9456976056098938,801,911,2051,1274
1008,295.0,gt,0.8870589733123779,1025,854,1433,1051
1009,137.0,feeder,0.9458153247833252,801,911,2052,1274
1009,295.0,gt,0.8881531357765198,1024,853,1433,1050
1010,137.0,feeder,0.9458816051483154,801,911,2052,1274
1010,295.0,gt,0.8898233771324158,1024,853,1432,1050
1011,137.0,feeder,0.9458733201026917,801,911,2051,1274
1011,295.0,gt,0.8900471329689026,1024,853,1432,1050
1012,137.0,feeder,0.9458200931549072,801,912,2051,1274
1012,295.0,gt,0.8941518664360046,1024,853,1428,1051
1013,137.0,feeder,0.9453730583190918,801,912,2051,1274
1013,295.0,gt,0.8975231647491455,1023,853,1423,1051
1014,137.0,feeder,0.9449704885482788,801,911,2052,1273
1014,295.0,gt,0.9063340425491333,1018,853,1417,1050
1015,137.0,feeder,0.9460362792015076,801,911,2052,1273
1015,295.0,gt,0.9068671464920044,1015,851,1413,1049
1016,137.0,feeder,0.9458974003791809,801,911,2051,1273
1016,295.0,gt,0.9063618183135986,1013,851,1412,1049
1017,137.0,feeder,0.9458645582199097,801,911,2051,1273
1017,295.0,gt,0.906558632850647,1013,851,1411,1049
1018,137.0,feeder,0.9459792375564575,801,911,2052,1273
1018,295.0,gt,0.9083487391471863,1012,851,1411,1050
1019,137.0,feeder,0.9463119506835938,801,911,2051,1273
1019,295.0,gt,0.907467246055603,1012,851,1413,1049
1020,137.0,feeder,0.945947527885437,801,911,2051,1273
1020,295.0,gt,0.906266450881958,1012,850,1414,1050
1021,137.0,feeder,0.9459249377250671,801,911,2051,1273
1021,295.0,gt,0.903635561466217,1012,850,1412,1051
1022,137.0,feeder,0.9458196759223938,801,911,2052,1274
1022,295.0,gt,0.9037376642227173,1012,849,1411,1053
1023,137.0,feeder,0.944865345954895,801,911,2051,1274
1023,295.0,gt,0.916016697883606,1014,849,1370,1049
1024,137.0,feeder,0.9428916573524475,801,910,2051,1273
1024,295.0,gt,0.9087470769882202,1010,859,1375,1053
1025,137.0,feeder,0.9420675039291382,801,910,2051,1274
1025,295.0,gt,0.8911313414573669,1007,873,1364,1050
1026,137.0,feeder,0.9412896037101746,802,910,2051,1274
1026,295.0,gt,0.8884079456329346,1005,879,1355,1051
1027,137.0,feeder,0.9412716031074524,802,910,2051,1274
1027,295.0,gt,0.8923565745353699,1005,882,1347,1053
1028,137.0,feeder,0.9399140477180481,802,910,2051,1274
1028,295.0,gt,0.8627679347991943,986,881,1332,1056
1029,137.0,feeder,0.9405170679092407,802,911,2051,1274
1029,295.0,gt,0.8601545095443726,963,898,1324,1055
1030,137.0,feeder,0.9411276578903198,802,910,2051,1274
1030,295.0,gt,0.8758219480514526,967,907,1317,1055
1031,137.0,feeder,0.9406576156616211,802,911,2052,1274
1031,295.0,gt,0.8812152743339539,966,909,1313,1056
1032,137.0,feeder,0.9424958825111389,802,910,2052,1274
1032,295.0,gt,0.8758661150932312,966,906,1315,1056
1033,137.0,feeder,0.9416918754577637,802,910,2052,1274
1033,295.0,gt,0.8749527931213379,967,903,1313,1055
1034,137.0,feeder,0.9414224624633789,802,910,2052,1274
1034,295.0,gt,0.8743462562561035,968,902,1312,1054
1035,137.0,feeder,0.9415779113769531,802,910,2051,1274
1035,295.0,gt,0.8720669150352478,967,901,1313,1054
1036,137.0,feeder,0.9418835639953613,802,910,2051,1274
1036,295.0,gt,0.8705853819847107,967,901,1310,1051
1037,137.0,feeder,0.9426929354667664,802,910,2051,1274
1037,295.0,gt,0.8721157312393188,968,901,1308,1051
1038,137.0,feeder,0.9413246512413025,802,910,2051,1274
1038,295.0,gt,0.8665546774864197,966,904,1304,1054
1039,137.0,feeder,0.9406566023826599,802,910,2051,1274
1039,295.0,gt,0.8678827881813049,967,904,1302,1053
1040,137.0,feeder,0.9411730766296387,802,910,2051,1274
1040,295.0,gt,0.8668103218078613,966,905,1299,1054
1041,137.0,feeder,0.9389065504074097,802,910,2051,1274
1041,295.0,gt,0.869244396686554,963,907,1300,1051
1042,137.0,feeder,0.9396427273750305,802,910,2051,1274
1042,295.0,gt,0.8732706308364868,954,910,1305,1051
1043,137.0,feeder,0.9401761293411255,802,910,2051,1274
1043,295.0,gt,0.8929693102836609,968,911,1305,1050
1044,137.0,feeder,0.9389310479164124,802,911,2051,1274
1044,295.0,gt,0.8977276682853699,984,903,1306,1051
1045,137.0,feeder,0.937677800655365,802,909,2051,1274
1045,295.0,gt,0.90607750415802,998,884,1298,1052
1046,137.0,feeder,0.9376124739646912,802,909,2051,1274
1046,295.0,gt,0.90496426820755,1004,875,1297,1052
1047,137.0,feeder,0.9390755891799927,802,909,2052,1274
1047,295.0,gt,0.9053143858909607,1006,871,1295,1052
1048,137.0,feeder,0.9389218688011169,802,909,2051,1274
1048,295.0,gt,0.9093124270439148,1007,869,1288,1051
1049,137.0,feeder,0.9377752542495728,802,909,2051,1274
1049,295.0,gt,0.9034478068351746,1006,869,1290,1050
1050,137.0,feeder,0.9408553242683411,802,909,2051,1274
1050,295.0,gt,0.9169296622276306,1000,872,1291,1050
1051,137.0,feeder,0.9418763518333435,802,909,2051,1274
1051,295.0,gt,0.9108387231826782,991,874,1295,1051
1052,137.0,feeder,0.9411675930023193,802,909,2051,1274
1052,295.0,gt,0.9118936061859131,986,873,1296,1050
1053,137.0,feeder,0.9412994980812073,803,909,2051,1274
1053,295.0,gt,0.9102743864059448,983,873,1297,1050
1054,137.0,feeder,0.9412451982498169,803,909,2051,1274
1054,295.0,gt,0.9099366664886475,982,873,1297,1050
1055,137.0,feeder,0.9408714175224304,803,909,2051,1274
1055,295.0,gt,0.9096878170967102,982,873,1298,1050
1056,137.0,feeder,0.9324702024459839,802,909,2050,1274
1056,295.0,gt,0.8755859136581421,971,876,1287,1049
1057,137.0,feeder,0.9303509593009949,803,910,2050,1273
1057,295.0,gt,0.8790643811225891,968,870,1314,1052
1058,137.0,feeder,0.9369239211082458,803,912,2051,1273
1058,295.0,gt,0.875341534614563,958,843,1296,1033
1059,137.0,feeder,0.9375067353248596,803,912,2051,1273
1059,295.0,gt,0.8785194754600525,944,826,1244,1003
1060,137.0,feeder,0.9221404790878296,803,912,2050,1273
1060,295.0,gt,0.8808377385139465,932,818,1204,986
1061,137.0,feeder,0.9262855052947998,803,911,2050,1273
1061,295.0,gt,0.8881030082702637,926,815,1171,983
1062,137.0,feeder,0.9147841334342957,803,911,2050,1274
1062,295.0,gt,0.8719002604484558,923,818,1148,984
1063,137.0,feeder,0.771882176399231,803,911,2050,1274
1063,295.0,gt,0.85035640001297,914,820,1137,981
1064,137.0,feeder,0.8130301833152771,803,910,2050,1274
1064,295.0,gt,0.8277389407157898,907,821,1126,979
1065,137.0,feeder,0.8493663668632507,803,911,2050,1274
1065,295.0,gt,0.8370583057403564,901,815,1120,976
1066,137.0,feeder,0.9123052954673767,803,912,2050,1274
1066,295.0,gt,0.8381077647209167,899,814,1101,975
1067,137.0,feeder,0.8973142504692078,803,912,2050,1274
1067,295.0,gt,0.8357911705970764,897,813,1088,971
1068,137.0,feeder,0.9037164449691772,803,912,2050,1274
1068,295.0,gt,0.8296239972114563,897,812,1083,969
1069,137.0,feeder,0.9044489860534668,803,913,2050,1274
1069,295.0,gt,0.8295908570289612,897,811,1082,968
1070,137.0,feeder,0.9055820107460022,803,913,2050,1274
1070,295.0,gt,0.8285999298095703,897,811,1080,968
1071,137.0,feeder,0.9060299396514893,803,913,2050,1274
1071,295.0,gt,0.8230290412902832,898,811,1079,969
1072,137.0,feeder,0.9052572846412659,803,913,2050,1274
1072,295.0,gt,0.8291360139846802,898,810,1076,968
1073,137.0,feeder,0.8640621900558472,803,914,2050,1274
1073,295.0,gt,0.7889561057090759,904,814,1069,970
1074,137.0,feeder,0.8500237464904785,802,913,2050,1274
1075,137.0,feeder,0.553854763507843,805,909,2050,1270
1076,137.0,feeder,0.8516761660575867,805,905,2051,1265
1077,137.0,feeder,0.9488214254379272,802,902,2052,1262
1078,137.0,feeder,0.9397357702255249,799,901,2053,1261
1079,137.0,feeder,0.9572967886924744,795,899,2053,1260
1080,137.0,feeder,0.9573612809181213,794,897,2053,1260
1081,137.0,feeder,0.9568475484848022,794,895,2053,1260
1082,137.0,feeder,0.9569370746612549,794,895,2053,1260
1083,137.0,feeder,0.9569783210754395,794,895,2053,1260
1084,137.0,feeder,0.9570158123970032,794,895,2053,1260
1085,137.0,feeder,0.9569395780563354,794,895,2053,1260
1086,137.0,feeder,0.9568962454795837,794,895,2053,1260
1087,137.0,feeder,0.9568662047386169,794,895,2053,1260
1088,137.0,feeder,0.9568551182746887,794,895,2053,1260
1089,137.0,feeder,0.9569622874259949,794,895,2053,1260
1090,137.0,feeder,0.9569315910339355,794,895,2053,1260
1091,137.0,feeder,0.95688796043396,794,895,2053,1260
1092,137.0,feeder,0.9569641351699829,794,895,2053,1260
1093,137.0,feeder,0.9569427371025085,794,895,2053,1260
1094,137.0,feeder,0.9568979740142822,794,895,2053,1260
1095,137.0,feeder,0.956955075263977,794,895,2053,1260
1096,137.0,feeder,0.9569337964057922,794,895,2053,1260
1097,137.0,feeder,0.9570595622062683,794,895,2053,1260
1098,137.0,feeder,0.9568613171577454,794,895,2053,1260
1099,137.0,feeder,0.9568575024604797,794,895,2053,1260
1100,137.0,feeder,0.9568304419517517,794,895,2053,1260
1101,137.0,feeder,0.9569283127784729,794,895,2053,1260
1102,137.0,feeder,0.9569846987724304,794,895,2053,1260
1103,137.0,feeder,0.956967830657959,794,895,2053,1260
1104,137.0,feeder,0.9569311738014221,794,895,2053,1260
1105,137.0,feeder,0.9569517970085144,794,895,2053,1260
1106,137.0,feeder,0.9569046497344971,794,895,2053,1260
1107,137.0,feeder,0.9569599032402039,794,895,2053,1260
1108,137.0,feeder,0.9570778012275696,794,895,2053,1260
1109,137.0,feeder,0.9570575952529907,794,895,2053,1260
1110,137.0,feeder,0.9571123123168945,794,895,2053,1260
1111,137.0,feeder,0.9570900201797485,794,895,2053,1260
1112,137.0,feeder,0.9570208191871643,794,895,2053,1260
1113,137.0,feeder,0.9570682048797607,794,895,2053,1260
1114,137.0,feeder,0.9570898413658142,794,895,2053,1260
1115,137.0,feeder,0.9569655656814575,794,895,2053,1260
1116,137.0,feeder,0.9569390416145325,794,895,2053,1260
1117,137.0,feeder,0.9569152593612671,794,895,2053,1260
1118,137.0,feeder,0.9569056630134583,794,895,2053,1260
1119,137.0,feeder,0.9569297432899475,794,895,2053,1260
1120,137.0,feeder,0.9570164680480957,794,895,2053,1260
1121,137.0,feeder,0.9569050073623657,794,895,2053,1260
1122,137.0,feeder,0.9570074081420898,794,895,2053,1260
1123,137.0,feeder,0.9569569230079651,794,895,2053,1260
1124,137.0,feeder,0.956880509853363,794,895,2053,1260
1125,137.0,feeder,0.9568588137626648,794,895,2053,1260
1126,137.0,feeder,0.9569646716117859,794,895,2053,1260
1127,137.0,feeder,0.9570711255073547,794,895,2053,1260
1128,137.0,feeder,0.9570266008377075,794,895,2053,1260
1129,137.0,feeder,0.9569570422172546,794,895,2053,1260
1130,137.0,feeder,0.9569026827812195,794,895,2053,1260
1131,137.0,feeder,0.9569269418716431,794,895,2053,1260
1132,137.0,feeder,0.956885576248169,794,895,2053,1260
1133,137.0,feeder,0.956942617893219,794,895,2053,1260
1134,137.0,feeder,0.9569346904754639,794,895,2053,1260
1135,137.0,feeder,0.9569276571273804,794,895,2053,1260
1136,137.0,feeder,0.9569223523139954,794,895,2053,1260
1137,137.0,feeder,0.9568662047386169,794,895,2053,1260
1138,137.0,feeder,0.9568648934364319,794,895,2053,1260
1139,137.0,feeder,0.9568699598312378,794,895,2053,1260
1140,137.0,feeder,0.9566971063613892,794,895,2053,1260
1141,137.0,feeder,0.9567722678184509,793,895,2053,1260
1142,137.0,feeder,0.9567731618881226,794,895,2053,1260
1143,137.0,feeder,0.9567317962646484,794,895,2053,1260
1144,137.0,feeder,0.9567162990570068,794,894,2053,1260
1145,137.0,feeder,0.9567919969558716,794,894,2053,1260
1146,137.0,feeder,0.9567325711250305,794,894,2053,1260
1147,137.0,feeder,0.9566732048988342,794,894,2053,1260
1148,137.0,feeder,0.9566985964775085,794,894,2053,1260
1149,137.0,feeder,0.956696093082428,794,894,2053,1260
1150,137.0,feeder,0.956800639629364,794,895,2053,1260
1151,137.0,feeder,0.956828773021698,794,895,2053,1260
1152,137.0,feeder,0.9568327069282532,794,895,2053,1260
1153,137.0,feeder,0.9568231105804443,794,895,2053,1260
1154,137.0,feeder,0.9568119645118713,794,894,2053,1260
1155,137.0,feeder,0.9567545652389526,794,895,2053,1260
1156,137.0,feeder,0.9567654132843018,794,895,2053,1260
1157,137.0,feeder,0.956774890422821,794,895,2053,1260
1158,137.0,feeder,0.9568700790405273,794,895,2053,1260
1159,137.0,feeder,0.9568932056427002,794,895,2053,1260
1160,137.0,feeder,0.9568684101104736,794,895,2053,1260
1161,137.0,feeder,0.956825315952301,794,895,2053,1260
1162,137.0,feeder,0.9568362236022949,794,895,2053,1260
1163,137.0,feeder,0.9567842483520508,794,895,2053,1260
1164,137.0,feeder,0.956786036491394,794,895,2052,1260
1165,137.0,feeder,0.9569268226623535,794,895,2053,1260
1166,137.0,feeder,0.9568706154823303,794,895,2053,1260
1167,137.0,feeder,0.9569410085678101,794,895,2053,1260
1168,137.0,feeder,0.9569212198257446,794,895,2053,1260
1169,137.0,feeder,0.9568912386894226,794,895,2053,1260
1170,137.0,feeder,0.9569321870803833,794,895,2053,1260
1171,137.0,feeder,0.9569510221481323,794,895,2053,1260
1172,137.0,feeder,0.9569756984710693,794,895,2053,1260
1173,137.0,feeder,0.9568354487419128,794,895,2053,1260
1174,137.0,feeder,0.9568634033203125,794,895,2053,1260
1175,137.0,feeder,0.9568518400192261,794,895,2053,1260
1176,137.0,feeder,0.9569135904312134,794,895,2053,1260
1177,137.0,feeder,0.9569135904312134,794,895,2053,1260
1178,137.0,feeder,0.9569622874259949,794,895,2053,1260
1179,137.0,feeder,0.9569989442825317,794,895,2053,1260
1180,137.0,feeder,0.9568641781806946,794,895,2053,1260
1181,137.0,feeder,0.9569080471992493,794,895,2053,1260
1182,137.0,feeder,0.9569271206855774,794,895,2053,1260
1183,137.0,feeder,0.9568228125572205,794,895,2053,1260
1184,137.0,feeder,0.9567694067955017,794,895,2053,1260
1185,137.0,feeder,0.9567815661430359,794,895,2053,1260
1186,137.0,feeder,0.956850528717041,794,895,2053,1260
1187,137.0,feeder,0.9567357301712036,794,895,2053,1260
1188,137.0,feeder,0.9568057656288147,794,895,2053,1260
1189,137.0,feeder,0.9568508267402649,794,895,2053,1260
1190,137.0,feeder,0.9568421244621277,794,895,2053,1260
1191,137.0,feeder,0.956770658493042,794,895,2053,1260
1192,137.0,feeder,0.9567306041717529,794,895,2053,1260
1193,137.0,feeder,0.956695556640625,794,894,2053,1260
1194,137.0,feeder,0.956679105758667,794,895,2053,1260
1195,137.0,feeder,0.9568169116973877,794,895,2053,1260
1196,137.0,feeder,0.9567998647689819,794,895,2053,1260
1197,137.0,feeder,0.9568093419075012,794,895,2053,1260
1198,137.0,feeder,0.9568107724189758,794,895,2053,1260
1199,137.0,feeder,0.9566798210144043,795,895,2053,1260
1200,137.0,feeder,0.9566324949264526,795,894,2053,1260
1201,137.0,feeder,0.9564666152000427,794,894,2053,1261
1202,137.0,feeder,0.9564445614814758,794,894,2053,1261
1203,137.0,feeder,0.9564893841743469,794,894,2053,1260
1204,137.0,feeder,0.9566082954406738,794,894,2053,1261
1205,137.0,feeder,0.9566478729248047,794,894,2053,1261
1206,137.0,feeder,0.9566667675971985,794,895,2053,1261
1207,137.0,feeder,0.9565696716308594,794,894,2053,1261
1208,137.0,feeder,0.9566558599472046,794,894,2053,1261
1209,137.0,feeder,0.9567556977272034,794,894,2053,1261
1210,137.0,feeder,0.9567031860351562,794,895,2053,1260
1211,137.0,feeder,0.9567039608955383,794,895,2053,1260
1212,137.0,feeder,0.9565275311470032,794,894,2053,1260
1213,137.0,feeder,0.9565815329551697,794,894,2053,1260
1214,137.0,feeder,0.9565975666046143,794,894,2053,1260
1215,137.0,feeder,0.9566624164581299,794,894,2053,1260
1216,137.0,feeder,0.9570121765136719,794,895,2053,1260
1217,137.0,feeder,0.9570080637931824,794,895,2053,1260
1218,137.0,feeder,0.9569833874702454,794,895,2053,1260
1219,137.0,feeder,0.9568819403648376,794,895,2053,1260
1220,137.0,feeder,0.9568433165550232,794,895,2053,1260
1221,137.0,feeder,0.9569105505943298,794,895,2053,1260
1222,137.0,feeder,0.9570186138153076,794,895,2053,1260
1223,137.0,feeder,0.9569599032402039,794,895,2053,1260
1224,137.0,feeder,0.9568858742713928,794,895,2053,1260
1225,137.0,feeder,0.9568411111831665,794,895,2053,1260
1226,137.0,feeder,0.9567957520484924,794,895,2053,1260
1227,137.0,feeder,0.9567995667457581,794,895,2053,1260
1228,137.0,feeder,0.9568231105804443,794,895,2052,1260
1229,137.0,feeder,0.9567667245864868,794,895,2052,1260
1230,137.0,feeder,0.9568043351173401,794,895,2053,1260
1231,137.0,feeder,0.9567298293113708,794,895,2053,1260
1232,137.0,feeder,0.9567844867706299,794,894,2053,1260
1233,137.0,feeder,0.9567756652832031,794,894,2052,1260
1234,137.0,feeder,0.9567327499389648,794,894,2052,1260
1235,137.0,feeder,0.9567680954933167,794,894,2053,1260
1236,137.0,feeder,0.9568395018577576,794,894,2053,1260
1237,137.0,feeder,0.9568004012107849,794,895,2052,1260
1238,137.0,feeder,0.9567804336547852,794,895,2053,1260
1239,137.0,feeder,0.9567571878433228,794,895,2053,1260
1240,137.0,feeder,0.9567968249320984,794,895,2053,1260
1241,137.0,feeder,0.9567458629608154,794,895,2053,1260
1242,137.0,feeder,0.9567531943321228,794,895,2053,1260
1243,137.0,feeder,0.9567910432815552,794,895,2053,1260
1244,137.0,feeder,0.9567943215370178,794,895,2053,1260
1245,137.0,feeder,0.956802248954773,794,895,2053,1260
1246,137.0,feeder,0.9569353461265564,793,895,2053,1260
1247,137.0,feeder,0.9569613337516785,793,895,2053,1260
1248,137.0,feeder,0.9568304419517517,793,895,2053,1260
1249,137.0,feeder,0.9569646716117859,793,895,2053,1260
1250,137.0,feeder,0.9569957256317139,793,895,2053,1260
1251,137.0,feeder,0.9569320678710938,793,895,2053,1260
1252,137.0,feeder,0.9568802118301392,793,895,2053,1260
1253,137.0,feeder,0.9569214582443237,793,895,2053,1260
1254,137.0,feeder,0.9568966627120972,793,895,2053,1260
1255,137.0,feeder,0.9569157958030701,793,895,2053,1260
1256,137.0,feeder,0.9569146037101746,793,895,2053,1260
1257,137.0,feeder,0.9569722414016724,794,895,2053,1260
1258,137.0,feeder,0.9569361805915833,794,895,2053,1260
1259,137.0,feeder,0.9568843245506287,794,895,2052,1260
1260,137.0,feeder,0.9569216966629028,793,895,2052,1260
1261,137.0,feeder,0.9568217992782593,794,895,2053,1260
1262,137.0,feeder,0.9569367170333862,794,896,2053,1260
1263,137.0,feeder,0.9568724632263184,794,895,2052,1260
1264,137.0,feeder,0.9569957852363586,794,895,2053,1260
1265,137.0,feeder,0.9569335579872131,793,895,2053,1260
1266,137.0,feeder,0.9569897055625916,793,895,2053,1260
1267,137.0,feeder,0.9569383859634399,794,895,2053,1260
1268,137.0,feeder,0.9568996429443359,794,895,2053,1260
1269,137.0,feeder,0.9569940567016602,794,895,2053,1260
1270,137.0,feeder,0.9569292068481445,794,895,2053,1260
1271,137.0,feeder,0.9569050073623657,794,895,2053,1260
1272,137.0,feeder,0.9568580389022827,793,895,2053,1261
1273,137.0,feeder,0.9568802118301392,794,895,2053,1261
1274,137.0,feeder,0.9569050073623657,794,895,2053,1261
1275,137.0,feeder,0.9568791389465332,794,895,2053,1261
1276,137.0,feeder,0.9566650986671448,794,895,2053,1261
1277,137.0,feeder,0.95663982629776,794,895,2053,1260
1278,137.0,feeder,0.9566150307655334,794,894,2053,1260
1279,137.0,feeder,0.9566217064857483,794,894,2053,1260
1280,137.0,feeder,0.9567712545394897,794,894,2053,1260
1281,137.0,feeder,0.9567851424217224,794,895,2053,1260
1282,137.0,feeder,0.9568507075309753,794,895,2053,1260
1283,137.0,feeder,0.9567010402679443,794,895,2053,1260
1284,137.0,feeder,0.9567139744758606,794,895,2053,1260
1285,137.0,feeder,0.9567238092422485,794,895,2053,1260
1286,137.0,feeder,0.9567063450813293,794,895,2053,1260
1287,137.0,feeder,0.9566276669502258,794,894,2053,1260
1288,137.0,feeder,0.9566511511802673,794,894,2053,1260
1289,137.0,feeder,0.9567495584487915,794,894,2053,1261
1290,137.0,feeder,0.9566265940666199,794,894,2053,1261
1291,137.0,feeder,0.9564765095710754,794,894,2053,1260
1292,137.0,feeder,0.9565528631210327,795,894,2053,1260
1293,137.0,feeder,0.9565975069999695,795,894,2053,1260
1294,137.0,feeder,0.9565907120704651,795,894,2053,1260
1295,137.0,feeder,0.9566074013710022,795,894,2053,1260
1296,137.0,feeder,0.9565491676330566,795,894,2053,1260
1297,137.0,feeder,0.9565122723579407,795,894,2053,1260
1298,137.0,feeder,0.9565101265907288,795,894,2053,1260
1299,137.0,feeder,0.9564753174781799,795,894,2053,1260
1300,137.0,feeder,0.9563790559768677,795,894,2053,1260
1301,137.0,feeder,0.956394374370575,795,894,2053,1260
1302,137.0,feeder,0.9564252495765686,795,894,2053,1260
1303,137.0,feeder,0.956519365310669,795,894,2053,1260
1304,137.0,feeder,0.9565989971160889,795,894,2053,1260
1305,137.0,feeder,0.9566044807434082,795,894,2053,1260
1306,137.0,feeder,0.956653356552124,794,894,2053,1261
1307,137.0,feeder,0.9567383527755737,794,895,2053,1260
1308,137.0,feeder,0.956645667552948,794,894,2053,1260
1309,137.0,feeder,0.9568477869033813,794,895,2053,1260
1310,137.0,feeder,0.9569739699363708,794,895,2053,1260
1311,137.0,feeder,0.9569730758666992,794,895,2052,1261
1312,137.0,feeder,0.9568584561347961,794,895,2052,1261
1313,137.0,feeder,0.9567807912826538,794,895,2052,1260
1314,137.0,feeder,0.9568546414375305,794,895,2052,1260
1315,137.0,feeder,0.9568665623664856,794,895,2053,1260
1316,137.0,feeder,0.9567766189575195,794,895,2052,1260
1317,137.0,feeder,0.9568429589271545,794,895,2052,1260
1318,137.0,feeder,0.9568470120429993,794,895,2053,1260
1319,137.0,feeder,0.9567658305168152,794,895,2053,1260
1320,137.0,feeder,0.9568963646888733,794,895,2053,1260
1321,137.0,feeder,0.956979513168335,794,895,2053,1260
1322,137.0,feeder,0.9569116234779358,794,895,2053,1260
1323,137.0,feeder,0.9569390416145325,794,895,2053,1260
1324,137.0,feeder,0.9570367336273193,794,895,2053,1260
1325,137.0,feeder,0.9570619463920593,794,895,2053,1260
1326,137.0,feeder,0.9569995999336243,794,895,2052,1260
1327,137.0,feeder,0.9569517970085144,794,895,2052,1260
1328,137.0,feeder,0.956916868686676,794,895,2052,1260
1329,137.0,feeder,0.9569786787033081,794,895,2052,1260
1330,137.0,feeder,0.9568789005279541,794,895,2052,1260
1331,137.0,feeder,0.9568723440170288,794,895,2052,1260
1332,137.0,feeder,0.9568732976913452,794,895,2053,1260
1333,137.0,feeder,0.9568697214126587,794,895,2053,1260
1334,137.0,feeder,0.9568316340446472,794,895,2053,1260
1335,137.0,feeder,0.9569617509841919,794,895,2053,1260
1336,137.0,feeder,0.9569141268730164,793,895,2053,1260
1337,137.0,feeder,0.9569151401519775,793,895,2053,1260
1338,137.0,feeder,0.9568976759910583,793,895,2053,1260
1339,137.0,feeder,0.9568822979927063,793,895,2053,1260
1340,137.0,feeder,0.9569058418273926,794,895,2053,1260
1341,137.0,feeder,0.9569286704063416,794,895,2053,1260
1342,137.0,feeder,0.9568936228752136,794,895,2053,1260
1343,137.0,feeder,0.9568595886230469,794,895,2053,1260
1344,137.0,feeder,0.9568094611167908,794,895,2053,1260
1345,137.0,feeder,0.9568451642990112,794,895,2053,1260
1346,137.0,feeder,0.9567354917526245,794,895,2053,1260
1347,137.0,feeder,0.9568201899528503,794,895,2053,1260
1348,137.0,feeder,0.9567729234695435,794,895,2053,1260
1349,137.0,feeder,0.9566913843154907,794,895,2053,1260
1350,137.0,feeder,0.9566964507102966,794,895,2053,1260
1351,137.0,feeder,0.956654965877533,793,894,2053,1260
1352,137.0,feeder,0.9565912485122681,794,894,2053,1260
1353,137.0,feeder,0.9567197561264038,794,894,2053,1260
1354,137.0,feeder,0.9567468166351318,794,894,2053,1260
1355,137.0,feeder,0.9566711187362671,794,894,2053,1260
1356,137.0,feeder,0.9567062258720398,794,894,2053,1260
1357,137.0,feeder,0.956799328327179,794,895,2053,1260
1358,137.0,feeder,0.9568379521369934,794,895,2053,1260
1359,137.0,feeder,0.9568328261375427,794,895,2053,1260
1360,137.0,feeder,0.9568035006523132,794,895,2053,1260
1361,137.0,feeder,0.9566298723220825,794,894,2053,1260
1362,137.0,feeder,0.9566193222999573,794,894,2053,1260
1363,137.0,feeder,0.9566735029220581,794,894,2053,1260
1364,137.0,feeder,0.9567487239837646,794,895,2053,1260
1365,137.0,feeder,0.9567475914955139,794,895,2053,1260
1366,137.0,feeder,0.9565984606742859,794,894,2053,1260
1367,137.0,feeder,0.9566453695297241,794,894,2053,1260
1368,137.0,feeder,0.9567222595214844,794,894,2053,1260
1369,137.0,feeder,0.9566968679428101,794,894,2053,1260
1370,137.0,feeder,0.9567025303840637,794,894,2053,1260
1371,137.0,feeder,0.9566856026649475,794,894,2053,1260
1372,137.0,feeder,0.9566725492477417,794,894,2053,1260
1373,137.0,feeder,0.9567744731903076,794,894,2053,1260
1374,137.0,feeder,0.9566087126731873,794,894,2053,1260
1375,137.0,feeder,0.9566690325737,794,894,2053,1260
1376,137.0,feeder,0.9566465616226196,794,894,2053,1260
1377,137.0,feeder,0.9567036032676697,794,894,2053,1260
1378,137.0,feeder,0.9567592740058899,794,895,2053,1260
1379,137.0,feeder,0.9568391442298889,794,895,2053,1260
1380,137.0,feeder,0.9568637013435364,794,895,2053,1260
1381,137.0,feeder,0.956863284111023,794,895,2053,1260
1382,137.0,feeder,0.9568212628364563,794,894,2053,1260
1383,137.0,feeder,0.9567827582359314,794,894,2053,1260
1384,137.0,feeder,0.9567911624908447,794,894,2053,1260
1385,137.0,feeder,0.9567487239837646,794,894,2053,1260
1386,137.0,feeder,0.9566614031791687,794,894,2052,1260
1387,137.0,feeder,0.9567055106163025,794,894,2052,1260
1388,137.0,feeder,0.9567859172821045,794,895,2052,1260
1389,137.0,feeder,0.9567937850952148,794,894,2052,1260
1390,137.0,feeder,0.9567890763282776,794,895,2052,1260
1391,137.0,feeder,0.9567587375640869,794,895,2052,1260
1392,137.0,feeder,0.9567438960075378,794,895,2052,1260
1393,137.0,feeder,0.9567316770553589,794,895,2053,1260
1394,137.0,feeder,0.9567461013793945,793,895,2053,1260
1395,137.0,feeder,0.9566609859466553,793,894,2053,1260
1396,137.0,feeder,0.9567335247993469,794,895,2053,1261
1397,137.0,feeder,0.9568637013435364,794,895,2053,1261
1398,137.0,feeder,0.9568770527839661,794,895,2053,1261
1399,137.0,feeder,0.9568840265274048,794,895,2053,1261
1400,137.0,feeder,0.9567997455596924,794,895,2053,1260
1401,137.0,feeder,0.9568140506744385,794,895,2053,1260
1402,137.0,feeder,0.9567320942878723,794,895,2053,1260
1403,137.0,feeder,0.956890881061554,794,895,2053,1260
1404,137.0,feeder,0.9568886160850525,794,895,2053,1260
1405,137.0,feeder,0.9569783210754395,794,895,2053,1260
1406,137.0,feeder,0.9568462371826172,794,895,2053,1260
1407,137.0,feeder,0.9568403363227844,794,895,2053,1260
1408,137.0,feeder,0.9567364454269409,794,895,2053,1260
1409,137.0,feeder,0.9567928910255432,794,895,2053,1260
1410,137.0,feeder,0.9568474888801575,794,895,2053,1260
1411,137.0,feeder,0.9568650126457214,794,895,2053,1260
1412,137.0,feeder,0.9568883776664734,794,895,2053,1260
1413,137.0,feeder,0.9568464756011963,794,895,2053,1260
1414,137.0,feeder,0.9567822217941284,794,895,2053,1260
1415,137.0,feeder,0.9567622542381287,794,895,2053,1260
1416,137.0,feeder,0.9568108916282654,794,895,2053,1260
1417,137.0,feeder,0.956774890422821,794,895,2053,1260
1418,137.0,feeder,0.9567277431488037,795,895,2053,1260
1419,137.0,feeder,0.9567805528640747,795,895,2053,1260
1420,137.0,feeder,0.9567431211471558,795,895,2053,1260
1421,137.0,feeder,0.9568907022476196,794,895,2053,1260
1422,137.0,feeder,0.9567943215370178,794,895,2053,1260
1423,137.0,feeder,0.9567431211471558,794,895,2053,1260
1424,137.0,feeder,0.9566898941993713,794,895,2053,1260
1425,137.0,feeder,0.9566958546638489,794,895,2053,1260
1426,137.0,feeder,0.9566532373428345,794,894,2053,1260
1427,137.0,feeder,0.9566604495048523,794,894,2053,1260
1428,137.0,feeder,0.9567978978157043,794,895,2053,1260
1429,137.0,feeder,0.9567848443984985,794,895,2052,1260
1430,137.0,feeder,0.956912100315094,794,895,2053,1260
1431,137.0,feeder,0.9568844437599182,794,895,2053,1260
1432,137.0,feeder,0.9568501710891724,794,895,2053,1260
1433,137.0,feeder,0.9568409323692322,794,895,2053,1260
1434,137.0,feeder,0.9567387700080872,794,895,2053,1260
1435,137.0,feeder,0.9568065404891968,794,895,2053,1260
1436,137.0,feeder,0.9568408131599426,794,895,2053,1260
1437,137.0,feeder,0.9568493366241455,794,895,2053,1260
1438,137.0,feeder,0.9569078087806702,794,895,2053,1260
1439,137.0,feeder,0.9568464756011963,794,895,2053,1260
1440,137.0,feeder,0.9569348692893982,794,895,2053,1260
1441,137.0,feeder,0.9569486379623413,794,895,2053,1260
1442,137.0,feeder,0.9569227695465088,794,895,2053,1260
1443,137.0,feeder,0.9568558931350708,794,895,2053,1260
1444,137.0,feeder,0.9568119049072266,794,895,2053,1261
1445,137.0,feeder,0.9567885398864746,794,895,2053,1261
1446,137.0,feeder,0.9567352533340454,794,895,2053,1261
1447,137.0,feeder,0.9567633271217346,794,895,2053,1260
1448,137.0,feeder,0.9567601680755615,794,895,2053,1261
1449,137.0,feeder,0.9566545486450195,794,895,2053,1261
1450,137.0,feeder,0.95661461353302,794,895,2053,1261
1451,137.0,feeder,0.9565276503562927,794,895,2053,1261
1452,137.0,feeder,0.9566501975059509,795,895,2053,1260
1453,137.0,feeder,0.9567315578460693,795,895,2053,1260
1454,137.0,feeder,0.9567803144454956,795,895,2053,1260
1455,137.0,feeder,0.9566928148269653,794,895,2053,1260
1456,137.0,feeder,0.9570649266242981,794,895,2053,1260
1457,137.0,feeder,0.9570788741111755,794,895,2052,1260
1458,137.0,feeder,0.9570857882499695,794,895,2052,1260
1459,137.0,feeder,0.9570919871330261,795,895,2052,1261
1460,137.0,feeder,0.9570721387863159,795,895,2052,1261
1461,137.0,feeder,0.9569869637489319,795,895,2052,1260
1462,137.0,feeder,0.9569701552391052,795,895,2053,1261
1463,137.0,feeder,0.9569419026374817,794,895,2053,1260
1464,137.0,feeder,0.9569990634918213,794,895,2053,1260
1465,137.0,feeder,0.9569039940834045,794,895,2053,1261
1466,137.0,feeder,0.9568283557891846,794,895,2053,1260
1467,137.0,feeder,0.9569385051727295,794,895,2053,1260
1468,137.0,feeder,0.9567239284515381,794,895,2053,1260
1469,137.0,feeder,0.9566701054573059,794,895,2053,1260
1470,137.0,feeder,0.9567890763282776,794,895,2053,1260
1471,137.0,feeder,0.9567704200744629,794,895,2053,1260
1472,137.0,feeder,0.9568179845809937,794,895,2053,1260
1473,137.0,feeder,0.9568274617195129,794,895,2053,1260
1474,137.0,feeder,0.9569109678268433,794,895,2053,1260
1475,137.0,feeder,0.9568228125572205,794,895,2053,1260
1476,137.0,feeder,0.9568254947662354,794,895,2053,1260
1477,137.0,feeder,0.9568350315093994,794,895,2053,1260
1478,137.0,feeder,0.9568765163421631,794,895,2053,1260
1479,137.0,feeder,0.9568592309951782,794,895,2053,1260
1480,137.0,feeder,0.9567658305168152,794,895,2053,1260
1481,137.0,feeder,0.9567555785179138,794,895,2053,1260
1482,137.0,feeder,0.9566636085510254,794,895,2053,1260
1483,137.0,feeder,0.9566941261291504,794,895,2053,1260
1484,137.0,feeder,0.956803560256958,794,895,2053,1260
1485,137.0,feeder,0.956814706325531,794,895,2053,1260
1486,137.0,feeder,0.9568366408348083,794,895,2052,1260
1487,137.0,feeder,0.9568325281143188,794,895,2053,1261
1488,137.0,feeder,0.9568281173706055,794,895,2053,1261
1489,137.0,feeder,0.956913411617279,794,895,2053,1260
1490,137.0,feeder,0.956839382648468,794,895,2053,1260
1491,137.0,feeder,0.9568681716918945,794,895,2053,1260
1492,137.0,feeder,0.956942617893219,794,895,2053,1260
1493,137.0,feeder,0.9568691849708557,794,895,2053,1261
1494,137.0,feeder,0.9568871855735779,794,895,2053,1261
1495,137.0,feeder,0.9569674134254456,794,895,2053,1261
1496,137.0,feeder,0.9569055438041687,794,895,2053,1261
1497,137.0,feeder,0.9569404721260071,794,895,2053,1261
1498,137.0,feeder,0.9570550918579102,794,895,2053,1260
1499,137.0,feeder,0.9569602012634277,794,895,2053,1260
1500,137.0,feeder,0.9569106698036194,794,895,2053,1261
1501,137.0,feeder,0.9568520188331604,794,895,2053,1260
1502,137.0,feeder,0.9568010568618774,794,895,2053,1260
1503,137.0,feeder,0.9567174911499023,794,894,2053,1260
1504,137.0,feeder,0.9566875100135803,794,894,2053,1260
1505,137.0,feeder,0.9567487239837646,794,894,2053,1260
1506,137.0,feeder,0.9567977786064148,794,894,2053,1260
1507,137.0,feeder,0.9568048119544983,794,894,2053,1260
1508,137.0,feeder,0.9569213390350342,794,895,2052,1260
1509,137.0,feeder,0.9569218158721924,794,895,2052,1260
1510,137.0,feeder,0.956878662109375,794,895,2052,1260
1511,137.0,feeder,0.9568589329719543,794,895,2052,1260
1512,137.0,feeder,0.9568083882331848,794,895,2053,1260
1513,137.0,feeder,0.9568796753883362,794,895,2053,1260
1514,137.0,feeder,0.9568014144897461,794,895,2053,1260
1515,137.0,feeder,0.9567596316337585,794,895,2053,1260
1516,137.0,feeder,0.9568713903427124,794,895,2053,1260
1517,137.0,feeder,0.956941545009613,794,895,2053,1260
1518,137.0,feeder,0.9569911360740662,794,895,2053,1261
1519,137.0,feeder,0.9568895101547241,795,895,2053,1261
1520,137.0,feeder,0.9569915533065796,795,895,2053,1261
1521,137.0,feeder,0.9569410085678101,794,895,2053,1261
1522,137.0,feeder,0.9570082426071167,794,895,2053,1261
1523,137.0,feeder,0.9568827152252197,794,895,2053,1261
1524,137.0,feeder,0.9568780064582825,794,895,2053,1261
1525,137.0,feeder,0.956929624080658,794,895,2052,1260
1526,137.0,feeder,0.9569370746612549,794,895,2053,1261
1527,137.0,feeder,0.956887423992157,794,895,2053,1261
1528,137.0,feeder,0.9569881558418274,794,895,2053,1261
1529,137.0,feeder,0.9569811820983887,794,895,2053,1260
1530,137.0,feeder,0.956977128982544,794,895,2053,1260
1531,137.0,feeder,0.9568836092948914,794,895,2053,1260
1532,137.0,feeder,0.9570293426513672,794,895,2053,1260
1533,137.0,feeder,0.9569908976554871,794,895,2052,1260
1534,137.0,feeder,0.9569196105003357,794,895,2052,1260
1535,137.0,feeder,0.9568138718605042,794,895,2053,1260
1536,137.0,feeder,0.9568033814430237,794,895,2052,1260
1537,137.0,feeder,0.9568037986755371,794,895,2053,1260
1538,137.0,feeder,0.9568158388137817,794,895,2053,1260
1539,137.0,feeder,0.9568288922309875,794,895,2053,1260
1540,137.0,feeder,0.9568824768066406,794,895,2053,1260
1541,137.0,feeder,0.9568468332290649,794,895,2053,1260
1542,137.0,feeder,0.9568904638290405,794,895,2053,1260
1543,137.0,feeder,0.9568862318992615,794,895,2053,1260
1544,137.0,feeder,0.9568829536437988,794,895,2053,1260
1545,137.0,feeder,0.9568806290626526,794,895,2053,1260
1546,137.0,feeder,0.9567928910255432,794,895,2053,1260
1547,137.0,feeder,0.9568538069725037,794,895,2053,1260
1548,137.0,feeder,0.9568434357643127,794,895,2053,1260
1549,137.0,feeder,0.9568996429443359,794,895,2053,1261
1550,137.0,feeder,0.9570282101631165,794,895,2053,1261
1551,137.0,feeder,0.9569637179374695,794,895,2053,1261
1552,137.0,feeder,0.9570105671882629,794,895,2053,1261
1553,137.0,feeder,0.9570368528366089,794,895,2053,1260
1554,137.0,feeder,0.9570128321647644,794,895,2053,1260
1555,137.0,feeder,0.9568604230880737,794,895,2053,1260
1556,137.0,feeder,0.9569224715232849,794,895,2053,1260
1557,137.0,feeder,0.9568292498588562,794,895,2053,1260
1558,137.0,feeder,0.9568049907684326,794,895,2053,1260
1559,137.0,feeder,0.9568049907684326,794,895,2053,1260
1560,137.0,feeder,0.9568790197372437,794,895,2053,1260
1561,137.0,feeder,0.9568613171577454,794,895,2053,1260
1562,137.0,feeder,0.9568913578987122,794,895,2053,1260
1563,137.0,feeder,0.9568693041801453,794,895,2053,1260
1564,137.0,feeder,0.9568057656288147,794,895,2053,1260
1565,137.0,feeder,0.9568054676055908,794,895,2053,1260
1566,137.0,feeder,0.9567773938179016,794,895,2053,1260
1567,137.0,feeder,0.9568124413490295,794,895,2053,1260
1568,137.0,feeder,0.9567247033119202,794,894,2053,1260
1569,137.0,feeder,0.9568163752555847,794,894,2053,1260
1570,137.0,feeder,0.9567364454269409,794,894,2053,1260
1571,137.0,feeder,0.9566762447357178,794,894,2053,1260
1572,137.0,feeder,0.9566397070884705,794,894,2053,1260
1573,137.0,feeder,0.9566585421562195,794,894,2053,1260
1574,137.0,feeder,0.9567471742630005,794,894,2053,1260
1575,137.0,feeder,0.9567899703979492,794,894,2053,1260
1576,137.0,feeder,0.9566922783851624,794,895,2053,1260
1577,137.0,feeder,0.9568207263946533,794,895,2053,1260
1578,137.0,feeder,0.9568116664886475,794,895,2053,1260
1579,137.0,feeder,0.9567047357559204,794,895,2053,1260
1580,137.0,feeder,0.9566356539726257,794,895,2053,1260
1581,137.0,feeder,0.9566632509231567,794,894,2053,1260
1582,137.0,feeder,0.9567095041275024,794,894,2053,1261
1583,137.0,feeder,0.956683874130249,794,894,2053,1261
1584,137.0,feeder,0.956659197807312,794,894,2053,1260
1585,137.0,feeder,0.9566996097564697,794,894,2053,1260
1586,137.0,feeder,0.9567746520042419,794,895,2053,1260
1587,137.0,feeder,0.9567793607711792,794,895,2053,1260
1588,137.0,feeder,0.9567396640777588,794,895,2053,1260
1589,137.0,feeder,0.9568778872489929,794,895,2053,1260
1590,137.0,feeder,0.9567093849182129,794,895,2053,1260
1591,137.0,feeder,0.9567327499389648,794,895,2053,1261
1592,137.0,feeder,0.9567301273345947,793,895,2053,1261
1593,137.0,feeder,0.9565563797950745,793,894,2053,1261
1594,137.0,feeder,0.9566761255264282,793,894,2053,1261
1595,137.0,feeder,0.9567800164222717,794,895,2053,1261
1596,137.0,feeder,0.9568354487419128,794,895,2053,1261
1597,137.0,feeder,0.9568637013435364,794,895,2053,1260
1598,137.0,feeder,0.9568086862564087,794,895,2053,1260
1599,137.0,feeder,0.9567995667457581,794,895,2053,1260
1600,137.0,feeder,0.9567622542381287,794,895,2053,1261
1601,137.0,feeder,0.9567607045173645,794,895,2053,1261
1602,137.0,feeder,0.9568137526512146,794,895,2053,1261
1603,137.0,feeder,0.9567773938179016,794,895,2052,1261
1604,137.0,feeder,0.9567561149597168,794,895,2053,1261
1605,137.0,feeder,0.9567387700080872,794,895,2053,1260
1606,137.0,feeder,0.9567031860351562,794,895,2053,1260
1607,137.0,feeder,0.9567805528640747,794,895,2053,1260
1608,137.0,feeder,0.956724226474762,794,895,2053,1260
1609,137.0,feeder,0.956710159778595,794,895,2053,1260
1610,137.0,feeder,0.9566500782966614,794,895,2053,1260
1611,137.0,feeder,0.9568798542022705,794,895,2053,1260
1612,137.0,feeder,0.9567956328392029,794,895,2053,1260
1613,137.0,feeder,0.9567719101905823,794,895,2053,1260
1614,137.0,feeder,0.9567453265190125,794,895,2053,1260
1615,137.0,feeder,0.9567467570304871,794,895,2053,1260
1616,137.0,feeder,0.9567947387695312,794,895,2053,1260
1617,137.0,feeder,0.9567245841026306,794,895,2053,1260
1618,137.0,feeder,0.9566707611083984,794,895,2053,1260
1619,137.0,feeder,0.9567484855651855,794,895,2053,1260
1620,137.0,feeder,0.9568401575088501,794,895,2053,1260
1621,137.0,feeder,0.9568657875061035,794,895,2053,1260
1622,137.0,feeder,0.9569364190101624,794,895,2053,1260
1623,137.0,feeder,0.9570359587669373,794,895,2053,1260
1624,137.0,feeder,0.956992506980896,794,895,2053,1260
1625,137.0,feeder,0.9568830132484436,794,895,2053,1260
1626,137.0,feeder,0.9568660259246826,794,895,2053,1260
1627,137.0,feeder,0.9568857550621033,794,895,2053,1260
1628,137.0,feeder,0.9568145275115967,794,895,2053,1260
1629,137.0,feeder,0.9568033814430237,794,895,2053,1260
1630,137.0,feeder,0.9567923545837402,794,895,2053,1260
1631,137.0,feeder,0.9569001793861389,794,895,2053,1260
1632,137.0,feeder,0.9568431973457336,794,895,2053,1260
1633,137.0,feeder,0.9568679928779602,794,895,2053,1260
1634,137.0,feeder,0.9567671418190002,794,895,2053,1260
1635,137.0,feeder,0.9567657113075256,794,895,2053,1260
1636,137.0,feeder,0.956842303276062,794,895,2053,1260
1637,137.0,feeder,0.9566990733146667,794,895,2053,1260
1638,137.0,feeder,0.9566431641578674,794,895,2053,1260
1639,137.0,feeder,0.9567747712135315,794,895,2053,1260
1640,137.0,feeder,0.9566119909286499,794,895,2053,1260
1641,137.0,feeder,0.9566285610198975,794,895,2053,1260
1642,137.0,feeder,0.9567968249320984,794,895,2053,1260
1643,137.0,feeder,0.9568132758140564,794,895,2053,1260
1644,137.0,feeder,0.9568088054656982,794,895,2053,1260
1645,137.0,feeder,0.9567867517471313,794,895,2053,1260
1646,137.0,feeder,0.9568707346916199,794,895,2053,1260
1647,137.0,feeder,0.9568327069282532,794,895,2053,1261
1648,137.0,feeder,0.9566881656646729,794,895,2053,1261
1649,137.0,feeder,0.9566148519515991,794,895,2053,1261
1650,137.0,feeder,0.9567233920097351,794,895,2054,1261
1651,137.0,feeder,0.9569752812385559,794,895,2053,1261
1652,137.0,feeder,0.9569665789604187,794,895,2053,1261
1653,137.0,feeder,0.956925630569458,794,895,2053,1260
1654,137.0,feeder,0.9569458961486816,794,895,2053,1260
1655,137.0,feeder,0.9568337202072144,794,895,2053,1261
1656,137.0,feeder,0.9568091630935669,794,895,2053,1261
1657,137.0,feeder,0.956863522529602,794,895,2053,1261
1658,137.0,feeder,0.9568556547164917,794,895,2053,1261
1659,137.0,feeder,0.9569641351699829,794,895,2053,1261
1660,137.0,feeder,0.9569854140281677,794,895,2053,1261
1661,137.0,feeder,0.9569671154022217,794,895,2053,1261
1662,137.0,feeder,0.9569560885429382,794,895,2053,1260
1663,137.0,feeder,0.9568648338317871,794,895,2053,1260
1664,137.0,feeder,0.9569344520568848,794,895,2053,1261
1665,137.0,feeder,0.9570174217224121,794,895,2053,1260
1666,137.0,feeder,0.9570963978767395,794,895,2052,1261
1667,137.0,feeder,0.9571149349212646,794,895,2053,1261
1668,137.0,feeder,0.9569599032402039,794,895,2053,1260
1669,137.0,feeder,0.9570267200469971,794,895,2053,1260
1670,137.0,feeder,0.9569233059883118,794,895,2053,1260
1671,137.0,feeder,0.956860363483429,794,895,2053,1260
1672,137.0,feeder,0.9567890763282776,794,895,2053,1261
1673,137.0,feeder,0.9567446708679199,794,895,2053,1261
1674,137.0,feeder,0.9567299485206604,794,895,2053,1261
1675,137.0,feeder,0.9567743539810181,794,895,2053,1260
1676,137.0,feeder,0.956873893737793,794,895,2053,1260
1677,137.0,feeder,0.9568090438842773,794,895,2053,1260
1678,137.0,feeder,0.9567574262619019,794,895,2053,1260
1679,137.0,feeder,0.9567803144454956,794,895,2053,1260
1680,137.0,feeder,0.9567919969558716,794,895,2053,1260
1681,137.0,feeder,0.9567732214927673,794,895,2053,1260
1682,137.0,feeder,0.9568602442741394,794,895,2053,1260
1683,137.0,feeder,0.9567923545837402,794,895,2053,1260
1684,137.0,feeder,0.9567558765411377,794,895,2053,1260
1685,137.0,feeder,0.9566065073013306,794,894,2053,1260
1686,137.0,feeder,0.9565538167953491,794,894,2053,1260
1687,137.0,feeder,0.9565467834472656,794,894,2053,1260
1688,137.0,feeder,0.9566560387611389,794,894,2053,1260
1689,137.0,feeder,0.9565962553024292,794,894,2053,1260
1690,137.0,feeder,0.9567248821258545,794,895,2053,1260
1691,137.0,feeder,0.9566856026649475,794,894,2053,1260
1692,137.0,feeder,0.9568169116973877,794,895,2053,1260
1693,137.0,feeder,0.9567245841026306,794,895,2053,1260
1694,137.0,feeder,0.9567297101020813,794,895,2053,1260
1695,137.0,feeder,0.9567457437515259,794,894,2053,1260
1696,137.0,feeder,0.956849217414856,794,895,2053,1260
1697,137.0,feeder,0.9568992853164673,794,895,2053,1260
1698,137.0,feeder,0.9569253921508789,794,895,2053,1260
1699,137.0,feeder,0.956965982913971,794,895,2052,1260
1700,137.0,feeder,0.9569600820541382,794,895,2052,1260
1701,137.0,feeder,0.9568700790405273,794,895,2052,1261
1702,137.0,feeder,0.9569717645645142,794,895,2053,1261
1703,137.0,feeder,0.9570070505142212,794,895,2053,1261
1704,137.0,feeder,0.9569664597511292,794,895,2053,1261
1705,137.0,feeder,0.9569686055183411,794,895,2052,1260
1706,137.0,feeder,0.9569999575614929,794,895,2053,1260
1707,137.0,feeder,0.9569677710533142,794,895,2053,1260
1708,137.0,feeder,0.9569860100746155,794,895,2052,1260
1709,137.0,feeder,0.9571396112442017,794,895,2053,1261
1710,137.0,feeder,0.9569775462150574,794,895,2053,1260
1711,137.0,feeder,0.9570171236991882,794,895,2053,1260
1712,137.0,feeder,0.9570119380950928,794,895,2053,1260
1713,137.0,feeder,0.9570345878601074,794,895,2053,1260
1714,137.0,feeder,0.9570406675338745,794,895,2053,1260
1715,137.0,feeder,0.9569497108459473,794,895,2053,1260
1716,137.0,feeder,0.9569411277770996,794,895,2053,1260
1717,137.0,feeder,0.9569357633590698,794,895,2053,1260
1718,137.0,feeder,0.9569491744041443,794,895,2053,1260
1719,137.0,feeder,0.9568355679512024,794,895,2053,1260
1720,137.0,feeder,0.9568766951560974,794,895,2053,1260
1721,137.0,feeder,0.9569071531295776,794,895,2053,1260
1722,137.0,feeder,0.9568749666213989,794,895,2053,1260
1723,137.0,feeder,0.9567532539367676,794,895,2052,1260
1724,137.0,feeder,0.9567438960075378,794,895,2052,1260
1725,137.0,feeder,0.9568312168121338,794,895,2053,1260
1726,137.0,feeder,0.9569565057754517,794,895,2053,1260
1727,137.0,feeder,0.9569770097732544,794,895,2052,1261
1728,137.0,feeder,0.9568907022476196,794,895,2052,1260
1729,137.0,feeder,0.9569486379623413,794,895,2053,1260
1730,137.0,feeder,0.9569801092147827,794,895,2052,1260
1731,137.0,feeder,0.9569516777992249,794,895,2052,1260
1732,137.0,feeder,0.9570604562759399,794,895,2052,1260
1733,137.0,feeder,0.9570695161819458,794,895,2052,1260
1734,137.0,feeder,0.9570609927177429,794,895,2052,1260
1735,137.0,feeder,0.9569474458694458,794,895,2052,1260
1736,137.0,feeder,0.957023561000824,794,895,2052,1260
1737,137.0,feeder,0.9569780230522156,794,895,2052,1260
1738,137.0,feeder,0.9568511843681335,794,895,2052,1260
1739,137.0,feeder,0.9567872285842896,794,895,2053,1261
1740,137.0,feeder,0.9568223357200623,794,895,2053,1261
1741,137.0,feeder,0.9570190906524658,794,895,2053,1260
1742,137.0,feeder,0.9570145606994629,794,895,2053,1260
1743,137.0,feeder,0.9568952918052673,794,895,2053,1260
1744,137.0,feeder,0.9567910432815552,794,895,2053,1260
1745,137.0,feeder,0.9568313360214233,794,895,2053,1260
1746,137.0,feeder,0.9568709135055542,794,895,2053,1260
1747,137.0,feeder,0.9569053053855896,794,895,2053,1260
1748,137.0,feeder,0.9568701386451721,794,895,2053,1260
1749,137.0,feeder,0.9568127393722534,794,895,2053,1260
1750,137.0,feeder,0.9567817449569702,794,895,2053,1260
1751,137.0,feeder,0.956710934638977,794,895,2053,1260
1752,137.0,feeder,0.9568196535110474,794,895,2053,1261
1753,137.0,feeder,0.9567309021949768,794,895,2053,1260
1754,137.0,feeder,0.956656277179718,794,895,2053,1260
1755,137.0,feeder,0.9566699266433716,794,894,2053,1260
1756,137.0,feeder,0.9566566348075867,794,894,2053,1260
1757,137.0,feeder,0.9567055106163025,794,894,2053,1260
1758,137.0,feeder,0.9567378759384155,794,894,2053,1261
1759,137.0,feeder,0.9568391442298889,794,895,2053,1260
1760,137.0,feeder,0.956826388835907,794,895,2052,1261
1761,137.0,feeder,0.9567146301269531,794,895,2052,1261
1762,137.0,feeder,0.9566813707351685,794,895,2052,1261
1763,137.0,feeder,0.956697940826416,794,895,2052,1260
1764,137.0,feeder,0.9567720293998718,794,895,2052,1260
1765,137.0,feeder,0.9567112922668457,794,894,2053,1260
1766,137.0,feeder,0.9567399621009827,794,895,2053,1260
1767,137.0,feeder,0.9567707180976868,794,895,2053,1260
1768,137.0,feeder,0.9567542672157288,794,895,2053,1260
1769,137.0,feeder,0.9568341374397278,794,895,2053,1260
1770,137.0,feeder,0.9569978713989258,794,895,2053,1260
1771,137.0,feeder,0.9569956064224243,794,895,2053,1260
1772,137.0,feeder,0.9569976925849915,794,895,2053,1260
1773,137.0,feeder,0.956875741481781,794,895,2053,1260
1774,137.0,feeder,0.9568148255348206,794,895,2052,1261
1775,137.0,feeder,0.9568687677383423,794,895,2053,1260
1776,137.0,feeder,0.9568674564361572,794,895,2053,1261
1777,137.0,feeder,0.9568907022476196,794,895,2053,1260
1778,137.0,feeder,0.9569406509399414,794,895,2053,1260
1779,137.0,feeder,0.9569147825241089,794,895,2052,1260
1780,137.0,feeder,0.9569084644317627,794,895,2053,1260
1781,137.0,feeder,0.9568148255348206,794,895,2053,1260
1782,137.0,feeder,0.9568175673484802,794,895,2053,1260
1783,137.0,feeder,0.9566959738731384,794,895,2053,1260
1784,137.0,feeder,0.9566829204559326,794,895,2053,1260
1785,137.0,feeder,0.9566636085510254,794,894,2053,1260
1786,137.0,feeder,0.9569573998451233,794,895,2053,1260
1787,137.0,feeder,0.9569499492645264,794,895,2053,1260
1788,137.0,feeder,0.9568009376525879,794,895,2054,1261
1789,137.0,feeder,0.9568346738815308,794,895,2053,1261
1790,137.0,feeder,0.9568345546722412,794,895,2053,1261
1791,137.0,feeder,0.9568422436714172,794,895,2053,1261
1792,137.0,feeder,0.9568244218826294,794,895,2053,1261
1793,137.0,feeder,0.9569615125656128,794,895,2053,1261
1794,137.0,feeder,0.9569109678268433,794,895,2053,1261
1795,137.0,feeder,0.956978440284729,794,895,2053,1261
1796,137.0,feeder,0.9569193720817566,794,895,2053,1260
1797,137.0,feeder,0.9567751884460449,794,895,2053,1260
1798,137.0,feeder,0.9567558169364929,794,895,2053,1260
1799,137.0,feeder,0.9568597078323364,794,895,2053,1260
1800,137.0,feeder,0.9568332433700562,794,895,2053,1260
1801,137.0,feeder,0.9570125937461853,794,895,2053,1260
1802,137.0,feeder,0.9570709466934204,794,895,2053,1260
1803,137.0,feeder,0.9569970369338989,794,895,2053,1260
1804,137.0,feeder,0.956969141960144,794,895,2053,1260
1805,137.0,feeder,0.9569417834281921,794,895,2053,1260
1806,137.0,feeder,0.9569050073623657,794,895,2053,1260
1807,137.0,feeder,0.956866443157196,794,895,2053,1260
1808,137.0,feeder,0.9570323824882507,794,895,2053,1260
1809,137.0,feeder,0.9569333791732788,794,895,2053,1260
1810,137.0,feeder,0.9568679928779602,794,895,2053,1260
1811,137.0,feeder,0.9566873908042908,795,894,2053,1260
1812,137.0,feeder,0.9568815231323242,795,895,2053,1260
1813,137.0,feeder,0.9569284319877625,794,895,2053,1260
1814,137.0,feeder,0.9569687247276306,794,895,2053,1260
1815,137.0,feeder,0.9569045305252075,794,895,2053,1260
1816,137.0,feeder,0.9570683240890503,794,895,2052,1260
1817,137.0,feeder,0.957005500793457,794,895,2052,1260
1818,137.0,feeder,0.956942081451416,794,895,2052,1260
1819,137.0,feeder,0.9570335745811462,794,895,2052,1260
1820,137.0,feeder,0.957027792930603,794,895,2052,1260
1821,137.0,feeder,0.9570035338401794,794,895,2052,1260
1822,137.0,feeder,0.9570217728614807,794,895,2052,1260
1823,137.0,feeder,0.9568684101104736,794,895,2052,1260
1824,137.0,feeder,0.9569165706634521,794,895,2053,1260
1825,137.0,feeder,0.9569652676582336,794,895,2053,1260
1826,137.0,feeder,0.9570574164390564,794,895,2053,1260
1827,137.0,feeder,0.9568963646888733,794,895,2053,1260
1828,137.0,feeder,0.956912100315094,794,895,2053,1260
1829,137.0,feeder,0.9569436311721802,794,895,2053,1260
1830,137.0,feeder,0.9570453763008118,794,895,2053,1260
1831,137.0,feeder,0.9570022225379944,794,895,2053,1260
1832,137.0,feeder,0.9569616317749023,794,895,2053,1260
1833,137.0,feeder,0.9570069313049316,794,895,2053,1260
1834,137.0,feeder,0.9568986296653748,794,895,2053,1260
1835,137.0,feeder,0.9568917751312256,794,895,2053,1260
1836,137.0,feeder,0.956867516040802,794,895,2053,1260
1837,137.0,feeder,0.9569413065910339,794,895,2053,1260
1838,137.0,feeder,0.9569301009178162,794,895,2053,1260
1839,137.0,feeder,0.9569804072380066,794,895,2053,1260
1840,137.0,feeder,0.9568734169006348,794,895,2053,1261
1841,137.0,feeder,0.9568958282470703,794,895,2053,1261
1842,137.0,feeder,0.9569693803787231,794,895,2053,1260
1843,137.0,feeder,0.9569176435470581,794,895,2053,1261
1844,137.0,feeder,0.956929087638855,794,895,2053,1261
1845,137.0,feeder,0.9568761587142944,794,895,2053,1261
1846,137.0,feeder,0.956706166267395,794,895,2053,1261
1847,137.0,feeder,0.9567453265190125,794,894,2053,1261
1848,137.0,feeder,0.9568487405776978,794,894,2053,1261
1849,137.0,feeder,0.9568413496017456,794,894,2053,1261
1850,137.0,feeder,0.9567952752113342,794,894,2053,1261
1851,137.0,feeder,0.9568211436271667,794,894,2053,1260
1852,137.0,feeder,0.95671147108078,794,894,2053,1260
1853,137.0,feeder,0.9567481279373169,794,894,2053,1260
1854,137.0,feeder,0.9568015336990356,794,895,2053,1260
1855,137.0,feeder,0.9567949771881104,794,895,2053,1260
1856,137.0,feeder,0.9568814039230347,794,895,2053,1260
1857,137.0,feeder,0.9568007588386536,794,895,2053,1260
1858,137.0,feeder,0.9568142890930176,794,895,2053,1260
1859,137.0,feeder,0.9567919373512268,794,895,2053,1261
1860,137.0,feeder,0.9567719101905823,794,895,2053,1261
1861,137.0,feeder,0.9567219614982605,794,895,2053,1261
1862,137.0,feeder,0.9567773938179016,794,895,2053,1261
1863,137.0,feeder,0.956800103187561,794,895,2053,1260
1864,137.0,feeder,0.9567729234695435,794,895,2053,1260
1865,137.0,feeder,0.9567363858222961,794,894,2053,1261
1866,137.0,feeder,0.9567758440971375,794,894,2053,1261
1867,137.0,feeder,0.9567003846168518,794,894,2053,1261
1868,137.0,feeder,0.9568220376968384,794,895,2053,1261
1869,137.0,feeder,0.9567912817001343,794,895,2053,1261
1870,137.0,feeder,0.9568590521812439,794,895,2053,1261
1871,137.0,feeder,0.956784188747406,794,895,2053,1261
1872,137.0,feeder,0.956853985786438,794,895,2053,1260
1873,137.0,feeder,0.9568039178848267,794,895,2053,1260
1874,137.0,feeder,0.9568088054656982,794,895,2053,1261
1875,137.0,feeder,0.9568436145782471,794,895,2053,1261
1876,137.0,feeder,0.9567233920097351,794,895,2053,1260
1877,137.0,feeder,0.9567857980728149,794,895,2053,1261
1878,137.0,feeder,0.9568061232566833,794,895,2053,1261
1879,137.0,feeder,0.9566746354103088,794,895,2053,1261
1880,137.0,feeder,0.956667959690094,794,894,2053,1261
1881,137.0,feeder,0.9567033052444458,794,894,2053,1261
1882,137.0,feeder,0.9567633271217346,794,894,2053,1260
1883,137.0,feeder,0.9566044807434082,794,894,2053,1260
1884,137.0,feeder,0.9566425085067749,793,894,2053,1260
1885,137.0,feeder,0.956601619720459,794,894,2053,1260
1886,137.0,feeder,0.9566740393638611,794,894,2053,1261
1887,137.0,feeder,0.9566857218742371,794,894,2053,1261
1888,137.0,feeder,0.9567291736602783,794,895,2053,1260
1889,137.0,feeder,0.9567042589187622,794,895,2053,1260
1890,137.0,feeder,0.9565010666847229,794,894,2053,1260
1891,137.0,feeder,0.9567453265190125,794,894,2053,1260
1892,137.0,feeder,0.9566876888275146,794,894,2053,1260
1893,137.0,feeder,0.9568088054656982,794,894,2053,1260
1894,137.0,feeder,0.9568361043930054,794,895,2053,1260
1895,137.0,feeder,0.9568040370941162,794,895,2053,1260
1896,137.0,feeder,0.9568588137626648,794,895,2053,1260
1897,137.0,feeder,0.9568437337875366,794,895,2053,1260
1898,137.0,feeder,0.9568312168121338,794,895,2053,1260
1899,137.0,feeder,0.9569199085235596,794,895,2053,1260
1900,137.0,feeder,0.9569817185401917,794,895,2053,1260
1901,137.0,feeder,0.9567146301269531,794,895,2053,1260
1902,137.0,feeder,0.9566652178764343,794,895,2053,1260
1903,137.0,feeder,0.9566531181335449,794,894,2053,1260
1904,137.0,feeder,0.9568358063697815,794,895,2053,1260
1905,137.0,feeder,0.9567443132400513,794,895,2053,1260
1906,137.0,feeder,0.9567505717277527,794,895,2053,1260
1907,137.0,feeder,0.9567248821258545,794,895,2053,1260
1908,137.0,feeder,0.9567593932151794,794,895,2053,1260
1909,137.0,feeder,0.956790030002594,794,895,2053,1260
1910,137.0,feeder,0.9567461013793945,794,895,2053,1260
1911,137.0,feeder,0.9566333889961243,794,895,2053,1260
1912,137.0,feeder,0.9566112160682678,794,895,2053,1260
1913,137.0,feeder,0.956758975982666,794,895,2053,1260
1914,137.0,feeder,0.9567482471466064,794,895,2053,1261
1915,137.0,feeder,0.956667959690094,794,894,2053,1260
1916,137.0,feeder,0.9565598368644714,794,894,2053,1260
1917,137.0,feeder,0.9564710855484009,794,894,2053,1260
1918,137.0,feeder,0.9564800262451172,794,894,2053,1260
1919,137.0,feeder,0.9565125107765198,794,894,2053,1260
1920,137.0,feeder,0.9566289782524109,794,895,2053,1260
1921,137.0,feeder,0.9568843245506287,794,895,2053,1261
1922,137.0,feeder,0.9569470882415771,794,895,2053,1260
1923,137.0,feeder,0.9568778872489929,794,895,2053,1260
1924,137.0,feeder,0.9569214582443237,794,895,2053,1260
1925,137.0,feeder,0.9568156003952026,794,895,2053,1261
1926,137.0,feeder,0.9568349123001099,794,895,2053,1261
1927,137.0,feeder,0.9568490982055664,794,895,2053,1261
1928,137.0,feeder,0.9568917751312256,794,895,2053,1260
1929,137.0,feeder,0.9569200277328491,794,895,2053,1260
1930,137.0,feeder,0.9568164348602295,794,895,2053,1260
1931,137.0,feeder,0.9568437337875366,794,895,2053,1260
1932,137.0,feeder,0.9568795561790466,794,895,2053,1260
1933,137.0,feeder,0.9567810893058777,794,895,2053,1260
1934,137.0,feeder,0.9568187594413757,794,895,2053,1260
1935,137.0,feeder,0.9567958116531372,794,895,2053,1260
1936,137.0,feeder,0.9568203091621399,794,895,2053,1260
1937,137.0,feeder,0.9568936228752136,794,895,2053,1260
1938,137.0,feeder,0.956842303276062,794,895,2053,1260
1939,137.0,feeder,0.9569470286369324,794,895,2053,1260
1940,137.0,feeder,0.9569510221481323,794,895,2053,1260
1941,137.0,feeder,0.9569129347801208,794,895,2053,1260
1942,137.0,feeder,0.9568920731544495,794,895,2053,1260
1943,137.0,feeder,0.9569371938705444,794,895,2053,1260
1944,137.0,feeder,0.9568982124328613,794,895,2053,1260
1945,137.0,feeder,0.9568266272544861,794,895,2053,1260
1946,137.0,feeder,0.9568843245506287,794,895,2053,1260
1947,137.0,feeder,0.9567795991897583,794,895,2053,1260
1948,137.0,feeder,0.9567918181419373,794,895,2053,1261
1949,137.0,feeder,0.9567434787750244,794,895,2053,1261
1950,137.0,feeder,0.9567669034004211,794,895,2053,1260
1951,137.0,feeder,0.9567674398422241,794,895,2053,1260
1952,137.0,feeder,0.9568975567817688,794,895,2053,1260
1953,137.0,feeder,0.9568060040473938,794,895,2053,1260
1954,137.0,feeder,0.9568665623664856,794,895,2053,1260
1955,137.0,feeder,0.9569797515869141,794,895,2053,1260
1956,137.0,feeder,0.9569629430770874,794,895,2053,1260
1957,137.0,feeder,0.9569490551948547,794,895,2053,1260
1958,137.0,feeder,0.9569554328918457,794,895,2053,1260
1959,137.0,feeder,0.9569185376167297,794,895,2053,1260
1960,137.0,feeder,0.9569330215454102,794,895,2053,1261
1961,137.0,feeder,0.956903338432312,794,895,2053,1261
1962,137.0,feeder,0.9568547606468201,794,895,2053,1260
1963,137.0,feeder,0.9568315148353577,794,895,2053,1260
1964,137.0,feeder,0.9569720029830933,794,895,2052,1260
1965,137.0,feeder,0.9569088816642761,794,895,2053,1260
1966,137.0,feeder,0.9567936658859253,794,895,2053,1260
1967,137.0,feeder,0.9568144083023071,794,895,2053,1260
1968,137.0,feeder,0.9567733407020569,794,895,2053,1260
1969,137.0,feeder,0.9567946195602417,794,895,2053,1260
1970,137.0,feeder,0.956737220287323,794,895,2053,1260
1971,137.0,feeder,0.9568119049072266,794,895,2053,1260
1972,137.0,feeder,0.9568266272544861,794,895,2053,1260
1973,137.0,feeder,0.9568660259246826,794,895,2053,1260
1974,137.0,feeder,0.9567814469337463,794,895,2053,1260
1975,137.0,feeder,0.9567909240722656,794,895,2053,1260
1976,137.0,feeder,0.95681232213974,794,895,2053,1260
1977,137.0,feeder,0.9566956758499146,794,895,2053,1260
1978,137.0,feeder,0.9566577076911926,794,895,2053,1260
1979,137.0,feeder,0.9566963315010071,794,895,2053,1260
1980,137.0,feeder,0.9567373394966125,794,895,2053,1260
1981,137.0,feeder,0.9569590091705322,794,895,2053,1261
1982,137.0,feeder,0.956912636756897,794,895,2053,1261
1983,137.0,feeder,0.957059919834137,794,895,2053,1261
1984,137.0,feeder,0.9570035338401794,794,895,2053,1260
1985,137.0,feeder,0.9570218920707703,794,895,2053,1260
1986,137.0,feeder,0.9569748640060425,794,895,2053,1260
1987,137.0,feeder,0.9569870829582214,794,895,2053,1260
1988,137.0,feeder,0.9570084810256958,794,895,2053,1260
1989,137.0,feeder,0.9569390416145325,794,895,2053,1260
1990,137.0,feeder,0.9570183157920837,794,895,2053,1261
1991,137.0,feeder,0.957063615322113,794,895,2053,1261
1992,137.0,feeder,0.9568815231323242,794,895,2053,1260
1993,137.0,feeder,0.9569063782691956,794,895,2053,1260
1994,137.0,feeder,0.9567313194274902,794,895,2053,1260
1995,137.0,feeder,0.956770658493042,794,895,2053,1260
1996,137.0,feeder,0.9568194150924683,794,895,2053,1260
1997,137.0,feeder,0.9567495584487915,794,895,2054,1260
1998,137.0,feeder,0.9567658305168152,794,895,2054,1260
1999,137.0,feeder,0.9567810893058777,794,895,2053,1260
2000,137.0,feeder,0.9567089676856995,794,894,2053,1260
2001,137.0,feeder,0.9566410183906555,794,895,2053,1260
2002,137.0,feeder,0.9566512703895569,794,894,2053,1260
2003,137.0,feeder,0.9566545486450195,794,894,2053,1260
2004,137.0,feeder,0.9567052721977234,794,895,2053,1260
2005,137.0,feeder,0.9567352533340454,794,895,2053,1260
2006,137.0,feeder,0.9567185640335083,794,895,2053,1260
2007,137.0,feeder,0.9567915797233582,794,895,2053,1260
2008,137.0,feeder,0.9568250775337219,794,895,2053,1260
2009,137.0,feeder,0.9568174481391907,794,895,2053,1260
2010,137.0,feeder,0.9566895365715027,794,895,2053,1260
2011,137.0,feeder,0.9567306637763977,794,894,2053,1260
2012,137.0,feeder,0.9565994143486023,794,894,2053,1260
2013,137.0,feeder,0.9566013813018799,794,894,2053,1260
2014,137.0,feeder,0.9567184448242188,794,894,2053,1260
2015,137.0,feeder,0.9568650126457214,794,894,2053,1260
2016,137.0,feeder,0.9568246603012085,794,895,2053,1260
2017,137.0,feeder,0.9568942785263062,794,895,2053,1260
2018,137.0,feeder,0.9569025635719299,794,895,2053,1260
2019,137.0,feeder,0.9568217992782593,794,895,2052,1260
2020,137.0,feeder,0.9567969441413879,794,895,2053,1260
2021,137.0,feeder,0.9568999409675598,793,895,2052,1260
2022,137.0,feeder,0.9571396112442017,794,895,2053,1260
2023,137.0,feeder,0.957138180732727,795,896,2053,1261
2024,137.0,feeder,0.9547489881515503,798,898,2052,1263
2025,137.0,feeder,0.9521161317825317,799,902,2052,1266
2026,137.0,feeder,0.9473375678062439,801,906,2052,1269
2026,309.0,gt,0.8218369483947754,372,951,565,1283
2027,137.0,feeder,0.9452125430107117,802,907,2052,1270
2027,309.0,gt,0.835371196269989,412,882,730,1273
2028,137.0,feeder,0.9205336570739746,808,908,2052,1272
2028,309.0,gt,0.9021719098091125,523,885,802,1246
2029,137.0,feeder,0.13347962498664856,815,909,2052,1273
2029,309.0,bt,0.47337669134140015,669,901,877,1275
2030,309.0,bt,0.5350635647773743,665,886,979,1203
2031,309.0,gt,0.5908195376396179,681,871,1030,1158
2031,311.0,bt,0.40948644280433655,654,868,1009,1156
2032,309.0,bt,0.4916883409023285,683,863,1049,1135
2032,311.0,gt,0.6363564133644104,665,870,1010,1137
2033,311.0,gt,0.6752079129219055,667,871,1010,1118
2034,311.0,gt,0.6458019018173218,676,871,1012,1108
2035,311.0,gt,0.8065705299377441,679,872,1015,1141
2036,311.0,gt,0.8465310335159302,675,864,1024,1079
2036,137.0,feeder,0.7842875719070435,805,915,2051,1275
2037,311.0,gt,0.8389658331871033,674,857,1047,1047
2037,137.0,feeder,0.7436199188232422,805,915,2051,1275
2038,311.0,gt,0.8595306277275085,675,855,1057,1041
2038,137.0,feeder,0.8897956609725952,806,916,2050,1274
2039,311.0,gt,0.8558523058891296,673,853,1060,1036
2039,137.0,feeder,0.8653419017791748,805,916,2050,1274
2040,311.0,gt,0.858481228351593,676,852,1060,1037
2040,137.0,feeder,0.8946346640586853,805,916,2051,1274
2041,311.0,gt,0.8621846437454224,678,851,1058,1036
2041,137.0,feeder,0.9109957218170166,805,917,2051,1274
2042,311.0,gt,0.8629144430160522,678,850,1058,1037
2042,137.0,feeder,0.915717601776123,805,917,2051,1274
2043,311.0,gt,0.8575600981712341,676,850,1062,1039
2043,137.0,feeder,0.8666627407073975,806,917,2051,1274
2044,311.0,gt,0.8604570031166077,676,851,1068,1034
2044,137.0,feeder,0.8702189922332764,806,918,2050,1274
2045,311.0,gt,0.8677712678909302,678,851,1069,1027
2045,137.0,feeder,0.9146105051040649,805,918,2051,1274
2046,311.0,gt,0.8666276335716248,678,851,1070,1033
2046,137.0,feeder,0.9179245829582214,805,918,2051,1274
2047,311.0,gt,0.8695599436759949,683,851,1070,1029
2047,137.0,feeder,0.918864369392395,805,918,2051,1274
2048,311.0,gt,0.8697353601455688,681,853,1071,1027
2048,137.0,feeder,0.9165775775909424,804,918,2051,1274
2049,311.0,gt,0.8509200215339661,715,851,1087,1043
2049,137.0,feeder,0.9282510876655579,803,918,2051,1274
2050,311.0,gt,0.852586567401886,741,843,1098,1038
2050,137.0,feeder,0.9303245544433594,800,916,2051,1274
2051,311.0,gt,0.8332494497299194,764,843,1119,1042
2051,137.0,feeder,0.9095500111579895,798,914,2051,1274
2052,311.0,gt,0.8702839612960815,872,843,1133,1041
2052,137.0,feeder,0.8437709808349609,799,910,2051,1274
2053,311.0,gt,0.867482602596283,915,842,1138,1041
2053,137.0,feeder,0.868574857711792,799,909,2051,1275
2054,311.0,gt,0.8604646325111389,926,842,1141,1039
2054,137.0,feeder,0.8870021104812622,799,908,2051,1274
2055,311.0,gt,0.8556926846504211,927,841,1144,1041
2055,137.0,feeder,0.8834246397018433,799,908,2051,1274
2056,311.0,gt,0.8592761754989624,926,843,1145,1042
2056,137.0,feeder,0.9062849283218384,799,908,2051,1274
2057,311.0,gt,0.8468688130378723,922,860,1154,1040
2057,137.0,feeder,0.9131288528442383,800,909,2050,1273
2058,311.0,gt,0.8481037616729736,921,867,1157,1040
2058,137.0,feeder,0.9142664670944214,801,910,2050,1273
2059,311.0,gt,0.8497472405433655,922,869,1159,1040
2059,137.0,feeder,0.9118654727935791,800,909,2051,1273
2060,311.0,gt,0.8471544981002808,923,870,1159,1040
2060,137.0,feeder,0.9128404259681702,799,909,2051,1273
2061,311.0,gt,0.8452610969543457,922,871,1159,1041
2061,137.0,feeder,0.9164817929267883,800,910,2051,1273
2062,311.0,gt,0.8457576036453247,922,870,1158,1041
2062,137.0,feeder,0.9171842932701111,801,910,2050,1273
2063,311.0,gt,0.8468023538589478,922,870,1158,1041
2063,137.0,feeder,0.9146188497543335,800,909,2050,1273
2064,311.0,gt,0.8483221530914307,920,870,1158,1040
2064,137.0,feeder,0.9169580936431885,801,910,2050,1273
2065,311.0,gt,0.8495728373527527,920,870,1158,1040
2065,137.0,feeder,0.9221280217170715,801,910,2050,1273
2066,311.0,gt,0.8472862243652344,920,872,1175,1039
2066,137.0,feeder,0.9090920686721802,800,909,2051,1274
2067,311.0,gt,0.8813764452934265,922,867,1201,1038
2067,137.0,feeder,0.9308542609214783,801,908,2050,1273
2068,311.0,gt,0.8924156427383423,923,862,1217,1038
2068,137.0,feeder,0.9317420721054077,802,908,2050,1273
2069,311.0,gt,0.8922290205955505,918,859,1222,1038
2069,137.0,feeder,0.9325103759765625,802,908,2050,1273
2070,311.0,gt,0.8842771649360657,935,858,1224,1037
2070,137.0,feeder,0.9315999150276184,802,908,2050,1273
2071,311.0,gt,0.8912275433540344,950,858,1224,1038
2071,137.0,feeder,0.932815670967102,802,909,2051,1273
2072,311.0,gt,0.9194284677505493,920,858,1225,1041
2072,137.0,feeder,0.9358131885528564,802,908,2052,1273
2073,311.0,gt,0.9156339764595032,938,853,1240,1042
2073,137.0,feeder,0.9386218190193176,803,908,2052,1273
2074,311.0,gt,0.9107189178466797,921,847,1272,1042
2074,137.0,feeder,0.942226767539978,802,908,2052,1273
2075,311.0,gt,0.9080608487129211,920,839,1300,1041
2075,137.0,feeder,0.9412916898727417,801,908,2052,1273
2076,311.0,gt,0.8992053270339966,924,836,1312,1045
2076,137.0,feeder,0.9407713413238525,801,908,2052,1273
2077,311.0,gt,0.8989619016647339,933,834,1317,1049
2077,137.0,feeder,0.9407047033309937,801,908,2052,1273
2078,311.0,gt,0.894657552242279,939,834,1318,1051
2078,137.0,feeder,0.9408116936683655,801,907,2052,1273
2079,311.0,gt,0.8936240673065186,942,834,1319,1051
2079,137.0,feeder,0.9410679340362549,802,907,2052,1273
2080,311.0,gt,0.8925246596336365,944,834,1315,1051
2080,137.0,feeder,0.9409698843955994,802,907,2052,1273
2081,311.0,gt,0.8995944261550903,943,837,1319,1050
2081,137.0,feeder,0.9417396187782288,802,907,2052,1273
2082,311.0,gt,0.8987630605697632,945,843,1323,1050
2082,137.0,feeder,0.9422014355659485,802,907,2052,1273
2083,311.0,gt,0.900041401386261,946,845,1324,1049
2083,137.0,feeder,0.9425238370895386,802,907,2052,1273
2084,311.0,gt,0.8969694375991821,947,846,1324,1050
2084,137.0,feeder,0.9425039887428284,802,907,2052,1273
2085,311.0,gt,0.8970245122909546,949,846,1321,1050
2085,137.0,feeder,0.9428579211235046,802,907,2052,1273
2086,311.0,gt,0.897061824798584,950,845,1319,1050
2086,137.0,feeder,0.9432878494262695,802,908,2052,1273
2087,311.0,gt,0.8977479338645935,951,846,1319,1050
2087,137.0,feeder,0.9435555338859558,802,908,2052,1273
2088,311.0,gt,0.8983950018882751,952,845,1318,1050
2088,137.0,feeder,0.943943202495575,802,908,2052,1273
2089,311.0,gt,0.9000694751739502,956,845,1318,1051
2089,137.0,feeder,0.9445724487304688,802,909,2052,1273
2090,311.0,gt,0.9102360606193542,955,848,1313,1053
2090,137.0,feeder,0.9422720670700073,802,908,2052,1273
2091,311.0,gt,0.8971599340438843,1012,854,1297,1047
2091,137.0,feeder,0.9440982937812805,802,910,2052,1273
2092,311.0,gt,0.9031441807746887,1097,862,1289,1057
2092,137.0,feeder,0.9453266263008118,802,911,2052,1273
2093,311.0,gt,0.8974470496177673,1134,864,1289,1068
2093,137.0,feeder,0.945376455783844,801,911,2052,1273
2094,311.0,gt,0.8931254744529724,1142,865,1289,1072
2094,137.0,feeder,0.9451237916946411,801,911,2052,1274
2095,311.0,gt,0.8925392627716064,1145,865,1290,1073
2095,137.0,feeder,0.9446738362312317,802,911,2052,1274
2096,311.0,gt,0.8889045119285583,1145,865,1290,1073
2096,137.0,feeder,0.9448946118354797,802,911,2053,1274
2097,311.0,gt,0.8893541693687439,1145,865,1290,1074
2097,137.0,feeder,0.9448868632316589,802,911,2052,1274
2098,311.0,gt,0.8896660804748535,1145,865,1290,1074
2098,137.0,feeder,0.9448044896125793,802,911,2052,1274
2099,311.0,gt,0.8871789574623108,1144,865,1290,1074
2099,137.0,feeder,0.9447898864746094,802,910,2052,1274
2100,311.0,gt,0.8698031902313232,1147,868,1290,1075
2100,137.0,feeder,0.9433102607727051,802,910,2052,1274
2101,311.0,gt,0.9018619060516357,1136,866,1290,1074
2101,137.0,feeder,0.9395040273666382,801,911,2051,1273
2102,311.0,gt,0.9069646596908569,1129,864,1287,1074
2102,137.0,feeder,0.9410724639892578,801,912,2052,1274
2103,311.0,gt,0.9083454012870789,1127,864,1286,1075
2103,137.0,feeder,0.9417831897735596,801,912,2052,1274
2104,311.0,gt,0.9071616530418396,1125,863,1286,1075
2104,137.0,feeder,0.9418835639953613,801,912,2052,1274
2105,311.0,gt,0.9090783596038818,1125,863,1285,1075
2105,137.0,feeder,0.941914975643158,801,912,2052,1274
2106,311.0,gt,0.908149003982544,1124,863,1285,1074
2106,137.0,feeder,0.941984236240387,801,912,2052,1274
2107,311.0,gt,0.9088305830955505,1124,863,1284,1075
2107,137.0,feeder,0.9415491819381714,801,912,2052,1274
2108,311.0,gt,0.9049423336982727,1123,863,1283,1074
2108,137.0,feeder,0.9394202828407288,801,912,2051,1273
2109,311.0,gt,0.9076023101806641,1123,863,1283,1074
2109,137.0,feeder,0.9399223923683167,802,912,2051,1273
2110,311.0,gt,0.9001128673553467,1127,862,1283,1074
2110,137.0,feeder,0.9383128881454468,802,912,2051,1273
2111,311.0,gt,0.889912486076355,1133,854,1281,1074
2111,137.0,feeder,0.9448754191398621,802,912,2052,1274
2112,311.0,gt,0.9036426544189453,1136,847,1282,1073
2112,137.0,feeder,0.9458098411560059,801,911,2052,1274
2113,311.0,gt,0.907480001449585,1138,843,1283,1073
2113,137.0,feeder,0.9454942941665649,801,910,2052,1274
2114,311.0,gt,0.9083422422409058,1138,842,1283,1073
2114,137.0,feeder,0.9454277157783508,801,910,2052,1274
2115,311.0,gt,0.9057328701019287,1138,842,1283,1073
2115,137.0,feeder,0.9453993439674377,801,910,2052,1274
2116,311.0,gt,0.9035994410514832,1138,841,1284,1073
2116,137.0,feeder,0.9452305436134338,801,909,2052,1274
2117,311.0,gt,0.9014862179756165,1139,841,1284,1074
2117,137.0,feeder,0.9442523717880249,801,909,2052,1274
2118,311.0,gt,0.8976399898529053,1125,839,1288,1061
2118,137.0,feeder,0.9431032538414001,801,909,2052,1274
2119,311.0,gt,0.9225000739097595,1131,844,1287,1065
2119,137.0,feeder,0.9449693560600281,801,909,2052,1273
2120,311.0,gt,0.9019423723220825,1134,850,1293,1066
2120,137.0,feeder,0.9447629451751709,801,909,2052,1273
2121,311.0,gt,0.9096073508262634,1136,852,1294,1069
2121,137.0,feeder,0.9454511404037476,801,909,2052,1273
2122,311.0,gt,0.9105790853500366,1136,853,1294,1070
2122,137.0,feeder,0.945101797580719,801,910,2052,1273
2123,311.0,gt,0.909562349319458,1136,853,1294,1070
2123,137.0,feeder,0.9451612830162048,801,910,2052,1273
2124,311.0,gt,0.9087198972702026,1137,852,1294,1070
2124,137.0,feeder,0.9452806115150452,801,910,2053,1273
2125,311.0,gt,0.9077926874160767,1137,853,1294,1069
2125,137.0,feeder,0.9454951882362366,801,910,2053,1273
2126,311.0,gt,0.9065217971801758,1137,853,1294,1069
2126,137.0,feeder,0.9456550478935242,801,910,2052,1273
2127,311.0,gt,0.9133763313293457,1138,854,1295,1069
2127,137.0,feeder,0.945112943649292,802,911,2052,1273
2128,311.0,gt,0.9085850715637207,1138,855,1295,1069
2128,137.0,feeder,0.9452840089797974,802,910,2052,1273
2129,311.0,gt,0.9086253046989441,1138,856,1294,1069
2129,137.0,feeder,0.9450052976608276,802,910,2052,1273
2130,311.0,gt,0.9090348482131958,1138,855,1293,1070
2130,137.0,feeder,0.9449305534362793,802,910,2052,1273
2131,311.0,gt,0.9089957475662231,1138,855,1290,1070
2131,137.0,feeder,0.9459410309791565,802,911,2052,1273
2132,311.0,gt,0.9093190431594849,1137,854,1290,1071
2132,137.0,feeder,0.9454295039176941,801,911,2052,1273
2133,311.0,gt,0.9082431197166443,1137,855,1289,1070
2133,137.0,feeder,0.9458037614822388,801,911,2052,1273
2134,311.0,gt,0.9144148826599121,1137,856,1290,1071
2134,137.0,feeder,0.9454572200775146,801,911,2052,1274
2135,311.0,gt,0.9131712317466736,1138,853,1292,1071
2135,137.0,feeder,0.9462459087371826,802,911,2053,1273
2136,311.0,gt,0.9165058135986328,1138,852,1292,1071
2136,137.0,feeder,0.9462093114852905,802,911,2053,1273
2137,311.0,gt,0.9174131751060486,1138,852,1292,1070
2137,137.0,feeder,0.9463935494422913,802,911,2052,1273
2138,311.0,gt,0.915620744228363,1138,852,1292,1070
2138,137.0,feeder,0.9459801912307739,802,911,2053,1273
2139,311.0,gt,0.9145976305007935,1138,852,1292,1071
2139,137.0,feeder,0.9461044669151306,801,911,2053,1273
2140,311.0,gt,0.913673460483551,1138,852,1292,1071
2140,137.0,feeder,0.946301281452179,801,910,2053,1274
2141,311.0,gt,0.9153599739074707,1138,852,1292,1072
2141,137.0,feeder,0.946222186088562,802,910,2053,1274
2142,311.0,gt,0.9026159048080444,1140,858,1295,1071
2142,137.0,feeder,0.9416108727455139,802,911,2051,1274
2143,311.0,gt,0.891712486743927,1133,865,1298,1070
2143,137.0,feeder,0.9399258494377136,802,911,2051,1274
2144,311.0,gt,0.8928595185279846,1130,867,1296,1070
2144,137.0,feeder,0.9380468726158142,802,910,2051,1273
2145,311.0,gt,0.8936600089073181,1129,867,1294,1070
2145,137.0,feeder,0.9367967247962952,802,910,2051,1273
2146,311.0,gt,0.8872862458229065,1129,868,1292,1069
2146,137.0,feeder,0.9309520721435547,802,911,2051,1273
2147,311.0,gt,0.8883175253868103,1128,868,1294,1069
2147,137.0,feeder,0.9389912486076355,802,911,2051,1273
2148,311.0,gt,0.8865324854850769,1131,865,1295,1059
2148,137.0,feeder,0.944318950176239,802,911,2052,1273
2149,311.0,gt,0.8708460330963135,1138,842,1301,1055
2149,137.0,feeder,0.9454059600830078,802,911,2052,1273
2150,311.0,gt,0.9002894163131714,1141,830,1302,1070
2150,137.0,feeder,0.9455302357673645,801,910,2052,1273
2151,311.0,gt,0.9025899767875671,1141,826,1302,1074
2151,137.0,feeder,0.9453726410865784,801,910,2052,1273
2152,311.0,gt,0.9083320498466492,1140,824,1303,1078
2152,137.0,feeder,0.946131706237793,801,910,2052,1274
2153,311.0,gt,0.9090961813926697,1140,824,1303,1079
2153,137.0,feeder,0.9461400508880615,801,910,2052,1273
2154,311.0,gt,0.9036370515823364,1139,826,1303,1080
2154,137.0,feeder,0.9461680054664612,801,910,2053,1273
2155,311.0,gt,0.8797571659088135,1142,841,1307,1081
2155,137.0,feeder,0.9428549408912659,801,910,2052,1274
2156,311.0,gt,0.8778842687606812,1141,853,1307,1080
2156,137.0,feeder,0.9430813789367676,801,911,2052,1274
2157,311.0,gt,0.8781018257141113,1140,858,1306,1081
2157,137.0,feeder,0.9441971182823181,801,911,2052,1274
2158,311.0,gt,0.875211775302887,1138,860,1306,1080
2158,137.0,feeder,0.9452130794525146,801,910,2052,1274
2159,311.0,gt,0.8784573674201965,1138,861,1305,1080
2159,137.0,feeder,0.9456415176391602,801,910,2052,1274
2160,311.0,gt,0.8758020401000977,1137,861,1305,1080
2160,137.0,feeder,0.9450770616531372,801,910,2052,1274
2161,311.0,gt,0.8770009875297546,1136,861,1305,1079
2161,137.0,feeder,0.9455183744430542,801,911,2052,1274
2162,311.0,gt,0.8637466430664062,1137,863,1304,1081
2162,137.0,feeder,0.9459989666938782,801,911,2052,1274
2163,311.0,gt,0.8653323650360107,1134,870,1307,1082
2163,137.0,feeder,0.9464783072471619,801,911,2052,1274
2164,311.0,gt,0.8613322973251343,1130,877,1305,1079
2164,137.0,feeder,0.9467049837112427,801,911,2052,1274
2165,311.0,gt,0.871751070022583,1128,880,1304,1077
2165,137.0,feeder,0.9466317892074585,801,911,2052,1274
2166,311.0,gt,0.8758898377418518,1126,882,1304,1077
2166,137.0,feeder,0.9453117847442627,801,910,2052,1274
2167,311.0,gt,0.8642145991325378,1127,883,1303,1079
2167,137.0,feeder,0.9463212490081787,801,911,2052,1274
2168,311.0,gt,0.8831906914710999,1124,880,1300,1079
2168,137.0,feeder,0.9466009140014648,801,910,2052,1274
2169,311.0,gt,0.9136174321174622,1123,853,1323,1076
2169,137.0,feeder,0.9434241652488708,802,911,2052,1274
2170,311.0,gt,0.9317927956581116,1121,831,1337,1077
2170,137.0,feeder,0.9438093900680542,801,911,2052,1274
2171,311.0,gt,0.928633987903595,1121,822,1342,1077
2171,137.0,feeder,0.9435961842536926,802,911,2052,1273
2172,311.0,gt,0.9274437427520752,1121,818,1345,1077
2172,137.0,feeder,0.9441435933113098,801,911,2052,1273
2173,311.0,gt,0.9293096661567688,1123,817,1347,1077
2173,137.0,feeder,0.9440984129905701,801,911,2052,1273
2174,311.0,gt,0.9280697107315063,1124,816,1347,1077
2174,137.0,feeder,0.9445644617080688,801,911,2052,1273
2175,311.0,gt,0.9256027340888977,1124,816,1345,1077
2175,137.0,feeder,0.9439749717712402,801,910,2052,1273
2176,311.0,gt,0.9199109077453613,1124,821,1349,1075
2176,137.0,feeder,0.9435120224952698,801,910,2052,1273
2177,311.0,gt,0.9135230183601379,1125,826,1346,1074
2177,137.0,feeder,0.9431421160697937,801,910,2051,1273
2178,311.0,gt,0.9152706265449524,1126,828,1346,1074
2178,137.0,feeder,0.9433369636535645,800,910,2051,1273
2179,311.0,gt,0.9182486534118652,1126,828,1347,1073
2179,137.0,feeder,0.9440075755119324,801,910,2052,1273
2180,311.0,gt,0.9095052480697632,1126,828,1343,1073
2180,137.0,feeder,0.9438472986221313,801,910,2052,1273
2181,311.0,gt,0.9175543785095215,1126,825,1341,1073
2181,137.0,feeder,0.943977415561676,801,910,2052,1273
2182,311.0,gt,0.9173940420150757,1127,824,1340,1073
2182,137.0,feeder,0.9434424042701721,801,910,2052,1273
2183,311.0,gt,0.9174242615699768,1128,824,1340,1073
2183,137.0,feeder,0.9431046843528748,800,910,2052,1273
2184,311.0,gt,0.9157533049583435,1128,823,1341,1073
2184,137.0,feeder,0.9429816007614136,800,910,2051,1273
2185,311.0,gt,0.9007524251937866,1129,824,1331,1073
2185,137.0,feeder,0.9422970414161682,800,910,2051,1273
2186,311.0,gt,0.9063462615013123,1129,824,1333,1073
2186,137.0,feeder,0.9439641237258911,800,910,2051,1273
2187,311.0,gt,0.9035382270812988,1130,824,1334,1072
2187,137.0,feeder,0.9444252848625183,800,910,2051,1273
2188,311.0,gt,0.9068880081176758,1130,824,1334,1073
2188,137.0,feeder,0.9445710778236389,800,910,2051,1273
2189,311.0,gt,0.9076471924781799,1130,824,1335,1073
2189,137.0,feeder,0.9444491863250732,800,910,2051,1273
2190,311.0,gt,0.9073557257652283,1130,824,1335,1074
2190,137.0,feeder,0.9442234635353088,800,911,2051,1273
2191,311.0,gt,0.9080276489257812,1130,825,1335,1073
2191,137.0,feeder,0.9440717697143555,801,910,2052,1273
2192,311.0,gt,0.8973520994186401,1130,830,1329,1074
2192,137.0,feeder,0.9448381066322327,801,910,2052,1273
2193,311.0,gt,0.9045113325119019,1133,838,1318,1076
2193,137.0,feeder,0.9453886151313782,801,911,2052,1273
2194,311.0,gt,0.90245521068573,1134,842,1312,1076
2194,137.0,feeder,0.9448901414871216,801,911,2052,1274
2195,311.0,gt,0.9046526551246643,1134,843,1310,1075
2195,137.0,feeder,0.9453052878379822,801,911,2053,1274
2196,311.0,gt,0.9040132164955139,1134,843,1310,1075
2196,137.0,feeder,0.944987952709198,801,911,2053,1274
2197,311.0,gt,0.9028307795524597,1134,842,1310,1075
2197,137.0,feeder,0.9448209404945374,801,911,2053,1274
2198,311.0,gt,0.902729332447052,1134,842,1309,1075
2198,137.0,feeder,0.9449288845062256,801,910,2053,1274
2199,311.0,gt,0.9026034474372864,1135,842,1309,1076
2199,137.0,feeder,0.9450938105583191,801,911,2053,1274
2200,311.0,gt,0.9012947678565979,1135,842,1309,1076
2200,137.0,feeder,0.9454037547111511,801,911,2053,1274
2201,311.0,gt,0.9003860950469971,1135,842,1309,1076
2201,137.0,feeder,0.9452725052833557,801,911,2053,1274
2202,311.0,gt,0.903087854385376,1136,847,1313,1077
2202,137.0,feeder,0.9451749324798584,801,911,2053,1274
2203,311.0,gt,0.8747308850288391,1139,861,1319,1074
2203,137.0,feeder,0.9458966851234436,801,910,2052,1273
2204,311.0,gt,0.8641678094863892,1134,877,1331,1074
2204,137.0,feeder,0.9475810527801514,801,909,2052,1274
2205,311.0,gt,0.8544695377349854,1132,885,1337,1075
2205,137.0,feeder,0.9475899338722229,801,908,2053,1274
2206,311.0,gt,0.8535972237586975,1131,887,1340,1079
2206,137.0,feeder,0.9480056166648865,801,908,2053,1273
2207,311.0,gt,0.8549505472183228,1129,886,1341,1080
2207,137.0,feeder,0.9478003978729248,801,908,2052,1273
2208,311.0,gt,0.8541046977043152,1125,884,1341,1082
2208,137.0,feeder,0.9475951790809631,801,909,2052,1273
2209,311.0,gt,0.8604050874710083,1122,882,1341,1083
2209,137.0,feeder,0.9473647475242615,801,909,2052,1273
2210,311.0,gt,0.8607765436172485,1120,881,1341,1084
2210,137.0,feeder,0.9473464488983154,801,909,2053,1273
2211,311.0,gt,0.8619967103004456,1120,880,1341,1084
2211,137.0,feeder,0.9476429224014282,801,909,2053,1273
2212,311.0,gt,0.8613387942314148,1120,880,1341,1084
2212,137.0,feeder,0.9476351141929626,802,909,2053,1273
2213,311.0,gt,0.8744522929191589,1117,879,1349,1082
2213,137.0,feeder,0.9479137063026428,802,909,2053,1273
2214,311.0,gt,0.9016855359077454,1108,867,1389,1075
2214,137.0,feeder,0.9470561742782593,801,908,2053,1273
2215,311.0,gt,0.9205763339996338,1074,848,1407,1069
2215,137.0,feeder,0.9459237456321716,801,907,2053,1273
2216,311.0,gt,0.9174573421478271,1060,840,1415,1062
2216,137.0,feeder,0.9461857080459595,801,907,2053,1273
2217,311.0,gt,0.9153718948364258,1057,837,1418,1061
2217,137.0,feeder,0.9464471340179443,801,907,2053,1273
2218,311.0,gt,0.9110021591186523,1054,835,1420,1061
2218,137.0,feeder,0.9463338255882263,801,907,2053,1273
2219,311.0,gt,0.9083249568939209,1055,834,1420,1060
2219,137.0,feeder,0.9462690353393555,801,907,2053,1273
2220,311.0,gt,0.9080241918563843,1054,834,1420,1060
2220,137.0,feeder,0.946623682975769,801,907,2053,1273
2221,311.0,gt,0.9113616943359375,1054,833,1417,1059
2221,137.0,feeder,0.9452762007713318,801,907,2053,1273
2222,311.0,gt,0.9103690385818481,1054,830,1417,1057
2222,137.0,feeder,0.9440886378288269,802,908,2053,1273
2223,311.0,gt,0.9097771048545837,1054,828,1417,1058
2223,137.0,feeder,0.9445713758468628,801,907,2052,1273
2224,311.0,gt,0.9072362184524536,1052,828,1417,1060
2224,137.0,feeder,0.9443445801734924,802,907,2052,1273
2225,311.0,gt,0.9067849516868591,1051,828,1417,1061
2225,137.0,feeder,0.9443426728248596,802,908,2052,1273
2226,311.0,gt,0.9056878089904785,1052,827,1414,1063
2226,137.0,feeder,0.9442864060401917,802,908,2052,1273
2227,311.0,gt,0.9030349850654602,1052,830,1419,1063
2227,137.0,feeder,0.9448776841163635,802,907,2052,1273
2228,311.0,gt,0.9105814695358276,1046,827,1408,1066
2228,137.0,feeder,0.9448074698448181,802,907,2052,1273
2229,311.0,gt,0.9158682823181152,1044,824,1403,1065
2229,137.0,feeder,0.944934070110321,802,907,2052,1273
2230,311.0,gt,0.9117570519447327,1045,824,1400,1066
2230,137.0,feeder,0.9448797106742859,801,907,2053,1273
2231,311.0,gt,0.9121825098991394,1045,823,1398,1067
2231,137.0,feeder,0.9451403021812439,802,907,2053,1273
2232,311.0,gt,0.9158157706260681,1055,834,1405,1066
2232,137.0,feeder,0.9464415907859802,802,907,2053,1273
2233,311.0,gt,0.8943886756896973,1036,846,1434,1065
2233,137.0,feeder,0.945085346698761,802,906,2053,1273
2234,311.0,gt,0.8850630521774292,1016,837,1457,1070
2234,137.0,feeder,0.9456363916397095,802,905,2053,1273
2235,311.0,gt,0.8821738362312317,996,835,1472,1063
2235,137.0,feeder,0.9452990293502808,801,905,2053,1273
2236,311.0,gt,0.8699379563331604,999,833,1479,1070
2236,137.0,feeder,0.9458544254302979,801,906,2053,1273
2237,311.0,gt,0.8649884462356567,993,832,1482,1073
2237,137.0,feeder,0.945202112197876,801,907,2053,1273
2238,311.0,gt,0.8624963164329529,994,831,1484,1073
2238,137.0,feeder,0.9454202651977539,801,907,2052,1273
2239,311.0,gt,0.8674314022064209,1000,832,1482,1071
2239,137.0,feeder,0.9463896751403809,801,907,2052,1273
2240,311.0,gt,0.8901102542877197,1000,841,1466,1057
2240,137.0,feeder,0.9461976289749146,801,907,2053,1273
2241,311.0,gt,0.91318678855896,1048,839,1448,1066
2241,137.0,feeder,0.9464699029922485,801,907,2053,1273
2242,311.0,gt,0.907699465751648,1088,837,1437,1072
2242,137.0,feeder,0.9480929374694824,801,906,2053,1273
2243,311.0,gt,0.9081283807754517,1100,836,1432,1077
2243,137.0,feeder,0.9482178092002869,801,906,2053,1273
2244,311.0,gt,0.9097976088523865,1107,835,1431,1078
2244,137.0,feeder,0.9482909440994263,801,906,2053,1273
2245,311.0,gt,0.9095731973648071,1111,835,1431,1078
2245,137.0,feeder,0.9480727314949036,802,905,2052,1272
2246,311.0,gt,0.908298909664154,1114,835,1430,1077
2246,137.0,feeder,0.9482611417770386,802,905,2051,1272
2247,311.0,gt,0.9050635695457458,1116,836,1432,1076
2247,137.0,feeder,0.9479765892028809,802,905,2052,1273
2248,311.0,gt,0.8993101716041565,1114,837,1448,1073
2248,137.0,feeder,0.9482553005218506,801,906,2053,1273
2249,311.0,gt,0.9008593559265137,1113,836,1457,1073
2249,137.0,feeder,0.9483938217163086,801,905,2053,1273
2250,311.0,gt,0.9033206701278687,1111,836,1463,1073
2250,137.0,feeder,0.948183000087738,801,905,2053,1273
2251,311.0,gt,0.9018614292144775,1109,836,1465,1074
2251,137.0,feeder,0.9479949474334717,801,905,2053,1273
2252,311.0,gt,0.9020821452140808,1108,835,1468,1074
2252,137.0,feeder,0.9484250545501709,801,905,2053,1273
2253,311.0,gt,0.9024533629417419,1107,836,1469,1074
2253,137.0,feeder,0.9484161138534546,801,905,2053,1273
2254,311.0,gt,0.9017958641052246,1105,836,1468,1074
2254,137.0,feeder,0.948586106300354,801,906,2053,1273
2255,311.0,gt,0.9023619294166565,1104,836,1468,1074
2255,137.0,feeder,0.9484807848930359,801,906,2053,1273
2256,311.0,gt,0.8985689878463745,1104,836,1467,1075
2256,137.0,feeder,0.948526918888092,801,906,2053,1273
2257,311.0,gt,0.8992790579795837,1104,837,1467,1074
2257,137.0,feeder,0.9486095309257507,801,906,2053,1273
2258,311.0,gt,0.906528651714325,1104,844,1458,1076
2258,137.0,feeder,0.9487583041191101,801,906,2053,1273
2259,311.0,gt,0.9044703841209412,1108,840,1432,1078
2259,137.0,feeder,0.9478787183761597,802,906,2053,1272
2260,311.0,gt,0.8969531655311584,1116,834,1420,1079
2260,137.0,feeder,0.9482065439224243,802,907,2053,1273
2261,311.0,gt,0.8996448516845703,1121,831,1415,1079
2261,137.0,feeder,0.9483886957168579,802,907,2053,1273
2262,311.0,gt,0.9004241228103638,1120,829,1413,1080
2262,137.0,feeder,0.9482207894325256,802,907,2053,1273
2263,311.0,gt,0.905425488948822,1118,829,1412,1080
2263,137.0,feeder,0.948183000087738,802,907,2053,1273
2264,311.0,gt,0.9084662795066833,1116,829,1412,1079
2264,137.0,feeder,0.9478856325149536,802,907,2053,1273
2265,311.0,gt,0.9071545600891113,1121,830,1409,1079
2265,137.0,feeder,0.9471742510795593,802,907,2052,1272
2266,311.0,gt,0.9157640933990479,1185,822,1408,1080
2266,137.0,feeder,0.9472011923789978,802,906,2051,1273
2267,311.0,gt,0.8839537501335144,1184,810,1432,1059
2267,137.0,feeder,0.9448838829994202,801,906,2051,1272
2268,311.0,gt,0.9344350099563599,1159,826,1516,1071
2268,137.0,feeder,0.9479464888572693,801,906,2052,1273
2269,311.0,gt,0.9002622961997986,1146,838,1574,1077
2269,137.0,feeder,0.949492335319519,800,905,2052,1273
2270,311.0,gt,0.9074738025665283,1139,841,1601,1081
2270,137.0,feeder,0.9489626884460449,800,905,2053,1273
2271,311.0,gt,0.9103106260299683,1136,842,1605,1083
2271,137.0,feeder,0.9490760564804077,800,905,2053,1273
2272,311.0,gt,0.9106147885322571,1134,843,1606,1083
2272,137.0,feeder,0.948998749256134,800,905,2052,1273
2273,311.0,gt,0.9084920883178711,1133,843,1604,1084
2273,137.0,feeder,0.9490578770637512,800,905,2053,1273
2274,311.0,gt,0.9022535681724548,1134,848,1607,1084
2274,137.0,feeder,0.9493556618690491,800,906,2053,1273
2275,311.0,gt,0.8690713047981262,1130,862,1614,1084
2275,137.0,feeder,0.9486927390098572,800,905,2053,1273
2276,311.0,gt,0.8742334246635437,1131,868,1601,1084
2276,137.0,feeder,0.9486914873123169,800,904,2053,1273
2277,311.0,gt,0.8745085597038269,1131,870,1596,1083
2277,137.0,feeder,0.9485985636711121,800,905,2053,1273
2278,311.0,gt,0.8707424998283386,1130,870,1593,1082
2278,137.0,feeder,0.9483354091644287,800,905,2053,1273
2279,311.0,gt,0.8718715906143188,1130,870,1592,1082
2279,137.0,feeder,0.948214590549469,800,904,2053,1273
2280,311.0,gt,0.8701578378677368,1129,870,1590,1082
2280,137.0,feeder,0.9479793906211853,800,904,2053,1273
2281,311.0,gt,0.8619489669799805,1120,871,1603,1082
2281,137.0,feeder,0.9485683441162109,801,905,2053,1273
2282,311.0,gt,0.8715636730194092,1111,871,1609,1081
2282,137.0,feeder,0.9484589099884033,800,905,2053,1273
2283,311.0,gt,0.8697023391723633,1107,871,1611,1081
2283,137.0,feeder,0.9482774138450623,800,905,2053,1273
2284,311.0,gt,0.8722505569458008,1106,870,1611,1082
2284,137.0,feeder,0.9483007788658142,801,905,2053,1273
2285,311.0,gt,0.8738057613372803,1105,870,1610,1082
2285,137.0,feeder,0.9482402205467224,801,906,2053,1273
2286,311.0,gt,0.873643159866333,1105,869,1610,1082
2286,137.0,feeder,0.9486467242240906,800,906,2053,1273
2287,311.0,gt,0.8775091171264648,1105,869,1601,1082
2287,137.0,feeder,0.9483370184898376,800,906,2053,1273
2288,311.0,gt,0.8790243268013,1106,869,1595,1082
2288,137.0,feeder,0.9484184980392456,800,906,2053,1273
2289,311.0,gt,0.8781988620758057,1105,869,1594,1082
2289,137.0,feeder,0.9483526945114136,800,906,2053,1273
2290,311.0,gt,0.8665603995323181,1086,864,1593,1082
2290,137.0,feeder,0.9464602470397949,800,906,2053,1273
2291,311.0,gt,0.8611516356468201,1079,859,1606,1081
2291,137.0,feeder,0.9466516971588135,800,906,2053,1273
2292,311.0,gt,0.8621508479118347,1076,857,1609,1082
2292,137.0,feeder,0.9466975927352905,801,905,2053,1273
2293,311.0,gt,0.8630245327949524,1075,856,1611,1081
2293,137.0,feeder,0.9463620185852051,801,905,2053,1273
2294,311.0,gt,0.8612251877784729,1074,856,1611,1081
2294,137.0,feeder,0.9466634392738342,801,905,2053,1273
2295,311.0,gt,0.8636269569396973,1074,856,1611,1081
2295,137.0,feeder,0.9459180235862732,801,905,2053,1273
2296,311.0,gt,0.8657100796699524,1074,856,1604,1081
2296,137.0,feeder,0.9453092217445374,801,904,2053,1273
2297,311.0,gt,0.8653130531311035,1075,858,1604,1081
2297,137.0,feeder,0.9456634521484375,801,904,2053,1273
2298,311.0,gt,0.8655065298080444,1076,862,1604,1082
2298,137.0,feeder,0.9458775520324707,801,904,2053,1273
2299,311.0,gt,0.8646191954612732,1076,865,1604,1082
2299,137.0,feeder,0.9461850523948669,801,903,2053,1273
2300,311.0,gt,0.8667196035385132,1076,865,1603,1082
2300,137.0,feeder,0.9459674954414368,801,903,2053,1273
2301,311.0,gt,0.8658287525177002,1077,866,1602,1082
2301,137.0,feeder,0.9463635087013245,800,903,2053,1273
2302,311.0,gt,0.8649134039878845,1076,866,1604,1082
2302,137.0,feeder,0.9460920095443726,800,903,2053,1273
2303,311.0,gt,0.8652201890945435,1076,865,1606,1082
2303,137.0,feeder,0.9463143348693848,800,903,2053,1273
2304,311.0,gt,0.8650749921798706,1076,865,1606,1082
2304,137.0,feeder,0.9463112354278564,800,903,2053,1273
2305,311.0,gt,0.8610504269599915,1076,864,1603,1083
2305,137.0,feeder,0.9458960294723511,800,903,2053,1273
2306,311.0,gt,0.8658605813980103,1074,863,1550,1075
2306,137.0,feeder,0.9455435276031494,800,904,2053,1273
2307,311.0,gt,0.853465735912323,1055,871,1571,1076
2307,137.0,feeder,0.9470297694206238,801,904,2053,1273
2308,311.0,gt,0.8808028697967529,1050,859,1568,1077
2308,137.0,feeder,0.9475204348564148,801,905,2053,1273
2309,311.0,gt,0.8835870027542114,1048,853,1563,1077
2309,137.0,feeder,0.9472158551216125,801,905,2053,1273
2310,311.0,gt,0.8858605623245239,1047,850,1560,1077
2310,137.0,feeder,0.9475311636924744,801,905,2052,1273
2311,311.0,gt,0.8910524249076843,1047,848,1553,1077
2311,137.0,feeder,0.9480096101760864,801,907,2053,1273
2312,311.0,gt,0.8882132172584534,1046,848,1550,1077
2312,137.0,feeder,0.9480656385421753,801,907,2053,1273
2313,311.0,gt,0.8574222922325134,1045,866,1555,1078
2313,137.0,feeder,0.9449566602706909,801,907,2053,1273
2314,311.0,gt,0.8441130518913269,1047,878,1560,1079
2314,137.0,feeder,0.9459818005561829,802,905,2053,1274
2315,311.0,gt,0.8456123471260071,1047,884,1556,1079
2315,137.0,feeder,0.9460932016372681,802,905,2052,1274
2316,311.0,gt,0.8438719511032104,1046,887,1552,1079
2316,137.0,feeder,0.9458634853363037,801,904,2052,1274
2317,311.0,gt,0.8160255551338196,1043,894,1561,1080
2317,137.0,feeder,0.9451014399528503,801,903,2053,1274
2318,311.0,gt,0.8165416717529297,1042,897,1565,1081
2318,137.0,feeder,0.9457200765609741,801,904,2053,1274
2319,311.0,gt,0.8206229209899902,1045,896,1548,1082
2319,137.0,feeder,0.9461089968681335,801,903,2053,1274
2320,311.0,gt,0.8307287693023682,1045,894,1555,1080
2320,137.0,feeder,0.9464536309242249,801,904,2053,1274
2321,311.0,gt,0.829628050327301,1043,893,1560,1079
2321,137.0,feeder,0.946364164352417,801,904,2053,1274
2322,311.0,gt,0.8322189450263977,1044,893,1564,1080
2322,137.0,feeder,0.9462794065475464,801,903,2053,1274
2323,311.0,gt,0.8378860950469971,1043,892,1561,1079
2323,137.0,feeder,0.9465948343276978,801,904,2053,1274
2324,311.0,gt,0.8407225012779236,1044,892,1558,1079
2324,137.0,feeder,0.9464901685714722,801,904,2053,1274
2325,311.0,gt,0.840793251991272,1044,892,1557,1078
2325,137.0,feeder,0.9462669491767883,801,904,2053,1274
2326,311.0,gt,0.8417081236839294,1042,892,1555,1079
2326,137.0,feeder,0.9461896419525146,801,903,2053,1274
2327,311.0,gt,0.8409824371337891,1042,892,1551,1079
2327,137.0,feeder,0.946380078792572,801,903,2053,1274
2328,311.0,gt,0.8328781723976135,1039,893,1558,1079
2328,137.0,feeder,0.9456112384796143,801,903,2053,1274
2329,311.0,gt,0.8201140761375427,1044,896,1563,1080
2329,137.0,feeder,0.9450175762176514,801,903,2053,1274
2330,311.0,gt,0.8347918391227722,1049,896,1557,1080
2330,137.0,feeder,0.9466102123260498,801,904,2053,1274
2331,311.0,gt,0.8444886207580566,1051,893,1555,1079
2331,137.0,feeder,0.9464284777641296,801,905,2053,1274
2332,311.0,gt,0.8407432436943054,1051,891,1557,1079
2332,137.0,feeder,0.9460210800170898,801,905,2053,1274
2333,311.0,gt,0.8419356942176819,1051,890,1558,1079
2333,137.0,feeder,0.9464920163154602,801,904,2053,1273
2334,311.0,gt,0.842953085899353,1051,889,1556,1080
2334,137.0,feeder,0.9465134739875793,802,904,2053,1273
2335,311.0,gt,0.8470035791397095,1050,888,1551,1079
2335,137.0,feeder,0.9463521242141724,802,904,2053,1274
2336,311.0,gt,0.8471333980560303,1050,887,1548,1079
2336,137.0,feeder,0.9461612701416016,802,904,2053,1274
2337,311.0,gt,0.8504869341850281,1054,888,1549,1080
2337,137.0,feeder,0.9465146064758301,802,904,2052,1274
2338,311.0,gt,0.8468552231788635,1050,889,1548,1080
2338,137.0,feeder,0.9461737275123596,802,904,2053,1274
2339,311.0,gt,0.8458737134933472,1048,888,1550,1080
2339,137.0,feeder,0.9459137320518494,801,904,2053,1274
2340,311.0,gt,0.8450315594673157,1047,888,1551,1080
2340,137.0,feeder,0.9459307193756104,801,903,2053,1274
2341,311.0,gt,0.8448694348335266,1046,888,1551,1080
2341,137.0,feeder,0.9457758665084839,801,903,2053,1274
2342,311.0,gt,0.8451071381568909,1045,888,1550,1081
2342,137.0,feeder,0.9455834031105042,801,903,2053,1274
2343,311.0,gt,0.8448596596717834,1045,887,1550,1080
2343,137.0,feeder,0.9456151723861694,801,903,2052,1274
2344,311.0,gt,0.8354406952857971,1042,888,1554,1080
2344,137.0,feeder,0.9455164670944214,801,902,2052,1274
2345,311.0,gt,0.8272653818130493,1034,891,1555,1081
2345,137.0,feeder,0.9450907111167908,801,902,2052,1274
2346,311.0,gt,0.8264461755752563,1030,892,1555,1080
2346,137.0,feeder,0.945145845413208,801,902,2052,1274
2347,311.0,gt,0.8265417814254761,1030,892,1553,1081
2347,137.0,feeder,0.9449788928031921,801,903,2052,1274
2348,311.0,gt,0.8263920545578003,1028,892,1553,1080
2348,137.0,feeder,0.9447510242462158,801,903,2052,1274
2349,311.0,gt,0.8268086314201355,1027,892,1552,1081
2349,137.0,feeder,0.944968581199646,800,903,2052,1274
2350,311.0,gt,0.8282215595245361,1027,892,1551,1081
2350,137.0,feeder,0.9451536536216736,800,903,2052,1274
2351,311.0,gt,0.8284770846366882,1026,892,1552,1081
2351,137.0,feeder,0.9451301097869873,800,903,2052,1274
2352,311.0,gt,0.829955518245697,1026,891,1551,1080
2352,137.0,feeder,0.9454421997070312,800,903,2053,1274
2353,311.0,gt,0.837149977684021,1036,891,1549,1080
2353,137.0,feeder,0.9459133148193359,800,903,2053,1274
2354,311.0,gt,0.838779866695404,1041,890,1550,1079
2354,137.0,feeder,0.9460027813911438,801,903,2053,1274
2355,311.0,gt,0.847791850566864,1041,889,1549,1079
2355,137.0,feeder,0.946607768535614,801,903,2053,1273
2356,311.0,gt,0.8461725115776062,1041,888,1548,1079
2356,137.0,feeder,0.9468370676040649,801,903,2053,1273
2357,311.0,gt,0.8457440733909607,1041,887,1549,1079
2357,137.0,feeder,0.9464923143386841,801,903,2053,1273
2358,311.0,gt,0.8455487489700317,1041,887,1551,1078
2358,137.0,feeder,0.9465962052345276,801,903,2053,1273
2359,311.0,gt,0.8464755415916443,1041,887,1550,1078
2359,137.0,feeder,0.9463986754417419,801,903,2053,1273
2360,311.0,gt,0.8455424308776855,1040,886,1550,1079
2360,137.0,feeder,0.9462975859642029,801,903,2053,1273
2361,311.0,gt,0.8462691307067871,1040,886,1550,1079
2361,137.0,feeder,0.9462229609489441,801,903,2053,1273
2362,311.0,gt,0.8402408361434937,1039,886,1550,1078
2362,137.0,feeder,0.9453811645507812,801,903,2053,1273
2363,311.0,gt,0.8396134972572327,1038,887,1547,1079
2363,137.0,feeder,0.9452717304229736,801,903,2053,1274
2364,311.0,gt,0.8406485319137573,1036,887,1546,1079
2364,137.0,feeder,0.9454988837242126,801,904,2053,1274
2365,311.0,gt,0.8420318961143494,1036,887,1546,1079
2365,137.0,feeder,0.9453523755073547,801,904,2053,1274
2366,311.0,gt,0.8394439816474915,1035,887,1547,1078
2366,137.0,feeder,0.945356011390686,801,903,2052,1274
2367,311.0,gt,0.846909761428833,1037,887,1543,1078
2367,137.0,feeder,0.9450968503952026,801,903,2053,1273
2368,311.0,gt,0.8482946157455444,1027,885,1541,1077
2368,137.0,feeder,0.9449057579040527,801,903,2053,1273
2369,311.0,gt,0.8365319967269897,1016,883,1540,1078
2369,137.0,feeder,0.9447423219680786,801,903,2053,1273
2370,311.0,gt,0.837360680103302,1014,883,1542,1076
2370,137.0,feeder,0.9446115493774414,801,903,2052,1273
2371,311.0,gt,0.8366870284080505,1011,882,1541,1077
2371,137.0,feeder,0.9448499083518982,801,904,2053,1273
2372,311.0,gt,0.8384819030761719,1010,881,1539,1078
2372,137.0,feeder,0.944822371006012,801,904,2053,1273
2373,311.0,gt,0.8382146954536438,1009,881,1539,1078
2373,137.0,feeder,0.9448322653770447,801,904,2053,1273
2374,311.0,gt,0.8420562148094177,1019,884,1545,1076
2374,137.0,feeder,0.9456285834312439,801,905,2053,1273
2375,311.0,gt,0.8145214915275574,1020,894,1533,1079
2375,137.0,feeder,0.9425593018531799,801,905,2052,1274
2376,311.0,gt,0.8247858881950378,1013,901,1521,1082
2376,137.0,feeder,0.9433161020278931,800,901,2052,1274
2377,311.0,gt,0.841157853603363,1009,900,1500,1079
2377,137.0,feeder,0.9419143199920654,800,900,2051,1274
2378,311.0,gt,0.8515227437019348,1007,897,1487,1078
2378,137.0,feeder,0.9416834115982056,800,899,2051,1274
2379,311.0,gt,0.8557984232902527,1004,891,1478,1079
2379,137.0,feeder,0.9419488310813904,800,900,2052,1274
2380,311.0,gt,0.8653777837753296,999,887,1475,1078
2380,137.0,feeder,0.9418415427207947,801,901,2052,1274
2381,311.0,gt,0.8248924016952515,993,897,1479,1077
2381,137.0,feeder,0.9412290453910828,800,900,2051,1274
2382,311.0,gt,0.8251461386680603,997,904,1491,1078
2382,137.0,feeder,0.9414604306221008,801,903,2052,1274
2383,311.0,gt,0.8361837863922119,1003,907,1492,1078
2383,137.0,feeder,0.9421972036361694,801,904,2052,1274
2384,311.0,gt,0.8742532730102539,1021,887,1481,1074
2384,137.0,feeder,0.9406031370162964,801,906,2052,1274
2385,311.0,gt,0.8885611295700073,1035,864,1475,1074
2385,137.0,feeder,0.940032422542572,801,908,2052,1274
2386,311.0,gt,0.884880542755127,1043,854,1476,1073
2386,137.0,feeder,0.9418218731880188,801,908,2052,1273
2387,311.0,gt,0.880561113357544,1046,850,1482,1071
2387,137.0,feeder,0.941453218460083,801,908,2053,1273
2388,311.0,gt,0.8829150199890137,1046,848,1481,1071
2388,137.0,feeder,0.9423865675926208,801,908,2053,1273
2389,311.0,gt,0.8808611631393433,1044,850,1486,1072
2389,137.0,feeder,0.9439548850059509,801,908,2053,1273
2390,311.0,gt,0.8664008975028992,1005,864,1472,1074
2390,137.0,feeder,0.9432774782180786,802,905,2053,1273
2391,311.0,gt,0.8738182783126831,985,866,1492,1074
2391,137.0,feeder,0.9413624405860901,802,906,2052,1273
2392,311.0,gt,0.877324104309082,977,865,1499,1073
2392,137.0,feeder,0.9422048330307007,802,906,2052,1273
2393,311.0,gt,0.8739602565765381,974,864,1502,1073
2393,137.0,feeder,0.9421318173408508,802,905,2052,1273
2394,311.0,gt,0.8759391903877258,973,864,1502,1072
2394,137.0,feeder,0.9427032470703125,802,905,2052,1273
2395,311.0,gt,0.8744246959686279,977,865,1504,1072
2395,137.0,feeder,0.9425039291381836,802,905,2052,1273
2396,311.0,gt,0.8660825490951538,979,872,1505,1072
2396,137.0,feeder,0.9421442151069641,801,903,2052,1273
2397,311.0,gt,0.8634821176528931,979,874,1504,1072
2397,137.0,feeder,0.9420079588890076,801,903,2052,1273
2398,311.0,gt,0.8638147711753845,979,875,1504,1071
2398,137.0,feeder,0.9420052766799927,801,903,2052,1273
2399,311.0,gt,0.862427830696106,979,875,1503,1072
2399,137.0,feeder,0.9419068098068237,801,903,2052,1273
2400,311.0,gt,0.8620277047157288,981,875,1502,1074
2400,137.0,feeder,0.942208468914032,802,905,2052,1273
2401,311.0,gt,0.8702208399772644,983,872,1498,1074
2401,137.0,feeder,0.9437273144721985,802,905,2052,1273
2402,311.0,gt,0.8699830770492554,983,871,1498,1075
2402,137.0,feeder,0.9436463117599487,802,906,2052,1273
2403,311.0,gt,0.8688705563545227,983,871,1497,1074
2403,137.0,feeder,0.9436438679695129,802,906,2052,1273
2404,311.0,gt,0.8708220720291138,989,873,1495,1074
2404,137.0,feeder,0.9429908394813538,802,905,2052,1273
2405,311.0,gt,0.9126901030540466,1017,869,1428,1068
2405,137.0,feeder,0.9452523589134216,802,908,2052,1273
2406,311.0,gt,0.8943798542022705,1042,867,1377,1057
2406,137.0,feeder,0.9468697309494019,802,910,2052,1274
2407,311.0,gt,0.9157044291496277,1050,868,1292,1066
2407,137.0,feeder,0.9464457631111145,802,909,2052,1274
2408,311.0,gt,0.8911493420600891,1058,865,1240,1069
2408,137.0,feeder,0.9439067840576172,802,909,2052,1274
2409,311.0,gt,0.8860077261924744,1063,863,1225,1066
2409,137.0,feeder,0.9429425001144409,802,909,2052,1274
2410,311.0,gt,0.8907562494277954,1066,862,1223,1065
2410,137.0,feeder,0.9434858560562134,802,909,2052,1274
2411,311.0,gt,0.898510754108429,1066,862,1222,1064
2411,137.0,feeder,0.9427058100700378,802,909,2052,1274
2412,311.0,gt,0.898475170135498,1066,862,1221,1063
2412,137.0,feeder,0.9428930282592773,802,909,2052,1274
2413,311.0,gt,0.9008913040161133,1065,861,1221,1064
2413,137.0,feeder,0.9431775808334351,802,910,2052,1274
2414,311.0,gt,0.8969281315803528,1065,863,1223,1064
2414,137.0,feeder,0.9433555603027344,802,910,2052,1274
2415,311.0,gt,0.8932426571846008,1064,863,1222,1065
2415,137.0,feeder,0.9438841342926025,802,910,2052,1274
2416,311.0,gt,0.8958874344825745,1064,862,1219,1065
2416,137.0,feeder,0.9433686137199402,802,910,2052,1273
2417,311.0,gt,0.8962092995643616,1063,862,1218,1065
2417,137.0,feeder,0.9446044564247131,802,910,2052,1273
2418,311.0,gt,0.8981364369392395,1062,862,1218,1064
2418,137.0,feeder,0.9441835284233093,802,910,2052,1273
2419,311.0,gt,0.8967476487159729,1062,862,1218,1065
2419,137.0,feeder,0.944023072719574,802,910,2052,1273
2420,311.0,gt,0.8962774872779846,1061,862,1219,1065
2420,137.0,feeder,0.9442940950393677,802,910,2052,1273
2421,311.0,gt,0.8963748216629028,1058,861,1219,1065
2421,137.0,feeder,0.9445056319236755,802,909,2052,1273
2422,311.0,gt,0.8889133930206299,1056,862,1218,1065
2422,137.0,feeder,0.9435123801231384,802,909,2052,1273
2423,311.0,gt,0.8940370082855225,1053,858,1222,1066
2423,137.0,feeder,0.9441498517990112,802,910,2052,1273
2424,311.0,gt,0.8931791186332703,1050,855,1226,1065
2424,137.0,feeder,0.9440830945968628,802,910,2052,1273
2425,311.0,gt,0.8945363163948059,1049,854,1228,1065
2425,137.0,feeder,0.9443061947822571,802,910,2053,1273
2426,311.0,gt,0.895972490310669,1048,854,1229,1065
2426,137.0,feeder,0.9442273378372192,802,910,2053,1273
2427,311.0,gt,0.8953397274017334,1048,854,1229,1065
2427,137.0,feeder,0.9446208477020264,802,910,2053,1273
2428,311.0,gt,0.89853435754776,1047,854,1231,1065
2428,137.0,feeder,0.9446688890457153,802,909,2052,1274
2429,311.0,gt,0.9030645489692688,1045,856,1238,1064
2429,137.0,feeder,0.9443029165267944,802,909,2052,1274
2430,311.0,gt,0.9406751394271851,1019,860,1276,1064
2430,137.0,feeder,0.9446694254875183,803,909,2052,1273
2431,311.0,gt,0.9267269372940063,999,852,1335,1064
2431,137.0,feeder,0.9468144774436951,802,909,2052,1273
2432,311.0,gt,0.9232171773910522,989,848,1360,1064
2432,137.0,feeder,0.9471298456192017,802,910,2052,1273
2433,311.0,gt,0.9261198043823242,984,847,1369,1064
2433,137.0,feeder,0.9470630288124084,803,910,2052,1273
2434,311.0,gt,0.9293807148933411,983,846,1372,1064
2434,137.0,feeder,0.946819543838501,803,910,2052,1273
2435,311.0,gt,0.9233421683311462,983,846,1375,1063
2435,137.0,feeder,0.9466715455055237,803,910,2052,1273
2436,311.0,gt,0.9277576804161072,983,846,1374,1064
2436,137.0,feeder,0.9465879797935486,803,910,2052,1273
2437,311.0,gt,0.9270333647727966,982,846,1373,1063
2437,137.0,feeder,0.9462205171585083,803,910,2052,1273
2438,311.0,gt,0.9238544702529907,980,845,1373,1063
2438,137.0,feeder,0.9462814331054688,802,909,2052,1273
2439,311.0,gt,0.8953056931495667,1000,841,1369,1062
2439,137.0,feeder,0.9447066783905029,802,909,2052,1273
2440,311.0,gt,0.9039881825447083,1011,839,1367,1062
2440,137.0,feeder,0.9455564618110657,802,910,2052,1274
2441,311.0,gt,0.9043692350387573,1016,838,1366,1061
2441,137.0,feeder,0.9454686045646667,802,910,2052,1274
2442,311.0,gt,0.9066577553749084,1017,837,1365,1061
2442,137.0,feeder,0.9457429051399231,802,910,2052,1274
2443,311.0,gt,0.9067190885543823,1021,837,1362,1060
2443,137.0,feeder,0.9460653066635132,802,909,2052,1274
2444,311.0,gt,0.8972766399383545,1029,842,1319,1071
2444,137.0,feeder,0.9412209391593933,802,908,2052,1273
2445,311.0,gt,0.8926167488098145,1043,839,1240,1069
2445,137.0,feeder,0.9384866952896118,802,910,2052,1274
2446,311.0,gt,0.8670052886009216,1053,835,1217,1059
2446,137.0,feeder,0.9385439157485962,801,911,2052,1274
2447,311.0,gt,0.8780192136764526,1060,836,1211,1057
2447,137.0,feeder,0.9383596777915955,801,911,2052,1274
2448,311.0,gt,0.8788161873817444,1065,836,1212,1057
2448,137.0,feeder,0.9372680187225342,801,911,2052,1274
2449,311.0,gt,0.8811171650886536,1069,837,1213,1056
2449,137.0,feeder,0.935487687587738,800,911,2051,1274
2450,311.0,gt,0.8814630508422852,1069,838,1213,1054
2450,137.0,feeder,0.9349619746208191,800,911,2051,1274
2451,311.0,gt,0.8811550140380859,1070,838,1214,1054
2451,137.0,feeder,0.9355456829071045,800,911,2051,1273
2452,311.0,gt,0.8919149041175842,1070,845,1215,1054
2452,137.0,feeder,0.9383431077003479,801,911,2051,1273
2453,311.0,gt,0.8936792612075806,1070,858,1216,1055
2453,137.0,feeder,0.9394024014472961,801,911,2051,1273
2454,311.0,gt,0.8954253792762756,1071,864,1218,1056
2454,137.0,feeder,0.9407559633255005,801,911,2052,1274
2455,311.0,gt,0.8976420164108276,1071,866,1218,1058
2455,137.0,feeder,0.9413411021232605,802,911,2052,1274
2456,311.0,gt,0.8968579173088074,1070,866,1220,1058
2456,137.0,feeder,0.9409564733505249,802,911,2052,1274
2457,311.0,gt,0.8978075385093689,1070,866,1221,1058
2457,137.0,feeder,0.9409463405609131,802,911,2052,1274
2458,311.0,gt,0.8968292474746704,1070,867,1224,1057
2458,137.0,feeder,0.9416663646697998,802,911,2053,1274
2459,311.0,gt,0.8955392837524414,1070,867,1226,1056
2459,137.0,feeder,0.9407843351364136,801,911,2052,1274
2460,311.0,gt,0.8934738636016846,1071,868,1227,1059
2460,137.0,feeder,0.9399277567863464,801,911,2052,1274
2461,311.0,gt,0.895439863204956,1072,864,1228,1060
2461,137.0,feeder,0.9391050934791565,801,912,2051,1274
2462,311.0,gt,0.8973047733306885,1072,863,1225,1060
2462,137.0,feeder,0.9394073486328125,801,912,2051,1274
2463,311.0,gt,0.8969062566757202,1072,862,1225,1059
2463,137.0,feeder,0.9395349025726318,801,912,2051,1274
2464,311.0,gt,0.8945059776306152,1072,860,1226,1059
2464,137.0,feeder,0.9391880631446838,801,912,2051,1274
2465,311.0,gt,0.8921115398406982,1072,859,1225,1060
2465,137.0,feeder,0.9388474822044373,801,913,2052,1273
2466,311.0,gt,0.9037618637084961,1070,861,1222,1059
2466,137.0,feeder,0.9398549795150757,801,912,2051,1273
2467,311.0,gt,0.8661967515945435,1063,854,1218,1053
2467,137.0,feeder,0.9366374015808105,802,913,2051,1273
2468,311.0,gt,0.9127282500267029,1055,848,1220,1054
2468,137.0,feeder,0.9426964521408081,802,912,2052,1274
2469,311.0,gt,0.890682578086853,1049,839,1214,1055
2469,137.0,feeder,0.9417353272438049,802,912,2052,1274
2470,311.0,gt,0.9070543050765991,1045,836,1211,1057
2470,137.0,feeder,0.9419278502464294,802,912,2052,1274
2471,311.0,gt,0.9043940901756287,1043,835,1208,1057
2471,137.0,feeder,0.9413737654685974,802,912,2052,1274
2472,311.0,gt,0.8994621634483337,1043,834,1207,1056
2472,137.0,feeder,0.9405099153518677,802,912,2052,1274
2473,311.0,gt,0.9015856385231018,1041,834,1206,1058
2473,137.0,feeder,0.9397414922714233,802,912,2052,1274
2474,311.0,gt,0.9078646898269653,1038,837,1199,1057
2474,137.0,feeder,0.912621796131134,800,913,2052,1274
2475,311.0,gt,0.9257857799530029,1023,842,1235,1050
2475,137.0,feeder,0.9412961006164551,801,913,2052,1274
2476,311.0,gt,0.9298608899116516,1014,838,1252,1047
2476,137.0,feeder,0.9432204961776733,801,912,2052,1274
2477,311.0,gt,0.9238722920417786,1010,837,1259,1046
2477,137.0,feeder,0.9424787759780884,801,912,2051,1274
2478,311.0,gt,0.9255384206771851,1008,837,1259,1046
2478,137.0,feeder,0.9425129890441895,801,912,2051,1274
2479,311.0,gt,0.9277840852737427,1008,837,1259,1046
2479,137.0,feeder,0.9425148963928223,801,912,2052,1274
2480,311.0,gt,0.9273786544799805,1008,838,1263,1046
2480,137.0,feeder,0.9429426193237305,801,912,2051,1274
2481,311.0,gt,0.9323179125785828,1011,851,1266,1046
2481,137.0,feeder,0.9427821636199951,801,912,2051,1274
2482,311.0,gt,0.9285637736320496,1012,859,1266,1045
2482,137.0,feeder,0.9433826804161072,802,913,2051,1274
2483,311.0,gt,0.9265665411949158,1013,861,1265,1045
2483,137.0,feeder,0.9432188272476196,801,913,2052,1274
2484,311.0,gt,0.9268897175788879,1014,862,1265,1047
2484,137.0,feeder,0.942973792552948,802,913,2052,1274
2485,311.0,gt,0.9249341487884521,1014,862,1265,1048
2485,137.0,feeder,0.9427335262298584,802,913,2052,1274
2486,311.0,gt,0.9083225131034851,1020,861,1264,1049
2486,137.0,feeder,0.9420755505561829,802,913,2052,1274
2487,311.0,gt,0.9054818749427795,1022,847,1224,1048
2487,137.0,feeder,0.9369220733642578,801,912,2052,1274
2488,311.0,gt,0.9065825343132019,1027,841,1200,1046
2488,137.0,feeder,0.9359900951385498,800,913,2051,1274
2489,311.0,gt,0.9019559621810913,1031,839,1190,1045
2489,137.0,feeder,0.9351210594177246,800,913,2051,1274
2490,311.0,gt,0.9002830386161804,1033,838,1187,1044
2490,137.0,feeder,0.935487687587738,800,913,2051,1274
2491,311.0,gt,0.9048963189125061,1034,838,1186,1044
2491,137.0,feeder,0.9386143088340759,801,912,2052,1274
2492,311.0,gt,0.903896689414978,1035,837,1184,1043
2492,137.0,feeder,0.937329113483429,801,912,2051,1274
2493,311.0,gt,0.8950217962265015,1037,837,1183,1044
2493,137.0,feeder,0.9392410516738892,801,912,2051,1274
2494,311.0,gt,0.8937444686889648,1035,834,1196,1050
2494,137.0,feeder,0.9391462206840515,801,912,2052,1274
2495,311.0,gt,0.9002090692520142,982,833,1227,1047
2495,137.0,feeder,0.9393710494041443,802,910,2051,1273
2496,311.0,gt,0.9330249428749084,957,843,1262,1049
2496,137.0,feeder,0.9430168271064758,801,909,2052,1273
2497,311.0,gt,0.9337282180786133,947,845,1279,1054
2497,137.0,feeder,0.9435572624206543,801,909,2052,1273
2498,311.0,gt,0.9326752424240112,926,846,1287,1055
2498,137.0,feeder,0.944146990776062,801,909,2052,1273
2499,311.0,gt,0.9297767877578735,916,846,1291,1055
2499,137.0,feeder,0.9435378313064575,801,909,2052,1273
2500,311.0,gt,0.9270660281181335,912,846,1292,1055
2500,137.0,feeder,0.9429600238800049,801,909,2052,1273
2501,311.0,gt,0.9253689050674438,910,846,1292,1054
2501,137.0,feeder,0.9431377649307251,801,909,2052,1273
2502,311.0,gt,0.9259850978851318,909,846,1292,1054
2502,137.0,feeder,0.9430597424507141,801,908,2052,1273
2503,311.0,gt,0.9257408380508423,909,845,1292,1054
2503,137.0,feeder,0.9430136680603027,801,908,2052,1273
2504,311.0,gt,0.925094485282898,910,845,1292,1053
2504,137.0,feeder,0.9430293440818787,801,908,2052,1273
2505,311.0,gt,0.9230315089225769,911,845,1292,1053
2505,137.0,feeder,0.9433924555778503,801,908,2052,1273
2506,311.0,gt,0.9252504110336304,911,846,1293,1053
2506,137.0,feeder,0.9431079030036926,801,908,2052,1273
2507,311.0,gt,0.9201370477676392,913,841,1294,1053
2507,137.0,feeder,0.9414488077163696,800,908,2052,1273
2508,311.0,gt,0.9203544855117798,913,839,1295,1053
2508,137.0,feeder,0.9427089691162109,800,908,2052,1273
2509,311.0,gt,0.921117901802063,913,838,1295,1052
2509,137.0,feeder,0.9428863525390625,800,909,2052,1273
2510,311.0,gt,0.9214648604393005,914,837,1295,1052
2510,137.0,feeder,0.9427626729011536,800,909,2052,1273
2511,311.0,gt,0.9239219427108765,915,837,1295,1052
2511,137.0,feeder,0.942939043045044,800,909,2052,1273
2512,311.0,gt,0.9235051274299622,915,837,1295,1052
2512,137.0,feeder,0.9425515532493591,800,909,2052,1273
2513,311.0,gt,0.9224879145622253,916,837,1295,1052
2513,137.0,feeder,0.9428778886795044,800,909,2052,1273
2514,311.0,gt,0.9207490682601929,917,837,1295,1052
2514,137.0,feeder,0.9422310590744019,800,909,2052,1273
2515,311.0,gt,0.9170941710472107,919,838,1295,1051
2515,137.0,feeder,0.9434879422187805,800,909,2052,1273
2516,311.0,gt,0.9154368042945862,921,834,1294,1049
2516,137.0,feeder,0.9434372186660767,800,909,2052,1273
2517,311.0,gt,0.9151124358177185,925,832,1293,1048
2517,137.0,feeder,0.943008542060852,801,909,2052,1273
2518,311.0,gt,0.9134454727172852,927,832,1292,1047
2518,137.0,feeder,0.9427229166030884,801,909,2052,1273
2519,311.0,gt,0.9135793447494507,928,832,1292,1046
2519,137.0,feeder,0.9425906538963318,801,909,2052,1273
2520,311.0,gt,0.9108157753944397,934,832,1292,1046
2520,137.0,feeder,0.9429640173912048,801,909,2052,1273
2521,311.0,gt,0.9021934270858765,953,834,1288,1048
2521,137.0,feeder,0.9405465722084045,801,909,2052,1273
2522,311.0,gt,0.8988216519355774,960,825,1309,1039
2522,137.0,feeder,0.9417807459831238,801,908,2052,1273
2523,311.0,gt,0.9225753545761108,995,839,1334,1042
2523,137.0,feeder,0.9438217282295227,802,907,2053,1273
2524,311.0,gt,0.9022000432014465,1039,869,1361,1046
2524,137.0,feeder,0.9439903497695923,801,906,2052,1273
2525,311.0,gt,0.9000909328460693,1070,882,1371,1042
2525,137.0,feeder,0.9455105066299438,801,906,2052,1273
2526,311.0,gt,0.8788233399391174,1092,885,1375,1041
2526,137.0,feeder,0.945880115032196,801,906,2053,1273
2527,311.0,gt,0.8835856914520264,1099,888,1376,1047
2527,137.0,feeder,0.9461950063705444,801,906,2052,1273
2528,311.0,gt,0.8709754347801208,1101,891,1381,1058
2528,137.0,feeder,0.9460258483886719,800,906,2052,1273
2529,311.0,gt,0.879123330116272,1114,894,1381,1060
2529,137.0,feeder,0.9461857080459595,801,906,2052,1273
2530,311.0,gt,0.8784950971603394,1126,894,1383,1048
2530,137.0,feeder,0.9462805986404419,801,907,2052,1273
2531,311.0,gt,0.8940948247909546,1121,891,1390,1045
2531,137.0,feeder,0.9462429881095886,801,907,2052,1273
2532,311.0,gt,0.902436375617981,1123,886,1391,1045
2532,137.0,feeder,0.9459337592124939,801,908,2053,1273
2533,311.0,gt,0.90635085105896,1118,883,1395,1046
2533,137.0,feeder,0.9463761448860168,801,907,2053,1273
2534,311.0,gt,0.9074358940124512,1115,879,1395,1046
2534,137.0,feeder,0.9464803338050842,801,907,2053,1273
2535,311.0,gt,0.9067848920822144,1112,875,1399,1046
2535,137.0,feeder,0.9472088813781738,801,907,2053,1273
2536,311.0,gt,0.901533305644989,1105,873,1416,1047
2536,137.0,feeder,0.947180449962616,801,907,2053,1273
2537,311.0,gt,0.9051464796066284,1104,866,1424,1046
2537,137.0,feeder,0.946948230266571,801,907,2053,1273
2538,311.0,gt,0.907235324382782,1104,863,1429,1046
2538,137.0,feeder,0.9472929835319519,801,906,2053,1273
2539,311.0,gt,0.9084477424621582,1104,861,1431,1046
2539,137.0,feeder,0.9476398229598999,801,907,2053,1273
2540,311.0,gt,0.9085729718208313,1104,861,1431,1046
2540,137.0,feeder,0.9474135637283325,801,906,2053,1273
2541,311.0,gt,0.9084636569023132,1105,861,1431,1046
2541,137.0,feeder,0.947403609752655,801,906,2052,1273
2542,311.0,gt,0.9086757302284241,1102,862,1431,1046
2542,137.0,feeder,0.9475114941596985,801,906,2052,1273
2543,311.0,gt,0.81187504529953,1096,817,1430,1046
2543,137.0,feeder,0.9473965167999268,800,907,2052,1273
2544,311.0,gt,0.8835949897766113,1075,849,1440,1047
2544,137.0,feeder,0.9456824660301208,801,906,2052,1273
2545,311.0,gt,0.9018971920013428,1091,825,1458,1039
2545,137.0,feeder,0.946395754814148,801,906,2052,1273
2546,311.0,gt,0.8945838212966919,1137,808,1481,1027
2546,137.0,feeder,0.9461369514465332,801,907,2052,1272
2547,311.0,gt,0.8870243430137634,1203,805,1504,1023
2547,137.0,feeder,0.9471295475959778,800,906,2052,1272
2548,311.0,gt,0.9122164249420166,1296,829,1530,1039
2548,137.0,feeder,0.9495121836662292,800,907,2052,1273
2549,311.0,gt,0.8684806823730469,1351,838,1548,1045
2549,137.0,feeder,0.9484338164329529,800,908,2052,1272
2550,311.0,gt,0.8977332711219788,1376,830,1554,1044
2550,137.0,feeder,0.9494309425354004,800,908,2052,1272
2551,311.0,gt,0.9098585247993469,1386,826,1555,1040
2551,137.0,feeder,0.947326123714447,800,908,2053,1272
2552,311.0,gt,0.8886131048202515,1390,825,1553,1038
2552,137.0,feeder,0.9490777850151062,800,908,2053,1272
2553,311.0,gt,0.8923914432525635,1388,825,1550,1039
2553,137.0,feeder,0.9496362209320068,800,908,2053,1272
2554,311.0,r,0.7519897818565369,1358,809,1548,1039
2554,137.0,feeder,0.8406544327735901,800,909,2052,1273
2555,311.0,gt,0.8974964022636414,1381,820,1561,1057
2555,137.0,feeder,0.9486563801765442,800,908,2053,1273
2556,,r,0.7471482157707214,1196,683,1466,1023
2556,,j,0.3943275809288025,1192,684,1467,1022
2556,,r,0.3661520481109619,1197,806,1462,1018
2557,316.0,r,0.8826611638069153,1108,776,1397,1010
2558,316.0,gt,0.7770200967788696,1121,799,1316,961
2558,137.0,feeder,0.8884236216545105,799,912,2053,1273
2559,137.0,feeder,0.8671350479125977,799,911,2052,1274
2560,137.0,feeder,0.8094840049743652,798,910,2052,1273
2561,137.0,feeder,0.6969010829925537,802,908,2051,1271
2562,137.0,feeder,0.9491155743598938,802,904,2052,1265
2563,137.0,feeder,0.9570577144622803,797,898,2052,1261
2564,137.0,feeder,0.9576172232627869,797,897,2053,1260
2565,137.0,feeder,0.9572028517723083,795,896,2053,1260
2566,137.0,feeder,0.9568054676055908,794,895,2053,1260
2567,137.0,feeder,0.9568867683410645,794,895,2053,1260
2568,137.0,feeder,0.9568976759910583,794,895,2053,1260
2569,137.0,feeder,0.9568454027175903,794,895,2053,1260
2570,137.0,feeder,0.9568439722061157,794,895,2053,1260
2571,137.0,feeder,0.9568368792533875,794,895,2053,1260
2572,137.0,feeder,0.9566810727119446,794,894,2053,1260
2573,137.0,feeder,0.9566622972488403,794,894,2053,1260
2574,137.0,feeder,0.9567314386367798,794,894,2053,1260
2575,137.0,feeder,0.9567390084266663,794,895,2053,1260
2576,137.0,feeder,0.956786036491394,794,895,2053,1260
2577,137.0,feeder,0.9568250775337219,794,895,2053,1260
2578,137.0,feeder,0.9567775130271912,794,894,2053,1260
2579,137.0,feeder,0.9567010402679443,794,894,2053,1260
2580,137.0,feeder,0.9567427039146423,794,894,2053,1260
2581,137.0,feeder,0.9566736221313477,794,894,2054,1260
2582,137.0,feeder,0.9567874073982239,794,895,2054,1260
2583,137.0,feeder,0.9567887187004089,794,895,2054,1260
2584,137.0,feeder,0.95681232213974,794,895,2054,1260
2585,137.0,feeder,0.956816554069519,794,895,2054,1260
2586,137.0,feeder,0.9567790031433105,794,895,2054,1260
2587,137.0,feeder,0.9567968249320984,794,895,2054,1260
2588,137.0,feeder,0.9567844867706299,794,895,2053,1260
2589,137.0,feeder,0.9567461609840393,794,895,2053,1260
2590,137.0,feeder,0.9566381573677063,794,895,2053,1260
2591,137.0,feeder,0.9567275047302246,794,895,2053,1260
2592,137.0,feeder,0.95667964220047,795,895,2053,1260
2593,137.0,feeder,0.9567275047302246,794,895,2053,1260
2594,137.0,feeder,0.9567307829856873,794,895,2053,1260
2595,137.0,feeder,0.956796407699585,794,895,2053,1260
2596,137.0,feeder,0.9569944739341736,794,895,2053,1260
2597,137.0,feeder,0.9569590091705322,794,895,2053,1260
2598,137.0,feeder,0.9569704532623291,794,895,2053,1260
2599,137.0,feeder,0.9569352269172668,794,895,2053,1260
2600,137.0,feeder,0.9568618535995483,794,895,2053,1260
2601,137.0,feeder,0.9568352103233337,794,895,2053,1260
2602,137.0,feeder,0.9566474556922913,794,895,2053,1260
2603,137.0,feeder,0.9567005634307861,794,895,2053,1260
2604,137.0,feeder,0.9567357897758484,794,895,2053,1260
2605,137.0,feeder,0.9568040370941162,794,895,2053,1260
2606,137.0,feeder,0.9568652510643005,794,895,2053,1260
2607,137.0,feeder,0.9568498730659485,794,895,2053,1260
2608,137.0,feeder,0.9569042325019836,794,895,2053,1260
2609,137.0,feeder,0.9568313360214233,794,895,2053,1260
2610,137.0,feeder,0.9569068551063538,794,895,2053,1260
2611,137.0,feeder,0.9566566944122314,794,895,2053,1260
2612,137.0,feeder,0.9566848874092102,794,895,2053,1260
2613,137.0,feeder,0.9566921591758728,794,895,2053,1260
2614,137.0,feeder,0.9567654728889465,794,895,2053,1260
2615,137.0,feeder,0.9567931890487671,794,895,2053,1260
2616,137.0,feeder,0.9568328261375427,794,895,2053,1260
2617,137.0,feeder,0.9568443894386292,794,895,2053,1260
2618,137.0,feeder,0.9567731618881226,794,895,2053,1260
2619,137.0,feeder,0.95668625831604,794,895,2053,1260
2620,137.0,feeder,0.9566932916641235,794,894,2053,1260
2621,137.0,feeder,0.9566876888275146,794,895,2053,1260
2622,137.0,feeder,0.9567121267318726,794,895,2053,1260
2623,137.0,feeder,0.9566771388053894,794,895,2053,1260
2624,137.0,feeder,0.9566810727119446,794,895,2053,1260
2625,137.0,feeder,0.9566835761070251,794,895,2053,1260
2626,137.0,feeder,0.9566880464553833,794,895,2054,1260
2627,137.0,feeder,0.9566942453384399,794,894,2054,1260
2628,137.0,feeder,0.9566612839698792,794,894,2054,1260
2629,137.0,feeder,0.9566690325737,794,894,2054,1261
2630,137.0,feeder,0.9566463232040405,794,894,2054,1260
2631,137.0,feeder,0.956653356552124,794,894,2054,1260
2632,137.0,feeder,0.9567092061042786,794,894,2054,1261
2633,137.0,feeder,0.95662921667099,794,894,2053,1260
2634,137.0,feeder,0.9565771818161011,794,894,2053,1260
2635,137.0,feeder,0.9566611647605896,794,894,2053,1260
2636,137.0,feeder,0.9567273259162903,794,894,2053,1260
2637,137.0,feeder,0.9567568898200989,794,894,2053,1260
2638,137.0,feeder,0.9567410349845886,794,894,2054,1260
2639,137.0,feeder,0.9566824436187744,794,894,2054,1260
2640,137.0,feeder,0.9567068815231323,794,894,2054,1260
2641,137.0,feeder,0.9569076299667358,794,895,2053,1260
2642,137.0,feeder,0.9568195343017578,794,895,2053,1260
2643,137.0,feeder,0.9568283557891846,794,895,2053,1260
2644,137.0,feeder,0.9567530751228333,794,894,2053,1260
2645,137.0,feeder,0.9568568468093872,793,895,2053,1260
2646,137.0,feeder,0.9568406939506531,793,895,2053,1260
2647,137.0,feeder,0.9568279385566711,794,895,2053,1260
2648,137.0,feeder,0.9568085074424744,794,895,2053,1260
2649,137.0,feeder,0.9568495154380798,794,895,2053,1260
2650,137.0,feeder,0.956734299659729,794,894,2053,1260
2651,137.0,feeder,0.9567145705223083,794,894,2053,1260
2652,137.0,feeder,0.9567810893058777,794,895,2053,1260
2653,137.0,feeder,0.9567712545394897,793,895,2053,1260
2654,137.0,feeder,0.9567440152168274,793,895,2053,1260
2655,137.0,feeder,0.9567130208015442,793,895,2053,1260
2656,137.0,feeder,0.9566531181335449,793,894,2054,1260
2657,137.0,feeder,0.956777811050415,793,895,2054,1260
2658,137.0,feeder,0.9566881656646729,793,895,2053,1260
2659,137.0,feeder,0.9566153883934021,794,894,2053,1260
2660,137.0,feeder,0.9564783573150635,794,894,2054,1260
2661,137.0,feeder,0.9564133882522583,794,894,2054,1260
2662,137.0,feeder,0.9563804268836975,794,894,2053,1260
2663,137.0,feeder,0.9564536213874817,794,894,2053,1260
2664,137.0,feeder,0.9564616680145264,794,894,2053,1260
2665,137.0,feeder,0.9565405249595642,794,894,2053,1260
2666,137.0,feeder,0.9564612507820129,794,894,2053,1260
2667,137.0,feeder,0.9565044641494751,794,894,2053,1260
2668,137.0,feeder,0.9565076231956482,794,894,2053,1260
2669,137.0,feeder,0.9564993977546692,794,894,2053,1260
2670,137.0,feeder,0.9564666748046875,794,894,2053,1260
2671,137.0,feeder,0.9567844867706299,794,895,2053,1261
2672,137.0,feeder,0.9567164778709412,793,895,2054,1261
2673,137.0,feeder,0.9566391706466675,793,894,2054,1260
2674,137.0,feeder,0.9567075371742249,794,895,2054,1261
2675,137.0,feeder,0.9566284418106079,794,894,2054,1261
2676,137.0,feeder,0.9566460251808167,794,894,2054,1261
2677,137.0,feeder,0.9567193388938904,794,895,2054,1261
2678,137.0,feeder,0.9567026495933533,794,895,2054,1261
2679,137.0,feeder,0.9567264318466187,794,895,2054,1261
2680,137.0,feeder,0.9567038416862488,794,895,2054,1261
2681,137.0,feeder,0.956601619720459,794,895,2054,1261
2682,137.0,feeder,0.9565154314041138,794,895,2054,1261
2683,137.0,feeder,0.9565511345863342,794,894,2054,1261
2684,137.0,feeder,0.9564548134803772,794,894,2054,1260
2685,137.0,feeder,0.9564833641052246,794,894,2054,1261
2686,137.0,feeder,0.9568676352500916,794,895,2054,1261
2687,137.0,feeder,0.9568979144096375,794,895,2053,1261
2688,137.0,feeder,0.9568157196044922,794,895,2053,1261
2689,137.0,feeder,0.9567910432815552,794,895,2053,1261
2690,137.0,feeder,0.9567477107048035,794,895,2053,1261
2691,137.0,feeder,0.9566894173622131,794,895,2053,1261
2692,137.0,feeder,0.9567248225212097,794,895,2053,1261
2693,137.0,feeder,0.9566770195960999,794,895,2053,1261
2694,137.0,feeder,0.9567326307296753,794,895,2054,1261
2695,137.0,feeder,0.9566604495048523,794,895,2054,1261
2696,137.0,feeder,0.9566402435302734,794,895,2053,1261
2697,137.0,feeder,0.9567965865135193,794,895,2053,1261
2698,137.0,feeder,0.9566972851753235,794,895,2053,1261
2699,137.0,feeder,0.9567428231239319,794,895,2053,1261
2700,137.0,feeder,0.9567177891731262,794,895,2053,1261
2701,137.0,feeder,0.9568918943405151,794,895,2054,1261
