frame,id,class,confidence,x1,y1,x2,y2
1,,bt,0.9128195643424988,1259,931,1463,1145
1,,feeder,0.8275824785232544,984,935,2234,1326
2,76.0,bt,0.9191737174987793,1234,927,1460,1144
2,77.0,feeder,0.9078754782676697,982,934,2234,1325
3,76.0,bt,0.9157882928848267,1236,922,1447,1146
3,77.0,feeder,0.8863527178764343,982,934,2233,1325
4,76.0,bt,0.9097930192947388,1225,898,1440,1144
4,77.0,feeder,0.8923153877258301,982,934,2233,1326
5,76.0,bt,0.90720134973526,1219,879,1438,1146
5,77.0,feeder,0.9058137536048889,982,934,2233,1326
6,76.0,bt,0.898841381072998,1214,858,1438,1147
6,77.0,feeder,0.9067959785461426,982,936,2233,1326
7,76.0,bt,0.9258025288581848,1180,904,1459,1146
7,77.0,feeder,0.9275276064872742,982,935,2233,1325
8,76.0,bt,0.9400564432144165,1155,911,1477,1148
8,77.0,feeder,0.9231417179107666,981,933,2233,1325
9,76.0,bt,0.9325997829437256,1138,913,1485,1145
9,77.0,feeder,0.9247093200683594,982,933,2233,1325
10,76.0,bt,0.9262658357620239,1123,913,1487,1145
10,77.0,feeder,0.9248052835464478,981,934,2233,1325
11,76.0,bt,0.9202362895011902,1114,913,1488,1145
11,77.0,feeder,0.9259596467018127,981,934,2233,1324
12,76.0,bt,0.9169334769248962,1110,912,1488,1145
12,77.0,feeder,0.9264577627182007,980,935,2233,1325
13,76.0,bt,0.9204899668693542,1111,908,1478,1144
13,77.0,feeder,0.9200553297996521,980,935,2233,1324
14,76.0,bt,0.8958695530891418,1169,874,1472,1145
14,77.0,feeder,0.9129464030265808,981,935,2232,1325
15,76.0,bt,0.8816908597946167,1192,856,1468,1148
15,77.0,feeder,0.882744312286377,982,935,2233,1325
16,76.0,bt,0.875888466835022,1204,847,1463,1149
16,77.0,feeder,0.9233421683311462,981,934,2233,1325
17,76.0,bt,0.8812577724456787,1213,844,1461,1149
17,77.0,feeder,0.9111051559448242,981,934,2233,1325
18,76.0,bt,0.8779193162918091,1214,844,1461,1149
18,77.0,feeder,0.9128890633583069,981,934,2233,1324
19,76.0,bt,0.8828160166740417,1212,844,1458,1148
19,77.0,feeder,0.8949158191680908,980,934,2233,1325
20,76.0,bt,0.8785553574562073,1210,844,1457,1149
20,77.0,feeder,0.9077295064926147,980,934,2233,1325
21,76.0,bt,0.897932767868042,1204,863,1461,1145
21,77.0,feeder,0.9096278548240662,980,934,2234,1324
22,76.0,bt,0.8957193493843079,1189,905,1463,1146
22,77.0,feeder,0.9316748976707458,981,932,2233,1324
23,76.0,bt,0.8993605971336365,1176,923,1465,1147
23,77.0,feeder,0.9235235452651978,981,932,2233,1324
24,76.0,bt,0.893936276435852,1174,929,1463,1146
24,77.0,feeder,0.9208453297615051,981,932,2233,1324
25,76.0,bt,0.8983727693557739,1172,934,1466,1144
25,77.0,feeder,0.9138713479042053,980,932,2233,1324
26,76.0,bt,0.8978714942932129,1184,938,1465,1144
26,77.0,feeder,0.9171800017356873,980,933,2233,1324
27,76.0,bt,0.9066507816314697,1206,919,1466,1143
27,77.0,feeder,0.8391047120094299,981,931,2234,1324
28,76.0,bt,0.9051108360290527,1212,913,1466,1142
28,77.0,feeder,0.864408552646637,981,931,2233,1324
29,76.0,bt,0.8992636203765869,1211,909,1467,1142
29,77.0,feeder,0.8770190477371216,981,931,2233,1324
30,76.0,bt,0.9074001908302307,1210,907,1468,1141
30,77.0,feeder,0.8752123713493347,981,930,2233,1324
31,76.0,bt,0.9008442163467407,1209,908,1475,1143
31,77.0,feeder,0.8857516050338745,980,931,2233,1324
32,76.0,bt,0.9142318964004517,1182,926,1505,1143
32,77.0,feeder,0.9146667122840881,980,932,2232,1324
33,76.0,bt,0.889244019985199,1154,931,1515,1144
33,77.0,feeder,0.9182518720626831,980,934,2232,1324
34,76.0,bt,0.8902158141136169,1139,931,1520,1144
34,77.0,feeder,0.917629063129425,980,934,2233,1325
35,76.0,bt,0.8948724865913391,1148,929,1524,1143
35,77.0,feeder,0.9218202829360962,980,934,2233,1324
36,76.0,bt,0.880120575428009,1138,929,1522,1143
36,77.0,feeder,0.9286378622055054,981,934,2233,1324
37,76.0,bt,0.90071702003479,1139,937,1505,1146
37,77.0,feeder,0.9181578755378723,981,933,2233,1324
38,76.0,bt,0.868816614151001,1174,880,1490,1147
38,77.0,feeder,0.913933277130127,981,935,2233,1324
39,76.0,bt,0.900153398513794,1201,873,1490,1146
39,77.0,feeder,0.9136969447135925,981,934,2234,1324
40,76.0,bt,0.8890663981437683,1211,878,1486,1144
40,77.0,feeder,0.8873553276062012,980,932,2235,1325
41,76.0,bt,0.8847190737724304,1206,886,1485,1143
41,77.0,feeder,0.889378547668457,980,931,2235,1325
42,76.0,bt,0.8832841515541077,1198,888,1486,1143
42,77.0,feeder,0.8935869336128235,980,931,2235,1324
43,76.0,bt,0.8949456214904785,1160,923,1516,1143
43,77.0,feeder,0.9220699667930603,980,933,2235,1324
44,76.0,bt,0.8854026794433594,1130,918,1531,1142
44,77.0,feeder,0.9274507164955139,980,935,2235,1325
45,76.0,bt,0.8668950796127319,1104,913,1535,1142
45,77.0,feeder,0.9286721348762512,980,937,2236,1325
46,76.0,bt,0.9084830284118652,1108,907,1536,1145
46,77.0,feeder,0.8982290625572205,982,936,2236,1325
47,76.0,bt,0.8974693417549133,1100,907,1532,1144
47,77.0,feeder,0.9356217980384827,983,935,2237,1326
48,76.0,bt,0.899254560470581,1134,900,1487,1147
48,77.0,feeder,0.8928077220916748,982,936,2237,1326
49,76.0,bt,0.908820629119873,1150,898,1461,1140
49,77.0,feeder,0.9062153697013855,982,937,2236,1326
50,76.0,bt,0.922524631023407,1125,897,1450,1138
50,77.0,feeder,0.8946545124053955,981,939,2236,1325
51,76.0,bt,0.9197586178779602,1098,896,1445,1141
51,77.0,feeder,0.8998491764068604,981,942,2236,1325
52,76.0,bt,0.8695115447044373,1077,905,1457,1135
52,77.0,feeder,0.9289302229881287,983,942,2237,1325
53,76.0,bt,0.852495551109314,1033,917,1467,1164
53,77.0,feeder,0.9385814070701599,987,940,2238,1326
54,76.0,bt,0.8658432364463806,1001,922,1475,1170
54,77.0,feeder,0.9351522326469421,987,940,2239,1326
55,76.0,bt,0.8594170212745667,999,926,1470,1152
55,77.0,feeder,0.9339432120323181,989,941,2239,1325
56,76.0,bt,0.8349002599716187,1015,909,1478,1146
56,77.0,feeder,0.9413133263587952,992,943,2238,1325
57,76.0,bt,0.8498209118843079,1051,762,1638,1133
57,77.0,feeder,0.10181126743555069,990,949,2239,1323
58,76.0,bt,0.8006796836853027,1031,640,1565,1029
58,77.0,feeder,0.9259880185127258,989,946,2239,1322
59,,bt,0.48434314131736755,1037,265,1515,791
60,77.0,feeder,0.9349300265312195,990,944,2240,1323
61,77.0,feeder,0.9571025967597961,990,944,2240,1323
62,77.0,feeder,0.9578705430030823,989,945,2240,1323
63,77.0,feeder,0.9576488137245178,989,945,2239,1323
64,77.0,feeder,0.9578438997268677,988,945,2240,1323
65,77.0,feeder,0.9578592777252197,988,945,2240,1323
66,77.0,feeder,0.9577760696411133,988,945,2240,1323
67,77.0,feeder,0.9577632546424866,988,945,2240,1323
68,77.0,feeder,0.9579620361328125,989,945,2240,1323
69,77.0,feeder,0.9577766060829163,989,945,2240,1323
70,77.0,feeder,0.9577749967575073,989,945,2240,1323
71,77.0,feeder,0.9576020240783691,989,945,2241,1323
72,77.0,feeder,0.9576059579849243,989,945,2241,1323
73,77.0,feeder,0.9577504992485046,989,945,2241,1323
74,77.0,feeder,0.9574123024940491,989,945,2241,1323
75,77.0,feeder,0.9574527144432068,990,946,2241,1323
76,77.0,feeder,0.956708550453186,990,945,2240,1323
77,77.0,feeder,0.9570367336273193,990,945,2240,1323
78,77.0,feeder,0.9569023847579956,989,945,2240,1323
79,77.0,feeder,0.9569562673568726,989,945,2240,1323
80,77.0,feeder,0.9570081233978271,989,945,2240,1323
81,77.0,feeder,0.9570570588111877,989,945,2240,1323
82,77.0,feeder,0.956695556640625,989,945,2240,1323
83,77.0,feeder,0.9567805528640747,990,946,2240,1323
84,77.0,feeder,0.9570318460464478,989,946,2240,1323
85,77.0,feeder,0.957169771194458,989,946,2240,1323
86,77.0,feeder,0.9571900963783264,989,946,2240,1323
87,77.0,feeder,0.9571191668510437,989,945,2240,1323
88,77.0,feeder,0.957262396812439,989,945,2240,1323
89,77.0,feeder,0.9573768973350525,989,946,2239,1323
90,77.0,feeder,0.9574064016342163,989,946,2239,1323
91,77.0,feeder,0.9572263360023499,990,945,2239,1323
92,77.0,feeder,0.9574742317199707,990,945,2241,1324
93,77.0,feeder,0.9573367834091187,990,945,2242,1324
94,77.0,feeder,0.9573056697845459,990,945,2241,1324
95,77.0,feeder,0.9575801491737366,990,945,2241,1324
96,77.0,feeder,0.9575510621070862,990,945,2240,1324
97,77.0,feeder,0.9570444226264954,990,945,2241,1324
98,77.0,feeder,0.957207977771759,990,945,2241,1324
99,77.0,feeder,0.9571620225906372,990,945,2241,1324
100,77.0,feeder,0.9572125673294067,990,945,2241,1324
101,77.0,feeder,0.9572210907936096,990,946,2241,1323
102,77.0,feeder,0.9574441909790039,989,946,2241,1323
103,77.0,feeder,0.9576461911201477,989,946,2241,1323
104,77.0,feeder,0.9576937556266785,989,946,2240,1323
105,77.0,feeder,0.9578225612640381,990,945,2240,1323
106,77.0,feeder,0.9576702117919922,989,945,2238,1323
107,77.0,feeder,0.9575183987617493,988,945,2237,1322
108,77.0,feeder,0.9573173522949219,987,945,2237,1322
109,77.0,feeder,0.9574121832847595,988,945,2236,1322
110,77.0,feeder,0.9577962160110474,987,945,2236,1322
111,77.0,feeder,0.9577511548995972,987,945,2236,1322
112,77.0,feeder,0.9575504064559937,987,945,2236,1322
113,77.0,feeder,0.957457423210144,988,946,2237,1322
114,77.0,feeder,0.9574896693229675,988,946,2237,1322
115,77.0,feeder,0.9576911330223083,987,945,2237,1322
116,77.0,feeder,0.9577298164367676,988,945,2237,1322
117,77.0,feeder,0.9578876495361328,988,945,2237,1322
118,77.0,feeder,0.9579312801361084,987,945,2238,1322
119,77.0,feeder,0.9579090476036072,987,945,2238,1322
120,77.0,feeder,0.9578503370285034,987,945,2238,1322
121,77.0,feeder,0.9581362009048462,987,945,2237,1322
122,77.0,feeder,0.9579196572303772,987,945,2236,1322
123,77.0,feeder,0.9577913880348206,987,945,2237,1322
124,77.0,feeder,0.9578191637992859,988,945,2238,1323
125,77.0,feeder,0.9577443599700928,988,945,2238,1323
126,77.0,feeder,0.9575617909431458,988,945,2238,1323
127,77.0,feeder,0.9578607082366943,988,945,2237,1323
128,77.0,feeder,0.95787513256073,987,945,2237,1323
129,77.0,feeder,0.9582177400588989,987,945,2236,1322
130,77.0,feeder,0.9582270383834839,987,945,2236,1322
131,77.0,feeder,0.9576157927513123,987,945,2238,1322
132,77.0,feeder,0.957535982131958,987,945,2238,1323
133,77.0,feeder,0.9576631188392639,988,945,2239,1323
134,77.0,feeder,0.958192765712738,988,945,2238,1323
135,77.0,feeder,0.9583360552787781,987,945,2237,1323
136,77.0,feeder,0.9579042792320251,986,945,2236,1323
137,77.0,feeder,0.9581047892570496,986,945,2236,1323
138,77.0,feeder,0.9578526020050049,986,944,2237,1322
139,77.0,feeder,0.9578967094421387,987,945,2237,1323
140,77.0,feeder,0.9579560160636902,987,945,2237,1323
141,77.0,feeder,0.957976758480072,985,945,2236,1323
142,77.0,feeder,0.9578670859336853,985,945,2236,1323
143,77.0,feeder,0.9580995440483093,985,945,2236,1323
144,77.0,feeder,0.9581800103187561,985,945,2236,1322
145,77.0,feeder,0.9579577445983887,986,945,2236,1323
146,77.0,feeder,0.957880973815918,985,945,2236,1323
147,77.0,feeder,0.9576235413551331,985,945,2236,1323
148,77.0,feeder,0.9580211043357849,984,945,2236,1323
149,77.0,feeder,0.9580750465393066,983,945,2235,1323
150,77.0,feeder,0.9582386612892151,983,945,2235,1323
151,77.0,feeder,0.9583056569099426,984,944,2235,1322
152,77.0,feeder,0.9583484530448914,984,943,2236,1322
153,77.0,feeder,0.958670973777771,984,943,2236,1322
154,77.0,feeder,0.958676815032959,984,944,2235,1322
155,77.0,feeder,0.9589300751686096,984,944,2235,1323
156,77.0,feeder,0.9588651657104492,983,944,2235,1323
157,77.0,feeder,0.9589197635650635,984,943,2235,1322
158,77.0,feeder,0.958702564239502,984,943,2235,1322
159,77.0,feeder,0.9586303234100342,984,943,2235,1322
160,77.0,feeder,0.9584901332855225,984,944,2235,1322
161,77.0,feeder,0.9586158990859985,983,944,2235,1322
162,77.0,feeder,0.9587352871894836,983,944,2235,1322
163,77.0,feeder,0.9587118625640869,983,944,2235,1322
164,77.0,feeder,0.9586588144302368,983,944,2235,1322
165,77.0,feeder,0.9585800766944885,984,944,2235,1322
166,77.0,feeder,0.959053099155426,984,943,2235,1322
167,77.0,feeder,0.9590591192245483,985,944,2235,1321
168,77.0,feeder,0.959028959274292,984,944,2235,1321
169,77.0,feeder,0.958740234375,985,944,2235,1321
170,77.0,feeder,0.9586959481239319,985,944,2235,1322
171,77.0,feeder,0.9586299061775208,986,945,2236,1322
172,77.0,feeder,0.9587615132331848,986,945,2236,1322
173,77.0,feeder,0.9591139554977417,986,945,2236,1321
174,77.0,feeder,0.9587082266807556,986,945,2236,1322
175,77.0,feeder,0.9587059617042542,986,945,2236,1321
176,77.0,feeder,0.9587335586547852,986,945,2236,1322
177,77.0,feeder,0.9585626721382141,987,945,2236,1322
178,77.0,feeder,0.9584681391716003,987,945,2237,1322
179,77.0,feeder,0.9586905837059021,987,945,2237,1322
180,77.0,feeder,0.9586225748062134,986,945,2236,1322
181,77.0,feeder,0.9583466053009033,986,944,2236,1322
182,77.0,feeder,0.9585263133049011,986,944,2236,1322
183,77.0,feeder,0.9586411714553833,987,944,2237,1322
184,77.0,feeder,0.9586966037750244,988,944,2238,1322
185,77.0,feeder,0.958407461643219,988,945,2238,1322
186,77.0,feeder,0.9581690430641174,988,945,2238,1322
187,77.0,feeder,0.9584141373634338,987,945,2237,1322
188,77.0,feeder,0.9587151408195496,986,944,2237,1321
189,77.0,feeder,0.9587344527244568,986,944,2236,1321
190,77.0,feeder,0.9584065079689026,986,944,2236,1322
191,77.0,feeder,0.9584334492683411,986,945,2236,1322
192,77.0,feeder,0.9584035277366638,986,945,2236,1322
193,77.0,feeder,0.9586798548698425,986,944,2237,1322
194,77.0,feeder,0.9587433338165283,986,944,2237,1322
195,77.0,feeder,0.958463191986084,986,944,2237,1322
196,77.0,feeder,0.9576906561851501,986,944,2237,1322
197,77.0,feeder,0.9581669569015503,985,945,2237,1322
198,77.0,feeder,0.9579669237136841,986,945,2237,1322
199,77.0,feeder,0.9581551551818848,987,945,2238,1322
200,77.0,feeder,0.9575731754302979,987,944,2238,1322
201,77.0,feeder,0.9575009942054749,987,945,2239,1323
202,77.0,feeder,0.957791268825531,988,945,2239,1322
203,77.0,feeder,0.9583092331886292,987,945,2238,1322
204,77.0,feeder,0.9583626985549927,987,945,2238,1322
205,77.0,feeder,0.9581785798072815,986,945,2237,1322
206,77.0,feeder,0.9580662846565247,987,945,2238,1322
207,77.0,feeder,0.9580732583999634,987,945,2239,1323
208,77.0,feeder,0.9581519365310669,987,945,2239,1323
209,77.0,feeder,0.9580526947975159,987,945,2238,1323
210,77.0,feeder,0.9583587646484375,985,945,2237,1323
211,77.0,feeder,0.9582059383392334,985,945,2237,1322
212,77.0,feeder,0.9581432938575745,985,945,2237,1323
213,77.0,feeder,0.9583247900009155,985,945,2237,1322
214,77.0,feeder,0.9584197402000427,985,945,2237,1322
215,77.0,feeder,0.9582736492156982,985,945,2237,1323
216,77.0,feeder,0.9581131339073181,985,945,2236,1322
217,77.0,feeder,0.9581724405288696,985,945,2236,1322
218,77.0,feeder,0.9581385254859924,985,945,2236,1322
219,77.0,feeder,0.9581379294395447,986,945,2236,1322
220,77.0,feeder,0.9580990076065063,986,945,2236,1322
221,77.0,feeder,0.9582681059837341,985,945,2236,1322
222,77.0,feeder,0.9581258893013,985,945,2236,1322
223,77.0,feeder,0.9580714106559753,985,945,2236,1322
224,77.0,feeder,0.9579670429229736,985,945,2236,1322
225,77.0,feeder,0.957738995552063,985,945,2236,1322
226,77.0,feeder,0.9578256011009216,985,944,2236,1322
227,77.0,feeder,0.9577768445014954,986,944,2236,1322
228,77.0,feeder,0.9578961730003357,986,945,2236,1322
229,77.0,feeder,0.9579289555549622,986,945,2236,1322
230,77.0,feeder,0.9581636786460876,986,944,2237,1322
231,77.0,feeder,0.9584802985191345,985,944,2236,1322
232,77.0,feeder,0.9586361646652222,985,944,2236,1322
233,77.0,feeder,0.9582902193069458,985,944,2236,1322
234,77.0,feeder,0.9575814604759216,985,946,2236,1323
235,77.0,feeder,0.9577164649963379,985,946,2236,1323
236,77.0,feeder,0.9580209851264954,985,945,2237,1322
237,77.0,feeder,0.9579824805259705,985,944,2237,1322
238,77.0,feeder,0.9583262205123901,985,944,2237,1322
239,77.0,feeder,0.9580464959144592,985,944,2237,1322
240,77.0,feeder,0.9580555558204651,985,944,2237,1322
241,77.0,feeder,0.957122802734375,985,944,2236,1323
242,77.0,feeder,0.9570958018302917,985,944,2236,1323
243,77.0,feeder,0.9577651619911194,986,944,2237,1322
244,77.0,feeder,0.9575425386428833,986,944,2237,1322
245,77.0,feeder,0.9578977823257446,985,944,2237,1322
246,77.0,feeder,0.9577697515487671,985,944,2236,1323
247,77.0,feeder,0.957862377166748,985,945,2237,1323
248,77.0,feeder,0.9581255912780762,985,944,2237,1323
249,77.0,feeder,0.9579225182533264,985,944,2237,1322
250,77.0,feeder,0.95804363489151,985,944,2237,1322
251,77.0,feeder,0.9578207731246948,985,944,2237,1322
252,77.0,feeder,0.9576995372772217,985,944,2237,1322
253,77.0,feeder,0.9579451680183411,985,944,2237,1322
254,77.0,feeder,0.9580941796302795,985,944,2237,1322
255,77.0,feeder,0.958199679851532,985,944,2236,1322
256,77.0,feeder,0.9583365321159363,985,944,2236,1322
257,77.0,feeder,0.9585960507392883,985,944,2236,1322
258,77.0,feeder,0.9585750102996826,985,944,2236,1322
259,77.0,feeder,0.9585224390029907,985,944,2236,1322
260,77.0,feeder,0.9585607647895813,984,944,2236,1322
261,77.0,feeder,0.9586977362632751,984,943,2236,1322
262,77.0,feeder,0.9586881995201111,984,944,2236,1322
263,77.0,feeder,0.9587519764900208,985,944,2236,1322
264,77.0,feeder,0.9588261842727661,985,944,2237,1322
265,77.0,feeder,0.9587959051132202,985,944,2237,1322
266,77.0,feeder,0.9587730169296265,986,944,2237,1322
267,77.0,feeder,0.9588232040405273,985,944,2237,1322
268,77.0,feeder,0.958922803401947,985,943,2237,1322
269,77.0,feeder,0.9590008854866028,985,944,2237,1322
270,77.0,feeder,0.9588216543197632,986,944,2237,1323
271,77.0,feeder,0.9582329392433167,986,944,2237,1323
272,77.0,feeder,0.9582290053367615,986,944,2237,1323
273,77.0,feeder,0.9580246210098267,985,944,2236,1322
274,77.0,feeder,0.9580392837524414,985,944,2236,1322
275,77.0,feeder,0.9580033421516418,985,944,2236,1322
276,77.0,feeder,0.9578108787536621,985,944,2236,1322
277,77.0,feeder,0.9577908515930176,985,944,2236,1322
278,77.0,feeder,0.9578376412391663,985,944,2236,1322
279,77.0,feeder,0.9580786228179932,985,944,2236,1322
280,77.0,feeder,0.9579792022705078,985,944,2236,1322
281,77.0,feeder,0.9579959511756897,985,944,2236,1322
282,77.0,feeder,0.9581692814826965,985,944,2236,1322
283,77.0,feeder,0.9582293629646301,984,944,2236,1322
284,77.0,feeder,0.9584311246871948,985,944,2236,1322
285,77.0,feeder,0.95857173204422,985,944,2236,1322
286,77.0,feeder,0.9586061239242554,984,944,2236,1322
287,77.0,feeder,0.9586496353149414,984,943,2237,1322
288,77.0,feeder,0.9586811661720276,984,943,2237,1322
289,77.0,feeder,0.9586992859840393,984,943,2237,1322
290,77.0,feeder,0.9586653113365173,985,943,2237,1322
291,77.0,feeder,0.9585859775543213,985,944,2237,1322
292,77.0,feeder,0.9585464596748352,985,944,2237,1322
293,77.0,feeder,0.9585803747177124,985,944,2237,1322
294,77.0,feeder,0.958444356918335,985,944,2237,1322
295,77.0,feeder,0.9585925340652466,985,944,2236,1322
296,77.0,feeder,0.9584317803382874,985,944,2236,1322
297,77.0,feeder,0.9583695530891418,985,944,2236,1322
298,77.0,feeder,0.9585288166999817,985,943,2236,1322
299,77.0,feeder,0.9586364030838013,985,944,2237,1322
300,77.0,feeder,0.9585617780685425,985,944,2237,1322
301,77.0,feeder,0.9576510787010193,986,944,2236,1322
302,77.0,feeder,0.9578102231025696,986,944,2236,1322
303,77.0,feeder,0.9580221772193909,985,944,2236,1322
304,77.0,feeder,0.9579891562461853,985,944,2235,1322
305,77.0,feeder,0.9579951763153076,984,945,2236,1322
306,77.0,feeder,0.9580365419387817,984,945,2236,1323
307,77.0,feeder,0.9580331444740295,985,944,2236,1323
308,77.0,feeder,0.958034873008728,985,944,2236,1323
309,77.0,feeder,0.9579985737800598,985,944,2235,1323
310,77.0,feeder,0.957891047000885,985,944,2235,1323
311,77.0,feeder,0.958111047744751,985,944,2235,1323
312,77.0,feeder,0.9582225680351257,985,944,2235,1322
313,77.0,feeder,0.9581550359725952,985,945,2235,1323
314,77.0,feeder,0.9581716656684875,985,945,2235,1323
315,77.0,feeder,0.9581047892570496,985,944,2235,1322
316,77.0,feeder,0.9581669569015503,984,944,2235,1322
317,77.0,feeder,0.9587125182151794,984,944,2235,1322
318,77.0,feeder,0.958589494228363,984,944,2235,1322
319,77.0,feeder,0.9583185911178589,984,944,2235,1322
320,77.0,feeder,0.9585718512535095,985,944,2235,1322
321,77.0,feeder,0.9588784575462341,985,944,2236,1322
322,77.0,feeder,0.9588608741760254,985,944,2236,1322
323,77.0,feeder,0.9586632251739502,985,944,2236,1322
324,77.0,feeder,0.9586165547370911,985,944,2236,1322
325,77.0,feeder,0.9586231112480164,985,944,2236,1322
326,77.0,feeder,0.9584570527076721,985,944,2236,1322
327,77.0,feeder,0.9583578705787659,985,944,2236,1322
328,77.0,feeder,0.9582415223121643,985,944,2236,1322
329,77.0,feeder,0.9582065939903259,985,944,2236,1322
330,77.0,feeder,0.9583492279052734,985,944,2236,1322
331,77.0,feeder,0.958731472492218,984,943,2235,1322
332,77.0,feeder,0.9587138295173645,984,943,2235,1322
333,77.0,feeder,0.9587410092353821,984,943,2235,1322
334,77.0,feeder,0.9588807225227356,984,943,2235,1322
335,77.0,feeder,0.9587991833686829,983,943,2235,1322
336,77.0,feeder,0.9588547348976135,984,943,2235,1322
337,77.0,feeder,0.9589099884033203,984,943,2235,1322
338,77.0,feeder,0.9588338136672974,984,943,2235,1322
339,77.0,feeder,0.9587128758430481,984,943,2235,1322
340,77.0,feeder,0.9586104154586792,984,944,2235,1322
341,77.0,feeder,0.958687961101532,984,943,2235,1322
342,77.0,feeder,0.9586805105209351,984,944,2235,1322
343,77.0,feeder,0.9588446617126465,984,943,2235,1322
344,77.0,feeder,0.9588652849197388,984,943,2235,1322
345,77.0,feeder,0.958962082862854,984,943,2235,1322
346,77.0,feeder,0.9585557579994202,984,943,2235,1322
347,77.0,feeder,0.95856112241745,984,943,2235,1322
348,77.0,feeder,0.958366870880127,984,943,2235,1322
349,77.0,feeder,0.9584600329399109,984,943,2235,1322
350,77.0,feeder,0.9585017561912537,984,943,2236,1322
351,77.0,feeder,0.9585692286491394,985,943,2236,1322
352,77.0,feeder,0.9587048292160034,986,943,2236,1322
353,77.0,feeder,0.9584119319915771,986,944,2236,1322
354,77.0,feeder,0.9583909511566162,985,944,2236,1322
355,77.0,feeder,0.9582138061523438,985,944,2236,1322
356,77.0,feeder,0.9586495161056519,986,943,2236,1322
357,77.0,feeder,0.9585945010185242,986,943,2237,1322
358,77.0,feeder,0.9582868218421936,986,943,2237,1322
359,77.0,feeder,0.9581590890884399,986,943,2237,1322
360,77.0,feeder,0.9583141803741455,986,944,2236,1323
361,77.0,feeder,0.9578022360801697,985,945,2235,1323
362,77.0,feeder,0.9578741788864136,985,945,2235,1323
363,77.0,feeder,0.958169162273407,985,945,2235,1323
364,77.0,feeder,0.9585305452346802,984,944,2235,1323
365,77.0,feeder,0.9584318995475769,984,944,2235,1322
366,77.0,feeder,0.9583110213279724,985,944,2235,1323
367,77.0,feeder,0.9584346413612366,984,944,2235,1323
368,77.0,feeder,0.9583920240402222,984,945,2234,1323
369,77.0,feeder,0.9581485986709595,985,945,2234,1323
370,77.0,feeder,0.9583767056465149,985,944,2234,1323
371,77.0,feeder,0.9585076570510864,984,944,2235,1323
372,77.0,feeder,0.9587295055389404,984,944,2235,1323
373,77.0,feeder,0.9587838649749756,984,944,2235,1323
374,77.0,feeder,0.9588147401809692,984,944,2235,1323
375,77.0,feeder,0.9588575959205627,983,944,2235,1323
376,77.0,feeder,0.9581567645072937,984,944,2235,1323
377,77.0,feeder,0.9581003189086914,984,945,2235,1323
378,77.0,feeder,0.9579395651817322,984,945,2235,1323
379,77.0,feeder,0.9580860733985901,984,945,2235,1323
380,77.0,feeder,0.9583873152732849,985,946,2235,1323
381,77.0,feeder,0.9583292007446289,985,945,2235,1323
382,77.0,feeder,0.9580233693122864,985,945,2235,1323
383,77.0,feeder,0.9581785798072815,984,945,2234,1323
384,77.0,feeder,0.9582762122154236,983,945,2234,1323
385,77.0,feeder,0.9582251906394958,983,945,2233,1323
386,77.0,feeder,0.9579005241394043,983,945,2233,1323
387,77.0,feeder,0.9581334590911865,984,945,2234,1323
388,77.0,feeder,0.9584563970565796,984,945,2234,1323
389,77.0,feeder,0.9581294059753418,984,945,2234,1323
390,77.0,feeder,0.9583353996276855,984,945,2234,1323
391,77.0,feeder,0.958668053150177,983,945,2234,1323
392,77.0,feeder,0.9584002494812012,982,945,2234,1323
393,77.0,feeder,0.9585828185081482,983,945,2235,1323
394,77.0,feeder,0.9588820338249207,983,945,2235,1323
395,77.0,feeder,0.9588659405708313,983,945,2235,1323
396,77.0,feeder,0.958490788936615,983,945,2235,1323
397,77.0,feeder,0.9585119485855103,983,946,2235,1323
398,77.0,feeder,0.9584647417068481,983,946,2235,1323
399,77.0,feeder,0.9584674835205078,983,946,2235,1323
400,77.0,feeder,0.9588243961334229,984,945,2235,1322
401,77.0,feeder,0.9590975642204285,984,944,2235,1322
402,77.0,feeder,0.9591078758239746,984,944,2236,1322
403,77.0,feeder,0.9590964913368225,984,944,2235,1322
404,77.0,feeder,0.9590539336204529,984,944,2235,1322
405,77.0,feeder,0.9588645100593567,984,944,2235,1322
406,77.0,feeder,0.9578127264976501,983,944,2235,1322
407,77.0,feeder,0.957933247089386,984,944,2235,1322
408,77.0,feeder,0.9577575922012329,984,944,2235,1323
409,77.0,feeder,0.9577586054801941,984,944,2235,1323
410,77.0,feeder,0.9577237963676453,985,944,2235,1323
411,77.0,feeder,0.9576420187950134,985,944,2236,1322
412,77.0,feeder,0.9578344821929932,985,944,2236,1322
413,77.0,feeder,0.9579395651817322,985,944,2235,1322
414,77.0,feeder,0.958132803440094,985,944,2235,1322
415,77.0,feeder,0.9579534530639648,985,944,2235,1322
416,77.0,feeder,0.9581065773963928,984,944,2235,1323
417,77.0,feeder,0.9579671621322632,984,944,2235,1323
418,77.0,feeder,0.9581416845321655,984,944,2235,1322
419,77.0,feeder,0.9582915306091309,984,944,2235,1322
420,77.0,feeder,0.958095371723175,983,944,2235,1323
421,77.0,feeder,0.9582486152648926,983,944,2235,1323
422,77.0,feeder,0.9583911299705505,984,944,2235,1323
423,77.0,feeder,0.9583808779716492,985,945,2235,1323
424,77.0,feeder,0.9583373665809631,985,945,2235,1323
425,77.0,feeder,0.9583225250244141,985,945,2235,1323
426,77.0,feeder,0.9589136242866516,984,944,2235,1322
427,77.0,feeder,0.9588417410850525,983,944,2236,1322
428,77.0,feeder,0.9589857459068298,983,944,2235,1322
429,77.0,feeder,0.9588654041290283,983,944,2235,1322
430,77.0,feeder,0.9585400819778442,983,944,2235,1322
431,77.0,feeder,0.9584810733795166,983,944,2235,1323
432,77.0,feeder,0.9587270021438599,983,944,2235,1322
433,77.0,feeder,0.9587122797966003,983,944,2235,1322
434,77.0,feeder,0.9589439630508423,983,944,2235,1322
435,77.0,feeder,0.9587879180908203,983,944,2235,1322
436,77.0,feeder,0.9591121673583984,984,944,2235,1322
437,77.0,feeder,0.9586690068244934,984,944,2235,1322
438,77.0,feeder,0.9583853483200073,984,944,2235,1322
439,77.0,feeder,0.9584090113639832,984,944,2234,1322
440,77.0,feeder,0.9585162997245789,983,944,2234,1322
441,77.0,feeder,0.9584593772888184,983,944,2234,1322
442,77.0,feeder,0.9581881761550903,983,944,2234,1323
443,77.0,feeder,0.9583708047866821,983,944,2235,1322
444,77.0,feeder,0.9582886695861816,983,944,2235,1322
445,77.0,feeder,0.9583560228347778,984,944,2235,1322
446,77.0,feeder,0.9582677483558655,984,945,2235,1322
447,77.0,feeder,0.9578731656074524,984,945,2235,1322
448,77.0,feeder,0.9582797884941101,984,945,2234,1323
449,77.0,feeder,0.9582111835479736,984,945,2234,1323
450,77.0,feeder,0.9578625559806824,983,945,2234,1323
451,77.0,feeder,0.9578993320465088,984,945,2234,1322
452,77.0,feeder,0.9581461548805237,984,944,2234,1322
453,77.0,feeder,0.9586130380630493,983,944,2234,1322
454,77.0,feeder,0.9584686756134033,983,945,2234,1323
455,77.0,feeder,0.9581859111785889,983,946,2233,1323
456,77.0,feeder,0.958321213722229,983,946,2233,1323
457,77.0,feeder,0.9581744074821472,983,945,2233,1323
458,77.0,feeder,0.9582628607749939,982,945,2233,1322
459,77.0,feeder,0.9584211707115173,981,944,2233,1323
460,77.0,feeder,0.9585940837860107,982,945,2233,1323
461,77.0,feeder,0.9584357142448425,982,945,2233,1323
462,77.0,feeder,0.9586188197135925,982,945,2233,1323
463,77.0,feeder,0.9587609767913818,982,945,2233,1323
464,77.0,feeder,0.9582390785217285,983,944,2233,1323
465,77.0,feeder,0.9582968950271606,983,944,2234,1323
466,77.0,feeder,0.9581854343414307,983,944,2233,1322
467,77.0,feeder,0.9579574465751648,982,945,2233,1323
468,77.0,feeder,0.9575363993644714,982,945,2233,1323
469,77.0,feeder,0.9578878283500671,982,945,2233,1322
470,77.0,feeder,0.9581282138824463,982,945,2233,1322
471,77.0,feeder,0.9583277702331543,982,944,2233,1322
472,77.0,feeder,0.9582851529121399,982,945,2233,1322
473,77.0,feeder,0.9582733511924744,982,945,2233,1322
474,77.0,feeder,0.9585480690002441,982,945,2233,1322
475,77.0,feeder,0.958443820476532,982,945,2233,1322
476,77.0,feeder,0.9584254026412964,983,945,2232,1322
477,77.0,feeder,0.9585533142089844,982,944,2232,1322
478,77.0,feeder,0.9586011171340942,982,944,2232,1322
479,77.0,feeder,0.9586459994316101,982,944,2233,1322
480,77.0,feeder,0.9584764838218689,982,944,2233,1322
481,77.0,feeder,0.9583789706230164,982,944,2233,1323
482,77.0,feeder,0.9587828516960144,982,944,2233,1323
483,77.0,feeder,0.9589928984642029,982,944,2233,1323
484,77.0,feeder,0.9588575959205627,982,944,2233,1323
485,77.0,feeder,0.9589545130729675,983,944,2233,1323
486,77.0,feeder,0.9591981768608093,983,944,2233,1323
487,77.0,feeder,0.9593470096588135,982,944,2233,1323
488,77.0,feeder,0.9592450857162476,982,943,2233,1322
489,77.0,feeder,0.9590795040130615,982,944,2233,1323
490,77.0,feeder,0.9592429995536804,982,943,2233,1323
491,77.0,feeder,0.9589834213256836,982,944,2233,1323
492,77.0,feeder,0.9591324329376221,982,944,2233,1322
493,77.0,feeder,0.9590325951576233,981,943,2233,1323
494,77.0,feeder,0.9590590000152588,981,944,2233,1323
495,77.0,feeder,0.9592310786247253,981,944,2233,1323
496,77.0,feeder,0.9583917856216431,982,945,2232,1323
497,77.0,feeder,0.95851731300354,982,945,2232,1323
498,77.0,feeder,0.9585705399513245,982,944,2233,1323
499,77.0,feeder,0.958415150642395,982,944,2233,1322
500,77.0,feeder,0.9582987427711487,982,944,2233,1322
501,77.0,feeder,0.9587051868438721,982,944,2233,1323
502,77.0,feeder,0.9586377739906311,982,944,2233,1323
503,77.0,feeder,0.9585623145103455,982,944,2232,1323
504,77.0,feeder,0.9585303664207458,982,944,2232,1323
505,77.0,feeder,0.9584430456161499,982,944,2233,1323
506,77.0,feeder,0.9583717584609985,982,944,2233,1323
507,77.0,feeder,0.9583971500396729,982,944,2233,1323
508,77.0,feeder,0.9585598111152649,982,944,2233,1323
509,77.0,feeder,0.9585076570510864,982,944,2233,1323
510,77.0,feeder,0.9582984447479248,982,944,2233,1323
511,77.0,feeder,0.9588539004325867,982,943,2233,1322
512,77.0,feeder,0.9589074850082397,982,943,2233,1322
513,77.0,feeder,0.9586845636367798,982,943,2233,1323
514,77.0,feeder,0.9586978554725647,982,943,2233,1323
515,77.0,feeder,0.95865398645401,982,944,2233,1323
516,77.0,feeder,0.9586995840072632,982,943,2233,1323
517,77.0,feeder,0.9586923718452454,983,943,2233,1322
518,77.0,feeder,0.9585872888565063,982,943,2233,1322
519,77.0,feeder,0.9588228464126587,981,944,2233,1322
520,77.0,feeder,0.9585616588592529,982,944,2233,1323
521,77.0,feeder,0.9585652947425842,982,944,2233,1323
522,77.0,feeder,0.9584342837333679,982,944,2233,1323
523,77.0,feeder,0.9584324359893799,982,944,2233,1323
524,77.0,feeder,0.9583632349967957,982,944,2233,1323
525,77.0,feeder,0.9583156108856201,982,944,2233,1323
526,77.0,feeder,0.9586297869682312,982,944,2233,1322
527,77.0,feeder,0.9585447907447815,982,944,2233,1322
528,77.0,feeder,0.9586909413337708,981,944,2232,1322
529,77.0,feeder,0.9586620926856995,981,944,2232,1322
530,77.0,feeder,0.9586285948753357,981,944,2232,1322
531,77.0,feeder,0.9583107829093933,982,943,2232,1322
532,77.0,feeder,0.9582968950271606,982,943,2233,1322
533,77.0,feeder,0.9584697484970093,982,943,2233,1322
534,77.0,feeder,0.9588377475738525,981,944,2232,1322
535,77.0,feeder,0.9589666724205017,980,945,2231,1322
536,77.0,feeder,0.9592158198356628,980,944,2231,1322
537,77.0,feeder,0.9588085412979126,981,944,2232,1322
538,77.0,feeder,0.958634078502655,982,944,2233,1322
539,77.0,feeder,0.9586408734321594,982,944,2233,1322
540,77.0,feeder,0.9584337472915649,982,944,2234,1322
541,77.0,feeder,0.9576796293258667,982,945,2234,1322
542,77.0,feeder,0.9581165909767151,982,945,2234,1322
543,77.0,feeder,0.9584016799926758,982,944,2234,1322
544,77.0,feeder,0.9580361843109131,982,944,2234,1322
545,77.0,feeder,0.9580914378166199,982,944,2234,1322
546,77.0,feeder,0.9581508636474609,982,944,2234,1322
547,77.0,feeder,0.9583199620246887,983,944,2234,1322
548,77.0,feeder,0.958044171333313,983,944,2234,1322
549,77.0,feeder,0.9582220315933228,983,944,2234,1322
550,77.0,feeder,0.9581694602966309,982,944,2233,1322
551,77.0,feeder,0.9583404660224915,983,944,2233,1322
552,77.0,feeder,0.9584454894065857,983,944,2233,1322
553,77.0,feeder,0.9584320783615112,982,944,2233,1322
554,77.0,feeder,0.9584164619445801,983,944,2233,1322
555,77.0,feeder,0.9583970904350281,982,944,2233,1322
556,77.0,feeder,0.9588444828987122,983,943,2234,1322
557,77.0,feeder,0.9588927030563354,983,943,2234,1322
558,77.0,feeder,0.95872962474823,983,943,2234,1322
559,77.0,feeder,0.9588655829429626,982,943,2233,1322
560,77.0,feeder,0.9585222601890564,982,943,2233,1322
561,77.0,feeder,0.9583176970481873,982,943,2233,1322
562,77.0,feeder,0.9584828019142151,982,943,2233,1322
563,77.0,feeder,0.9585810303688049,982,943,2233,1322
564,77.0,feeder,0.9584630131721497,982,943,2234,1322
565,77.0,feeder,0.9585281610488892,982,943,2234,1322
566,77.0,feeder,0.9586548805236816,983,943,2234,1322
567,77.0,feeder,0.9587122797966003,982,943,2234,1322
568,77.0,feeder,0.9586761593818665,983,943,2234,1322
569,77.0,feeder,0.9585803151130676,983,943,2234,1322
570,77.0,feeder,0.9586016535758972,983,943,2234,1322
571,77.0,feeder,0.9583442807197571,983,944,2234,1322
572,77.0,feeder,0.9584358334541321,983,943,2234,1322
573,77.0,feeder,0.9585591554641724,983,943,2234,1322
574,77.0,feeder,0.9584735035896301,983,943,2234,1321
575,77.0,feeder,0.9583739638328552,982,943,2234,1321
576,77.0,feeder,0.9584235548973083,982,943,2234,1321
577,77.0,feeder,0.9584489464759827,982,943,2234,1321
578,77.0,feeder,0.9584653973579407,982,943,2234,1321
579,77.0,feeder,0.9583466053009033,982,943,2234,1321
580,77.0,feeder,0.9584872126579285,982,943,2234,1321
581,77.0,feeder,0.958470344543457,983,943,2234,1321
582,77.0,feeder,0.9586303234100342,982,943,2234,1321
583,77.0,feeder,0.9587311744689941,982,943,2234,1321
584,77.0,feeder,0.9587703943252563,982,943,2234,1321
585,77.0,feeder,0.9588335156440735,982,943,2234,1321
586,77.0,feeder,0.9589473605155945,983,943,2234,1321
587,77.0,feeder,0.9590121507644653,983,943,2234,1321
588,77.0,feeder,0.9591069221496582,983,943,2234,1321
589,77.0,feeder,0.9588758945465088,983,943,2234,1321
590,77.0,feeder,0.9589536190032959,982,943,2234,1321
591,77.0,feeder,0.9589129686355591,982,943,2234,1321
592,77.0,feeder,0.9589676856994629,983,943,2234,1322
593,77.0,feeder,0.9588840007781982,983,943,2234,1322
594,77.0,feeder,0.9588133096694946,983,943,2234,1322
595,77.0,feeder,0.958922803401947,983,943,2234,1321
596,77.0,feeder,0.958897590637207,983,943,2234,1321
597,77.0,feeder,0.9588860869407654,983,943,2235,1321
598,77.0,feeder,0.9591130614280701,984,943,2235,1321
599,77.0,feeder,0.9591686725616455,983,943,2234,1321
600,77.0,feeder,0.9590764045715332,983,943,2234,1321
601,77.0,feeder,0.958697497844696,984,943,2235,1322
602,77.0,feeder,0.9585615396499634,984,943,2235,1322
603,77.0,feeder,0.9584307670593262,984,943,2235,1322
604,77.0,feeder,0.9584579467773438,984,943,2235,1322
605,77.0,feeder,0.9584855437278748,984,943,2235,1322
606,77.0,feeder,0.9585946202278137,984,943,2236,1322
607,77.0,feeder,0.9586445093154907,983,943,2235,1322
608,77.0,feeder,0.9583941102027893,984,944,2235,1322
609,77.0,feeder,0.9584075808525085,984,944,2235,1322
610,77.0,feeder,0.9584006667137146,984,944,2235,1322
611,77.0,feeder,0.958407461643219,984,944,2235,1322
612,77.0,feeder,0.958488941192627,984,943,2235,1322
613,77.0,feeder,0.9586519598960876,983,943,2235,1322
614,77.0,feeder,0.9587257504463196,983,943,2235,1322
615,77.0,feeder,0.958689272403717,983,943,2235,1322
616,77.0,feeder,0.9585779905319214,982,943,2235,1322
617,77.0,feeder,0.9586597084999084,982,943,2235,1322
618,77.0,feeder,0.9586213827133179,982,943,2235,1322
619,77.0,feeder,0.9585627913475037,982,943,2235,1322
620,77.0,feeder,0.9584429264068604,982,944,2235,1322
621,77.0,feeder,0.9583077430725098,982,943,2235,1322
622,77.0,feeder,0.9582547545433044,982,943,2235,1322
623,77.0,feeder,0.9583675265312195,983,944,2236,1322
624,77.0,feeder,0.958488941192627,982,943,2236,1322
625,77.0,feeder,0.958733320236206,982,943,2236,1322
626,77.0,feeder,0.9586483240127563,982,943,2236,1322
627,77.0,feeder,0.9586424231529236,983,943,2236,1322
628,77.0,feeder,0.9586513638496399,983,943,2236,1322
629,77.0,feeder,0.9585853219032288,983,943,2236,1322
630,77.0,feeder,0.9587037563323975,983,943,2236,1322
631,77.0,feeder,0.9582738876342773,983,943,2235,1322
632,77.0,feeder,0.958324670791626,983,943,2234,1322
633,77.0,feeder,0.9583054184913635,983,943,2234,1322
634,77.0,feeder,0.9584468603134155,983,943,2234,1322
635,77.0,feeder,0.9583560228347778,983,943,2234,1322
636,77.0,feeder,0.9584541320800781,983,943,2234,1322
637,77.0,feeder,0.95857173204422,983,943,2234,1322
638,77.0,feeder,0.9585720896720886,983,943,2234,1322
639,77.0,feeder,0.958473265171051,984,943,2234,1322
640,77.0,feeder,0.9584823846817017,984,943,2234,1322
641,77.0,feeder,0.9582996368408203,984,943,2234,1322
642,77.0,feeder,0.9582539796829224,983,943,2234,1322
643,77.0,feeder,0.9581938982009888,983,943,2234,1322
644,77.0,feeder,0.9580588340759277,983,943,2234,1322
645,77.0,feeder,0.958200991153717,983,943,2234,1322
646,77.0,feeder,0.9586784243583679,983,943,2234,1322
647,77.0,feeder,0.9585875272750854,984,943,2234,1322
648,77.0,feeder,0.9585131406784058,984,943,2234,1321
649,77.0,feeder,0.958464503288269,984,944,2234,1321
650,77.0,feeder,0.9586382508277893,984,944,2233,1321
651,77.0,feeder,0.9586999416351318,984,944,2234,1321
652,77.0,feeder,0.9588443636894226,984,944,2234,1321
653,77.0,feeder,0.958798348903656,984,944,2234,1321
654,77.0,feeder,0.9587948322296143,984,944,2234,1321
655,77.0,feeder,0.9585883021354675,984,944,2234,1322
656,77.0,feeder,0.9587427377700806,984,944,2234,1322
657,77.0,feeder,0.9586369395256042,984,944,2234,1322
658,77.0,feeder,0.9587406516075134,984,944,2235,1322
659,77.0,feeder,0.9587002396583557,984,944,2235,1322
660,77.0,feeder,0.9586640000343323,984,944,2234,1322
661,77.0,feeder,0.9582957029342651,984,944,2235,1322
662,77.0,feeder,0.9583283066749573,985,944,2235,1322
663,77.0,feeder,0.958187997341156,985,944,2235,1322
664,77.0,feeder,0.9581350088119507,985,944,2235,1322
665,77.0,feeder,0.9582679867744446,985,944,2235,1322
666,77.0,feeder,0.958400547504425,985,944,2235,1322
667,77.0,feeder,0.9584937691688538,985,944,2235,1322
668,77.0,feeder,0.9583970904350281,985,944,2235,1322
669,77.0,feeder,0.9584422707557678,985,944,2235,1322
670,77.0,feeder,0.9582961201667786,985,944,2235,1322
671,77.0,feeder,0.9581766724586487,985,944,2235,1322
672,77.0,feeder,0.958236038684845,985,944,2235,1322
673,77.0,feeder,0.9583831429481506,984,944,2235,1322
674,77.0,feeder,0.9584468007087708,984,944,2235,1322
675,77.0,feeder,0.9583002924919128,985,944,2235,1322
676,77.0,feeder,0.9586520195007324,985,944,2236,1322
677,77.0,feeder,0.9586724042892456,986,944,2237,1322
678,77.0,feeder,0.9589384198188782,987,944,2237,1323
679,77.0,feeder,0.9585628509521484,986,944,2237,1323
680,77.0,feeder,0.9587669968605042,986,944,2236,1322
681,77.0,feeder,0.9588306546211243,986,944,2236,1322
682,77.0,feeder,0.9585548639297485,986,944,2237,1322
683,77.0,feeder,0.9586089849472046,987,944,2238,1323
684,77.0,feeder,0.9585785269737244,987,944,2238,1323
685,77.0,feeder,0.958388090133667,987,945,2238,1323
686,77.0,feeder,0.9583249092102051,986,945,2237,1323
687,77.0,feeder,0.9583690166473389,986,944,2236,1322
688,77.0,feeder,0.9582749009132385,985,944,2237,1322
689,77.0,feeder,0.9582254886627197,985,944,2237,1322
690,77.0,feeder,0.958359956741333,985,944,2236,1323
691,77.0,feeder,0.9586486220359802,986,944,2236,1323
692,77.0,feeder,0.9586003422737122,986,944,2237,1323
693,77.0,feeder,0.9582488536834717,986,944,2237,1322
694,77.0,feeder,0.9584205150604248,986,944,2236,1322
695,77.0,feeder,0.9582287073135376,986,944,2236,1321
696,77.0,feeder,0.9581109285354614,985,943,2236,1321
697,77.0,feeder,0.9583759307861328,985,944,2236,1322
698,77.0,feeder,0.9583998918533325,985,944,2235,1322
699,77.0,feeder,0.9585331082344055,985,944,2236,1322
700,77.0,feeder,0.9584141373634338,985,943,2236,1322
701,77.0,feeder,0.9578799605369568,985,943,2236,1322
702,77.0,feeder,0.9581136703491211,985,943,2236,1322
703,77.0,feeder,0.9581245183944702,985,944,2236,1322
704,77.0,feeder,0.9584898352622986,985,944,2236,1322
705,77.0,feeder,0.9580711126327515,985,944,2235,1323
706,77.0,feeder,0.9586074352264404,985,944,2236,1322
707,77.0,feeder,0.9590196013450623,985,944,2236,1322
708,77.0,feeder,0.959297776222229,985,944,2236,1322
709,77.0,feeder,0.9590572118759155,984,944,2235,1322
710,77.0,feeder,0.9585488438606262,984,944,2236,1323
711,77.0,feeder,0.9590317010879517,985,945,2236,1323
712,77.0,feeder,0.959038257598877,986,945,2236,1323
713,77.0,feeder,0.9586765766143799,985,945,2236,1323
714,77.0,feeder,0.9590209722518921,984,944,2236,1322
715,77.0,feeder,0.9595643877983093,983,943,2236,1321
716,77.0,feeder,0.9595409035682678,983,943,2236,1322
717,77.0,feeder,0.9589164853096008,983,944,2236,1322
718,77.0,feeder,0.9590820074081421,985,944,2237,1323
719,77.0,feeder,0.958972156047821,986,945,2237,1323
720,77.0,feeder,0.9588117003440857,986,945,2237,1323
721,77.0,feeder,0.9575071334838867,985,946,2236,1323
722,77.0,feeder,0.9582636952400208,983,945,2235,1322
723,77.0,feeder,0.9583122134208679,983,944,2234,1322
724,77.0,feeder,0.9577916264533997,983,944,2234,1323
725,77.0,feeder,0.9577341079711914,984,945,2235,1323
726,77.0,feeder,0.9577527642250061,984,945,2235,1323
727,77.0,feeder,0.957513153553009,984,945,2235,1323
728,77.0,feeder,0.9583340883255005,983,944,2235,1322
729,77.0,feeder,0.9588912725448608,982,943,2234,1322
730,77.0,feeder,0.9588616490364075,981,943,2234,1321
731,77.0,feeder,0.9587507843971252,982,943,2235,1322
732,77.0,feeder,0.9582707285881042,983,944,2235,1322
733,77.0,feeder,0.9580284357070923,984,944,2236,1322
734,77.0,feeder,0.9581292271614075,985,944,2236,1322
735,77.0,feeder,0.9583004713058472,985,944,2237,1322
736,77.0,feeder,0.9575968980789185,987,944,2237,1322
737,77.0,feeder,0.9576375484466553,987,944,2237,1322
738,77.0,feeder,0.9576683640480042,987,944,2238,1323
739,77.0,feeder,0.9578146934509277,986,944,2238,1323
740,77.0,feeder,0.9579545855522156,986,943,2238,1323
741,77.0,feeder,0.9579765796661377,986,943,2237,1322
742,77.0,feeder,0.958015501499176,986,943,2237,1322
743,77.0,feeder,0.957902729511261,987,943,2237,1322
744,77.0,feeder,0.9579963684082031,987,943,2237,1321
745,77.0,feeder,0.9580191373825073,986,943,2237,1321
746,77.0,feeder,0.958378791809082,986,943,2237,1321
747,77.0,feeder,0.9579551219940186,985,943,2236,1321
748,77.0,feeder,0.958397626876831,984,942,2236,1321
749,77.0,feeder,0.9585891366004944,984,941,2236,1320
750,77.0,feeder,0.9587342143058777,983,941,2237,1321
751,77.0,feeder,0.9579936265945435,984,942,2237,1321
752,77.0,feeder,0.9580589532852173,984,942,2237,1321
753,77.0,feeder,0.9580077528953552,985,942,2238,1321
754,77.0,feeder,0.9580070972442627,984,942,2237,1321
755,77.0,feeder,0.9581865668296814,984,941,2238,1321
756,77.0,feeder,0.9581288695335388,984,941,2238,1321
757,77.0,feeder,0.9577896595001221,985,941,2238,1321
758,77.0,feeder,0.95765221118927,985,942,2238,1321
759,77.0,feeder,0.9577235579490662,985,943,2238,1321
760,77.0,feeder,0.9577328562736511,985,943,2238,1321
761,77.0,feeder,0.9578558206558228,985,942,2238,1321
762,77.0,feeder,0.9582534432411194,985,941,2238,1321
763,77.0,feeder,0.9580157399177551,985,941,2238,1321
764,77.0,feeder,0.958124041557312,984,942,2238,1321
765,77.0,feeder,0.9575944542884827,985,942,2237,1321
766,77.0,feeder,0.9575251936912537,986,943,2238,1321
767,77.0,feeder,0.957354724407196,987,943,2238,1322
768,77.0,feeder,0.9575358629226685,986,943,2238,1321
769,77.0,feeder,0.957632303237915,986,943,2238,1321
770,77.0,feeder,0.9575127363204956,986,943,2237,1321
771,77.0,feeder,0.9578717947006226,986,943,2237,1321
772,77.0,feeder,0.9577326774597168,986,944,2237,1322
773,77.0,feeder,0.9573285579681396,986,944,2237,1322
774,77.0,feeder,0.9572704434394836,987,944,2237,1322
775,77.0,feeder,0.9572533369064331,988,944,2238,1322
776,77.0,feeder,0.9568184018135071,988,944,2238,1322
777,77.0,feeder,0.9568747282028198,988,944,2238,1322
778,77.0,feeder,0.9572567939758301,988,944,2238,1322
779,77.0,feeder,0.9580110311508179,987,943,2238,1321
780,77.0,feeder,0.9576357007026672,986,942,2238,1321
781,77.0,feeder,0.9583383798599243,986,942,2238,1321
782,77.0,feeder,0.9581881761550903,986,942,2237,1321
783,77.0,feeder,0.9583616852760315,985,943,2237,1321
784,77.0,feeder,0.9583482146263123,986,943,2237,1322
785,77.0,feeder,0.9582298994064331,986,944,2237,1322
786,77.0,feeder,0.9583721160888672,986,944,2237,1321
787,77.0,feeder,0.9581945538520813,986,943,2237,1321
788,77.0,feeder,0.9585349559783936,986,943,2237,1321
789,77.0,feeder,0.958368718624115,986,943,2236,1321
790,77.0,feeder,0.9583355188369751,985,944,2237,1322
791,77.0,feeder,0.9583443999290466,984,944,2236,1322
792,77.0,feeder,0.9580927491188049,984,944,2235,1322
793,77.0,feeder,0.9582594633102417,985,944,2236,1322
794,77.0,feeder,0.958417534828186,985,944,2236,1322
795,77.0,feeder,0.9584398865699768,985,943,2236,1322
796,77.0,feeder,0.9582346081733704,984,943,2236,1321
797,77.0,feeder,0.9584130644798279,983,943,2236,1322
798,77.0,feeder,0.9582387804985046,983,943,2236,1322
799,77.0,feeder,0.9581507444381714,983,943,2236,1322
800,77.0,feeder,0.957911491394043,983,943,2236,1321
801,77.0,feeder,0.9574840664863586,984,943,2236,1321
802,77.0,feeder,0.9575332403182983,984,944,2237,1321
803,77.0,feeder,0.9574334621429443,984,944,2236,1321
804,77.0,feeder,0.9577376842498779,984,944,2236,1322
805,77.0,feeder,0.9579398036003113,984,943,2236,1322
806,77.0,feeder,0.9581552743911743,983,943,2236,1322
807,77.0,feeder,0.9578532576560974,983,943,2236,1321
808,77.0,feeder,0.9577126502990723,984,942,2236,1321
809,77.0,feeder,0.9578685164451599,984,942,2237,1321
810,77.0,feeder,0.9578208923339844,985,942,2238,1322
811,77.0,feeder,0.9576952457427979,985,942,2238,1322
812,77.0,feeder,0.9584307074546814,986,943,2237,1321
813,77.0,feeder,0.9582907557487488,985,943,2236,1321
814,77.0,feeder,0.9584934115409851,984,943,2235,1321
815,77.0,feeder,0.9582468867301941,984,943,2234,1321
816,77.0,feeder,0.9581182599067688,984,943,2234,1321
817,77.0,feeder,0.95814049243927,983,943,2235,1321
818,77.0,feeder,0.9580564498901367,984,943,2235,1321
819,77.0,feeder,0.9579248428344727,984,943,2235,1321
820,77.0,feeder,0.9578765630722046,984,943,2235,1321
821,77.0,feeder,0.9580506086349487,984,943,2235,1321
822,77.0,feeder,0.9581522941589355,984,943,2235,1321
823,77.0,feeder,0.958099901676178,983,943,2235,1321
824,77.0,feeder,0.9580361843109131,983,943,2235,1321
825,77.0,feeder,0.9581714272499084,984,943,2235,1322
826,77.0,feeder,0.9581359028816223,984,944,2235,1322
827,77.0,feeder,0.9587108492851257,984,943,2236,1321
828,77.0,feeder,0.9587523937225342,985,943,2236,1321
829,77.0,feeder,0.9589265584945679,984,943,2236,1321
830,77.0,feeder,0.9584873914718628,984,944,2236,1322
831,77.0,feeder,0.9583128690719604,984,944,2235,1322
832,77.0,feeder,0.9586303234100342,984,944,2236,1322
833,77.0,feeder,0.9589956998825073,984,944,2236,1322
834,77.0,feeder,0.9593877196311951,984,944,2236,1322
835,77.0,feeder,0.9592786431312561,984,944,2235,1322
836,77.0,feeder,0.9590356349945068,983,944,2235,1322
837,77.0,feeder,0.9588514566421509,983,944,2234,1322
838,77.0,feeder,0.9588977098464966,983,944,2234,1322
839,77.0,feeder,0.9587374925613403,983,944,2235,1322
840,77.0,feeder,0.9589107632637024,984,944,2235,1321
841,77.0,feeder,0.9582803845405579,984,943,2236,1321
842,77.0,feeder,0.9584413170814514,984,944,2236,1322
843,77.0,feeder,0.9583289623260498,983,944,2236,1322
844,77.0,feeder,0.9582182765007019,983,945,2236,1322
845,77.0,feeder,0.9585649371147156,984,944,2236,1322
846,77.0,feeder,0.9585179686546326,984,944,2236,1322
847,77.0,feeder,0.958591878414154,984,944,2236,1322
848,77.0,feeder,0.9587106704711914,984,944,2236,1322
849,77.0,feeder,0.9587106704711914,984,944,2236,1322
850,77.0,feeder,0.9582263827323914,984,945,2236,1322
851,77.0,feeder,0.9583476781845093,984,945,2235,1322
852,77.0,feeder,0.9581838250160217,984,945,2235,1322
853,77.0,feeder,0.9580577611923218,984,944,2235,1322
854,77.0,feeder,0.9580979943275452,984,944,2236,1322
855,77.0,feeder,0.9582579135894775,984,944,2236,1322
856,77.0,feeder,0.9585719704627991,985,944,2236,1322
857,77.0,feeder,0.9586235880851746,985,944,2236,1322
858,77.0,feeder,0.9587369561195374,985,944,2235,1322
859,77.0,feeder,0.9587027430534363,984,944,2235,1322
860,77.0,feeder,0.9589236974716187,984,943,2236,1322
861,77.0,feeder,0.958632230758667,984,943,2236,1322
862,77.0,feeder,0.9586287140846252,984,943,2236,1322
863,77.0,feeder,0.9587845206260681,984,943,2236,1322
864,77.0,feeder,0.958817183971405,985,943,2235,1322
865,77.0,feeder,0.9590423107147217,984,943,2235,1322
866,77.0,feeder,0.958997368812561,984,943,2235,1322
867,77.0,feeder,0.9589235782623291,984,943,2235,1322
868,77.0,feeder,0.9589691162109375,984,943,2235,1322
869,77.0,feeder,0.9587977528572083,984,943,2235,1322
870,77.0,feeder,0.9589849710464478,983,944,2235,1322
871,77.0,feeder,0.9590021967887878,983,944,2234,1322
872,77.0,feeder,0.9588016271591187,983,944,2233,1323
873,77.0,feeder,0.9588857889175415,983,944,2234,1322
874,77.0,feeder,0.959089457988739,984,944,2234,1322
875,77.0,feeder,0.9593998789787292,983,944,2234,1322
876,77.0,feeder,0.959211528301239,984,944,2234,1322
877,77.0,feeder,0.9589006900787354,983,944,2234,1322
878,77.0,feeder,0.9587796926498413,983,944,2233,1322
879,77.0,feeder,0.9588125944137573,983,943,2233,1322
880,77.0,feeder,0.9589315056800842,984,944,2234,1322
881,77.0,feeder,0.9589320421218872,985,944,2234,1322
882,77.0,feeder,0.9590620398521423,984,944,2234,1322
883,77.0,feeder,0.95887690782547,985,944,2234,1322
884,77.0,feeder,0.9585608839988708,984,944,2234,1322
885,77.0,feeder,0.9586714506149292,984,944,2234,1322
886,77.0,feeder,0.9583269953727722,984,944,2234,1322
887,77.0,feeder,0.9585248827934265,985,944,2234,1322
888,77.0,feeder,0.9585097432136536,984,943,2234,1322
889,77.0,feeder,0.9585950970649719,985,944,2234,1322
890,77.0,feeder,0.9584071636199951,984,944,2234,1322
891,77.0,feeder,0.9584072232246399,984,944,2234,1322
892,77.0,feeder,0.958200216293335,984,944,2234,1322
893,77.0,feeder,0.958489716053009,985,944,2234,1322
894,77.0,feeder,0.9584855437278748,985,943,2235,1322
895,77.0,feeder,0.9584220051765442,985,943,2235,1322
896,77.0,feeder,0.958227276802063,985,944,2235,1322
897,77.0,feeder,0.9581732153892517,985,944,2235,1322
898,77.0,feeder,0.958151638507843,986,944,2235,1322
899,77.0,feeder,0.9581339359283447,985,944,2235,1322
900,77.0,feeder,0.9585094451904297,985,944,2235,1322
901,77.0,feeder,0.9586513638496399,985,944,2235,1321
902,77.0,feeder,0.9587770700454712,985,944,2235,1321
903,77.0,feeder,0.9590011835098267,985,944,2235,1321
904,77.0,feeder,0.9589375257492065,985,944,2235,1321
905,77.0,feeder,0.9590667486190796,984,944,2235,1321
906,77.0,feeder,0.9593015909194946,984,944,2235,1321
907,77.0,feeder,0.9595698118209839,984,943,2234,1321
908,77.0,feeder,0.9594212770462036,983,943,2234,1321
909,77.0,feeder,0.9590583443641663,983,943,2234,1321
910,77.0,feeder,0.9589324593544006,983,944,2234,1321
911,77.0,feeder,0.9587908387184143,983,944,2234,1321
912,77.0,feeder,0.9587817788124084,983,944,2234,1321
913,77.0,feeder,0.9589751362800598,983,944,2234,1321
914,77.0,feeder,0.9591139554977417,983,944,2234,1321
915,77.0,feeder,0.9588090777397156,983,944,2234,1321
916,77.0,feeder,0.9586837291717529,983,944,2234,1322
917,77.0,feeder,0.9585727453231812,983,944,2234,1322
918,77.0,feeder,0.9587910771369934,983,944,2234,1322
919,77.0,feeder,0.9590343236923218,983,943,2235,1322
920,77.0,feeder,0.9590926766395569,983,943,2234,1322
921,77.0,feeder,0.9587081670761108,983,944,2234,1322
922,77.0,feeder,0.9587379693984985,983,944,2234,1322
923,77.0,feeder,0.9587321281433105,982,944,2234,1322
924,77.0,feeder,0.9586461186408997,982,944,2234,1322
925,77.0,feeder,0.9587122201919556,982,944,2234,1322
926,77.0,feeder,0.9586110711097717,982,944,2234,1322
927,77.0,feeder,0.9587116241455078,982,944,2234,1322
928,77.0,feeder,0.9586466550827026,982,944,2234,1322
929,77.0,feeder,0.958825409412384,982,944,2233,1322
930,77.0,feeder,0.9587180018424988,982,944,2233,1322
931,77.0,feeder,0.9591156840324402,982,943,2233,1322
932,77.0,feeder,0.9588958621025085,983,943,2233,1322
933,77.0,feeder,0.9589720368385315,983,943,2233,1322
934,77.0,feeder,0.9589471817016602,983,943,2233,1322
935,77.0,feeder,0.9589514136314392,982,943,2233,1322
936,77.0,feeder,0.9587610363960266,983,944,2233,1322
937,77.0,feeder,0.9589052796363831,982,943,2234,1322
938,77.0,feeder,0.9589208364486694,982,943,2234,1322
939,77.0,feeder,0.9591086506843567,982,943,2234,1322
940,77.0,feeder,0.9590893387794495,982,943,2234,1321
941,77.0,feeder,0.9590616226196289,982,943,2233,1322
942,77.0,feeder,0.9590501189231873,982,943,2233,1322
943,77.0,feeder,0.9591630697250366,982,943,2233,1322
944,77.0,feeder,0.9592334628105164,982,943,2234,1322
945,77.0,feeder,0.959088146686554,982,943,2234,1322
946,77.0,feeder,0.959201991558075,983,943,2233,1322
947,77.0,feeder,0.9589895009994507,983,944,2233,1322
948,77.0,feeder,0.9588658213615417,983,944,2233,1322
949,77.0,feeder,0.9588528871536255,983,944,2233,1322
950,77.0,feeder,0.9586396813392639,982,944,2233,1322
951,77.0,feeder,0.9587367177009583,982,944,2233,1322
952,77.0,feeder,0.9586431384086609,982,944,2233,1322
953,77.0,feeder,0.9586845636367798,982,944,2233,1322
954,77.0,feeder,0.9586673974990845,982,944,2232,1322
955,77.0,feeder,0.9585772156715393,982,944,2232,1322
956,77.0,feeder,0.958723783493042,983,944,2232,1322
957,77.0,feeder,0.9589223861694336,983,944,2232,1322
958,77.0,feeder,0.958946704864502,982,944,2232,1322
959,77.0,feeder,0.9588268995285034,982,944,2232,1322
960,77.0,feeder,0.9588128924369812,982,944,2232,1322
961,77.0,feeder,0.9589037299156189,983,944,2233,1322
962,77.0,feeder,0.9592317342758179,983,944,2233,1322
963,77.0,feeder,0.9593012928962708,983,944,2233,1322
964,77.0,feeder,0.959345281124115,983,944,2233,1322
965,77.0,feeder,0.9591333270072937,983,944,2233,1322
966,77.0,feeder,0.9589289426803589,983,944,2233,1322
967,77.0,feeder,0.9588420391082764,983,944,2233,1322
968,77.0,feeder,0.958956241607666,983,944,2233,1322
969,77.0,feeder,0.9589763283729553,983,944,2234,1322
970,77.0,feeder,0.9590242505073547,983,944,2234,1322
971,77.0,feeder,0.9590510725975037,983,944,2234,1321
972,77.0,feeder,0.9590084552764893,983,944,2234,1322
973,77.0,feeder,0.9588385224342346,983,944,2234,1322
974,77.0,feeder,0.9587730169296265,983,944,2234,1322
975,77.0,feeder,0.9584819078445435,983,944,2234,1322
976,77.0,feeder,0.9583386182785034,984,944,2234,1322
977,77.0,feeder,0.9582706093788147,984,944,2234,1322
978,77.0,feeder,0.9582716822624207,984,944,2234,1322
979,77.0,feeder,0.9583451747894287,984,944,2234,1322
980,77.0,feeder,0.9583477973937988,984,944,2234,1322
981,77.0,feeder,0.9585397839546204,984,943,2234,1322
982,77.0,feeder,0.9586045145988464,984,943,2234,1322
983,77.0,feeder,0.958570659160614,984,943,2234,1322
984,77.0,feeder,0.9587048292160034,984,944,2234,1322
985,77.0,feeder,0.9588772058486938,984,943,2234,1322
986,77.0,feeder,0.9589081406593323,984,943,2234,1322
987,77.0,feeder,0.9589558243751526,984,943,2234,1322
988,77.0,feeder,0.9588590264320374,984,943,2234,1322
989,77.0,feeder,0.9587352871894836,984,943,2234,1322
990,77.0,feeder,0.9586194753646851,984,943,2234,1322
991,77.0,feeder,0.9585998058319092,984,944,2234,1322
992,77.0,feeder,0.9587370753288269,984,944,2234,1322
993,77.0,feeder,0.9588348269462585,984,944,2234,1322
994,77.0,feeder,0.9588370323181152,983,944,2234,1322
995,77.0,feeder,0.9587245583534241,983,943,2234,1322
996,77.0,feeder,0.95858234167099,984,944,2234,1322
997,77.0,feeder,0.9585390090942383,984,944,2234,1322
998,77.0,feeder,0.9585195183753967,984,944,2234,1322
999,77.0,feeder,0.9586200714111328,984,944,2234,1322
1000,77.0,feeder,0.9586728811264038,984,944,2234,1322
1001,77.0,feeder,0.9586126208305359,984,944,2234,1322
1002,77.0,feeder,0.9586287140846252,984,944,2234,1321
1003,77.0,feeder,0.9584805369377136,984,944,2234,1321
1004,77.0,feeder,0.9584469795227051,984,944,2234,1321
1005,77.0,feeder,0.9582974314689636,984,944,2234,1321
1006,77.0,feeder,0.9580199718475342,984,944,2235,1322
1007,77.0,feeder,0.9578770995140076,984,944,2235,1322
1008,77.0,feeder,0.9579353332519531,984,944,2235,1322
1009,77.0,feeder,0.9579715132713318,984,943,2235,1322
1010,77.0,feeder,0.9578566551208496,984,944,2235,1322
1011,77.0,feeder,0.9579522609710693,985,944,2235,1322
1012,77.0,feeder,0.958084225654602,985,944,2235,1322
1013,77.0,feeder,0.9581562280654907,985,944,2235,1322
1014,77.0,feeder,0.9581800103187561,985,944,2235,1322
1015,77.0,feeder,0.9581243991851807,985,944,2235,1322
1016,77.0,feeder,0.9580645561218262,985,944,2235,1322
1017,77.0,feeder,0.9580888152122498,985,944,2235,1322
1018,77.0,feeder,0.9582101106643677,985,944,2235,1322
1019,77.0,feeder,0.9580456018447876,985,944,2235,1322
1020,77.0,feeder,0.9581611752510071,985,944,2235,1322
1021,77.0,feeder,0.9583700299263,985,943,2235,1322
1022,77.0,feeder,0.9582988619804382,985,943,2235,1322
1023,77.0,feeder,0.958209753036499,985,943,2235,1322
1024,77.0,feeder,0.9583615660667419,985,943,2235,1322
1025,77.0,feeder,0.9583722949028015,985,943,2235,1322
1026,77.0,feeder,0.9585250616073608,985,944,2235,1322
1027,77.0,feeder,0.9585793018341064,985,944,2235,1322
1028,77.0,feeder,0.9585089683532715,985,943,2235,1322
1029,77.0,feeder,0.9582716226577759,985,944,2235,1322
1030,77.0,feeder,0.9584317803382874,984,943,2235,1322
1031,77.0,feeder,0.9585033059120178,984,943,2235,1322
1032,77.0,feeder,0.9585474133491516,984,943,2235,1322
1033,77.0,feeder,0.9583370685577393,984,943,2235,1322
1034,77.0,feeder,0.9585726261138916,985,943,2235,1322
1035,77.0,feeder,0.9585180878639221,985,943,2235,1322
1036,77.0,feeder,0.958615243434906,984,943,2235,1322
1037,77.0,feeder,0.9586909413337708,984,943,2235,1322
1038,77.0,feeder,0.9588045477867126,984,943,2235,1322
1039,77.0,feeder,0.9586569666862488,984,943,2234,1322
1040,77.0,feeder,0.9584187269210815,984,943,2235,1322
1041,77.0,feeder,0.9587209820747375,984,943,2235,1322
1042,77.0,feeder,0.958781361579895,984,943,2235,1322
1043,77.0,feeder,0.9587254524230957,984,943,2235,1322
1044,77.0,feeder,0.9587306976318359,984,943,2234,1322
1045,77.0,feeder,0.9586359262466431,984,943,2234,1322
1046,77.0,feeder,0.9586319923400879,984,943,2234,1322
1047,77.0,feeder,0.9586392045021057,984,943,2234,1321
1048,77.0,feeder,0.9588115811347961,983,943,2234,1321
1049,77.0,feeder,0.9589846730232239,983,943,2234,1321
1050,77.0,feeder,0.9589240550994873,983,943,2234,1321
1051,77.0,feeder,0.9591234922409058,983,943,2233,1322
1052,77.0,feeder,0.9591006636619568,983,943,2233,1322
1053,77.0,feeder,0.9591652750968933,983,943,2233,1322
1054,77.0,feeder,0.9590089917182922,983,943,2233,1322
1055,77.0,feeder,0.9588876366615295,983,944,2233,1322
1056,77.0,feeder,0.9588873982429504,984,943,2233,1322
1057,77.0,feeder,0.9588996171951294,983,944,2233,1321
1058,77.0,feeder,0.9588260650634766,983,944,2233,1321
1059,77.0,feeder,0.9588110446929932,983,943,2233,1321
1060,77.0,feeder,0.9588199257850647,984,944,2233,1322
1061,77.0,feeder,0.9588204622268677,984,944,2233,1322
1062,77.0,feeder,0.9587907791137695,984,944,2233,1321
1063,77.0,feeder,0.9588179588317871,983,944,2233,1321
1064,77.0,feeder,0.9589377641677856,984,944,2233,1321
1065,77.0,feeder,0.9587169289588928,984,944,2233,1321
1066,77.0,feeder,0.9592095613479614,984,944,2234,1322
1067,77.0,feeder,0.9591890573501587,984,943,2234,1322
1068,77.0,feeder,0.959112286567688,984,943,2234,1322
1069,77.0,feeder,0.9593026638031006,984,943,2234,1322
1070,77.0,feeder,0.9591880440711975,984,943,2234,1322
1071,77.0,feeder,0.9591708183288574,984,943,2234,1322
1072,77.0,feeder,0.9590008854866028,984,943,2234,1322
1073,77.0,feeder,0.958946168422699,984,944,2234,1322
1074,77.0,feeder,0.9588493704795837,984,944,2234,1322
1075,77.0,feeder,0.958888828754425,984,944,2234,1322
1076,77.0,feeder,0.958914577960968,985,944,2235,1322
1077,77.0,feeder,0.9590937495231628,985,944,2235,1322
1078,77.0,feeder,0.9590988159179688,985,943,2235,1322
1079,77.0,feeder,0.9590154886245728,985,943,2235,1322
1080,77.0,feeder,0.9590969085693359,985,943,2235,1322
1081,77.0,feeder,0.9580859541893005,985,943,2235,1322
1082,77.0,feeder,0.9579591751098633,985,943,2236,1322
1083,77.0,feeder,0.9580355286598206,985,943,2236,1322
1084,77.0,feeder,0.9578385353088379,985,943,2236,1322
1085,77.0,feeder,0.9578456282615662,985,943,2236,1322
1086,77.0,feeder,0.9579243659973145,985,943,2236,1322
1087,77.0,feeder,0.9581575393676758,985,944,2236,1322
1088,77.0,feeder,0.9580016136169434,985,944,2236,1322
1089,77.0,feeder,0.9581581950187683,985,943,2235,1321
1090,77.0,feeder,0.9584811925888062,984,943,2235,1321
1091,77.0,feeder,0.958379328250885,984,943,2235,1322
1092,77.0,feeder,0.9583353400230408,985,943,2235,1322
1093,77.0,feeder,0.9585562944412231,985,943,2235,1322
1094,77.0,feeder,0.9583954215049744,985,943,2235,1322
1095,77.0,feeder,0.9586751461029053,985,943,2235,1322
1096,77.0,feeder,0.9586640000343323,984,943,2234,1322
1097,77.0,feeder,0.9585944414138794,984,943,2234,1322
1098,77.0,feeder,0.958315372467041,985,943,2234,1322
1099,77.0,feeder,0.9583476781845093,985,944,2234,1323
1100,77.0,feeder,0.9581224322319031,985,944,2234,1323
1101,77.0,feeder,0.9584328532218933,985,944,2234,1322
1102,77.0,feeder,0.958606481552124,984,943,2234,1322
1103,77.0,feeder,0.958641767501831,984,943,2234,1322
1104,77.0,feeder,0.9587056040763855,984,943,2234,1322
1105,77.0,feeder,0.9586632251739502,984,943,2234,1322
1106,77.0,feeder,0.9583867788314819,984,943,2234,1322
1107,77.0,feeder,0.958377480506897,984,943,2234,1322
1108,77.0,feeder,0.9583579897880554,984,943,2233,1322
1109,77.0,feeder,0.9583346843719482,984,943,2233,1322
1110,77.0,feeder,0.9583816528320312,984,943,2233,1322
1111,77.0,feeder,0.9579819440841675,984,944,2234,1322
1112,77.0,feeder,0.9580250382423401,984,944,2234,1322
1113,77.0,feeder,0.9581344723701477,984,944,2234,1322
1114,77.0,feeder,0.9584974646568298,984,944,2234,1322
1115,77.0,feeder,0.9584039449691772,984,943,2234,1322
1116,77.0,feeder,0.9585432410240173,984,943,2234,1322
1117,77.0,feeder,0.9585822820663452,984,943,2234,1322
1118,77.0,feeder,0.9583871960639954,984,944,2234,1322
1119,77.0,feeder,0.9582414031028748,984,944,2233,1322
1120,77.0,feeder,0.9583380222320557,984,943,2233,1322
1121,77.0,feeder,0.9585234522819519,984,943,2234,1322
1122,77.0,feeder,0.9584188461303711,984,943,2234,1322
1123,77.0,feeder,0.9584378004074097,983,943,2234,1322
1124,77.0,feeder,0.9583138823509216,983,943,2234,1322
1125,77.0,feeder,0.9583857655525208,983,943,2234,1322
1126,77.0,feeder,0.9582623839378357,983,943,2233,1322
1127,77.0,feeder,0.9585589170455933,983,943,2233,1322
1128,77.0,feeder,0.9585604667663574,982,943,2233,1322
1129,77.0,feeder,0.9586899280548096,982,943,2233,1322
1130,77.0,feeder,0.9588362574577332,982,943,2233,1322
1131,77.0,feeder,0.9586370587348938,982,943,2232,1322
1132,77.0,feeder,0.9587117433547974,982,943,2232,1322
1133,77.0,feeder,0.9584655165672302,982,943,2233,1322
1134,77.0,feeder,0.9586716294288635,982,943,2233,1322
1135,77.0,feeder,0.9588102698326111,982,943,2233,1322
1136,77.0,feeder,0.9590849876403809,982,943,2233,1322
1137,77.0,feeder,0.9589711427688599,982,943,2233,1322
1138,77.0,feeder,0.9591553807258606,982,943,2233,1322
1139,77.0,feeder,0.9591715931892395,982,943,2233,1322
1140,77.0,feeder,0.959087610244751,982,943,2233,1322
1141,77.0,feeder,0.9592620134353638,982,943,2233,1322
1142,77.0,feeder,0.959284782409668,982,943,2233,1322
1143,77.0,feeder,0.9592738151550293,983,943,2233,1322
1144,77.0,feeder,0.9592269062995911,982,943,2233,1322
1145,77.0,feeder,0.9593069553375244,982,944,2233,1322
1146,77.0,feeder,0.9589909911155701,982,944,2233,1322
1147,77.0,feeder,0.9591222405433655,982,944,2233,1322
1148,77.0,feeder,0.9592388272285461,982,944,2233,1322
1149,77.0,feeder,0.9594448804855347,983,943,2233,1322
1150,77.0,feeder,0.959331214427948,983,943,2233,1322
1151,77.0,feeder,0.9591454863548279,983,944,2233,1322
1152,77.0,feeder,0.9588624238967896,983,944,2233,1322
1153,77.0,feeder,0.9587852954864502,983,944,2233,1322
1154,77.0,feeder,0.9591129422187805,983,944,2233,1322
1155,77.0,feeder,0.9591488838195801,983,944,2233,1322
1156,77.0,feeder,0.9590135812759399,983,943,2233,1322
1157,77.0,feeder,0.95902019739151,983,943,2233,1322
1158,77.0,feeder,0.9589446187019348,983,943,2233,1322
1159,77.0,feeder,0.9589591026306152,983,943,2233,1322
1160,77.0,feeder,0.9588566422462463,983,943,2233,1322
1161,77.0,feeder,0.9589759111404419,983,943,2233,1322
1162,77.0,feeder,0.9591516256332397,983,943,2233,1322
1163,77.0,feeder,0.9592058062553406,982,943,2233,1322
1164,77.0,feeder,0.959213376045227,983,943,2233,1322
1165,77.0,feeder,0.9592859148979187,983,943,2233,1322
1166,77.0,feeder,0.959087073802948,983,943,2233,1322
1167,77.0,feeder,0.9590818881988525,983,943,2233,1322
1168,77.0,feeder,0.9590178728103638,982,943,2233,1322
1169,77.0,feeder,0.9589753150939941,983,943,2233,1322
1170,77.0,feeder,0.9587417840957642,983,943,2232,1322
1171,77.0,feeder,0.9588493704795837,983,944,2233,1322
1172,77.0,feeder,0.9589293003082275,984,944,2233,1322
1173,77.0,feeder,0.9590433239936829,984,944,2233,1322
1174,77.0,feeder,0.9590830206871033,983,944,2233,1322
1175,77.0,feeder,0.9589917659759521,983,944,2233,1322
1176,77.0,feeder,0.9591696262359619,983,944,2233,1322
1177,77.0,feeder,0.9593373537063599,983,944,2233,1322
1178,77.0,feeder,0.9593031406402588,983,944,2233,1322
1179,77.0,feeder,0.9594247937202454,983,944,2233,1322
1180,77.0,feeder,0.9593015909194946,983,944,2233,1322
1181,77.0,feeder,0.9591968655586243,983,944,2233,1322
1182,77.0,feeder,0.9591825604438782,983,944,2233,1322
1183,77.0,feeder,0.9591399431228638,983,944,2233,1322
1184,77.0,feeder,0.9592469930648804,983,944,2233,1322
1185,77.0,feeder,0.9594199657440186,983,944,2233,1322
1186,77.0,feeder,0.9589477181434631,982,944,2233,1322
1187,77.0,feeder,0.9590327739715576,982,944,2233,1322
1188,77.0,feeder,0.9588868618011475,982,944,2233,1322
1189,77.0,feeder,0.958792507648468,982,944,2233,1322
1190,77.0,feeder,0.9589769840240479,982,944,2233,1322
1191,77.0,feeder,0.9589014649391174,982,944,2233,1322
1192,77.0,feeder,0.9587810039520264,982,944,2233,1322
1193,77.0,feeder,0.9588066339492798,982,944,2233,1322
1194,77.0,feeder,0.9587283134460449,982,944,2233,1322
1195,77.0,feeder,0.958820104598999,982,944,2233,1322
1196,77.0,feeder,0.9588945508003235,982,944,2233,1322
1197,77.0,feeder,0.9588454365730286,982,943,2233,1321
1198,77.0,feeder,0.9588682651519775,982,943,2233,1322
1199,77.0,feeder,0.9588498473167419,982,943,2233,1322
1200,77.0,feeder,0.9588192701339722,982,943,2233,1322
1201,77.0,feeder,0.9587377309799194,982,943,2233,1322
1202,77.0,feeder,0.9585671424865723,982,943,2233,1322
1203,77.0,feeder,0.9587016701698303,983,943,2233,1322
1204,77.0,feeder,0.9586091041564941,983,943,2233,1322
1205,77.0,feeder,0.958859384059906,983,943,2233,1322
1206,77.0,feeder,0.9587334394454956,983,943,2233,1322
1207,77.0,feeder,0.958598792552948,983,943,2233,1322
1208,77.0,feeder,0.9584836959838867,983,943,2233,1322
1209,77.0,feeder,0.9584515690803528,983,943,2233,1322
1210,77.0,feeder,0.9584496021270752,983,943,2233,1322
1211,77.0,feeder,0.9582694172859192,983,943,2233,1322
1212,77.0,feeder,0.9582794904708862,983,943,2234,1322
1213,77.0,feeder,0.9581846594810486,983,943,2234,1322
1214,77.0,feeder,0.9581292271614075,984,943,2234,1322
1215,77.0,feeder,0.9582726955413818,984,943,2235,1322
1216,77.0,feeder,0.9587650299072266,984,943,2236,1322
1217,77.0,feeder,0.9587663412094116,984,944,2236,1322
1218,77.0,feeder,0.9586586356163025,984,944,2236,1322
1219,77.0,feeder,0.9588302969932556,984,944,2235,1322
1220,77.0,feeder,0.9587850570678711,984,943,2235,1322
1221,77.0,feeder,0.9588066339492798,984,943,2235,1322
1222,77.0,feeder,0.9588645100593567,984,943,2234,1322
1223,77.0,feeder,0.958952784538269,983,943,2234,1322
1224,77.0,feeder,0.9589077830314636,983,943,2234,1322
1225,77.0,feeder,0.9588284492492676,983,943,2234,1322
1226,77.0,feeder,0.9589412212371826,984,943,2234,1322
1227,77.0,feeder,0.9589563608169556,984,943,2234,1322
1228,77.0,feeder,0.958824098110199,984,944,2233,1322
1229,77.0,feeder,0.9589837789535522,984,944,2233,1322
1230,77.0,feeder,0.9590674638748169,984,944,2233,1322
1231,77.0,feeder,0.9588820338249207,983,944,2233,1322
1232,77.0,feeder,0.9590462446212769,982,944,2233,1322
1233,77.0,feeder,0.9591187834739685,982,944,2233,1322
1234,77.0,feeder,0.9590660333633423,982,944,2233,1322
1235,77.0,feeder,0.9589776396751404,982,944,2232,1322
1236,77.0,feeder,0.9589540958404541,982,944,2232,1322
1237,77.0,feeder,0.958928644657135,983,944,2232,1322
1238,77.0,feeder,0.9589235782623291,983,944,2232,1322
1239,77.0,feeder,0.959011971950531,983,944,2232,1322
1240,77.0,feeder,0.9590569138526917,983,944,2233,1322
1241,77.0,feeder,0.9592613577842712,983,944,2233,1322
1242,77.0,feeder,0.9592658281326294,983,944,2233,1322
1243,77.0,feeder,0.9591261148452759,983,944,2232,1322
1244,77.0,feeder,0.9592350125312805,983,944,2233,1322
1245,77.0,feeder,0.959126889705658,982,944,2232,1322
1246,77.0,feeder,0.9596552848815918,983,943,2233,1322
1247,77.0,feeder,0.9595341086387634,982,943,2233,1322
1248,77.0,feeder,0.9592272043228149,982,943,2233,1322
1249,77.0,feeder,0.9591825008392334,982,943,2233,1322
1250,77.0,feeder,0.9591406583786011,982,943,2233,1322
1251,77.0,feeder,0.9590948224067688,982,943,2233,1322
1252,77.0,feeder,0.9591578245162964,982,943,2233,1322
1253,77.0,feeder,0.9591536521911621,983,943,2233,1322
1254,77.0,feeder,0.9591138362884521,983,942,2233,1322
1255,77.0,feeder,0.9591867327690125,983,942,2233,1322
1256,77.0,feeder,0.9592961072921753,982,942,2233,1322
1257,77.0,feeder,0.9591660499572754,983,943,2233,1322
1258,77.0,feeder,0.9590063691139221,983,943,2233,1322
1259,77.0,feeder,0.9590797424316406,983,943,2233,1322
1260,77.0,feeder,0.9590084552764893,983,943,2233,1322
1261,77.0,feeder,0.9586647748947144,983,943,2233,1322
1262,77.0,feeder,0.9587866067886353,983,943,2233,1322
1263,77.0,feeder,0.9588726162910461,983,943,2233,1322
1264,77.0,feeder,0.9586438536643982,983,944,2233,1322
1265,77.0,feeder,0.9590639472007751,983,944,2233,1322
1266,77.0,feeder,0.9590008854866028,983,944,2233,1322
1267,77.0,feeder,0.9591494798660278,982,944,2232,1322
1268,77.0,feeder,0.9590966105461121,983,944,2233,1322
1269,77.0,feeder,0.9589588046073914,983,944,2233,1322
1270,77.0,feeder,0.9590852856636047,982,944,2232,1322
1271,77.0,feeder,0.9590646028518677,982,944,2232,1322
1272,77.0,feeder,0.959013044834137,982,944,2232,1322
1273,77.0,feeder,0.9591705203056335,982,944,2232,1322
1274,77.0,feeder,0.9592301845550537,983,944,2232,1322
1275,77.0,feeder,0.9592106342315674,983,944,2232,1322
1276,77.0,feeder,0.958853542804718,983,943,2233,1322
1277,77.0,feeder,0.9589380621910095,983,943,2233,1322
1278,77.0,feeder,0.9588477611541748,982,943,2233,1322
1279,77.0,feeder,0.9587393403053284,982,943,2233,1322
1280,77.0,feeder,0.9588559865951538,982,943,2233,1322
1281,77.0,feeder,0.9586839079856873,982,943,2233,1322
1282,77.0,feeder,0.9589200615882874,982,943,2233,1322
1283,77.0,feeder,0.9588236212730408,983,943,2233,1322
1284,77.0,feeder,0.9588994979858398,983,943,2233,1322
1285,77.0,feeder,0.9589188694953918,982,944,2233,1322
1286,77.0,feeder,0.9590373635292053,982,944,2233,1322
1287,77.0,feeder,0.9589565992355347,982,944,2233,1322
1288,77.0,feeder,0.9589834213256836,982,944,2233,1322
1289,77.0,feeder,0.9590330123901367,982,944,2233,1322
1290,77.0,feeder,0.9591006636619568,982,944,2233,1322
1291,77.0,feeder,0.9587514996528625,982,944,2233,1322
1292,77.0,feeder,0.9587966799736023,981,944,2233,1322
1293,77.0,feeder,0.9587000012397766,981,944,2233,1322
1294,77.0,feeder,0.9585944414138794,981,944,2233,1322
1295,77.0,feeder,0.9585527777671814,981,944,2233,1322
1296,77.0,feeder,0.9586752653121948,981,944,2233,1322
1297,77.0,feeder,0.958686351776123,981,944,2233,1322
1298,77.0,feeder,0.9587132930755615,981,944,2233,1322
1299,77.0,feeder,0.9586027264595032,981,944,2233,1322
1300,77.0,feeder,0.9587231278419495,981,944,2233,1322
1301,77.0,feeder,0.958808183670044,981,944,2233,1322
1302,77.0,feeder,0.9588217735290527,981,944,2233,1322
1303,77.0,feeder,0.9588243961334229,982,944,2233,1322
1304,77.0,feeder,0.9586700201034546,982,944,2233,1322
1305,77.0,feeder,0.9584881663322449,981,944,2232,1322
1306,77.0,feeder,0.9594810009002686,982,943,2233,1322
1307,77.0,feeder,0.9596855044364929,983,943,2233,1322
1308,77.0,feeder,0.959479570388794,983,943,2234,1322
1309,77.0,feeder,0.9595591425895691,983,943,2234,1322
1310,77.0,feeder,0.9592806696891785,983,943,2233,1322
1311,77.0,feeder,0.9592607617378235,983,943,2233,1322
1312,77.0,feeder,0.9590848684310913,983,943,2233,1322
1313,77.0,feeder,0.9592931270599365,983,943,2234,1322
1314,77.0,feeder,0.9591512084007263,983,943,2234,1322
1315,77.0,feeder,0.9593092799186707,983,943,2234,1322
1316,77.0,feeder,0.954505443572998,984,943,2234,1322
1317,77.0,feeder,0.9490596055984497,984,942,2234,1322
1318,77.0,feeder,0.8751044869422913,984,941,2234,1321
1319,77.0,feeder,0.9509615898132324,985,940,2234,1321
1320,77.0,feeder,0.9438040852546692,1005,938,2234,1323
1321,77.0,feeder,0.9424068331718445,1018,937,2236,1323
1321,89.0,bt,0.850273609161377,842,981,1070,1338
1322,77.0,feeder,0.9391486048698425,1023,937,2236,1323
1322,89.0,bt,0.8604515790939331,831,979,1070,1319
1323,77.0,feeder,0.9378702640533447,1024,937,2236,1323
1323,89.0,bt,0.8782020807266235,825,979,1070,1310
1324,77.0,feeder,0.9391463398933411,1022,937,2235,1323
1324,89.0,bt,0.8670802712440491,819,979,1070,1301
1325,77.0,feeder,0.9387686848640442,1023,937,2235,1323
1325,89.0,bt,0.8849401473999023,827,974,1071,1307
1326,77.0,feeder,0.9397374987602234,1012,939,2235,1323
1326,89.0,bt,0.9200169444084167,818,959,1103,1224
1327,77.0,feeder,0.9379125237464905,997,940,2236,1323
1327,89.0,bt,0.9435032606124878,818,908,1133,1161
1328,77.0,feeder,0.9423869252204895,987,944,2236,1323
1328,89.0,bt,0.8986876010894775,827,883,1176,1090
1329,77.0,feeder,0.943103551864624,983,945,2236,1323
1329,89.0,bt,0.9160853028297424,823,869,1199,1077
1330,77.0,feeder,0.9439536929130554,981,946,2236,1323
1330,89.0,bt,0.8944173455238342,828,860,1217,1075
1331,77.0,feeder,0.945362389087677,979,947,2235,1323
1331,89.0,bt,0.9022619128227234,831,857,1225,1081
1332,77.0,feeder,0.9457142353057861,978,948,2235,1323
1332,89.0,bt,0.9225729703903198,840,856,1227,1085
1333,77.0,feeder,0.9461164474487305,977,950,2234,1323
1333,89.0,bt,0.886191189289093,843,852,1223,1091
1334,77.0,feeder,0.9450876116752625,978,951,2234,1323
1334,89.0,bt,0.8697872161865234,838,854,1224,1082
1335,77.0,feeder,0.9441686272621155,980,950,2235,1323
1335,89.0,bt,0.8891021013259888,827,859,1229,1100
1336,77.0,feeder,0.9439199566841125,979,948,2234,1323
1336,89.0,bt,0.9098877310752869,833,862,1229,1089
1337,77.0,feeder,0.9462791085243225,979,951,2234,1323
1337,89.0,bt,0.8653362989425659,834,867,1230,1086
1338,77.0,feeder,0.9443996548652649,978,946,2234,1323
1338,89.0,bt,0.8392602801322937,851,884,1262,1086
1339,77.0,feeder,0.943355143070221,979,945,2234,1322
1339,89.0,bt,0.8555783033370972,908,886,1335,1081
1340,77.0,feeder,0.9426057934761047,982,941,2234,1323
1340,89.0,bt,0.8799964785575867,1006,881,1416,1065
1341,77.0,feeder,0.909867525100708,982,936,2233,1323
1341,89.0,bt,0.8900216221809387,1122,899,1510,1081
1342,77.0,feeder,0.9261507987976074,982,936,2233,1323
1342,89.0,bt,0.8894726634025574,1222,930,1594,1108
1343,77.0,feeder,0.899131178855896,983,936,2233,1323
1343,89.0,bt,0.8832339644432068,1280,952,1649,1115
1344,77.0,feeder,0.9134007692337036,983,936,2233,1323
1344,89.0,bt,0.8750507831573486,1306,959,1665,1116
1345,77.0,feeder,0.877149224281311,985,935,2233,1322
1345,89.0,bt,0.8795295357704163,1330,960,1677,1112
1346,77.0,feeder,0.8862908482551575,984,935,2233,1322
1346,89.0,bt,0.8915003538131714,1339,960,1680,1111
1347,77.0,feeder,0.8834270238876343,983,935,2233,1322
1347,89.0,bt,0.8980938792228699,1342,949,1681,1113
1348,77.0,feeder,0.8792724013328552,983,935,2233,1323
1348,89.0,bt,0.8916116952896118,1343,931,1678,1113
1349,77.0,feeder,0.8954052925109863,983,935,2233,1323
1349,89.0,bt,0.8936191201210022,1341,923,1677,1113
1350,77.0,feeder,0.8893875479698181,983,935,2233,1323
1350,89.0,bt,0.9034797549247742,1340,918,1675,1114
1351,77.0,feeder,0.91774982213974,982,935,2233,1323
1351,89.0,bt,0.8978926539421082,1335,916,1675,1115
1352,77.0,feeder,0.9201455116271973,982,935,2233,1323
1352,89.0,bt,0.8996504545211792,1334,915,1675,1115
1353,77.0,feeder,0.906812310218811,982,935,2232,1323
1353,89.0,bt,0.9043511748313904,1333,915,1674,1116
1354,77.0,feeder,0.9232234954833984,981,935,2232,1323
1354,89.0,bt,0.9062650799751282,1331,912,1669,1116
1355,77.0,feeder,0.9223346710205078,981,936,2232,1323
1355,89.0,bt,0.9097123742103577,1333,911,1666,1115
1356,77.0,feeder,0.9293263554573059,981,936,2232,1323
1356,89.0,bt,0.9085156917572021,1332,911,1665,1115
1357,77.0,feeder,0.9182624220848083,981,936,2232,1323
1357,89.0,bt,0.9055789709091187,1334,910,1665,1114
1358,77.0,feeder,0.9052429795265198,982,936,2233,1323
1358,89.0,bt,0.8967472910881042,1332,909,1664,1114
1359,77.0,feeder,0.9223606586456299,983,935,2234,1323
1359,89.0,bt,0.8903807401657104,1332,908,1666,1113
1360,77.0,feeder,0.9054954648017883,984,935,2234,1323
1360,89.0,bt,0.8941402435302734,1330,908,1670,1113
1361,77.0,feeder,0.8317447304725647,985,935,2235,1322
1361,89.0,bt,0.9057778716087341,1330,915,1665,1117
1362,77.0,feeder,0.8851526975631714,983,936,2233,1322
1362,89.0,bt,0.9000386595726013,1330,919,1663,1117
1363,77.0,feeder,0.8818556666374207,983,936,2233,1323
1363,89.0,bt,0.9013899564743042,1332,921,1662,1115
1364,77.0,feeder,0.8656719326972961,983,936,2232,1322
1364,89.0,bt,0.9077911972999573,1333,922,1662,1114
1365,77.0,feeder,0.8794056177139282,983,936,2233,1322
1365,89.0,bt,0.9072436690330505,1332,923,1663,1114
1366,77.0,feeder,0.8808249831199646,983,936,2233,1322
1366,89.0,bt,0.9015495181083679,1330,925,1661,1114
1367,77.0,feeder,0.8796467781066895,984,936,2234,1322
1367,89.0,bt,0.901212751865387,1327,927,1656,1114
1368,77.0,feeder,0.8523744940757751,983,936,2233,1322
1368,89.0,bt,0.8999104499816895,1324,929,1651,1111
1369,77.0,feeder,0.8457207083702087,983,936,2233,1322
1369,89.0,bt,0.9055649638175964,1322,928,1648,1111
1370,77.0,feeder,0.867230236530304,983,937,2234,1322
1370,89.0,bt,0.9006462097167969,1321,927,1647,1110
1371,77.0,feeder,0.8144148588180542,984,936,2233,1321
1371,89.0,bt,0.9025302529335022,1322,928,1647,1109
1372,77.0,feeder,0.8847066760063171,985,935,2234,1321
1372,89.0,bt,0.8904200196266174,1318,935,1650,1108
1373,77.0,feeder,0.9203781485557556,984,935,2234,1322
1373,89.0,bt,0.883610725402832,1312,945,1659,1106
1374,77.0,feeder,0.8787664771080017,985,935,2233,1321
1374,89.0,bt,0.9001690745353699,1322,946,1662,1107
1375,77.0,feeder,0.8878908157348633,984,934,2233,1320
1375,89.0,bt,0.8951753973960876,1324,945,1663,1105
1376,77.0,feeder,0.9006185531616211,985,934,2232,1321
1376,89.0,bt,0.898774266242981,1324,945,1663,1106
1377,77.0,feeder,0.9070565700531006,985,935,2233,1321
1377,89.0,bt,0.8955898880958557,1326,945,1665,1108
1378,77.0,feeder,0.891604483127594,985,935,2233,1321
1378,89.0,bt,0.8995880484580994,1326,944,1666,1108
1379,77.0,feeder,0.9043891429901123,985,934,2233,1321
1379,89.0,bt,0.8959404230117798,1326,945,1666,1109
1380,77.0,feeder,0.8955986499786377,985,934,2233,1321
1380,89.0,bt,0.9051398634910583,1322,950,1662,1108
1381,77.0,feeder,0.8963634371757507,985,934,2234,1322
1381,89.0,bt,0.9045794010162354,1321,952,1661,1109
1382,77.0,feeder,0.9135192632675171,984,935,2234,1322
1382,89.0,bt,0.9026270508766174,1320,952,1661,1108
1383,77.0,feeder,0.9252687692642212,984,935,2234,1323
1383,89.0,bt,0.9066304564476013,1320,953,1661,1107
1384,77.0,feeder,0.9188291430473328,984,935,2235,1323
1384,89.0,bt,0.9062362909317017,1320,953,1661,1106
1385,77.0,feeder,0.8966572880744934,985,935,2235,1322
1385,89.0,bt,0.9026273488998413,1320,952,1662,1107
1386,77.0,feeder,0.572722315788269,984,935,2234,1323
1386,89.0,bt,0.7189738154411316,1360,863,1653,1108
1387,77.0,feeder,0.46956348419189453,985,934,2233,1321
1387,89.0,bt,0.8899279832839966,1368,896,1644,1108
1388,89.0,bt,0.9108088612556458,1401,915,1639,1116
1389,89.0,bt,0.9079492092132568,1422,922,1637,1119
1390,89.0,bt,0.9070737361907959,1429,925,1636,1121
1391,89.0,bt,0.8924307227134705,1464,926,1637,1119
1391,77.0,feeder,0.3434688448905945,987,933,2233,1321
1392,89.0,bt,0.8971595764160156,1444,927,1637,1120
1393,89.0,bt,0.8843007683753967,1454,927,1638,1120
1394,89.0,bt,0.8927088379859924,1440,928,1638,1120
1395,89.0,bt,0.8850684762001038,1444,927,1645,1119
1396,89.0,bt,0.9028820991516113,1496,918,1647,1113
1396,77.0,feeder,0.7888368964195251,987,933,2234,1322
1397,89.0,bt,0.8739404082298279,1522,914,1652,1113
1397,77.0,feeder,0.9054097533226013,985,933,2235,1323
1398,89.0,bt,0.8656183481216431,1531,913,1654,1108
1398,77.0,feeder,0.8970614075660706,986,934,2235,1322
1399,89.0,bt,0.866671621799469,1533,912,1655,1107
1399,77.0,feeder,0.8994835615158081,986,933,2235,1322
1400,89.0,bt,0.871222972869873,1532,911,1654,1104
1400,77.0,feeder,0.900412380695343,986,934,2235,1322
1401,89.0,bt,0.8791089653968811,1528,912,1653,1101
1401,77.0,feeder,0.9133144617080688,985,934,2235,1323
1402,89.0,bt,0.8790267705917358,1527,912,1653,1102
1402,77.0,feeder,0.9343352913856506,984,934,2235,1323
1403,89.0,bt,0.8784773349761963,1526,912,1653,1104
1403,77.0,feeder,0.9370139241218567,984,934,2235,1323
1404,89.0,bt,0.8778737783432007,1526,912,1653,1102
1404,77.0,feeder,0.938464343547821,984,934,2235,1323
1405,89.0,bt,0.8779236674308777,1526,913,1653,1102
1405,77.0,feeder,0.9395023584365845,984,934,2235,1323
1406,89.0,bt,0.8813788890838623,1525,913,1651,1101
1406,77.0,feeder,0.9263035655021667,984,934,2235,1323
1407,89.0,bt,0.8637098073959351,1518,919,1671,1107
1407,77.0,feeder,0.8436574339866638,985,935,2234,1322
1408,89.0,bt,0.8880841732025146,1494,926,1644,1111
1408,77.0,feeder,0.5458962321281433,986,934,2233,1321
1409,89.0,bt,0.8677369356155396,1453,936,1670,1105
1409,77.0,feeder,0.7711093425750732,986,933,2233,1321
1410,89.0,bt,0.9089572429656982,1417,949,1688,1111
1410,77.0,feeder,0.3673678934574127,987,932,2233,1320
1411,89.0,bt,0.9016104340553284,1382,970,1692,1117
1412,89.0,bt,0.882099449634552,1352,986,1697,1120
1413,89.0,bt,0.871972918510437,1332,999,1686,1119
1413,77.0,feeder,0.44139984250068665,984,935,2234,1321
1414,89.0,bt,0.8450157046318054,1322,1004,1681,1119
1414,77.0,feeder,0.5740114450454712,983,935,2234,1322
1415,89.0,bt,0.8639267683029175,1320,1006,1680,1119
1415,77.0,feeder,0.6703395247459412,984,933,2234,1320
1416,89.0,bt,0.8533491492271423,1310,1004,1680,1120
1416,77.0,feeder,0.8005178570747375,984,933,2235,1321
1417,89.0,bt,0.8603591918945312,1306,1003,1679,1121
1417,77.0,feeder,0.805936336517334,984,932,2235,1321
1418,89.0,bt,0.8593176007270813,1320,999,1688,1119
1418,77.0,feeder,0.6211263537406921,984,934,2235,1321
1419,89.0,bt,0.8667289018630981,1321,987,1690,1118
1419,77.0,feeder,0.9042032957077026,984,933,2235,1322
1420,89.0,bt,0.877444326877594,1332,971,1689,1116
1420,77.0,feeder,0.5071731805801392,984,935,2235,1322
1421,89.0,bt,0.8806769251823425,1340,965,1692,1114
1421,77.0,feeder,0.6397691965103149,984,933,2234,1321
1422,89.0,bt,0.8867617845535278,1342,962,1694,1116
1422,77.0,feeder,0.7021411061286926,985,933,2234,1320
1423,89.0,bt,0.8055750131607056,1358,869,1670,1120
1423,77.0,feeder,0.9021003842353821,985,933,2235,1322
1424,89.0,gt,0.5816008448600769,1373,881,1620,1119
1424,77.0,feeder,0.950547456741333,985,933,2236,1323
1425,89.0,bt,0.8672303557395935,1330,880,1569,1082
1425,77.0,feeder,0.9430899620056152,985,934,2236,1323
1426,89.0,lt,0.7075499892234802,1404,873,1552,1063
1427,,r,0.7883726358413696,1160,670,1545,996
1428,77.0,feeder,0.31227079033851624,985,939,2236,1322
1429,77.0,feeder,0.9589766263961792,985,943,2236,1322
1430,77.0,feeder,0.9596912264823914,986,944,2236,1322
1431,77.0,feeder,0.9593480229377747,986,944,2237,1322
1432,,j,0.5801759958267212,840,588,1039,817
1432,,j,0.3868059515953064,840,640,975,817
1432,,gt,0.12874865531921387,843,586,1041,815
1433,77.0,feeder,0.9557665586471558,985,944,2237,1322
1434,77.0,feeder,0.9589279890060425,985,944,2237,1322
1435,77.0,feeder,0.9595370888710022,985,944,2237,1322
1436,77.0,feeder,0.9593116641044617,985,944,2237,1322
1437,77.0,feeder,0.9427276253700256,985,944,2237,1322
1438,77.0,feeder,0.9593879580497742,985,944,2237,1322
1439,77.0,feeder,0.9590928554534912,985,944,2236,1322
1440,77.0,feeder,0.9593521952629089,985,944,2236,1322
1441,77.0,feeder,0.9589887261390686,985,944,2236,1322
1442,77.0,feeder,0.9589574933052063,985,944,2236,1322
1443,77.0,feeder,0.9590744376182556,985,944,2236,1322
1444,77.0,feeder,0.9587448239326477,985,944,2236,1322
1445,77.0,feeder,0.9586566686630249,986,944,2236,1322
1446,77.0,feeder,0.9588072896003723,986,944,2236,1322
1447,77.0,feeder,0.9587811231613159,985,944,2236,1322
1448,77.0,feeder,0.9587454795837402,985,944,2236,1322
1449,77.0,feeder,0.9587488770484924,986,944,2236,1322
1450,77.0,feeder,0.9588093757629395,986,944,2236,1322
1451,77.0,feeder,0.9588887095451355,986,944,2236,1322
1452,77.0,feeder,0.958834171295166,985,944,2236,1322
1453,77.0,feeder,0.9589832425117493,985,944,2236,1322
1454,77.0,feeder,0.9589247107505798,985,944,2236,1323
1455,77.0,feeder,0.9588587284088135,985,943,2236,1323
1456,77.0,feeder,0.9589507579803467,985,944,2237,1323
1457,77.0,feeder,0.9591680765151978,984,944,2236,1323
1458,77.0,feeder,0.9587156772613525,984,944,2236,1323
1459,77.0,feeder,0.9588994979858398,984,944,2236,1323
1460,77.0,feeder,0.9591091275215149,985,944,2236,1322
1461,77.0,feeder,0.9590467214584351,985,944,2236,1322
1462,77.0,feeder,0.9589431881904602,985,944,2236,1322
1463,77.0,feeder,0.9589223861694336,986,944,2237,1322
1464,77.0,feeder,0.9589819312095642,986,944,2236,1322
1465,77.0,feeder,0.9591130614280701,985,944,2236,1322
1466,77.0,feeder,0.9588975310325623,985,944,2236,1322
1467,77.0,feeder,0.9588119983673096,985,944,2237,1322
1468,77.0,feeder,0.9590168595314026,985,944,2237,1322
1469,77.0,feeder,0.9589166641235352,985,944,2237,1322
1470,77.0,feeder,0.9588740468025208,985,944,2236,1322
1471,77.0,feeder,0.9586765766143799,984,944,2236,1322
1472,77.0,feeder,0.9586808681488037,984,944,2236,1322
1473,77.0,feeder,0.9587424397468567,984,944,2236,1322
1474,77.0,feeder,0.9586294889450073,984,944,2236,1322
1475,77.0,feeder,0.9586517214775085,984,944,2236,1322
1476,77.0,feeder,0.9586248993873596,984,944,2235,1322
1477,77.0,feeder,0.9585801959037781,985,944,2235,1322
1478,77.0,feeder,0.958527684211731,985,944,2235,1322
1479,77.0,feeder,0.9585663676261902,985,944,2236,1322
1480,77.0,feeder,0.9584215879440308,984,944,2236,1322
1481,77.0,feeder,0.9583472609519958,984,944,2236,1322
1482,77.0,feeder,0.958387553691864,984,944,2236,1322
1483,77.0,feeder,0.9583471417427063,984,944,2236,1322
1484,77.0,feeder,0.9584778547286987,985,944,2236,1322
1485,77.0,feeder,0.9586048126220703,984,944,2236,1322
1486,77.0,feeder,0.9581817388534546,986,944,2235,1322
1487,77.0,feeder,0.9582799077033997,986,943,2235,1322
1488,77.0,feeder,0.9584466814994812,986,943,2235,1322
1489,77.0,feeder,0.9586360454559326,986,944,2235,1322
1490,77.0,feeder,0.9582803845405579,985,944,2234,1323
1491,77.0,feeder,0.9582592248916626,985,945,2234,1323
1492,77.0,feeder,0.9583530426025391,984,945,2234,1323
1493,77.0,feeder,0.9582961201667786,984,945,2234,1323
1494,77.0,feeder,0.9580360651016235,985,946,2235,1323
1495,77.0,feeder,0.9581329226493835,985,945,2235,1323
1496,77.0,feeder,0.95818030834198,984,945,2235,1323
1497,77.0,feeder,0.9580827951431274,984,945,2235,1323
1498,77.0,feeder,0.9584199786186218,984,945,2235,1323
1499,77.0,feeder,0.9582054615020752,984,945,2235,1323
1500,77.0,feeder,0.9581869840621948,984,945,2235,1323
1501,77.0,feeder,0.959264874458313,984,944,2235,1322
1502,77.0,feeder,0.9591814875602722,984,944,2235,1322
1503,77.0,feeder,0.9589767456054688,984,944,2235,1322
1504,77.0,feeder,0.9590166807174683,985,945,2235,1322
1505,77.0,feeder,0.9591758847236633,984,945,2235,1322
1506,77.0,feeder,0.9596458673477173,984,944,2235,1322
1507,77.0,feeder,0.9596641063690186,985,944,2235,1322
1508,77.0,feeder,0.9598707556724548,985,943,2235,1322
1509,77.0,feeder,0.9598445892333984,985,943,2235,1322
1510,77.0,feeder,0.959228515625,984,944,2235,1322
1511,77.0,feeder,0.9592632055282593,984,945,2235,1323
1512,77.0,feeder,0.9596088528633118,983,945,2235,1323
1513,77.0,feeder,0.9592792391777039,984,944,2235,1322
1514,77.0,feeder,0.9595826268196106,983,944,2235,1322
1515,77.0,feeder,0.9593831300735474,984,944,2236,1322
1516,77.0,feeder,0.9587713479995728,984,944,2236,1322
1517,77.0,feeder,0.9589169025421143,983,944,2235,1323
1518,77.0,feeder,0.9591420292854309,983,945,2235,1323
1519,77.0,feeder,0.9590783715248108,983,945,2234,1323
1520,77.0,feeder,0.958807110786438,983,944,2235,1323
1521,77.0,feeder,0.9585551023483276,983,944,2235,1323
1522,77.0,feeder,0.9586694836616516,983,944,2236,1323
1523,77.0,feeder,0.9588721990585327,984,944,2236,1322
1524,77.0,feeder,0.9591731429100037,984,944,2236,1322
1525,77.0,feeder,0.9591848850250244,983,944,2235,1322
1526,77.0,feeder,0.9588060975074768,983,944,2235,1322
1527,77.0,feeder,0.9588537812232971,983,944,2235,1322
1528,77.0,feeder,0.9586349725723267,983,944,2235,1322
1529,77.0,feeder,0.9584603309631348,983,944,2235,1322
1530,77.0,feeder,0.9584466814994812,983,944,2235,1322
1531,77.0,feeder,0.9587279558181763,984,944,2236,1322
1532,77.0,feeder,0.9587833881378174,983,944,2236,1322
1533,77.0,feeder,0.9590550661087036,983,944,2236,1322
1534,77.0,feeder,0.9589464068412781,983,943,2235,1322
1535,77.0,feeder,0.958955705165863,984,943,2235,1322
1536,77.0,feeder,0.9590389132499695,983,943,2235,1322
1537,77.0,feeder,0.9591301679611206,983,943,2235,1322
1538,77.0,feeder,0.9591852426528931,983,943,2235,1322
1539,77.0,feeder,0.9593283534049988,982,943,2235,1322
1540,77.0,feeder,0.9590749144554138,983,944,2235,1322
1541,77.0,feeder,0.9589673280715942,983,944,2235,1322
1542,77.0,feeder,0.9589764475822449,983,944,2235,1322
1543,77.0,feeder,0.9591172337532043,983,944,2235,1322
1544,77.0,feeder,0.9591479301452637,983,944,2235,1322
1545,77.0,feeder,0.9591975808143616,984,944,2235,1322
1546,77.0,feeder,0.9586145877838135,984,944,2235,1322
1547,77.0,feeder,0.9586487412452698,984,944,2235,1322
1548,77.0,feeder,0.9587923884391785,984,944,2235,1322
1549,77.0,feeder,0.9588311910629272,983,944,2235,1322
1550,77.0,feeder,0.9589092135429382,983,944,2235,1322
1551,77.0,feeder,0.9588955640792847,983,944,2235,1322
1552,77.0,feeder,0.9590861797332764,983,944,2235,1322
1553,77.0,feeder,0.9590750932693481,983,944,2235,1322
1554,77.0,feeder,0.9589735865592957,984,944,2235,1322
1555,77.0,feeder,0.9593205451965332,983,945,2235,1322
1556,77.0,feeder,0.9596251249313354,983,945,2234,1322
1557,77.0,feeder,0.9596419334411621,983,945,2234,1322
1558,77.0,feeder,0.9594419002532959,983,944,2234,1322
1559,77.0,feeder,0.9594456553459167,983,944,2235,1322
1560,77.0,feeder,0.9593616127967834,983,944,2235,1322
1561,77.0,feeder,0.9590937495231628,983,944,2235,1322
1562,77.0,feeder,0.9594143033027649,983,943,2235,1322
1563,77.0,feeder,0.9595518112182617,983,943,2234,1322
1564,77.0,feeder,0.9596692323684692,983,943,2234,1322
1565,77.0,feeder,0.9597381949424744,982,943,2234,1322
1566,77.0,feeder,0.9597792625427246,983,943,2234,1322
1567,77.0,feeder,0.959801435470581,983,943,2234,1322
1568,77.0,feeder,0.9598982334136963,983,943,2234,1322
1569,77.0,feeder,0.9599887132644653,982,943,2234,1321
1570,77.0,feeder,0.9601268172264099,982,943,2234,1321
1571,77.0,feeder,0.9600715637207031,982,943,2233,1321
1572,77.0,feeder,0.9597737789154053,982,943,2233,1322
1573,77.0,feeder,0.9594524502754211,982,943,2234,1322
1574,77.0,feeder,0.9595013856887817,983,943,2234,1322
1575,77.0,feeder,0.9594311714172363,983,943,2234,1322
1576,77.0,feeder,0.9586586952209473,983,944,2235,1322
1577,77.0,feeder,0.9587257504463196,983,944,2235,1322
1578,77.0,feeder,0.9588136672973633,983,944,2235,1322
1579,77.0,feeder,0.9589287638664246,983,944,2236,1322
1580,77.0,feeder,0.9589329957962036,983,944,2235,1322
1581,77.0,feeder,0.9587408900260925,983,944,2235,1322
1582,77.0,feeder,0.9590660333633423,983,944,2235,1322
1583,77.0,feeder,0.9593994617462158,982,944,2235,1322
1584,77.0,feeder,0.9593532681465149,982,944,2235,1322
1585,77.0,feeder,0.9594188928604126,982,944,2235,1322
1586,77.0,feeder,0.9592979550361633,982,944,2235,1323
1587,77.0,feeder,0.9594635367393494,982,944,2235,1323
1588,77.0,feeder,0.9594144821166992,982,944,2235,1323
1589,77.0,feeder,0.9594365358352661,982,944,2235,1323
1590,77.0,feeder,0.9595820903778076,982,944,2235,1322
1591,77.0,feeder,0.9586766958236694,983,943,2235,1322
1592,77.0,feeder,0.9586957693099976,982,943,2235,1322
1593,77.0,feeder,0.9586399793624878,982,943,2235,1322
1594,77.0,feeder,0.9585376977920532,982,943,2234,1322
1595,77.0,feeder,0.9585782885551453,982,943,2234,1322
1596,77.0,feeder,0.9585767984390259,982,943,2234,1322
1597,77.0,feeder,0.9585513472557068,982,943,2235,1322
1598,77.0,feeder,0.958854079246521,983,944,2235,1322
1599,77.0,feeder,0.9588262438774109,983,944,2235,1322
1600,77.0,feeder,0.9585830569267273,983,944,2234,1322
1601,77.0,feeder,0.9584946632385254,983,944,2234,1322
1602,77.0,feeder,0.958541214466095,983,944,2234,1322
1603,77.0,feeder,0.9587303996086121,983,944,2235,1322
1604,77.0,feeder,0.9588611125946045,983,944,2235,1322
1605,77.0,feeder,0.958885908126831,983,944,2235,1322
1606,77.0,feeder,0.9593095779418945,983,944,2234,1322
1607,77.0,feeder,0.9592503905296326,983,944,2234,1322
1608,77.0,feeder,0.9595711827278137,983,944,2234,1322
1609,77.0,feeder,0.9597393870353699,984,944,2235,1322
1610,77.0,feeder,0.9596853852272034,983,944,2235,1322
1611,77.0,feeder,0.959749698638916,983,944,2234,1322
1612,77.0,feeder,0.9592533111572266,983,944,2234,1322
1613,77.0,feeder,0.9592231512069702,982,945,2234,1322
1614,77.0,feeder,0.9591889381408691,982,945,2234,1322
1615,77.0,feeder,0.9592559337615967,982,945,2234,1322
1616,77.0,feeder,0.9596083164215088,982,944,2234,1322
1617,77.0,feeder,0.9597655534744263,983,944,2234,1322
1618,77.0,feeder,0.9599819183349609,983,944,2234,1322
1619,77.0,feeder,0.9599050283432007,982,944,2234,1322
1620,77.0,feeder,0.9595500230789185,982,944,2234,1322
1621,77.0,feeder,0.9592859148979187,982,944,2233,1322
1622,77.0,feeder,0.9593518376350403,981,944,2233,1322
1623,77.0,feeder,0.959513247013092,982,944,2233,1322
1624,77.0,feeder,0.9593539237976074,982,944,2233,1322
1625,77.0,feeder,0.9593480229377747,982,944,2233,1322
1626,77.0,feeder,0.9594972133636475,982,944,2233,1323
1627,77.0,feeder,0.9594236016273499,982,944,2234,1322
1628,77.0,feeder,0.9591919183731079,982,945,2234,1322
1629,77.0,feeder,0.9589459300041199,983,945,2234,1322
1630,77.0,feeder,0.9590757489204407,983,944,2234,1322
1631,77.0,feeder,0.9589518904685974,983,944,2234,1322
1632,77.0,feeder,0.959030032157898,983,945,2234,1322
1633,77.0,feeder,0.959119975566864,983,944,2234,1322
1634,77.0,feeder,0.959130585193634,982,944,2235,1322
1635,77.0,feeder,0.9592885375022888,982,944,2235,1322
1636,77.0,feeder,0.9592418074607849,984,944,2235,1322
1637,77.0,feeder,0.9593834280967712,984,944,2235,1322
1638,77.0,feeder,0.9594476222991943,984,944,2236,1322
1639,77.0,feeder,0.9595171809196472,983,944,2235,1322
1640,77.0,feeder,0.9598195552825928,983,945,2235,1322
1641,77.0,feeder,0.9597859382629395,983,945,2235,1322
1642,77.0,feeder,0.959642231464386,983,944,2235,1322
1643,77.0,feeder,0.9596189856529236,983,944,2236,1322
1644,77.0,feeder,0.9594233632087708,984,944,2236,1321
1645,77.0,feeder,0.959520697593689,984,944,2236,1321
1646,77.0,feeder,0.9592421650886536,984,945,2236,1322
1647,77.0,feeder,0.9594405889511108,984,945,2236,1322
1648,77.0,feeder,0.959372878074646,983,945,2235,1322
1649,77.0,feeder,0.9592925906181335,984,945,2235,1322
1650,77.0,feeder,0.9593453407287598,984,944,2236,1322
1651,77.0,feeder,0.9587358832359314,983,944,2236,1322
1652,77.0,feeder,0.9586517214775085,984,944,2236,1322
1653,77.0,feeder,0.9589295983314514,984,944,2236,1322
1654,77.0,feeder,0.9590677618980408,984,944,2236,1322
1655,77.0,feeder,0.9593195915222168,984,944,2236,1322
1656,77.0,feeder,0.9593887329101562,983,944,2236,1322
1657,77.0,feeder,0.9596423506736755,983,944,2236,1322
1658,77.0,feeder,0.9594341516494751,983,944,2236,1322
1659,77.0,feeder,0.9593533873558044,983,944,2236,1322
1660,77.0,feeder,0.9592139720916748,983,944,2235,1322
1661,77.0,feeder,0.95899498462677,983,944,2235,1322
1662,77.0,feeder,0.9590492248535156,983,944,2235,1322
1663,77.0,feeder,0.9589715003967285,984,944,2236,1322
1664,77.0,feeder,0.9586097598075867,985,944,2237,1322
1665,77.0,feeder,0.9585604667663574,986,945,2237,1322
1666,77.0,feeder,0.9577619433403015,987,945,2237,1322
1667,77.0,feeder,0.9577333331108093,988,944,2237,1322
1668,77.0,feeder,0.9576937556266785,988,944,2237,1322
1669,77.0,feeder,0.9586924910545349,988,944,2237,1322
1670,77.0,feeder,0.9589614272117615,986,944,2237,1322
1671,77.0,feeder,0.9586849212646484,985,944,2236,1322
1672,77.0,feeder,0.9589718580245972,985,944,2236,1322
1673,77.0,feeder,0.9588245153427124,985,944,2236,1322
1674,77.0,feeder,0.9586946368217468,986,943,2237,1322
1675,77.0,feeder,0.9587173461914062,986,943,2237,1322
1676,77.0,feeder,0.9590041637420654,987,944,2237,1322
1677,77.0,feeder,0.9591329097747803,986,944,2237,1322
1678,77.0,feeder,0.9593067765235901,986,944,2236,1322
1679,77.0,feeder,0.9593154191970825,986,945,2236,1322
1680,77.0,feeder,0.9590628147125244,986,945,2236,1323
1681,77.0,feeder,0.9578465223312378,985,945,2235,1323
1682,77.0,feeder,0.9581576585769653,985,945,2235,1323
1683,77.0,feeder,0.9580825567245483,985,945,2235,1323
1684,77.0,feeder,0.958064615726471,985,945,2235,1323
1685,77.0,feeder,0.9580699801445007,985,945,2235,1323
1686,77.0,feeder,0.9580512046813965,984,945,2235,1322
1687,77.0,feeder,0.9584941864013672,985,944,2236,1322
1688,77.0,feeder,0.9586105346679688,985,944,2236,1322
1689,77.0,feeder,0.958541750907898,985,945,2236,1322
1690,77.0,feeder,0.9583669304847717,985,945,2236,1322
1691,77.0,feeder,0.9582224488258362,984,945,2236,1323
1692,77.0,feeder,0.9580085277557373,985,945,2236,1323
1693,77.0,feeder,0.957884669303894,985,945,2236,1322
1694,77.0,feeder,0.9581479430198669,986,945,2237,1322
1695,77.0,feeder,0.9581681489944458,986,945,2237,1322
1696,77.0,feeder,0.9585734009742737,986,944,2237,1322
1697,77.0,feeder,0.95851731300354,986,944,2237,1323
1698,77.0,feeder,0.9583746194839478,986,944,2236,1323
1699,77.0,feeder,0.9582638144493103,986,944,2236,1322
1700,77.0,feeder,0.9582406282424927,986,944,2236,1322
1701,77.0,feeder,0.9583574533462524,986,944,2236,1322
1702,77.0,feeder,0.9584187269210815,987,944,2236,1323
1703,77.0,feeder,0.9586109519004822,987,944,2236,1322
1704,77.0,feeder,0.9591904878616333,985,945,2235,1322
1705,77.0,feeder,0.9591770172119141,985,945,2235,1322
1706,77.0,feeder,0.9590666890144348,984,945,2235,1323
1707,77.0,feeder,0.9587064981460571,984,945,2235,1323
1708,77.0,feeder,0.9585739374160767,984,945,2235,1323
1709,77.0,feeder,0.9585743546485901,984,945,2235,1323
1710,77.0,feeder,0.9585884809494019,984,945,2235,1323
1711,77.0,feeder,0.9583380222320557,984,945,2235,1322
1712,77.0,feeder,0.958268404006958,984,945,2235,1322
1713,77.0,feeder,0.9582119584083557,984,945,2235,1322
1714,77.0,feeder,0.9583233594894409,984,945,2235,1322
1715,77.0,feeder,0.9584395289421082,984,945,2235,1322
1716,77.0,feeder,0.9581127762794495,984,945,2235,1322
1717,77.0,feeder,0.9580811858177185,984,945,2235,1322
1718,77.0,feeder,0.9581177234649658,984,945,2235,1322
1719,77.0,feeder,0.958103358745575,985,945,2236,1322
1720,77.0,feeder,0.9583077430725098,984,945,2236,1322
1721,77.0,feeder,0.9583863615989685,984,945,2236,1322
1722,77.0,feeder,0.9585826992988586,984,945,2236,1322
1723,77.0,feeder,0.9584051966667175,984,945,2236,1322
1724,77.0,feeder,0.958369791507721,984,945,2235,1322
1725,77.0,feeder,0.9581913948059082,984,945,2235,1322
1726,77.0,feeder,0.958369255065918,984,944,2235,1322
1727,77.0,feeder,0.958437442779541,985,945,2235,1322
1728,77.0,feeder,0.9583548903465271,985,945,2235,1322
1729,77.0,feeder,0.9584612250328064,985,945,2235,1322
1730,77.0,feeder,0.9584127068519592,985,945,2235,1322
1731,77.0,feeder,0.9585655927658081,985,945,2236,1322
1732,77.0,feeder,0.9584831595420837,985,945,2236,1322
1733,77.0,feeder,0.9584293961524963,985,945,2236,1322
1734,77.0,feeder,0.9581136703491211,985,945,2236,1322
1735,77.0,feeder,0.9583390355110168,985,945,2236,1322
1736,77.0,feeder,0.9580686688423157,985,945,2236,1322
1737,77.0,feeder,0.9581665396690369,986,945,2236,1322
1738,77.0,feeder,0.9578177332878113,987,945,2238,1322
1739,77.0,feeder,0.957830011844635,988,945,2238,1322
1740,77.0,feeder,0.9579272270202637,988,945,2238,1322
1741,77.0,feeder,0.9581556916236877,988,945,2238,1323
1742,77.0,feeder,0.9584155678749084,988,945,2237,1323
1743,77.0,feeder,0.9582481980323792,987,945,2236,1323
1744,77.0,feeder,0.9581292867660522,987,944,2237,1322
1745,77.0,feeder,0.958247721195221,988,944,2237,1322
1746,77.0,feeder,0.9582033157348633,987,944,2237,1322
1747,77.0,feeder,0.9582228064537048,987,944,2237,1322
1748,77.0,feeder,0.9581459164619446,987,944,2237,1322
1749,77.0,feeder,0.958124577999115,986,944,2237,1322
1750,77.0,feeder,0.958369255065918,986,944,2237,1322
1751,77.0,feeder,0.9584658145904541,986,944,2236,1322
1752,77.0,feeder,0.958408772945404,986,944,2237,1322
1753,77.0,feeder,0.9582080841064453,986,944,2236,1322
1754,77.0,feeder,0.9583231806755066,987,945,2237,1322
1755,77.0,feeder,0.9585422873497009,987,945,2237,1322
1756,77.0,feeder,0.9578863978385925,987,945,2236,1323
1757,77.0,feeder,0.9580004215240479,986,944,2236,1323
1758,77.0,feeder,0.9584155678749084,987,944,2237,1323
1759,77.0,feeder,0.9588690996170044,988,944,2238,1322
1760,77.0,feeder,0.9585913419723511,988,944,2239,1322
1761,77.0,feeder,0.9589343667030334,986,944,2238,1322
1762,77.0,feeder,0.9589111804962158,985,944,2237,1322
1763,77.0,feeder,0.9587905406951904,985,945,2237,1322
1764,77.0,feeder,0.9582011103630066,986,944,2238,1322
1765,77.0,feeder,0.957884669303894,987,944,2239,1323
1766,77.0,feeder,0.9577887654304504,988,944,2241,1323
1767,77.0,feeder,0.9580304026603699,988,944,2241,1323
1768,77.0,feeder,0.9584161043167114,988,944,2241,1323
1769,77.0,feeder,0.9584226608276367,987,944,2240,1323
1770,77.0,feeder,0.9582890272140503,987,945,2240,1322
1771,77.0,feeder,0.9580843448638916,988,944,2240,1323
1772,77.0,feeder,0.9580287337303162,988,944,2240,1323
1773,77.0,feeder,0.9582106471061707,989,944,2241,1323
1774,77.0,feeder,0.9575337767601013,990,944,2241,1323
1775,77.0,feeder,0.9580904841423035,990,944,2241,1323
1776,77.0,feeder,0.9582505822181702,990,944,2240,1323
1777,77.0,feeder,0.9582593441009521,989,943,2240,1322
1778,77.0,feeder,0.9582456350326538,989,943,2240,1322
1779,77.0,feeder,0.9576919674873352,991,944,2242,1323
1780,77.0,feeder,0.9573822021484375,993,944,2243,1323
1781,77.0,feeder,0.9573308825492859,992,945,2242,1323
1782,77.0,feeder,0.9579862952232361,992,944,2242,1323
1783,77.0,feeder,0.9577650427818298,991,944,2241,1323
1784,77.0,feeder,0.9576736092567444,991,944,2241,1323
1785,77.0,feeder,0.9575809240341187,991,944,2241,1323
1786,77.0,feeder,0.9577253460884094,990,943,2241,1323
1787,77.0,feeder,0.9573503136634827,991,943,2241,1323
1788,77.0,feeder,0.9573535919189453,991,944,2241,1323
1789,77.0,feeder,0.9572431445121765,991,944,2241,1323
1790,77.0,feeder,0.9571779370307922,991,943,2241,1323
1791,77.0,feeder,0.9576702117919922,991,943,2241,1323
1792,77.0,feeder,0.9577266573905945,991,943,2241,1323
1793,77.0,feeder,0.9576212763786316,991,943,2241,1323
1794,77.0,feeder,0.9571342468261719,991,944,2241,1323
1795,77.0,feeder,0.9573739171028137,990,944,2241,1323
1796,77.0,feeder,0.9573361277580261,990,944,2241,1323
1797,77.0,feeder,0.957587718963623,989,944,2241,1323
1798,77.0,feeder,0.9577465653419495,989,944,2241,1323
1799,77.0,feeder,0.9576670527458191,989,943,2241,1323
1800,77.0,feeder,0.9576273560523987,989,943,2240,1323
1801,77.0,feeder,0.9575722813606262,990,944,2240,1323
1802,77.0,feeder,0.9576900005340576,990,944,2240,1323
1803,77.0,feeder,0.9574369788169861,990,944,2240,1323
1804,77.0,feeder,0.957514226436615,989,944,2240,1323
1805,77.0,feeder,0.9576864242553711,989,944,2240,1323
1806,77.0,feeder,0.9575834274291992,989,944,2240,1323
1807,77.0,feeder,0.9573900699615479,989,944,2240,1323
1808,77.0,feeder,0.9572367072105408,989,944,2240,1323
1809,77.0,feeder,0.9573460817337036,988,944,2240,1323
1810,77.0,feeder,0.9574118256568909,988,944,2240,1322
1811,77.0,feeder,0.957839846611023,989,944,2240,1322
1812,77.0,feeder,0.9579347968101501,988,944,2240,1322
1813,77.0,feeder,0.9581335783004761,988,944,2240,1322
1814,77.0,feeder,0.958258330821991,988,944,2239,1322
1815,77.0,feeder,0.9583170413970947,987,944,2239,1322
1816,77.0,feeder,0.9588818550109863,987,944,2238,1322
1817,77.0,feeder,0.9588110446929932,987,944,2238,1322
1818,77.0,feeder,0.9587374925613403,987,944,2238,1322
1819,77.0,feeder,0.9586880803108215,987,944,2238,1322
1820,77.0,feeder,0.9586398005485535,987,944,2238,1322
1821,77.0,feeder,0.9586947560310364,987,944,2238,1322
1822,77.0,feeder,0.9585603475570679,987,944,2238,1322
1823,77.0,feeder,0.9585212469100952,987,944,2238,1322
1824,77.0,feeder,0.9584367275238037,987,944,2239,1322
1825,77.0,feeder,0.9584702253341675,987,944,2238,1322
1826,77.0,feeder,0.9585402011871338,987,944,2238,1322
1827,77.0,feeder,0.9589610695838928,986,944,2237,1322
1828,77.0,feeder,0.9590533971786499,985,944,2237,1322
1829,77.0,feeder,0.9588662981987,985,944,2237,1322
1830,77.0,feeder,0.9589517712593079,985,944,2237,1322
1831,77.0,feeder,0.9592024087905884,985,944,2236,1321
1832,77.0,feeder,0.9591882824897766,985,944,2236,1321
1833,77.0,feeder,0.9588034749031067,985,944,2236,1321
1834,77.0,feeder,0.9588996767997742,984,944,2236,1321
1835,77.0,feeder,0.9589233994483948,985,944,2236,1321
1836,77.0,feeder,0.9589628577232361,984,944,2236,1321
1837,77.0,feeder,0.9587020874023438,984,944,2236,1321
1838,77.0,feeder,0.9588145613670349,985,944,2236,1321
1839,77.0,feeder,0.9587229490280151,985,944,2236,1321
1840,77.0,feeder,0.9586300253868103,985,944,2236,1321
1841,77.0,feeder,0.9587807059288025,985,944,2236,1321
1842,77.0,feeder,0.9587555527687073,985,944,2236,1321
1843,77.0,feeder,0.9587230682373047,985,944,2236,1321
1844,77.0,feeder,0.9587081670761108,985,944,2236,1321
1845,77.0,feeder,0.9584692120552063,985,944,2236,1321
1846,77.0,feeder,0.9587733149528503,986,944,2236,1321
1847,77.0,feeder,0.9585564136505127,986,944,2236,1321
1848,77.0,feeder,0.9587355256080627,987,944,2236,1321
1849,77.0,feeder,0.9590513110160828,986,944,2236,1321
1850,77.0,feeder,0.9591509103775024,986,943,2236,1321
1851,77.0,feeder,0.959258496761322,986,943,2236,1321
1852,77.0,feeder,0.9592470526695251,986,944,2236,1321
1853,77.0,feeder,0.9593384861946106,986,944,2236,1321
1854,77.0,feeder,0.9591765403747559,986,944,2236,1321
1855,77.0,feeder,0.9592794179916382,985,943,2235,1321
1856,77.0,feeder,0.9593191742897034,985,943,2235,1321
1857,77.0,feeder,0.9592669010162354,985,943,2235,1321
1858,77.0,feeder,0.9594152569770813,985,943,2235,1321
1859,77.0,feeder,0.9595451951026917,985,943,2235,1321
1860,77.0,feeder,0.9595296382904053,984,943,2235,1321
1861,77.0,feeder,0.9591502547264099,985,943,2235,1321
1862,77.0,feeder,0.9593765139579773,985,943,2235,1321
1863,77.0,feeder,0.9592410326004028,985,943,2235,1321
1864,77.0,feeder,0.959209680557251,985,943,2235,1321
1865,77.0,feeder,0.9591309428215027,985,943,2235,1321
1866,77.0,feeder,0.9591212868690491,985,944,2235,1321
1867,77.0,feeder,0.9586057066917419,985,944,2235,1321
1868,77.0,feeder,0.9587995409965515,985,943,2235,1321
1869,77.0,feeder,0.9588847756385803,985,944,2236,1321
1870,77.0,feeder,0.958953857421875,986,944,2237,1322
1871,77.0,feeder,0.9588296413421631,986,944,2236,1322
1872,77.0,feeder,0.958758533000946,985,944,2236,1322
1873,77.0,feeder,0.9588591456413269,984,944,2235,1322
1874,77.0,feeder,0.9587010145187378,985,944,2235,1322
1875,77.0,feeder,0.9586154222488403,986,944,2236,1322
1876,77.0,feeder,0.9588958621025085,987,944,2237,1322
1877,77.0,feeder,0.9588919281959534,987,944,2237,1322
1878,77.0,feeder,0.9591062664985657,987,944,2237,1322
1879,77.0,feeder,0.9590610861778259,987,944,2237,1322
1880,77.0,feeder,0.959078311920166,987,944,2237,1322
1881,77.0,feeder,0.9589797258377075,986,944,2236,1322
1882,77.0,feeder,0.9594058394432068,986,944,2236,1321
1883,77.0,feeder,0.95942622423172,986,944,2236,1321
1884,77.0,feeder,0.9591382741928101,986,944,2236,1321
1885,77.0,feeder,0.9592580199241638,986,944,2236,1322
1886,77.0,feeder,0.9585409760475159,986,944,2236,1322
1887,77.0,feeder,0.9585679173469543,986,944,2236,1322
1888,77.0,feeder,0.9588778614997864,986,944,2237,1322
1889,77.0,feeder,0.958973228931427,986,944,2236,1322
1890,77.0,feeder,0.9591886401176453,986,944,2236,1322
1891,77.0,feeder,0.9580580592155457,986,944,2236,1322
1892,77.0,feeder,0.9584214687347412,987,944,2237,1322
1893,77.0,feeder,0.9583659768104553,988,944,2238,1322
1894,77.0,feeder,0.9583332538604736,989,944,2239,1322
1895,77.0,feeder,0.9590492248535156,988,944,2238,1321
1896,77.0,feeder,0.9588432312011719,987,944,2237,1321
1897,77.0,feeder,0.9587625861167908,987,944,2237,1321
1898,77.0,feeder,0.9584473371505737,987,943,2237,1322
1899,77.0,feeder,0.9584729671478271,988,944,2238,1322
1900,77.0,feeder,0.9586135745048523,988,944,2238,1322
1901,77.0,feeder,0.9583842754364014,988,944,2238,1322
1902,77.0,feeder,0.9588043689727783,987,944,2237,1321
1903,77.0,feeder,0.9593578577041626,986,943,2236,1321
1904,77.0,feeder,0.9593522548675537,986,943,2237,1321
1905,77.0,feeder,0.9589030742645264,986,943,2237,1321
1906,77.0,feeder,0.9581236243247986,988,944,2238,1322
1907,77.0,feeder,0.9581772685050964,988,944,2238,1323
1908,77.0,feeder,0.958207905292511,988,944,2237,1323
1909,77.0,feeder,0.9588214159011841,986,944,2237,1322
1910,77.0,feeder,0.9588839411735535,986,944,2237,1322
1911,77.0,feeder,0.9587135314941406,986,944,2237,1322
1912,77.0,feeder,0.9579429626464844,987,945,2238,1322
1913,77.0,feeder,0.9578841328620911,987,944,2238,1323
1914,77.0,feeder,0.9577235579490662,987,945,2238,1323
1915,77.0,feeder,0.9581058025360107,987,945,2237,1322
1916,77.0,feeder,0.9583523869514465,986,944,2237,1322
1917,77.0,feeder,0.9584694504737854,986,945,2237,1322
1918,77.0,feeder,0.9585494995117188,987,944,2238,1322
1919,77.0,feeder,0.9586244225502014,989,944,2239,1323
1920,77.0,feeder,0.9582178592681885,990,944,2240,1323
1921,77.0,feeder,0.9580479264259338,991,944,2240,1323
1922,77.0,feeder,0.958463728427887,990,944,2240,1323
1923,77.0,feeder,0.9584770202636719,989,944,2239,1322
1924,77.0,feeder,0.9584388732910156,989,944,2238,1322
1925,77.0,feeder,0.9586821794509888,989,944,2238,1322
1926,77.0,feeder,0.9588041305541992,989,944,2239,1322
1927,77.0,feeder,0.9587623476982117,989,944,2239,1323
1928,77.0,feeder,0.9587027430534363,989,944,2239,1322
1929,77.0,feeder,0.9588131308555603,988,944,2238,1322
1930,77.0,feeder,0.9585684537887573,988,944,2238,1322
1931,77.0,feeder,0.9586575031280518,988,944,2238,1322
1932,77.0,feeder,0.9587697982788086,988,944,2239,1322
1933,77.0,feeder,0.9587547183036804,989,944,2239,1322
1934,77.0,feeder,0.9587700366973877,989,944,2239,1322
1935,77.0,feeder,0.9587371945381165,989,944,2239,1322
1936,77.0,feeder,0.9588310718536377,988,944,2238,1322
1937,77.0,feeder,0.958660364151001,988,944,2238,1322
1938,77.0,feeder,0.9585315585136414,988,944,2238,1322
1939,77.0,feeder,0.9583410024642944,988,945,2238,1322
1940,77.0,feeder,0.9584763646125793,988,944,2239,1322
1941,77.0,feeder,0.9585076570510864,988,944,2239,1322
1942,77.0,feeder,0.9585180878639221,988,944,2239,1322
1943,77.0,feeder,0.958526074886322,988,944,2239,1322
1944,77.0,feeder,0.9585317373275757,988,944,2238,1322
1945,77.0,feeder,0.9583704471588135,988,944,2238,1322
1946,77.0,feeder,0.9583854675292969,988,944,2238,1322
1947,77.0,feeder,0.9581674933433533,988,945,2238,1322
1948,77.0,feeder,0.9581984877586365,988,945,2238,1322
1949,77.0,feeder,0.9583427309989929,987,945,2237,1322
1950,77.0,feeder,0.9586729407310486,987,944,2237,1322
1951,77.0,feeder,0.9585246443748474,987,944,2237,1322
1952,77.0,feeder,0.9583059549331665,988,944,2236,1322
1953,77.0,feeder,0.958294153213501,988,944,2237,1322
1954,77.0,feeder,0.9582265019416809,988,944,2237,1322
1955,77.0,feeder,0.9582815766334534,988,944,2237,1322
1956,77.0,feeder,0.9582628607749939,988,944,2237,1322
1957,77.0,feeder,0.9583361744880676,988,944,2238,1322
1958,77.0,feeder,0.9581677317619324,988,945,2237,1322
1959,77.0,feeder,0.9580572843551636,989,945,2237,1322
1960,77.0,feeder,0.9581798911094666,988,944,2237,1322
1961,77.0,feeder,0.9582307934761047,988,944,2237,1322
1962,77.0,feeder,0.9584277272224426,988,944,2237,1322
1963,77.0,feeder,0.9585176110267639,987,944,2237,1322
1964,77.0,feeder,0.9585937857627869,987,944,2236,1321
1965,77.0,feeder,0.9585661292076111,987,944,2236,1321
1966,77.0,feeder,0.9582504630088806,987,944,2237,1322
1967,77.0,feeder,0.958516001701355,987,944,2238,1322
1968,77.0,feeder,0.9586633443832397,987,944,2238,1322
1969,77.0,feeder,0.9584683775901794,987,944,2237,1322
1970,77.0,feeder,0.9584562182426453,986,944,2237,1322
1971,77.0,feeder,0.9586750268936157,986,943,2237,1322
1972,77.0,feeder,0.9590502381324768,986,943,2237,1322
1973,77.0,feeder,0.958936870098114,986,943,2237,1322
1974,77.0,feeder,0.9589516520500183,986,944,2237,1322
1975,77.0,feeder,0.9587987661361694,986,944,2237,1322
1976,77.0,feeder,0.9588916897773743,986,944,2237,1322
1977,77.0,feeder,0.9590413570404053,986,944,2237,1322
1978,77.0,feeder,0.9590612649917603,986,944,2237,1322
1979,77.0,feeder,0.9591754674911499,986,944,2237,1322
1980,77.0,feeder,0.9588635563850403,986,944,2237,1322
1981,77.0,feeder,0.9582895636558533,986,945,2236,1322
1982,77.0,feeder,0.9583319425582886,986,945,2236,1322
1983,77.0,feeder,0.9582791328430176,986,945,2236,1322
1984,77.0,feeder,0.9586102962493896,985,945,2236,1322
1985,77.0,feeder,0.9588918089866638,985,945,2236,1322
1986,77.0,feeder,0.9587115049362183,986,945,2235,1322
1987,77.0,feeder,0.9588006138801575,986,944,2235,1322
1988,77.0,feeder,0.9589453935623169,986,945,2235,1322
1989,77.0,feeder,0.9587420225143433,986,944,2235,1322
1990,77.0,feeder,0.9588887095451355,986,944,2235,1322
1991,77.0,feeder,0.9591639637947083,986,944,2235,1321
1992,77.0,feeder,0.9588943123817444,986,944,2235,1321
1993,77.0,feeder,0.9590287208557129,986,944,2235,1321
1994,77.0,feeder,0.959160566329956,985,944,2235,1321
1995,77.0,feeder,0.9589579105377197,985,944,2235,1321
1996,77.0,feeder,0.9586084485054016,986,944,2236,1322
1997,77.0,feeder,0.9585489630699158,986,944,2236,1322
1998,77.0,feeder,0.958668053150177,986,945,2237,1322
1999,77.0,feeder,0.958756685256958,986,944,2236,1322
2000,77.0,feeder,0.9587746262550354,986,944,2237,1322
2001,77.0,feeder,0.9588030576705933,987,944,2237,1322
2002,77.0,feeder,0.9586190581321716,987,944,2237,1322
2003,77.0,feeder,0.958774209022522,987,944,2236,1321
2004,77.0,feeder,0.9588570594787598,986,944,2236,1321
2005,77.0,feeder,0.9591788649559021,986,944,2236,1322
2006,77.0,feeder,0.9590515494346619,986,944,2236,1322
2007,77.0,feeder,0.9589723944664001,986,944,2236,1322
2008,77.0,feeder,0.9591415524482727,986,944,2236,1322
2009,77.0,feeder,0.9591436386108398,986,944,2236,1321
2010,77.0,feeder,0.9592369794845581,986,945,2236,1322
2011,77.0,feeder,0.9588408470153809,987,944,2237,1322
2012,77.0,feeder,0.9588068723678589,988,944,2237,1322
2013,77.0,feeder,0.9594089984893799,987,944,2237,1322
2014,77.0,feeder,0.9594438076019287,986,944,2236,1322
2015,77.0,feeder,0.9594787955284119,986,944,2236,1322
2016,77.0,feeder,0.9594495892524719,986,944,2237,1322
2017,77.0,feeder,0.9593835473060608,986,944,2236,1322
2018,77.0,feeder,0.959376335144043,985,943,2236,1322
2019,77.0,feeder,0.9595261216163635,985,943,2237,1322
2020,77.0,feeder,0.9592748284339905,985,943,2237,1322
2021,77.0,feeder,0.9593054056167603,985,943,2236,1322
2022,77.0,feeder,0.9592558741569519,985,943,2236,1322
2023,77.0,feeder,0.9591773152351379,985,944,2236,1322
2024,77.0,feeder,0.9590715765953064,985,944,2236,1322
2025,77.0,feeder,0.958931028842926,985,944,2236,1322
2026,77.0,feeder,0.9593462347984314,984,944,2236,1322
2027,77.0,feeder,0.9593448042869568,984,944,2236,1322
2028,77.0,feeder,0.9594674706459045,984,944,2236,1322
2029,77.0,feeder,0.959408700466156,984,944,2235,1322
2030,77.0,feeder,0.9593498706817627,985,944,2235,1322
2031,77.0,feeder,0.9592467546463013,985,945,2235,1323
2032,77.0,feeder,0.9590925574302673,985,945,2235,1323
2033,77.0,feeder,0.959201991558075,985,945,2235,1323
2034,77.0,feeder,0.9592830538749695,984,945,2235,1323
2035,77.0,feeder,0.9594932794570923,984,945,2235,1322
2036,77.0,feeder,0.9593893885612488,984,945,2234,1322
2037,77.0,feeder,0.9596523642539978,984,945,2234,1322
2038,77.0,feeder,0.9599078893661499,983,944,2233,1322
2039,77.0,feeder,0.9598159193992615,983,944,2233,1322
2040,77.0,feeder,0.9596527814865112,983,944,2233,1322
2041,77.0,feeder,0.9593604207038879,983,944,2233,1322
2042,77.0,feeder,0.9595673680305481,983,944,2233,1322
2043,77.0,feeder,0.9592779278755188,984,945,2233,1322
2044,77.0,feeder,0.9593709111213684,983,945,2233,1322
2045,77.0,feeder,0.9597322940826416,984,945,2234,1321
2046,77.0,feeder,0.9600476026535034,984,944,2234,1321
2047,77.0,feeder,0.9600101709365845,983,944,2234,1321
2048,77.0,feeder,0.9593257308006287,983,945,2234,1322
2049,77.0,feeder,0.9592856764793396,983,945,2233,1322
2050,77.0,feeder,0.9590995907783508,983,945,2233,1322
2051,77.0,feeder,0.959611713886261,983,945,2233,1322
2052,77.0,feeder,0.9602077007293701,983,944,2234,1321
2053,77.0,feeder,0.9601567387580872,983,943,2234,1321
2054,77.0,feeder,0.9600748419761658,983,944,2234,1321
2055,77.0,feeder,0.959634006023407,983,944,2234,1321
2056,77.0,feeder,0.9588401913642883,983,944,2233,1321
2057,77.0,feeder,0.9589923024177551,982,945,2232,1321
2058,77.0,feeder,0.9590326547622681,983,944,2233,1321
2059,77.0,feeder,0.9591482281684875,982,943,2234,1320
2060,77.0,feeder,0.9589062929153442,982,943,2234,1320
2061,77.0,feeder,0.9591876268386841,982,943,2234,1320
2062,77.0,feeder,0.9586255550384521,982,944,2233,1321
2063,77.0,feeder,0.9593981504440308,982,945,2232,1322
2064,77.0,feeder,0.9591761231422424,982,945,2232,1322
2065,77.0,feeder,0.9592048525810242,982,944,2233,1321
2066,77.0,feeder,0.9592131972312927,983,944,2233,1321
2067,77.0,feeder,0.9593832492828369,983,944,2234,1321
2068,77.0,feeder,0.9594305157661438,983,944,2234,1321
2069,77.0,feeder,0.9592298269271851,982,944,2234,1322
2070,77.0,feeder,0.9592985510826111,982,945,2233,1322
2071,77.0,feeder,0.9586864709854126,983,945,2233,1322
2072,77.0,feeder,0.9588716626167297,983,945,2233,1322
2073,77.0,feeder,0.9589268565177917,983,945,2233,1322
2074,77.0,feeder,0.958911657333374,983,945,2233,1322
2075,77.0,feeder,0.9590152502059937,984,944,2233,1322
2076,77.0,feeder,0.9590620398521423,983,944,2233,1322
2077,77.0,feeder,0.9590951800346375,983,944,2233,1322
2078,77.0,feeder,0.9594639539718628,982,944,2233,1322
2079,77.0,feeder,0.9591789841651917,982,944,2233,1322
2080,77.0,feeder,0.9588146209716797,982,944,2233,1322
2081,77.0,feeder,0.9587879180908203,982,944,2233,1322
2082,77.0,feeder,0.9588046669960022,982,944,2233,1322
2083,77.0,feeder,0.9588295817375183,983,944,2233,1322
2084,77.0,feeder,0.9591881632804871,983,944,2233,1322
2085,77.0,feeder,0.958926796913147,983,944,2234,1322
2086,77.0,feeder,0.9585586190223694,983,944,2235,1322
2087,77.0,feeder,0.9588142037391663,983,945,2236,1322
2088,77.0,feeder,0.9585496187210083,984,944,2236,1322
2089,77.0,feeder,0.9585503935813904,985,944,2236,1322
2090,77.0,feeder,0.9585111737251282,985,944,2236,1322
2091,77.0,feeder,0.9587512016296387,984,944,2236,1322
2092,77.0,feeder,0.9584109783172607,984,945,2235,1322
2093,77.0,feeder,0.9585086703300476,983,945,2235,1322
2094,77.0,feeder,0.9583574533462524,983,945,2235,1322
2095,77.0,feeder,0.9584560990333557,983,945,2235,1322
2096,77.0,feeder,0.9584664702415466,983,945,2235,1322
2097,77.0,feeder,0.958472728729248,984,944,2235,1322
2098,77.0,feeder,0.958199679851532,984,944,2235,1322
2099,77.0,feeder,0.9582359194755554,984,945,2235,1322
2100,77.0,feeder,0.9582493901252747,984,945,2236,1322
2101,77.0,feeder,0.9580175876617432,984,944,2236,1322
2102,77.0,feeder,0.9584715366363525,985,944,2236,1322
2103,77.0,feeder,0.958264172077179,985,944,2235,1322
2104,77.0,feeder,0.9581841230392456,984,944,2235,1322
2105,77.0,feeder,0.9581522941589355,984,944,2235,1322
2106,77.0,feeder,0.9580087065696716,984,944,2235,1322
2107,77.0,feeder,0.9581201076507568,984,944,2235,1322
2108,77.0,feeder,0.9581474661827087,984,944,2235,1322
2109,77.0,feeder,0.9582882523536682,983,944,2235,1322
2110,77.0,feeder,0.9583607316017151,983,944,2235,1323
2111,77.0,feeder,0.9585700035095215,984,945,2235,1323
2112,77.0,feeder,0.9586473107337952,983,944,2235,1323
2113,77.0,feeder,0.9586453437805176,984,944,2235,1322
2114,77.0,feeder,0.9587470293045044,984,943,2235,1322
2115,77.0,feeder,0.9591150283813477,982,943,2235,1322
2116,77.0,feeder,0.9586981534957886,982,944,2234,1321
2117,77.0,feeder,0.9583109021186829,982,944,2233,1321
2118,77.0,feeder,0.9587600827217102,983,944,2234,1322
2119,77.0,feeder,0.9588090777397156,983,945,2234,1322
2120,77.0,feeder,0.9588157534599304,984,945,2234,1322
2121,77.0,feeder,0.9587711691856384,983,945,2234,1322
2122,77.0,feeder,0.9586445689201355,983,944,2234,1322
2123,77.0,feeder,0.9586172103881836,983,944,2233,1322
2124,77.0,feeder,0.9585891366004944,983,944,2233,1322
2125,77.0,feeder,0.9586466550827026,983,944,2233,1322
2126,77.0,feeder,0.9587575793266296,983,944,2233,1322
2127,77.0,feeder,0.9591577053070068,983,944,2233,1322
2128,77.0,feeder,0.9588561058044434,983,944,2233,1322
2129,77.0,feeder,0.958885133266449,983,944,2233,1322
2130,77.0,feeder,0.9585654735565186,983,944,2233,1322
2131,77.0,feeder,0.9584310054779053,984,945,2233,1322
2132,77.0,feeder,0.9588794112205505,983,944,2234,1322
2133,77.0,feeder,0.9589179158210754,983,944,2235,1322
2134,77.0,feeder,0.9589861035346985,983,944,2234,1322
2135,77.0,feeder,0.959356427192688,982,945,2234,1322
2136,77.0,feeder,0.9594408273696899,982,945,2234,1322
2137,77.0,feeder,0.9591639637947083,982,945,2233,1322
2138,77.0,feeder,0.9589850902557373,982,945,2234,1322
2139,77.0,feeder,0.9592679142951965,983,944,2234,1322
2140,77.0,feeder,0.9591420292854309,983,944,2234,1322
2141,77.0,feeder,0.959392786026001,983,944,2234,1322
2142,77.0,feeder,0.9596298336982727,982,944,2234,1322
2143,77.0,feeder,0.9597076773643494,983,944,2234,1322
2144,77.0,feeder,0.9594516754150391,983,944,2234,1322
2145,77.0,feeder,0.9592627882957458,983,943,2234,1322
2146,77.0,feeder,0.9587531685829163,983,943,2233,1322
2147,77.0,feeder,0.9587674140930176,983,943,2233,1321
2148,77.0,feeder,0.9589658975601196,983,943,2233,1321
2149,77.0,feeder,0.9588332772254944,982,943,2233,1321
2150,77.0,feeder,0.9590664505958557,982,943,2233,1321
2151,77.0,feeder,0.9589825868606567,982,943,2233,1322
2152,77.0,feeder,0.9590515494346619,982,944,2233,1322
2153,77.0,feeder,0.9589004516601562,982,944,2234,1322
2154,77.0,feeder,0.9588674902915955,982,943,2233,1322
2155,77.0,feeder,0.9588518142700195,982,943,2233,1321
2156,77.0,feeder,0.9588935375213623,982,943,2233,1321
2157,77.0,feeder,0.9586408734321594,982,944,2233,1321
2158,77.0,feeder,0.9587305784225464,982,944,2233,1321
2159,77.0,feeder,0.9586881995201111,983,943,2233,1321
2160,77.0,feeder,0.9587257504463196,983,943,2233,1322
2161,77.0,feeder,0.9592642784118652,983,944,2233,1322
2162,77.0,feeder,0.9593095779418945,982,944,2233,1322
2163,77.0,feeder,0.9595962166786194,982,944,2234,1322
2164,77.0,feeder,0.9593989253044128,982,944,2234,1322
2165,77.0,feeder,0.9595767259597778,983,944,2234,1322
2166,77.0,feeder,0.9595275521278381,983,944,2234,1322
2167,77.0,feeder,0.9593549966812134,983,944,2234,1322
2168,77.0,feeder,0.9591161012649536,983,944,2234,1322
2169,77.0,feeder,0.9593460559844971,984,944,2234,1322
2170,77.0,feeder,0.9594621062278748,984,944,2234,1322
2171,77.0,feeder,0.9593803882598877,983,944,2234,1321
2172,77.0,feeder,0.9593091607093811,983,944,2235,1321
2173,77.0,feeder,0.9590973854064941,983,944,2234,1322
2174,77.0,feeder,0.95900559425354,983,945,2234,1322
2175,77.0,feeder,0.9585709571838379,983,945,2235,1322
2176,77.0,feeder,0.9585904479026794,985,945,2235,1322
2177,77.0,feeder,0.9587103128433228,984,944,2235,1321
2178,77.0,feeder,0.9586875438690186,984,944,2236,1321
2179,77.0,feeder,0.9589500427246094,985,945,2235,1321
2180,77.0,feeder,0.9586549997329712,985,946,2235,1322
2181,77.0,feeder,0.9586373567581177,986,946,2236,1322
2182,77.0,feeder,0.9583303928375244,986,946,2236,1322
2183,77.0,feeder,0.9581230878829956,987,946,2237,1322
2184,77.0,feeder,0.9586787819862366,987,945,2236,1322
2185,77.0,feeder,0.9587253332138062,986,945,2236,1322
2186,77.0,feeder,0.9584179520606995,986,945,2236,1321
2187,77.0,feeder,0.9587395787239075,986,945,2236,1321
2188,77.0,feeder,0.9587129354476929,986,945,2236,1321
2189,77.0,feeder,0.9585742354393005,986,945,2236,1322
2190,77.0,feeder,0.958407461643219,986,945,2236,1322
2191,77.0,feeder,0.9577043652534485,986,945,2236,1322
2192,77.0,feeder,0.957801342010498,985,945,2236,1322
2193,77.0,feeder,0.9579880237579346,985,945,2237,1322
2194,77.0,feeder,0.9578462839126587,985,945,2236,1322
2195,77.0,feeder,0.9578774571418762,985,944,2237,1321
2196,77.0,feeder,0.9578825831413269,985,944,2236,1321
2197,77.0,feeder,0.9579563140869141,985,944,2236,1322
2198,77.0,feeder,0.957912802696228,985,944,2236,1322
2199,77.0,feeder,0.9578830599784851,985,944,2236,1322
2200,77.0,feeder,0.957984209060669,985,944,2236,1321
2201,77.0,feeder,0.9579563140869141,985,944,2236,1322
2202,77.0,feeder,0.9579927325248718,985,944,2236,1322
2203,77.0,feeder,0.9578593969345093,985,944,2236,1322
2204,77.0,feeder,0.9577653408050537,985,944,2236,1322
2205,77.0,feeder,0.957456111907959,985,944,2237,1322
2206,77.0,feeder,0.9583660960197449,986,944,2237,1322
2207,77.0,feeder,0.9587898850440979,986,944,2237,1322
2208,77.0,feeder,0.9589170217514038,986,944,2238,1322
2209,77.0,feeder,0.9588140845298767,986,944,2238,1322
2210,77.0,feeder,0.9591884016990662,986,944,2237,1322
2211,77.0,feeder,0.9587283134460449,986,944,2237,1322
2212,77.0,feeder,0.958435595035553,986,944,2237,1322
2213,77.0,feeder,0.958573579788208,987,944,2237,1322
2214,77.0,feeder,0.958387017250061,988,945,2238,1322
2215,77.0,feeder,0.9582407474517822,988,945,2238,1322
2216,77.0,feeder,0.9583823084831238,988,945,2238,1322
2217,77.0,feeder,0.9584061503410339,987,945,2238,1322
2218,77.0,feeder,0.9584038257598877,987,945,2238,1322
2219,77.0,feeder,0.9585565328598022,987,945,2238,1322
2220,77.0,feeder,0.958444356918335,987,945,2238,1322
2221,77.0,feeder,0.9580389261245728,987,944,2238,1322
2222,77.0,feeder,0.9579740762710571,987,944,2238,1322
2223,77.0,feeder,0.9579801559448242,988,944,2238,1322
2224,77.0,feeder,0.9579378366470337,987,945,2238,1322
2225,77.0,feeder,0.9579682350158691,987,945,2238,1322
2226,77.0,feeder,0.9580971598625183,988,945,2238,1322
2227,77.0,feeder,0.9581782221794128,987,945,2238,1322
2228,77.0,feeder,0.9580826759338379,987,945,2239,1322
2229,77.0,feeder,0.9581162929534912,987,945,2238,1322
2230,77.0,feeder,0.9581848978996277,987,945,2238,1322
2231,77.0,feeder,0.9582792520523071,987,944,2238,1322
2232,77.0,feeder,0.9582550525665283,987,945,2238,1322
2233,77.0,feeder,0.9582881331443787,987,944,2237,1322
2234,77.0,feeder,0.9583182334899902,987,945,2237,1322
2235,77.0,feeder,0.9581047892570496,987,945,2238,1322
2236,77.0,feeder,0.9586150050163269,988,945,2239,1322
2237,77.0,feeder,0.9585205912590027,988,945,2239,1322
2238,77.0,feeder,0.9586656093597412,988,945,2239,1322
2239,77.0,feeder,0.9588072896003723,988,945,2238,1322
2240,77.0,feeder,0.9589745998382568,987,945,2238,1322
2241,77.0,feeder,0.9590928554534912,987,945,2238,1322
2242,77.0,feeder,0.9591097831726074,986,945,2238,1322
2243,77.0,feeder,0.9591411352157593,987,944,2238,1322
2244,77.0,feeder,0.9591546058654785,986,944,2238,1322
2245,77.0,feeder,0.9591755867004395,987,944,2237,1322
2246,77.0,feeder,0.9591694474220276,987,944,2238,1322
2247,77.0,feeder,0.959097683429718,987,945,2237,1322
2248,77.0,feeder,0.9591180086135864,987,945,2237,1322
2249,77.0,feeder,0.9592372179031372,987,945,2237,1322
2250,77.0,feeder,0.9593906998634338,986,945,2237,1322
2251,77.0,feeder,0.9582449793815613,986,944,2237,1322
2252,77.0,feeder,0.9584972858428955,985,944,2236,1322
2253,77.0,feeder,0.9586054682731628,985,944,2236,1321
2254,77.0,feeder,0.9584490656852722,984,944,2236,1321
2255,77.0,feeder,0.9583355188369751,985,944,2237,1321
2256,77.0,feeder,0.9583014845848083,985,944,2238,1322
2257,77.0,feeder,0.9584324359893799,986,944,2238,1322
2258,77.0,feeder,0.958303689956665,986,945,2239,1322
2259,77.0,feeder,0.9584022164344788,987,945,2238,1322
2260,77.0,feeder,0.9586438536643982,986,945,2238,1322
2261,77.0,feeder,0.9586304426193237,987,945,2237,1322
2262,77.0,feeder,0.9583979249000549,987,945,2237,1322
2263,77.0,feeder,0.9586025476455688,986,945,2237,1322
2264,77.0,feeder,0.9583310484886169,986,944,2237,1322
2265,77.0,feeder,0.9584313631057739,987,944,2237,1322
2266,77.0,feeder,0.9587249159812927,987,944,2237,1322
2267,77.0,feeder,0.9584185481071472,987,944,2237,1322
2268,77.0,feeder,0.9581579566001892,986,944,2237,1322
2269,77.0,feeder,0.9582181572914124,986,944,2237,1322
2270,77.0,feeder,0.9583202004432678,986,944,2237,1322
2271,77.0,feeder,0.9584953188896179,986,944,2237,1322
2272,77.0,feeder,0.9585481882095337,986,945,2237,1322
2273,77.0,feeder,0.9584627747535706,986,945,2237,1322
2274,77.0,feeder,0.9583712220191956,987,945,2237,1322
2275,77.0,feeder,0.9581461548805237,987,944,2238,1322
2276,77.0,feeder,0.9579899311065674,987,944,2238,1322
2277,77.0,feeder,0.9578862190246582,987,944,2237,1322
2278,77.0,feeder,0.9577929377555847,986,944,2237,1322
2279,77.0,feeder,0.9580504298210144,987,945,2237,1322
2280,77.0,feeder,0.9583660960197449,986,945,2237,1322
2281,77.0,feeder,0.9581886529922485,986,944,2236,1322
2282,77.0,feeder,0.9581817388534546,986,944,2236,1322
2283,77.0,feeder,0.9586178660392761,985,944,2236,1322
2284,77.0,feeder,0.9585049152374268,984,944,2236,1322
2285,77.0,feeder,0.958892822265625,984,944,2236,1322
2286,77.0,feeder,0.9584413170814514,985,943,2236,1322
2287,77.0,feeder,0.9582338333129883,986,943,2237,1322
2288,77.0,feeder,0.9581941962242126,985,943,2237,1322
2289,77.0,feeder,0.9585469961166382,985,944,2237,1322
2290,77.0,feeder,0.958598792552948,984,944,2237,1322
2291,77.0,feeder,0.9587135314941406,984,944,2236,1322
2292,77.0,feeder,0.9585404992103577,984,944,2237,1322
2293,77.0,feeder,0.9582977890968323,985,944,2237,1322
2294,77.0,feeder,0.9583518505096436,985,944,2237,1322
2295,77.0,feeder,0.9585655927658081,985,944,2237,1322
2296,77.0,feeder,0.9581025838851929,984,945,2236,1322
2297,77.0,feeder,0.9582415223121643,983,945,2236,1322
2298,77.0,feeder,0.9584448337554932,983,945,2236,1322
2299,77.0,feeder,0.9586109519004822,983,945,2235,1322
2300,77.0,feeder,0.9585897922515869,983,945,2236,1322
2301,77.0,feeder,0.9583730697631836,983,945,2236,1322
2302,77.0,feeder,0.9586796760559082,983,944,2235,1322
2303,77.0,feeder,0.9588792324066162,983,945,2235,1322
2304,77.0,feeder,0.9586132764816284,983,945,2235,1322
2305,77.0,feeder,0.9588128924369812,983,945,2235,1322
2306,77.0,feeder,0.9585708975791931,983,945,2235,1322
2307,77.0,feeder,0.9583386778831482,984,944,2235,1322
2308,77.0,feeder,0.9583048820495605,984,944,2235,1322
2309,77.0,feeder,0.9583191275596619,984,944,2235,1322
2310,77.0,feeder,0.9584096670150757,984,944,2236,1322
2311,77.0,feeder,0.9585390090942383,985,945,2236,1322
2312,77.0,feeder,0.9584787487983704,985,945,2237,1322
2313,77.0,feeder,0.9586594700813293,985,945,2237,1322
2314,77.0,feeder,0.9585535526275635,985,945,2237,1321
2315,77.0,feeder,0.9584828019142151,985,944,2237,1321
2316,77.0,feeder,0.9586666226387024,984,944,2237,1321
2317,77.0,feeder,0.9587796926498413,984,944,2236,1321
2318,77.0,feeder,0.9588753581047058,984,944,2236,1321
2319,77.0,feeder,0.9589448571205139,984,944,2236,1321
2320,77.0,feeder,0.9586257338523865,984,944,2237,1321
2321,77.0,feeder,0.958541750907898,985,944,2237,1321
2322,77.0,feeder,0.9585248827934265,985,944,2237,1321
2323,77.0,feeder,0.9587429761886597,985,944,2236,1321
2324,77.0,feeder,0.9589112997055054,986,944,2236,1321
2325,77.0,feeder,0.9586645364761353,986,944,2235,1321
2326,77.0,feeder,0.9590901136398315,985,944,2235,1322
2327,77.0,feeder,0.9590435028076172,985,944,2235,1322
2328,77.0,feeder,0.9591271877288818,985,944,2234,1322
2329,77.0,feeder,0.9590569138526917,985,944,2234,1322
2330,77.0,feeder,0.9591865539550781,985,944,2235,1322
2331,77.0,feeder,0.9590628147125244,985,944,2235,1322
2332,77.0,feeder,0.9590117335319519,986,944,2235,1322
2333,77.0,feeder,0.9590969085693359,986,944,2236,1322
2334,77.0,feeder,0.9590178728103638,986,944,2236,1322
2335,77.0,feeder,0.9591120481491089,986,944,2236,1322
2336,77.0,feeder,0.958748459815979,985,944,2236,1322
2337,77.0,feeder,0.9586799740791321,985,944,2236,1322
2338,77.0,feeder,0.9587472677230835,985,944,2236,1322
2339,77.0,feeder,0.9586828351020813,985,944,2236,1322
2340,77.0,feeder,0.9586129188537598,985,945,2236,1322
2341,77.0,feeder,0.9587790369987488,984,945,2234,1322
2342,77.0,feeder,0.9592708945274353,983,945,2233,1322
2343,77.0,feeder,0.9586833715438843,983,945,2233,1322
2344,77.0,feeder,0.9587568044662476,984,946,2233,1322
2345,77.0,feeder,0.9585307836532593,984,945,2234,1322
2346,77.0,feeder,0.958713173866272,984,945,2234,1322
2347,77.0,feeder,0.958960771560669,984,946,2234,1322
2348,77.0,feeder,0.9592299461364746,983,945,2234,1322
2349,77.0,feeder,0.9594702124595642,983,945,2233,1322
2350,77.0,feeder,0.9593557715415955,982,945,2233,1322
2351,77.0,feeder,0.959137499332428,982,945,2233,1322
2352,77.0,feeder,0.9591072201728821,982,945,2233,1322
2353,77.0,feeder,0.9592446684837341,982,945,2233,1322
2354,77.0,feeder,0.9582318663597107,982,946,2233,1322
2355,77.0,feeder,0.9580786228179932,984,946,2234,1322
2356,77.0,feeder,0.9576037526130676,988,946,2237,1323
2357,77.0,feeder,0.9575961232185364,990,946,2239,1323
2358,77.0,feeder,0.9575896859169006,990,945,2240,1322
2359,77.0,feeder,0.9581708908081055,990,944,2240,1322
2360,77.0,feeder,0.9580715298652649,989,945,2240,1322
2361,77.0,feeder,0.9582077860832214,989,945,2240,1323
2362,77.0,feeder,0.9582560658454895,989,946,2240,1323
2363,77.0,feeder,0.957692563533783,989,946,2240,1323
2364,77.0,feeder,0.9578418135643005,990,945,2241,1323
2365,77.0,feeder,0.9581994414329529,989,945,2241,1323
2366,77.0,feeder,0.9577218294143677,989,945,2240,1323
2367,77.0,feeder,0.9582369923591614,988,946,2239,1323
2368,77.0,feeder,0.9586999416351318,987,946,2238,1323
2369,77.0,feeder,0.9584342837333679,987,946,2238,1323
2370,77.0,feeder,0.9585396647453308,987,945,2238,1322
2371,77.0,feeder,0.9574970602989197,987,945,2239,1322
2372,77.0,feeder,0.9577091336250305,987,945,2240,1323
2373,77.0,feeder,0.9580370783805847,987,945,2239,1323
2374,77.0,feeder,0.9585075378417969,988,946,2239,1323
2375,77.0,feeder,0.9584291577339172,988,946,2239,1323
2376,77.0,feeder,0.9579607248306274,988,946,2239,1323
2377,77.0,feeder,0.957665741443634,987,945,2240,1322
2378,77.0,feeder,0.9576379656791687,987,945,2240,1322
2379,77.0,feeder,0.9577398896217346,988,945,2241,1323
2380,77.0,feeder,0.958554208278656,988,946,2240,1323
2381,77.0,feeder,0.9583715796470642,988,946,2240,1323
2382,77.0,feeder,0.9584921002388,988,946,2240,1323
2383,77.0,feeder,0.958473265171051,988,945,2240,1323
2384,77.0,feeder,0.9585782885551453,989,945,2241,1323
2385,77.0,feeder,0.9587279558181763,989,945,2241,1323
2386,77.0,feeder,0.9578748345375061,989,944,2240,1323
2387,77.0,feeder,0.9581125974655151,988,944,2239,1322
2388,77.0,feeder,0.9585782885551453,988,944,2238,1322
2389,77.0,feeder,0.9587324857711792,988,944,2239,1322
2390,77.0,feeder,0.9577582478523254,988,944,2239,1322
2391,77.0,feeder,0.9579312801361084,989,944,2240,1322
2392,77.0,feeder,0.9582480788230896,988,944,2239,1322
2393,77.0,feeder,0.9585700035095215,988,944,2239,1322
2394,77.0,feeder,0.9585991501808167,988,945,2239,1322
2395,77.0,feeder,0.9583688974380493,988,945,2239,1322
2396,77.0,feeder,0.9584360718727112,988,945,2239,1322
2397,77.0,feeder,0.9583882093429565,988,944,2238,1322
2398,77.0,feeder,0.9583626985549927,988,944,2238,1322
2399,77.0,feeder,0.9583315849304199,987,944,2238,1322
2400,77.0,feeder,0.9583185911178589,987,944,2238,1322
2401,77.0,feeder,0.9586071372032166,987,944,2237,1322
2402,77.0,feeder,0.9585645198822021,986,944,2237,1322
2403,77.0,feeder,0.9584975838661194,986,944,2237,1322
2404,77.0,feeder,0.9586161375045776,986,944,2237,1322
2405,77.0,feeder,0.9587154984474182,985,944,2237,1322
2406,77.0,feeder,0.9588060975074768,985,943,2237,1322
2407,77.0,feeder,0.9586106538772583,985,943,2237,1322
2408,77.0,feeder,0.9585537910461426,986,943,2236,1322
2409,77.0,feeder,0.9584811925888062,986,943,2236,1322
2410,77.0,feeder,0.9586294889450073,986,943,2236,1322
2411,77.0,feeder,0.9586520195007324,986,943,2237,1322
2412,77.0,feeder,0.9585816264152527,986,943,2237,1322
2413,77.0,feeder,0.9584001302719116,986,944,2237,1322
2414,77.0,feeder,0.9585714340209961,985,944,2237,1322
2415,77.0,feeder,0.9584333300590515,985,944,2237,1322
2416,77.0,feeder,0.9584034085273743,985,944,2236,1322
2417,77.0,feeder,0.9584683775901794,985,944,2235,1322
2418,77.0,feeder,0.958731472492218,986,944,2235,1322
2419,77.0,feeder,0.9588608145713806,985,944,2236,1322
2420,77.0,feeder,0.9587389230728149,985,944,2236,1322
2421,77.0,feeder,0.9588118195533752,984,944,2236,1322
2422,77.0,feeder,0.9585424065589905,984,944,2235,1322
2423,77.0,feeder,0.9586836099624634,985,944,2235,1322
2424,77.0,feeder,0.9589459300041199,985,944,2235,1322
2425,77.0,feeder,0.9588214159011841,986,944,2235,1322
2426,77.0,feeder,0.958888053894043,986,944,2235,1322
2427,77.0,feeder,0.9588996171951294,986,944,2235,1322
2428,77.0,feeder,0.9587874412536621,986,944,2235,1322
2429,77.0,feeder,0.958641529083252,986,944,2235,1322
2430,77.0,feeder,0.9584948420524597,986,944,2235,1322
2431,77.0,feeder,0.9578667283058167,985,945,2235,1322
2432,77.0,feeder,0.9578608274459839,985,945,2235,1322
2433,77.0,feeder,0.957726001739502,985,945,2235,1322
2434,77.0,feeder,0.9577308297157288,985,945,2235,1322
2435,77.0,feeder,0.9580932259559631,985,945,2236,1322
2436,77.0,feeder,0.9585040807723999,985,945,2235,1322
2437,77.0,feeder,0.9582826495170593,984,945,2235,1322
2438,77.0,feeder,0.9582669734954834,984,945,2235,1322
2439,77.0,feeder,0.9585250020027161,984,945,2235,1322
2440,77.0,feeder,0.9583914875984192,984,944,2235,1322
2441,77.0,feeder,0.9583625793457031,984,944,2235,1322
2442,77.0,feeder,0.9583442807197571,984,945,2235,1322
2443,77.0,feeder,0.9585594534873962,984,944,2235,1322
2444,77.0,feeder,0.9585828185081482,984,944,2235,1322
2445,77.0,feeder,0.9588839411735535,985,945,2235,1322
2446,77.0,feeder,0.9588388800621033,985,945,2235,1322
2447,77.0,feeder,0.9586821794509888,985,945,2235,1322
2448,77.0,feeder,0.9590346217155457,985,944,2235,1322
2449,77.0,feeder,0.9591990113258362,984,944,2235,1322
2450,77.0,feeder,0.9591667652130127,984,944,2235,1322
2451,77.0,feeder,0.9590644836425781,984,944,2235,1322
2452,77.0,feeder,0.958507239818573,985,944,2235,1322
2453,77.0,feeder,0.958275318145752,985,944,2235,1322
2454,77.0,feeder,0.9590166807174683,985,944,2236,1322
2455,77.0,feeder,0.9588994979858398,985,944,2236,1322
2456,77.0,feeder,0.959013044834137,985,944,2236,1322
2457,77.0,feeder,0.958828866481781,985,944,2235,1322
2458,77.0,feeder,0.9589335918426514,984,945,2234,1322
2459,77.0,feeder,0.9591758847236633,984,946,2234,1323
2460,77.0,feeder,0.9590027332305908,983,946,2234,1323
2461,77.0,feeder,0.9587305188179016,984,946,2234,1323
2462,77.0,feeder,0.9590893387794495,985,945,2236,1322
2463,77.0,feeder,0.958725094795227,985,945,2236,1322
2464,77.0,feeder,0.9587684869766235,985,945,2236,1322
2465,77.0,feeder,0.9587116241455078,985,945,2236,1323
2466,77.0,feeder,0.9590981602668762,984,945,2235,1322
2467,77.0,feeder,0.9592273235321045,984,946,2235,1322
2468,77.0,feeder,0.9586660861968994,983,945,2235,1322
2469,77.0,feeder,0.9589397311210632,984,945,2235,1322
2470,77.0,feeder,0.9589928984642029,984,945,2235,1322
2471,77.0,feeder,0.9588934779167175,984,945,2235,1322
2472,77.0,feeder,0.9585103988647461,984,945,2235,1322
2473,77.0,feeder,0.9585179686546326,984,945,2235,1322
2474,77.0,feeder,0.9590492248535156,984,945,2235,1322
2475,77.0,feeder,0.9593722224235535,984,944,2235,1321
2476,77.0,feeder,0.9590688347816467,984,944,2235,1322
2477,77.0,feeder,0.9592004418373108,983,944,2235,1322
2478,77.0,feeder,0.9583925604820251,982,945,2235,1322
2479,77.0,feeder,0.9583927989006042,982,946,2235,1322
2480,77.0,feeder,0.9586155414581299,982,945,2235,1322
2481,77.0,feeder,0.9589455127716064,983,944,2235,1322
2482,77.0,feeder,0.9589206576347351,984,944,2236,1322
2483,77.0,feeder,0.9588559865951538,983,944,2236,1322
2484,77.0,feeder,0.9581426382064819,983,945,2236,1322
2485,77.0,feeder,0.9583581686019897,984,946,2236,1322
2486,77.0,feeder,0.9583112001419067,984,946,2236,1322
2487,77.0,feeder,0.9586285948753357,984,945,2237,1322
2488,77.0,feeder,0.9587205052375793,985,945,2237,1322
2489,77.0,feeder,0.9585410952568054,984,945,2236,1322
2490,77.0,feeder,0.9580580592155457,983,946,2236,1322
2491,77.0,feeder,0.9575620889663696,984,945,2235,1322
2492,77.0,feeder,0.9576589465141296,984,944,2235,1322
2493,77.0,feeder,0.9577919244766235,984,944,2235,1322
2494,77.0,feeder,0.9579057693481445,984,944,2235,1322
2495,77.0,feeder,0.9580846428871155,985,944,2235,1322
2496,77.0,feeder,0.95811527967453,984,944,2235,1322
2497,77.0,feeder,0.9580972194671631,984,944,2235,1323
2498,77.0,feeder,0.9580990076065063,984,945,2235,1323
2499,77.0,feeder,0.9583103656768799,984,945,2235,1323
2500,77.0,feeder,0.9585859775543213,985,945,2236,1322
2501,77.0,feeder,0.9588479399681091,985,945,2236,1322
2502,77.0,feeder,0.9589993357658386,984,944,2236,1322
2503,77.0,feeder,0.958905816078186,983,944,2236,1322
2504,77.0,feeder,0.9582893252372742,983,945,2235,1322
2505,77.0,feeder,0.9583944082260132,983,945,2235,1322
2506,77.0,feeder,0.9589213132858276,982,945,2235,1322
2507,77.0,feeder,0.9589573740959167,983,944,2235,1322
2508,77.0,feeder,0.9589529633522034,983,944,2235,1322
2509,77.0,feeder,0.9590941071510315,983,944,2235,1322
2510,77.0,feeder,0.9589759707450867,983,944,2235,1322
2511,77.0,feeder,0.958713173866272,984,944,2236,1322
2512,77.0,feeder,0.958615243434906,984,944,2236,1322
2513,77.0,feeder,0.9586573839187622,985,944,2236,1322
2514,77.0,feeder,0.958764910697937,985,944,2237,1322
2515,77.0,feeder,0.958714485168457,985,944,2237,1322
2516,77.0,feeder,0.9584455490112305,986,944,2238,1322
2517,77.0,feeder,0.9586799740791321,986,945,2238,1322
2518,77.0,feeder,0.958730936050415,986,945,2238,1322
2519,77.0,feeder,0.9588139653205872,986,944,2237,1322
2520,77.0,feeder,0.9590578079223633,986,944,2237,1321
2521,77.0,feeder,0.9583054184913635,985,943,2237,1321
2522,77.0,feeder,0.9587245583534241,985,943,2237,1321
2523,77.0,feeder,0.9585684537887573,985,944,2237,1322
2524,77.0,feeder,0.9587684273719788,985,944,2236,1322
2525,77.0,feeder,0.9587964415550232,984,945,2236,1322
2526,77.0,feeder,0.9588306546211243,984,944,2237,1322
2527,77.0,feeder,0.9591582417488098,985,943,2237,1321
2528,77.0,feeder,0.9594139456748962,985,943,2237,1321
2529,77.0,feeder,0.9590051770210266,985,944,2237,1321
2530,77.0,feeder,0.9583924412727356,985,945,2237,1322
2531,77.0,feeder,0.9583055377006531,985,945,2237,1322
2532,77.0,feeder,0.9584901332855225,985,945,2237,1322
2533,77.0,feeder,0.9590674638748169,985,945,2236,1322
2534,77.0,feeder,0.9592413902282715,985,944,2236,1321
2535,77.0,feeder,0.9588425755500793,985,944,2236,1321
2536,77.0,feeder,0.9580376148223877,986,944,2236,1321
2537,77.0,feeder,0.9585196375846863,986,945,2236,1321
2538,77.0,feeder,0.9586651921272278,985,945,2235,1322
2539,77.0,feeder,0.9590303897857666,985,945,2235,1322
2540,77.0,feeder,0.9591336846351624,985,945,2234,1322
2541,77.0,feeder,0.9591820240020752,984,945,2234,1322
2542,77.0,feeder,0.9590461850166321,984,944,2234,1322
2543,77.0,feeder,0.9589880704879761,984,944,2234,1322
2544,77.0,feeder,0.9590356349945068,984,945,2234,1322
2545,77.0,feeder,0.95900559425354,984,945,2235,1322
2546,77.0,feeder,0.9590312242507935,985,945,2235,1322
2547,77.0,feeder,0.959006130695343,984,945,2235,1322
2548,77.0,feeder,0.9589053988456726,984,945,2235,1322
2549,77.0,feeder,0.9587897658348083,984,945,2235,1322
2550,77.0,feeder,0.9582503437995911,984,945,2235,1322
2551,77.0,feeder,0.9584426283836365,986,944,2236,1322
2552,77.0,feeder,0.9585290551185608,987,944,2236,1322
2553,77.0,feeder,0.958811342716217,987,944,2237,1322
2554,77.0,feeder,0.9589738249778748,987,944,2239,1322
2555,77.0,feeder,0.9588685631752014,987,944,2239,1322
2556,77.0,feeder,0.9586513042449951,987,945,2239,1322
2557,77.0,feeder,0.9586339592933655,987,945,2238,1323
2558,77.0,feeder,0.9588596820831299,987,945,2238,1322
2559,77.0,feeder,0.9590996503829956,988,944,2239,1322
2560,77.0,feeder,0.958608865737915,989,944,2241,1322
2561,77.0,feeder,0.9586089849472046,991,944,2242,1323
2562,77.0,feeder,0.9586612582206726,990,944,2241,1322
2563,77.0,feeder,0.9590594172477722,988,945,2239,1322
2564,77.0,feeder,0.9590082168579102,988,945,2238,1322
2565,77.0,feeder,0.9588330388069153,988,945,2239,1322
2566,77.0,feeder,0.9565386772155762,990,945,2239,1323
2567,77.0,feeder,0.9568272829055786,991,945,2241,1323
2568,77.0,feeder,0.9573100209236145,990,944,2241,1323
2569,77.0,feeder,0.9575322866439819,988,945,2240,1322
2570,77.0,feeder,0.958191454410553,988,945,2239,1323
2571,77.0,feeder,0.9580500721931458,988,945,2239,1323
2572,77.0,feeder,0.956903874874115,989,945,2240,1323
2573,77.0,feeder,0.9572513699531555,990,945,2241,1323
2574,77.0,feeder,0.9571051001548767,989,945,2241,1323
2575,77.0,feeder,0.9575152397155762,989,945,2240,1323
2576,77.0,feeder,0.9577547311782837,988,946,2239,1323
2577,77.0,feeder,0.9577028155326843,987,946,2238,1323
2578,77.0,feeder,0.9577593207359314,988,946,2239,1322
2579,77.0,feeder,0.9574965238571167,989,945,2240,1322
2580,77.0,feeder,0.9574984908103943,989,944,2241,1323
2581,77.0,feeder,0.9573338031768799,989,944,2241,1323
2582,77.0,feeder,0.9577749967575073,989,945,2240,1323
2583,77.0,feeder,0.9580704569816589,989,945,2239,1323
2584,77.0,feeder,0.9579967856407166,989,944,2239,1323
2585,77.0,feeder,0.9577043652534485,989,944,2240,1323
2586,77.0,feeder,0.9572853446006775,988,945,2240,1323
2587,77.0,feeder,0.9573102593421936,989,945,2241,1323
2588,77.0,feeder,0.9573847651481628,989,945,2241,1323
2589,77.0,feeder,0.9578595161437988,988,946,2238,1322
2590,77.0,feeder,0.9586464762687683,987,945,2237,1322
2591,77.0,feeder,0.9585418701171875,986,945,2236,1322
2592,77.0,feeder,0.9579527378082275,987,945,2238,1322
2593,77.0,feeder,0.9577223658561707,989,945,2239,1323
2594,77.0,feeder,0.9577526450157166,990,945,2240,1323
2595,77.0,feeder,0.9578280448913574,990,946,2240,1323
2596,77.0,feeder,0.9584256410598755,988,946,2237,1323
2597,77.0,feeder,0.958946168422699,986,945,2236,1322
2598,77.0,feeder,0.9591454267501831,985,944,2236,1322
2599,77.0,feeder,0.9585229158401489,986,944,2238,1322
2600,77.0,feeder,0.9582723379135132,989,944,2240,1323
2601,77.0,feeder,0.9581694602966309,990,945,2240,1323
2602,77.0,feeder,0.9582552909851074,989,945,2239,1323
2603,77.0,feeder,0.958771824836731,986,945,2237,1322
2604,77.0,feeder,0.9590216875076294,984,944,2237,1322
2605,77.0,feeder,0.9590960741043091,983,944,2237,1321
2606,77.0,feeder,0.9586612582206726,984,944,2238,1321
2607,77.0,feeder,0.9584007859230042,984,944,2239,1322
2608,77.0,feeder,0.9587215185165405,984,945,2239,1322
2609,77.0,feeder,0.9585028290748596,984,946,2237,1322
2610,77.0,feeder,0.9586509466171265,983,946,2235,1323
2611,77.0,feeder,0.958236813545227,984,946,2235,1322
2612,77.0,feeder,0.9582353830337524,985,945,2237,1322
2613,77.0,feeder,0.9579303860664368,985,945,2239,1322
2614,77.0,feeder,0.9581321477890015,987,945,2239,1322
2615,77.0,feeder,0.958588182926178,986,945,2238,1322
2616,77.0,feeder,0.9586558938026428,985,945,2237,1322
2617,77.0,feeder,0.9586166739463806,985,944,2236,1322
2618,77.0,feeder,0.9586082100868225,986,944,2237,1322
2619,77.0,feeder,0.958463728427887,986,944,2238,1322
2620,77.0,feeder,0.9583365321159363,986,944,2238,1322
2621,77.0,feeder,0.9582394361495972,986,944,2237,1322
2622,77.0,feeder,0.9584950804710388,985,945,2236,1322
2623,77.0,feeder,0.9586626887321472,985,945,2236,1322
2624,77.0,feeder,0.9584078788757324,985,945,2235,1322
2625,77.0,feeder,0.9581921100616455,986,944,2237,1322
2626,77.0,feeder,0.9579171538352966,987,944,2238,1322
2627,77.0,feeder,0.957883358001709,988,944,2239,1322
2628,77.0,feeder,0.9581878781318665,988,944,2239,1322
2629,77.0,feeder,0.9580008387565613,988,945,2239,1322
2630,77.0,feeder,0.957586944103241,987,945,2238,1322
2631,77.0,feeder,0.957804262638092,986,946,2237,1323
2632,77.0,feeder,0.9580525159835815,986,946,2237,1322
2633,77.0,feeder,0.9583035707473755,986,945,2237,1322
2634,77.0,feeder,0.9583756923675537,986,945,2237,1322
2635,77.0,feeder,0.9585599303245544,986,945,2237,1322
2636,77.0,feeder,0.9584531188011169,986,945,2237,1322
2637,77.0,feeder,0.9580246806144714,987,945,2237,1322
2638,77.0,feeder,0.9579765796661377,987,945,2237,1322
2639,77.0,feeder,0.9577538967132568,986,945,2236,1322
2640,77.0,feeder,0.9579316973686218,986,945,2236,1322
2641,77.0,feeder,0.9578337073326111,987,944,2236,1321
2642,77.0,feeder,0.9580386877059937,986,944,2237,1321
2643,77.0,feeder,0.9576182961463928,987,944,2238,1322
2644,77.0,feeder,0.9576257467269897,988,945,2238,1322
2645,77.0,feeder,0.9577823281288147,988,945,2238,1323
2646,77.0,feeder,0.958161473274231,988,945,2238,1323
2647,77.0,feeder,0.9582787156105042,988,945,2238,1323
2648,77.0,feeder,0.9580398201942444,989,945,2238,1323
2649,77.0,feeder,0.9581785798072815,989,945,2238,1322
2650,77.0,feeder,0.9581135511398315,988,945,2238,1322
2651,77.0,feeder,0.9585446715354919,987,945,2237,1322
2652,77.0,feeder,0.9584187269210815,987,945,2237,1322
2653,77.0,feeder,0.9580456018447876,987,945,2237,1322
2654,77.0,feeder,0.9578870534896851,988,945,2237,1323
2655,77.0,feeder,0.9583365321159363,988,945,2237,1323
2656,77.0,feeder,0.95786452293396,988,944,2237,1323
2657,77.0,feeder,0.9580283164978027,988,944,2237,1322
2658,77.0,feeder,0.9582800269126892,987,944,2237,1322
2659,77.0,feeder,0.9584391117095947,987,944,2237,1322
2660,77.0,feeder,0.9581570029258728,987,944,2237,1322
2661,77.0,feeder,0.9582907557487488,988,945,2237,1322
2662,77.0,feeder,0.9583045244216919,988,945,2237,1322
2663,77.0,feeder,0.9584315419197083,987,945,2238,1322
2664,77.0,feeder,0.9581787586212158,986,944,2238,1322
2665,77.0,feeder,0.9585647583007812,985,944,2238,1322
2666,77.0,feeder,0.9583820700645447,985,944,2238,1322
2667,77.0,feeder,0.9587462544441223,986,945,2238,1322
2668,77.0,feeder,0.9587024450302124,987,945,2237,1322
2669,77.0,feeder,0.958740770816803,987,944,2237,1322
2670,77.0,feeder,0.9591304659843445,987,944,2237,1322
2671,77.0,feeder,0.9582099914550781,988,944,2237,1322
2672,77.0,feeder,0.9583310484886169,988,944,2238,1322
2673,77.0,feeder,0.9582962393760681,988,944,2239,1322
2674,77.0,feeder,0.9578620195388794,988,945,2238,1322
2675,77.0,feeder,0.9583093523979187,987,945,2237,1322
2676,77.0,feeder,0.9582358002662659,987,945,2237,1322
2677,77.0,feeder,0.9581264853477478,987,945,2237,1322
2678,77.0,feeder,0.9583510756492615,989,945,2239,1322
2679,77.0,feeder,0.957194983959198,990,946,2240,1323
2680,77.0,feeder,0.9575679302215576,991,945,2240,1323
2681,77.0,feeder,0.9579853415489197,991,945,2240,1323
2682,77.0,feeder,0.9581214189529419,989,945,2239,1322
2683,77.0,feeder,0.9581722021102905,989,945,2239,1322
2684,77.0,feeder,0.9581964015960693,989,945,2240,1322
2685,77.0,feeder,0.9582408666610718,989,945,2240,1323
2686,77.0,feeder,0.9577975273132324,990,945,2240,1323
2687,77.0,feeder,0.9583559036254883,990,945,2240,1323
2688,77.0,feeder,0.95832359790802,989,945,2239,1323
2689,77.0,feeder,0.958333432674408,988,945,2238,1322
2690,77.0,feeder,0.9581112265586853,988,945,2238,1322
2691,77.0,feeder,0.9581187963485718,988,945,2238,1322
2692,77.0,feeder,0.9579164981842041,989,945,2239,1323
2693,77.0,feeder,0.9578930139541626,990,945,2240,1323
2694,77.0,feeder,0.9578119516372681,990,945,2240,1323
2695,77.0,feeder,0.9581064581871033,990,945,2239,1323
2696,77.0,feeder,0.958084762096405,989,945,2239,1323
2697,77.0,feeder,0.9580194354057312,989,945,2239,1323
2698,77.0,feeder,0.9581183791160583,989,945,2239,1323
2699,77.0,feeder,0.9580090641975403,989,945,2239,1323
2700,77.0,feeder,0.9578971266746521,990,945,2239,1323
2701,77.0,feeder,0.9580888152122498,990,945,2239,1323
