frame,id,class,confidence,x1,y1,x2,y2
1,75,j,0.916833758354187,1033,618,1408,910
2,75,j,0.9167341589927673,1115,615,1437,910
3,75,j,0.9151886105537415,1143,614,1446,910
4,75,j,0.9143680334091187,1151,612,1448,911
5,75,j,0.913979172706604,1152,611,1449,911
6,75,j,0.9138433933258057,1145,611,1449,910
7,75,j,0.914617657661438,1141,611,1449,910
8,75,j,0.9145873785018921,1138,612,1449,909
9,75,j,0.9124274253845215,1134,612,1449,909
10,75,j,0.91275554895401,1132,612,1449,909
11,75,j,0.9132223129272461,1131,612,1449,908
12,75,j,0.9134829640388489,1131,612,1449,909
13,75,j,0.9126664996147156,1130,612,1449,909
14,75,j,0.9130456447601318,1129,611,1449,909
15,75,j,0.9141923785209656,1130,611,1448,909
16,75,j,0.9160308241844177,1126,612,1448,910
17,75,j,0.915280282497406,1123,612,1448,911
18,75,j,0.9151507019996643,1122,612,1448,910
19,75,j,0.9155594110488892,1122,612,1448,910
20,75,j,0.916008710861206,1123,612,1448,910
21,75,j,0.9140815734863281,1123,615,1448,910
22,75,j,0.9123930335044861,1125,620,1448,910
23,75,j,0.916293740272522,1127,624,1447,910
24,75,j,0.9185502529144287,1131,627,1447,909
25,75,j,0.9177699089050293,1132,630,1447,909
26,75,j,0.9184735417366028,1130,633,1447,909
27,75,j,0.9187837839126587,1128,634,1446,909
28,75,j,0.919133722782135,1127,634,1445,909
29,75,j,0.9188543558120728,1127,634,1444,909
30,75,j,0.9191359281539917,1129,634,1444,909
31,75,j,0.921554684638977,1135,633,1444,910
32,75,j,0.9214761257171631,1137,632,1444,910
33,75,j,0.9211448431015015,1137,632,1444,910
34,75,j,0.9211332201957703,1137,632,1444,910
35,75,j,0.9208300709724426,1136,632,1444,910
36,75,j,0.9203227758407593,1136,634,1444,910
37,75,j,0.921387255191803,1136,635,1443,909
38,75,j,0.9188732504844666,1136,639,1442,909
39,75,j,0.9201182723045349,1135,645,1441,909
40,75,j,0.922899067401886,1130,656,1444,908
41,75,j,0.9215570092201233,1126,665,1450,908
42,75,j,0.9204041957855225,1123,671,1458,911
43,75,j,0.9251877665519714,1123,675,1468,916
44,75,j,0.9275609254837036,1125,678,1475,920
45,75,j,0.9280350208282471,1122,681,1479,921
46,75,j,0.9251085519790649,1116,681,1481,921
47,75,j,0.9240384101867676,1113,681,1481,921
48,75,j,0.9224638938903809,1108,680,1479,921
49,75,j,0.9227285981178284,1106,680,1477,921
50,75,j,0.921159565448761,1106,678,1477,919
51,75,j,0.9170418381690979,1107,674,1475,912
52,75,j,0.9152148962020874,1106,661,1479,908
53,75,j,0.9153261184692383,1106,647,1489,908
54,75,j,0.9192111492156982,1109,639,1510,908
55,75,j,0.9226166009902954,1111,634,1520,907
56,75,j,0.922214925289154,1111,631,1524,908
57,75,j,0.9227518439292908,1113,631,1526,907
58,75,j,0.923224925994873,1109,630,1526,908
59,75,j,0.9237162470817566,1107,630,1525,908
60,75,j,0.923244833946228,1106,630,1526,908
61,75,j,0.9254814386367798,1113,630,1526,908
62,75,j,0.9252374768257141,1115,630,1525,908
63,75,j,0.9250656366348267,1116,630,1525,908
64,75,j,0.924899160861969,1117,630,1525,908
65,75,j,0.9225689768791199,1116,630,1507,908
66,75,j,0.9168649315834045,1122,629,1485,908
67,75,j,0.9115404486656189,1129,636,1474,908
68,75,j,0.9132290482521057,1131,646,1458,908
69,75,j,0.9143316745758057,1131,651,1444,907
70,75,j,0.9111705422401428,1132,652,1436,905
71,75,j,0.912746012210846,1131,650,1430,906
72,75,j,0.9127300381660461,1134,650,1426,907
73,75,j,0.9137678146362305,1136,650,1424,907
74,75,j,0.9161947965621948,1135,653,1426,906
75,75,j,0.917961061000824,1137,655,1429,907
76,75,j,0.9167431592941284,1141,655,1430,907
77,75,j,0.9156268835067749,1149,654,1431,906
78,75,j,0.9146589636802673,1153,654,1433,906
79,75,j,0.9175896048545837,1154,655,1436,906
80,75,j,0.9172598123550415,1158,656,1438,905
81,75,j,0.9155447483062744,1158,656,1439,906
82,75,j,0.9157593250274658,1159,656,1439,905
83,75,j,0.916140079498291,1161,655,1440,905
84,75,j,0.9169471263885498,1162,655,1440,906
85,75,j,0.9171535968780518,1163,655,1440,906
86,75,j,0.9179452657699585,1165,654,1441,907
87,75,j,0.9173441529273987,1165,654,1441,907
88,75,j,0.9166424870491028,1166,653,1442,907
89,75,j,0.9178064465522766,1165,653,1444,907
90,75,j,0.9166770577430725,1165,653,1445,907
91,75,j,0.9177191257476807,1159,654,1446,907
92,75,j,0.9185628294944763,1158,654,1448,906
93,75,j,0.9180176854133606,1157,655,1449,907
94,75,j,0.9180306792259216,1157,655,1450,908
95,75,j,0.9173934459686279,1157,654,1449,908
96,75,j,0.9175965189933777,1158,654,1448,908
97,75,j,0.9160206317901611,1158,653,1448,908
98,75,j,0.916812002658844,1158,653,1448,908
99,75,j,0.9177138805389404,1159,653,1447,908
100,75,j,0.9167547225952148,1159,653,1447,908
101,75,j,0.9175945520401001,1159,653,1447,908
102,75,j,0.9176169037818909,1160,653,1447,908
103,75,j,0.9188699126243591,1161,654,1448,908
104,75,j,0.9191393256187439,1160,656,1448,908
105,75,j,0.9212313294410706,1156,656,1447,908
106,75,j,0.9218747019767761,1156,657,1445,909
107,75,j,0.9229550957679749,1153,656,1444,909
108,75,j,0.9234740138053894,1152,656,1444,909
109,75,j,0.923369288444519,1150,656,1444,909
110,75,j,0.9232867956161499,1148,656,1444,909
111,75,j,0.922756016254425,1150,656,1445,908
112,75,j,0.9212326407432556,1154,655,1445,908
113,75,j,0.9177325963973999,1158,654,1448,908
114,75,j,0.9156639575958252,1159,654,1449,907
115,75,j,0.913798987865448,1157,654,1451,907
116,75,j,0.9121057391166687,1156,655,1452,906
117,75,j,0.9133232235908508,1157,657,1452,904
118,75,j,0.913419783115387,1157,657,1451,904
119,75,j,0.9119289517402649,1159,658,1451,904
120,75,j,0.9159508943557739,1157,660,1449,905
121,75,j,0.9185434579849243,1162,663,1448,905
122,75,j,0.9174931049346924,1164,664,1448,906
123,75,j,0.9194905757904053,1165,665,1447,906
124,75,j,0.9180983901023865,1169,665,1447,906
125,75,j,0.9163040518760681,1171,665,1446,906
126,75,j,0.9135434031486511,1174,664,1447,906
127,75,j,0.9133902192115784,1176,664,1447,907
128,75,j,0.9111224412918091,1178,664,1447,907
129,75,j,0.9160616397857666,1180,659,1445,908
130,75,j,0.9159975051879883,1181,656,1443,908
131,75,j,0.9168565273284912,1178,654,1442,908
132,75,j,0.9146795868873596,1173,645,1440,907
133,75,j,0.9194712042808533,1169,638,1439,907
134,75,j,0.9165005683898926,1166,632,1436,906
135,75,j,0.9222049713134766,1164,624,1466,907
136,75,j,0.9282678365707397,1165,619,1493,909
137,75,j,0.9266069531440735,1162,616,1508,910
138,75,j,0.9285889863967896,1160,616,1514,910
139,75,j,0.9288392066955566,1159,616,1516,910
140,75,j,0.9288584589958191,1158,616,1517,910
141,75,j,0.9291427135467529,1157,616,1517,910
142,75,j,0.9290058612823486,1157,616,1517,910
143,75,j,0.9286831021308899,1157,616,1517,910
144,75,j,0.9288668632507324,1157,616,1517,909
145,75,j,0.9230553507804871,1157,618,1500,909
146,75,j,0.9204108715057373,1156,618,1478,909
147,75,j,0.9170157313346863,1158,620,1471,908
148,75,j,0.9114479422569275,1159,631,1464,908
149,75,j,0.9139990210533142,1155,640,1453,909
150,75,j,0.9155784845352173,1157,644,1447,909
151,75,j,0.9190416932106018,1160,647,1441,908
152,75,j,0.9190950393676758,1162,649,1438,907
153,75,j,0.9201926589012146,1163,650,1435,906
154,75,j,0.9221497178077698,1163,650,1435,905
155,75,j,0.9220789670944214,1164,650,1435,905
156,75,j,0.9208852648735046,1162,650,1436,906
157,75,j,0.9213473796844482,1163,649,1437,906
158,75,j,0.9207823276519775,1163,649,1437,906
159,75,j,0.9219721555709839,1163,649,1436,906
160,75,j,0.9189931154251099,1163,646,1437,906
161,75,j,0.9208004474639893,1163,643,1437,907
162,75,j,0.9215693473815918,1163,643,1438,907
163,75,j,0.92131507396698,1164,643,1438,907
164,75,j,0.920885443687439,1164,644,1438,906
165,75,j,0.921546995639801,1163,648,1438,906
166,75,j,0.9198235869407654,1163,650,1438,906
167,75,j,0.9209678173065186,1163,652,1438,905
168,75,j,0.9181661009788513,1160,651,1438,906
169,75,j,0.9151166677474976,1160,651,1440,906
170,75,j,0.913630485534668,1162,651,1442,906
171,75,j,0.9174652695655823,1165,650,1442,905
172,75,j,0.9198440313339233,1171,647,1444,904
173,75,j,0.9219531416893005,1173,638,1442,905
174,75,j,0.9243010878562927,1175,628,1440,905
175,75,j,0.9238967299461365,1175,619,1441,906
176,75,j,0.9199556112289429,1174,611,1439,905
177,75,j,0.9198150038719177,1173,604,1439,904
178,75,j,0.9192140102386475,1172,598,1439,906
179,75,j,0.9200080037117004,1172,595,1438,907
180,75,j,0.9196997284889221,1172,594,1438,907
181,75,j,0.9220552444458008,1172,592,1438,906
182,75,j,0.9219141006469727,1172,591,1439,906
183,75,j,0.9209402203559875,1171,591,1439,905
184,75,j,0.919949471950531,1171,592,1439,905
185,75,j,0.920994758605957,1170,594,1439,905
186,75,j,0.9209422469139099,1170,589,1439,905
187,75,j,0.9199283719062805,1168,584,1437,905
188,75,j,0.9193131923675537,1166,582,1436,905
189,75,j,0.9218683838844299,1168,582,1435,905
190,75,j,0.9229071736335754,1171,581,1434,906
191,75,j,0.9201406836509705,1169,577,1434,906
192,75,j,0.9185315370559692,1165,581,1434,905
193,75,j,0.9196006059646606,1164,584,1436,905
194,75,j,0.9209839105606079,1168,586,1436,906
195,75,j,0.9210779666900635,1170,587,1436,906
196,75,j,0.9216930866241455,1170,588,1437,906
197,75,j,0.922029435634613,1171,588,1437,906
198,75,j,0.9238068461418152,1170,587,1437,906
199,75,j,0.9229356050491333,1169,586,1437,906
200,75,j,0.9213814735412598,1169,584,1438,906
201,75,j,0.9200895428657532,1170,579,1437,905
202,75,j,0.9205843806266785,1172,581,1437,905
203,75,j,0.9228554368019104,1173,585,1437,904
204,75,j,0.9222968220710754,1172,591,1444,905
205,75,j,0.9195933938026428,1170,595,1451,904
206,75,j,0.9195027351379395,1168,597,1452,905
207,75,j,0.9183122515678406,1164,598,1454,905
208,75,j,0.9182617664337158,1160,599,1456,905
209,75,j,0.9183820486068726,1159,599,1456,906
210,75,j,0.9171015620231628,1159,599,1457,906
211,75,j,0.9154478311538696,1159,599,1458,906
212,75,j,0.9157395362854004,1159,600,1458,906
213,75,j,0.9162704348564148,1160,600,1458,906
214,75,j,0.9161556363105774,1160,600,1458,906
215,75,j,0.9175184369087219,1160,599,1457,906
216,75,j,0.917083203792572,1160,598,1457,906
217,75,j,0.9158399701118469,1159,598,1457,906
218,75,j,0.9161685705184937,1159,599,1458,906
219,75,j,0.9175018072128296,1157,599,1457,906
220,75,j,0.9173446893692017,1157,599,1457,906
221,75,j,0.9172073602676392,1155,599,1457,906
222,75,j,0.9173545241355896,1154,599,1458,906
223,75,j,0.917754054069519,1155,599,1458,906
224,75,j,0.9183147549629211,1154,599,1458,906
225,75,j,0.9185477495193481,1153,599,1458,906
226,75,j,0.9200984239578247,1153,599,1457,905
227,75,j,0.9203643202781677,1153,599,1456,905
228,75,j,0.920492947101593,1153,599,1456,905
229,75,j,0.9205528497695923,1153,599,1456,905
230,75,j,0.9209970831871033,1152,599,1456,905
231,75,j,0.9216593503952026,1150,599,1456,904
232,75,j,0.9208883047103882,1150,599,1456,904
233,75,j,0.9201658964157104,1150,599,1457,904
234,75,j,0.9203342199325562,1150,600,1454,904
235,75,j,0.9210528135299683,1150,604,1448,904
236,75,j,0.9200032353401184,1150,607,1444,905
237,75,j,0.9211001396179199,1144,608,1442,904
238,75,j,0.9181643128395081,1142,613,1441,904
239,75,j,0.9160776138305664,1141,622,1441,904
240,75,j,0.91785728931427,1142,625,1442,904
241,75,j,0.9180296659469604,1143,626,1444,904
242,75,j,0.9191813468933105,1143,627,1445,904
243,75,j,0.9202733039855957,1143,627,1444,905
244,75,j,0.9197337031364441,1144,627,1444,905
245,75,j,0.9193740487098694,1147,628,1444,905
246,75,j,0.9206644296646118,1147,631,1443,904
247,75,j,0.9198282361030579,1148,639,1442,904
248,75,j,0.9202240705490112,1148,642,1441,904
249,75,j,0.9200239181518555,1148,643,1441,904
250,75,j,0.9207302927970886,1146,643,1442,904
251,75,j,0.9200773239135742,1145,643,1442,904
252,75,j,0.9204956889152527,1145,644,1442,905
253,75,j,0.9205685257911682,1146,644,1443,905
254,75,j,0.9206329584121704,1147,644,1442,905
255,75,j,0.9210273027420044,1147,644,1442,904
256,75,j,0.9190976619720459,1149,643,1442,903
257,75,j,0.9183483719825745,1150,644,1442,903
258,75,j,0.918111264705658,1151,643,1441,903
259,75,j,0.9173498153686523,1151,643,1441,903
260,75,j,0.9184418320655823,1152,645,1441,903
261,75,j,0.9111077189445496,1151,643,1441,903
262,75,j,0.9182835221290588,1151,652,1440,903
263,75,j,0.9150018692016602,1151,670,1440,907
264,75,j,0.9145588278770447,1153,681,1440,913
265,75,j,0.916659414768219,1153,685,1441,917
266,75,j,0.9168121218681335,1154,687,1442,919
267,75,j,0.9186824560165405,1152,688,1444,920
268,75,j,0.9170551300048828,1151,688,1445,919
269,75,j,0.9173300266265869,1152,688,1445,919
270,75,j,0.9162717461585999,1153,687,1443,917
271,75,j,0.9201546311378479,1150,687,1443,907
272,75,j,0.9139289855957031,1149,680,1445,905
273,75,j,0.9104132056236267,1148,668,1444,905
274,75,j,0.9083765149116516,1147,652,1446,905
275,75,j,0.9080999493598938,1147,643,1462,905
276,75,j,0.9144133925437927,1149,638,1478,905
277,75,j,0.9214039444923401,1149,635,1489,905
278,75,j,0.9241560697555542,1149,635,1496,905
279,75,j,0.9263383746147156,1145,634,1500,905
280,75,j,0.9266241788864136,1143,634,1502,905
281,75,j,0.9278233051300049,1140,634,1502,905
282,75,j,0.9286244511604309,1136,634,1502,905
283,75,j,0.9038265943527222,1136,637,1484,905
284,75,j,0.9116244912147522,1133,639,1460,905
285,75,j,0.910861074924469,1131,638,1451,905
286,75,j,0.9215554594993591,1126,654,1447,903
287,75,j,0.9188742637634277,1126,667,1446,902
288,75,j,0.9184359312057495,1129,672,1445,902
289,75,j,0.9157918095588684,1130,674,1445,901
290,75,j,0.9165610671043396,1132,676,1445,900
291,75,j,0.9184241890907288,1134,678,1445,900
292,75,j,0.9177916049957275,1136,680,1446,900
293,75,j,0.9184319972991943,1138,681,1446,903
294,75,j,0.9191923141479492,1138,684,1447,908
295,75,j,0.9208649396896362,1138,685,1448,914
296,75,j,0.9229024052619934,1138,686,1451,917
297,75,j,0.9220643639564514,1137,687,1453,918
298,75,j,0.9213588833808899,1137,687,1453,918
299,75,j,0.921529233455658,1136,686,1454,918
300,75,j,0.9205656051635742,1139,685,1454,917
301,75,j,0.9174180030822754,1149,685,1452,917
302,75,j,0.9141875505447388,1152,681,1448,910
303,75,j,0.9153423309326172,1154,675,1448,907
304,75,j,0.9114043116569519,1158,663,1448,906
305,75,j,0.9127064347267151,1164,653,1447,905
306,75,j,0.906711757183075,1166,645,1447,904
307,75,j,0.9097447395324707,1167,639,1446,904
308,75,j,0.913253903388977,1169,635,1445,903
309,75,j,0.9194456934928894,1175,630,1444,903
310,75,j,0.9275104999542236,1191,626,1442,903
311,75,j,0.9249894618988037,1197,620,1441,904
312,75,j,0.9207155704498291,1213,615,1440,904
313,75,j,0.9227694272994995,1217,606,1438,904
314,75,j,0.9174003601074219,1223,600,1435,904
315,75,j,0.9185489416122437,1224,599,1433,904
316,75,j,0.9205226898193359,1225,595,1435,903
317,75,j,0.9256178736686707,1220,594,1437,903
318,75,j,0.9251797795295715,1213,595,1440,903
319,75,j,0.9234460592269897,1213,597,1440,903
320,75,j,0.9245291352272034,1214,598,1438,903
321,75,j,0.9248532056808472,1213,599,1437,903
322,75,j,0.9255460500717163,1213,599,1437,903
323,75,j,0.9261372685432434,1214,600,1436,903
324,75,j,0.9258946180343628,1214,600,1437,903
325,75,j,0.9258385896682739,1213,600,1437,903
326,75,j,0.9256622791290283,1214,600,1437,904
327,75,j,0.925968587398529,1214,600,1436,904
328,75,j,0.926272988319397,1214,600,1436,904
329,75,j,0.9263291358947754,1217,603,1435,904
330,75,j,0.9208736419677734,1221,611,1434,903
331,75,j,0.9219324588775635,1218,619,1433,903
332,75,j,0.9217357039451599,1216,624,1433,903
333,75,j,0.9213452339172363,1214,627,1433,903
334,75,j,0.9215443134307861,1211,627,1432,903
335,75,j,0.9224180579185486,1208,628,1430,903
336,75,j,0.9199462532997131,1203,627,1429,903
337,75,j,0.9181498289108276,1202,625,1429,903
338,75,j,0.9177015423774719,1202,624,1429,903
339,75,j,0.9194490313529968,1203,624,1429,903
340,75,j,0.9190210103988647,1203,624,1428,903
341,75,j,0.9199381470680237,1204,623,1428,903
342,75,j,0.9211987257003784,1204,623,1428,904
343,75,j,0.9216780066490173,1210,625,1428,904
344,75,j,0.9160599112510681,1214,630,1428,903
345,75,j,0.9073766469955444,1216,649,1429,903
346,75,j,0.9078166484832764,1216,667,1428,904
347,75,j,0.9113907217979431,1215,680,1428,911
348,75,j,0.9122098684310913,1213,687,1428,914
349,75,j,0.913174569606781,1213,690,1428,918
350,75,j,0.9130938649177551,1212,691,1428,918
351,75,j,0.9113426208496094,1212,691,1428,917
352,75,j,0.9149624109268188,1213,689,1429,915
353,75,j,0.9085907936096191,1215,684,1431,908
354,75,j,0.906635046005249,1217,671,1435,905
355,75,j,0.9052132964134216,1218,666,1438,903
356,75,j,0.9030198454856873,1202,657,1445,903
357,75,j,0.9078992009162903,1184,646,1445,903
358,75,j,0.9125552773475647,1173,635,1443,903
359,75,j,0.9129260182380676,1165,630,1445,904
360,75,j,0.9209740161895752,1160,620,1447,905
361,75,j,0.9188241362571716,1155,615,1450,905
362,75,j,0.9201831817626953,1152,615,1451,905
363,75,j,0.9211834669113159,1151,615,1452,905
364,75,j,0.9201862215995789,1150,615,1451,904
365,75,j,0.919647216796875,1151,615,1451,904
366,75,j,0.9197798371315002,1151,615,1452,904
367,75,j,0.9197388887405396,1151,615,1452,904
368,75,j,0.9203633069992065,1150,615,1452,904
369,75,j,0.9198212623596191,1150,614,1452,904
370,75,j,0.9202750325202942,1151,614,1452,904
371,75,j,0.9204016923904419,1149,614,1453,904
372,75,j,0.9214524030685425,1149,614,1453,904
373,75,j,0.9204227924346924,1150,613,1453,904
374,75,j,0.9197824597358704,1154,617,1451,904
375,75,j,0.9155644774436951,1155,627,1450,904
376,75,j,0.9133113622665405,1154,633,1449,905
377,75,j,0.9144923090934753,1153,639,1449,905
378,75,j,0.9136987328529358,1152,647,1448,905
379,75,j,0.9123494625091553,1154,650,1447,904
380,75,j,0.9129279255867004,1155,649,1447,904
381,75,j,0.9137277007102966,1155,650,1446,904
382,75,j,0.9141440391540527,1155,649,1446,904
383,75,j,0.9138661026954651,1155,649,1446,904
384,75,j,0.9131839275360107,1154,650,1447,904
385,75,j,0.9134793877601624,1154,649,1447,904
386,75,j,0.9104452729225159,1156,649,1447,905
387,75,j,0.9135118722915649,1158,656,1447,905
388,75,j,0.9165939092636108,1158,664,1446,903
389,75,j,0.9178823232650757,1156,674,1445,904
390,75,j,0.9153872728347778,1158,682,1443,913
391,75,j,0.9121866226196289,1159,685,1440,916
392,75,j,0.9119834303855896,1160,688,1438,918
393,75,j,0.9131265878677368,1160,689,1438,918
394,75,j,0.9127897620201111,1161,689,1438,918
395,75,j,0.9128494262695312,1163,689,1438,918
396,75,j,0.9177040457725525,1166,687,1438,913
397,75,j,0.9178789854049683,1167,680,1438,906
398,75,j,0.9127786159515381,1166,672,1440,904
399,75,j,0.9117769002914429,1166,654,1440,903
400,75,j,0.916394054889679,1166,640,1440,904
401,75,j,0.9187625646591187,1165,633,1440,904
402,75,j,0.9166658520698547,1164,624,1440,905
403,75,j,0.9169325828552246,1163,615,1439,905
404,75,j,0.916642427444458,1161,612,1439,905
405,75,j,0.9168678522109985,1159,611,1439,905
406,75,j,0.9137386679649353,1161,609,1439,903
407,75,j,0.91448974609375,1161,609,1440,903
408,75,j,0.9140863418579102,1160,609,1441,902
409,75,j,0.9142841100692749,1161,609,1441,902
410,75,j,0.9141328930854797,1160,609,1442,902
411,75,j,0.912303626537323,1160,610,1442,902
412,75,j,0.9146196842193604,1160,618,1442,902
413,75,j,0.9111486673355103,1160,629,1444,902
414,75,j,0.9087767004966736,1161,636,1461,902
415,75,j,0.911544919013977,1160,642,1469,902
416,75,j,0.9116981625556946,1160,645,1473,902
417,75,j,0.9131051898002625,1159,645,1475,902
418,75,j,0.9129267334938049,1159,644,1476,902
419,75,j,0.9129823446273804,1160,644,1476,903
420,75,j,0.9129068851470947,1160,644,1477,903
421,75,j,0.9134059548377991,1161,644,1477,904
422,75,j,0.9133461117744446,1161,644,1477,904
423,75,j,0.9124804735183716,1161,644,1477,905
424,75,j,0.9134219884872437,1160,644,1476,905
425,75,j,0.9138019680976868,1161,644,1477,905
426,75,j,0.9127267003059387,1160,644,1475,905
427,75,j,0.9126469492912292,1160,644,1475,905
428,75,j,0.9127748608589172,1159,646,1476,905
429,75,j,0.9114669561386108,1158,649,1476,905
430,75,j,0.9115237593650818,1158,650,1476,905
431,75,j,0.9112173914909363,1158,650,1476,905
432,75,j,0.9140404462814331,1159,651,1457,904
433,75,j,0.9147034287452698,1159,649,1447,905
434,75,j,0.9158433675765991,1159,654,1443,905
435,75,j,0.9150029420852661,1157,657,1443,905
436,75,j,0.9098606109619141,1155,661,1445,905
437,75,j,0.9081554412841797,1153,663,1445,906
438,75,j,0.9084628820419312,1153,664,1445,906
439,75,j,0.908716082572937,1152,664,1445,906
440,75,j,0.9099031090736389,1153,664,1445,906
441,75,j,0.9112150073051453,1153,664,1447,905
442,75,j,0.9122625589370728,1152,663,1453,905
443,75,j,0.9181481003761292,1151,663,1471,905
444,75,j,0.9235938787460327,1149,663,1488,905
445,75,j,0.9258055090904236,1149,661,1502,905
446,75,j,0.9272814393043518,1144,661,1506,905
447,75,j,0.9275452494621277,1143,661,1507,906
448,75,j,0.9280192255973816,1141,662,1507,906
449,75,j,0.9285396337509155,1139,662,1505,906
450,75,j,0.9282607436180115,1138,662,1503,905
451,75,j,0.9273221492767334,1136,661,1505,905
452,75,j,0.927556037902832,1135,660,1506,905
453,75,j,0.92709881067276,1135,660,1506,905
454,75,j,0.9271581768989563,1135,660,1506,905
455,75,j,0.9269055128097534,1135,660,1506,905
456,75,j,0.9266483187675476,1135,660,1505,906
457,75,j,0.9213377833366394,1135,660,1492,906
458,75,j,0.9258230924606323,1135,670,1485,906
459,75,j,0.9296751618385315,1135,676,1482,909
460,75,j,0.9264510869979858,1134,684,1479,916
461,75,j,0.924730122089386,1133,690,1477,920
462,75,j,0.923964262008667,1134,693,1477,922
463,75,j,0.9217453598976135,1136,694,1473,923
464,75,j,0.9223276972770691,1137,693,1472,923
465,75,j,0.9220299124717712,1138,693,1471,923
466,75,j,0.922300398349762,1137,692,1470,922
467,75,j,0.9218302965164185,1139,692,1469,922
468,75,j,0.9226974844932556,1139,691,1467,921
469,75,j,0.9231084585189819,1139,690,1466,920
470,75,j,0.9218747019767761,1139,689,1464,920
471,75,j,0.920828104019165,1138,689,1461,919
472,75,j,0.92070472240448,1139,689,1459,919
473,75,j,0.9212932586669922,1139,688,1461,919
474,75,j,0.9218106865882874,1138,688,1462,919
475,75,j,0.9218816757202148,1138,688,1462,918
476,75,j,0.9214479923248291,1140,688,1462,918
477,75,j,0.9212809205055237,1142,688,1462,918
478,75,j,0.9205491542816162,1143,688,1460,918
479,75,j,0.9224201440811157,1143,688,1461,917
480,75,j,0.92212975025177,1143,686,1456,910
481,75,j,0.9194251298904419,1142,680,1449,906
482,75,j,0.9170283079147339,1143,676,1446,905
483,75,j,0.9149022698402405,1146,672,1448,905
484,75,j,0.9131177067756653,1146,669,1445,904
485,75,j,0.9136989712715149,1148,667,1451,905
486,75,j,0.9158179759979248,1141,669,1449,905
487,75,j,0.9184496998786926,1145,668,1449,905
488,75,j,0.915459394454956,1147,664,1451,904
489,75,j,0.9196179509162903,1146,661,1451,904
490,75,j,0.9151628613471985,1145,657,1453,904
491,75,j,0.910346269607544,1145,651,1461,904
492,75,j,0.9129119515419006,1145,642,1456,904
493,75,j,0.9208088517189026,1144,634,1454,905
494,75,j,0.9200196862220764,1145,626,1455,905
495,75,j,0.9236600995063782,1146,620,1454,905
496,75,j,0.9232242703437805,1149,616,1451,904
497,75,j,0.9233155250549316,1150,614,1450,904
498,75,j,0.920724630355835,1152,613,1450,903
499,75,j,0.9215683341026306,1152,613,1449,903
500,75,j,0.9219294190406799,1151,613,1449,904
501,75,j,0.9220122694969177,1150,613,1448,903
502,75,j,0.9221404194831848,1151,613,1448,903
503,75,j,0.9226381778717041,1152,613,1447,903
504,75,j,0.9219298958778381,1155,614,1447,903
505,75,j,0.9197219014167786,1158,613,1447,904
506,75,j,0.9229636192321777,1158,614,1447,903
507,75,j,0.9229944944381714,1159,613,1447,903
508,75,j,0.9230733513832092,1158,614,1446,903
509,75,j,0.9238662719726562,1160,616,1444,903
510,75,j,0.9240620732307434,1162,617,1442,903
511,75,j,0.9178721308708191,1167,616,1441,904
512,75,j,0.9177048802375793,1168,616,1440,906
513,75,j,0.9187122583389282,1168,615,1440,906
514,75,j,0.9186710715293884,1166,615,1440,906
515,75,j,0.9181020259857178,1166,614,1441,905
516,75,j,0.9177582859992981,1172,616,1442,905
517,75,j,0.9238065481185913,1175,613,1445,905
518,75,j,0.9277402758598328,1196,612,1444,905
519,75,j,0.9273582100868225,1207,613,1444,904
520,75,j,0.927368700504303,1212,613,1443,904
521,75,j,0.9284296631813049,1213,613,1442,904
522,75,j,0.9286063313484192,1213,613,1441,904
523,75,j,0.9286080598831177,1213,613,1441,905
524,75,j,0.9287440776824951,1213,613,1441,905
525,75,j,0.9285074472427368,1212,613,1440,905
526,75,j,0.9286903142929077,1215,614,1439,904
527,75,j,0.9285914301872253,1216,615,1438,903
528,75,j,0.9284532070159912,1216,615,1438,903
529,75,j,0.9284840226173401,1216,615,1438,903
530,75,j,0.9287866950035095,1216,615,1438,903
531,75,j,0.9289865493774414,1216,615,1438,903
532,75,j,0.9301894903182983,1214,615,1437,904
533,75,j,0.9302873015403748,1214,615,1437,904
534,75,j,0.9304096698760986,1214,615,1437,904
535,75,j,0.9302463531494141,1213,615,1437,904
536,75,j,0.9304302334785461,1213,615,1437,904
537,75,j,0.9302681088447571,1213,615,1437,904
538,75,j,0.9298775792121887,1213,615,1437,904
539,75,j,0.9300563335418701,1213,615,1437,904
540,75,j,0.9302362203598022,1213,615,1435,905
541,75,j,0.9312338829040527,1211,615,1435,904
542,75,j,0.9310264587402344,1211,616,1434,903
543,75,j,0.924665629863739,1216,619,1433,903
544,75,j,0.9190390706062317,1221,622,1433,903
545,75,j,0.9188722372055054,1223,623,1434,903
546,75,j,0.9176084995269775,1224,623,1434,903
547,75,j,0.9176741242408752,1224,623,1435,903
548,75,j,0.9168688058853149,1224,623,1435,903
549,75,j,0.9163855314254761,1224,623,1435,903
550,75,j,0.9163901805877686,1224,623,1435,903
551,75,j,0.9167777299880981,1224,623,1434,903
552,75,j,0.9158573746681213,1223,623,1434,903
553,75,j,0.9154176115989685,1222,623,1433,903
554,75,j,0.9154475331306458,1221,623,1433,904
555,75,j,0.9150498509407043,1221,624,1433,903
556,75,j,0.9130033254623413,1221,624,1433,905
557,75,j,0.9134588837623596,1222,624,1433,905
558,75,j,0.9138737320899963,1220,624,1435,905
559,75,j,0.9138048887252808,1221,624,1435,905
560,75,j,0.9154618978500366,1220,627,1434,904
561,75,j,0.91730797290802,1211,630,1435,904
562,75,j,0.9199555516242981,1192,632,1460,904
563,75,j,0.9220938086509705,1180,634,1474,905
564,75,j,0.9238709807395935,1171,635,1490,904
565,75,j,0.9243810176849365,1165,635,1498,904
566,75,j,0.9237163662910461,1161,635,1501,904
567,75,j,0.9236576557159424,1162,635,1503,904
568,75,j,0.9242842793464661,1159,635,1503,904
569,75,j,0.9260674715042114,1157,636,1505,904
570,75,j,0.9261822700500488,1157,635,1505,904
571,75,j,0.924170732498169,1161,636,1505,904
572,75,j,0.9247312545776367,1163,635,1505,905
573,75,j,0.9247849583625793,1165,635,1505,905
574,75,j,0.9238118529319763,1164,635,1505,905
575,75,j,0.9245539903640747,1159,634,1504,904
576,75,j,0.9240732192993164,1157,634,1504,904
577,75,j,0.9244384765625,1152,634,1504,904
578,75,j,0.9228951334953308,1151,634,1503,904
579,75,j,0.9233993887901306,1150,635,1503,904
580,75,j,0.9046337604522705,1153,636,1486,904
581,75,j,0.9052156209945679,1157,640,1466,905
582,75,j,0.9116458892822266,1159,640,1452,905
583,75,j,0.9158077836036682,1161,646,1446,905
584,75,j,0.9156501293182373,1159,651,1442,905
585,75,j,0.9154248237609863,1159,654,1440,904
586,75,j,0.9060229063034058,1154,657,1442,903
587,75,j,0.9087540507316589,1153,658,1442,903
588,75,j,0.9117339849472046,1151,658,1442,903
589,75,j,0.9145451784133911,1151,658,1441,902
590,75,j,0.9141414165496826,1152,659,1442,902
591,75,j,0.9140422344207764,1153,659,1442,902
592,75,j,0.9141278266906738,1152,660,1442,902
593,75,j,0.914236307144165,1151,662,1442,902
594,75,j,0.9138891696929932,1150,664,1442,902
595,75,j,0.9147037267684937,1150,667,1442,903
596,75,j,0.9139354825019836,1151,670,1443,903
597,75,j,0.9156343340873718,1148,677,1443,904
598,75,j,0.9149148464202881,1146,680,1442,902
599,75,j,0.9137570858001709,1147,683,1444,908
600,75,j,0.915310263633728,1150,688,1448,913
601,75,j,0.9137930274009705,1154,685,1452,916
602,75,j,0.9128333330154419,1158,678,1452,917
603,75,j,0.9123761653900146,1158,677,1448,917
604,75,j,0.9136426448822021,1157,680,1444,910
605,75,j,0.9152032136917114,1164,683,1439,906
606,75,j,0.9095494151115417,1161,678,1436,905
607,75,j,0.9088510274887085,1169,653,1432,903
608,75,j,0.9074081182479858,1175,643,1433,904
609,75,j,0.9119696617126465,1169,632,1434,903
610,75,j,0.9124155640602112,1169,624,1436,904
611,75,j,0.9101479649543762,1170,620,1438,903
612,75,j,0.9113389253616333,1169,619,1441,904
613,75,j,0.9096132516860962,1169,619,1443,904
614,75,j,0.9121607542037964,1172,619,1443,904
615,75,j,0.9118722081184387,1175,619,1444,904
616,75,j,0.915159285068512,1176,619,1445,904
617,75,j,0.9149477481842041,1177,618,1445,904
618,75,j,0.9160411357879639,1180,618,1445,905
619,75,j,0.9161864519119263,1183,619,1445,905
620,75,j,0.9157627820968628,1183,619,1445,905
621,75,j,0.9162694215774536,1180,618,1444,905
622,75,j,0.916004478931427,1181,617,1442,904
623,75,j,0.9171851873397827,1185,616,1441,904
624,75,j,0.9175273776054382,1189,616,1441,904
625,75,j,0.9169779419898987,1193,617,1440,904
626,75,j,0.9140959978103638,1197,619,1440,904
627,75,j,0.9170392155647278,1193,620,1439,904
628,75,j,0.9176068902015686,1189,620,1439,904
629,75,j,0.9155462384223938,1182,621,1439,904
630,75,j,0.9152239561080933,1180,623,1439,904
631,75,j,0.9168857336044312,1181,622,1439,904
632,75,j,0.9158647656440735,1180,622,1438,905
633,75,j,0.9144876599311829,1175,623,1439,904
634,75,j,0.914691686630249,1173,622,1440,905
635,75,j,0.9147989749908447,1171,621,1440,905
636,75,j,0.9127637147903442,1166,622,1441,905
637,75,j,0.9128647446632385,1164,623,1441,906
638,75,j,0.9138439893722534,1166,627,1441,906
639,75,j,0.9080179929733276,1165,635,1439,906
640,75,j,0.9167395830154419,1163,636,1439,906
641,75,j,0.9168877601623535,1157,645,1440,906
642,75,j,0.9172073602676392,1153,657,1441,906
643,75,j,0.9165405631065369,1152,661,1442,906
644,75,j,0.9180200099945068,1152,661,1443,906
645,75,j,0.9188728332519531,1151,661,1444,906
646,75,j,0.9153439998626709,1154,660,1444,904
647,75,j,0.9146151542663574,1154,656,1444,903
648,75,j,0.9143788814544678,1154,657,1444,903
649,75,j,0.9180048704147339,1154,663,1444,903
650,75,j,0.9181188941001892,1154,667,1445,903
651,75,j,0.9174235463142395,1155,668,1444,903
652,75,j,0.9183605909347534,1154,669,1444,903
653,75,j,0.9189465045928955,1156,669,1445,903
654,75,j,0.9199591279029846,1156,669,1445,903
655,75,j,0.9201110005378723,1156,669,1445,903
656,75,j,0.9194983243942261,1156,670,1445,903
657,75,j,0.9191242456436157,1156,670,1445,903
658,75,j,0.9185845851898193,1156,670,1445,903
659,75,j,0.916495680809021,1157,670,1445,903
660,75,j,0.9174816608428955,1157,670,1445,903
661,75,j,0.9199350476264954,1161,670,1452,904
662,75,j,0.9210370182991028,1167,671,1454,904
663,75,j,0.9205728769302368,1167,672,1451,904
664,75,j,0.92195725440979,1173,671,1447,903
665,75,j,0.9168168902397156,1174,669,1445,903
666,75,j,0.9199135303497314,1173,672,1447,903
667,75,j,0.9211795926094055,1167,680,1450,909
668,75,j,0.9216131567955017,1157,687,1458,915
669,75,j,0.9222733974456787,1152,692,1466,918
670,75,j,0.9204307794570923,1153,694,1469,919
671,75,j,0.9194164872169495,1145,694,1468,919
672,75,j,0.9184608459472656,1142,694,1466,919
673,75,j,0.9201664328575134,1141,693,1467,919
674,75,j,0.9251592755317688,1140,692,1474,918
675,75,j,0.9260433316230774,1139,692,1479,919
676,75,j,0.9253047108650208,1135,691,1481,919
677,75,j,0.9251142144203186,1134,691,1483,919
678,75,j,0.9256480932235718,1134,691,1484,919
679,75,j,0.9247817397117615,1133,690,1485,918
680,75,j,0.9231365323066711,1133,690,1485,918
681,75,j,0.9235526919364929,1133,689,1484,918
682,75,j,0.9254598021507263,1134,687,1481,915
683,75,j,0.9200566411018372,1134,682,1476,908
684,75,j,0.9226565361022949,1135,677,1479,906
685,75,j,0.9182741641998291,1136,671,1481,905
686,75,j,0.9239862561225891,1137,659,1495,905
687,75,j,0.9237083196640015,1137,651,1504,904
688,75,j,0.9229891300201416,1134,646,1508,903
689,75,j,0.922756016254425,1134,645,1508,903
690,75,j,0.9225320816040039,1134,644,1508,903
691,75,j,0.9243594408035278,1134,643,1509,902
692,75,j,0.9251270294189453,1134,643,1509,902
693,75,j,0.9246318936347961,1135,643,1509,902
694,75,j,0.9250660538673401,1134,643,1509,902
695,75,j,0.9251884818077087,1137,643,1509,902
696,75,j,0.9239517450332642,1141,643,1509,902
697,75,j,0.9101256132125854,1143,645,1490,902
698,75,j,0.9152292609214783,1143,650,1465,902
699,75,j,0.9159892201423645,1146,656,1453,902
700,75,j,0.9195725917816162,1149,665,1440,901
701,75,j,0.916975736618042,1154,666,1434,901
702,75,j,0.9128466844558716,1154,666,1428,898
703,75,j,0.905528724193573,1156,666,1422,893
704,75,j,0.9062115550041199,1157,665,1420,892
705,75,j,0.9084170460700989,1156,665,1422,891
706,75,j,0.9059097170829773,1166,667,1423,894
707,75,j,0.907336413860321,1187,668,1428,899
708,75,j,0.910519003868103,1201,669,1433,901
709,75,j,0.9107386469841003,1214,669,1437,901
710,75,j,0.9133806228637695,1220,669,1439,902
711,75,j,0.9127531051635742,1219,666,1437,899
712,75,j,0.9193795323371887,1218,661,1435,899
713,75,j,0.9105665683746338,1217,663,1433,898
714,75,j,0.9104443788528442,1218,666,1435,898
715,75,j,0.9098275303840637,1220,666,1436,899
716,75,j,0.9104466438293457,1223,667,1438,898
717,75,j,0.910173237323761,1224,667,1439,902
718,75,j,0.9113592505455017,1226,666,1439,903
719,75,j,0.912966251373291,1226,664,1439,904
720,75,j,0.9132519364356995,1227,664,1439,905
721,75,j,0.9085371494293213,1229,663,1442,908
722,75,j,0.9110777378082275,1230,663,1443,908
723,75,j,0.9148060083389282,1231,663,1446,909
724,75,j,0.912808895111084,1233,663,1447,909
725,75,j,0.9135091304779053,1234,663,1448,909
726,75,j,0.914818525314331,1235,663,1448,909
727,75,j,0.9141209125518799,1235,663,1450,909
728,75,j,0.9168012738227844,1234,662,1449,908
729,75,j,0.9151147603988647,1235,661,1449,909
730,75,j,0.9115610718727112,1235,662,1450,909
731,75,j,0.9119596481323242,1234,662,1450,909
732,75,j,0.9125163555145264,1234,663,1450,909
733,75,j,0.9107635021209717,1235,663,1450,909
734,75,j,0.9120301604270935,1236,663,1451,910
735,75,j,0.9144208431243896,1236,661,1450,910
736,75,j,0.9141988158226013,1235,662,1450,909
737,75,j,0.9161203503608704,1235,662,1449,909
738,75,j,0.9165102243423462,1235,662,1449,909
739,75,j,0.916174590587616,1235,661,1450,909
740,75,j,0.9192373752593994,1237,661,1450,909
741,75,j,0.9198368191719055,1237,660,1450,910
742,75,j,0.9205262064933777,1237,660,1451,910
743,75,j,0.9193115830421448,1237,659,1451,910
744,75,j,0.9206990599632263,1237,658,1450,909
745,75,j,0.9227028489112854,1237,658,1451,909
746,75,j,0.9210277199745178,1238,658,1451,910
747,75,j,0.9225952625274658,1237,658,1450,910
748,75,j,0.9209749102592468,1235,658,1450,910
749,75,j,0.9214088916778564,1235,659,1450,910
750,75,j,0.917646050453186,1236,659,1452,910
751,75,j,0.9180778861045837,1237,658,1452,911
752,75,j,0.9158349633216858,1237,657,1451,911
753,75,j,0.9159601926803589,1237,657,1451,911
754,75,j,0.9138526320457458,1237,658,1451,911
755,75,j,0.9147865176200867,1237,658,1451,911
756,75,j,0.9158145189285278,1237,658,1450,911
757,75,j,0.916027307510376,1237,658,1450,911
758,75,j,0.9157578945159912,1237,658,1450,911
759,75,j,0.9154617786407471,1236,657,1450,910
760,75,j,0.9116678833961487,1233,656,1450,910
761,75,j,0.915148913860321,1235,656,1450,910
762,75,j,0.9132936000823975,1235,657,1450,910
763,75,j,0.9139543771743774,1235,657,1450,910
764,75,j,0.9130354523658752,1234,657,1449,910
765,75,j,0.9115245342254639,1232,657,1450,910
766,75,j,0.9222025275230408,1233,656,1451,910
767,75,j,0.9176058769226074,1233,655,1450,910
768,75,j,0.9235948920249939,1232,652,1449,910
769,75,j,0.92617267370224,1232,647,1447,910
770,75,j,0.9224068522453308,1230,639,1446,910
771,75,j,0.9245436191558838,1230,633,1444,910
772,75,j,0.9201102256774902,1229,625,1444,910
773,75,j,0.9187573194503784,1225,621,1446,911
774,75,j,0.9191322922706604,1225,618,1463,911
775,75,j,0.9239544868469238,1222,618,1480,911
776,75,j,0.928470253944397,1222,620,1495,912
777,75,j,0.9298540949821472,1224,621,1505,912
778,75,j,0.9297144412994385,1224,621,1507,912
779,75,j,0.9290469884872437,1224,622,1509,912
780,75,j,0.9296055436134338,1225,621,1510,913
781,75,j,0.9268373847007751,1218,620,1512,912
782,75,j,0.9271031022071838,1221,619,1513,912
783,75,j,0.9272696375846863,1215,619,1513,912
784,75,j,0.9273805618286133,1215,619,1512,912
785,75,j,0.9274534583091736,1216,619,1512,912
786,75,j,0.9277601838111877,1220,619,1511,912
787,75,j,0.9279343485832214,1222,620,1510,912
788,75,j,0.9272695779800415,1219,620,1510,912
789,75,j,0.9274817705154419,1218,620,1510,912
790,75,j,0.9280009269714355,1214,620,1509,911
791,75,j,0.9153162240982056,1209,624,1490,912
792,75,j,0.9051482677459717,1201,630,1465,911
793,75,j,0.9178918600082397,1195,638,1451,911
794,75,j,0.9148349165916443,1187,649,1446,911
795,75,j,0.9134818315505981,1194,659,1445,911
796,75,j,0.9140195250511169,1184,666,1445,910
797,75,j,0.9116312265396118,1178,669,1446,910
798,75,j,0.9094184041023254,1184,672,1448,910
799,75,j,0.9106677770614624,1187,672,1447,910
800,75,j,0.9070736169815063,1202,672,1446,910
801,75,j,0.9080663323402405,1215,670,1443,911
802,75,j,0.908454418182373,1224,670,1442,911
803,75,j,0.9072087407112122,1227,670,1440,911
804,75,j,0.9087399244308472,1227,669,1439,910
805,75,j,0.9086032509803772,1227,669,1438,910
806,75,j,0.9116358757019043,1227,668,1438,905
807,75,j,0.9113391637802124,1226,665,1438,904
808,75,j,0.9078945517539978,1229,667,1440,904
809,75,j,0.9032576680183411,1232,669,1445,904
810,75,j,0.901814877986908,1235,669,1450,903
811,75,j,0.9162079691886902,1239,667,1452,904
812,75,j,0.9173097610473633,1241,665,1453,904
813,75,j,0.9150028824806213,1242,667,1454,904
814,75,j,0.9148658514022827,1241,668,1454,905
815,75,j,0.9145452976226807,1240,668,1454,905
816,75,j,0.9134478569030762,1239,668,1453,906
817,75,j,0.9099673628807068,1237,666,1455,906
818,75,j,0.9093863368034363,1235,663,1456,906
819,75,j,0.9121854305267334,1237,663,1456,905
820,75,j,0.9082338809967041,1236,664,1456,905
821,75,j,0.9115505814552307,1237,665,1454,904
822,75,j,0.910932183265686,1236,665,1453,905
823,75,j,0.9124149680137634,1236,663,1451,905
824,75,j,0.9172230362892151,1234,662,1449,905
825,75,j,0.9172763824462891,1232,659,1446,904
826,75,j,0.9171697497367859,1231,656,1443,905
827,75,j,0.917424738407135,1232,657,1442,904
828,75,j,0.9174097180366516,1233,661,1444,904
829,75,j,0.9187897443771362,1234,663,1447,905
830,75,j,0.9219179749488831,1236,662,1448,905
831,75,j,0.9223514199256897,1237,660,1449,905
832,75,j,0.9202039837837219,1236,661,1450,905
833,75,j,0.9126096963882446,1235,664,1448,906
834,75,j,0.9104583263397217,1234,665,1446,906
835,75,j,0.9121935963630676,1233,664,1444,906
836,75,j,0.9162266254425049,1231,662,1442,906
837,75,j,0.9171990752220154,1230,659,1440,906
838,75,j,0.916522204875946,1227,658,1439,906
839,75,j,0.9161862730979919,1226,658,1438,906
840,75,j,0.9125801920890808,1226,658,1438,907
841,75,j,0.9129317998886108,1228,658,1437,907
842,75,j,0.913467526435852,1226,658,1437,907
843,75,j,0.9157881140708923,1226,659,1439,907
844,75,j,0.9151467084884644,1226,661,1440,908
845,75,j,0.9137186408042908,1226,662,1441,908
846,75,j,0.9136968851089478,1221,661,1444,908
847,75,j,0.9125207662582397,1206,658,1447,908
848,75,j,0.9119479656219482,1200,658,1449,908
849,75,j,0.9124338030815125,1197,659,1450,908
850,75,j,0.9127060174942017,1195,660,1451,907
851,75,j,0.9121407270431519,1196,661,1451,907
852,75,j,0.9120115041732788,1197,660,1452,907
853,75,j,0.9113864898681641,1200,660,1453,907
854,75,j,0.90972501039505,1204,659,1452,907
855,75,j,0.9071329832077026,1212,661,1453,907
856,75,j,0.9054563641548157,1219,664,1453,908
857,75,j,0.9060165882110596,1220,664,1454,909
858,75,j,0.9066449403762817,1220,664,1454,909
859,75,j,0.9075495004653931,1228,663,1454,909
860,75,j,0.9069213271141052,1215,660,1454,909
861,75,j,0.9175623059272766,1229,658,1454,909
862,75,j,0.9144190549850464,1231,658,1453,909
863,75,j,0.9084917902946472,1227,660,1451,908
864,75,j,0.90826416015625,1221,661,1451,908
865,75,j,0.9091106057167053,1222,661,1451,906
866,75,j,0.9106436371803284,1231,663,1450,907
867,75,j,0.9048947691917419,1232,665,1450,907
868,75,j,0.9038362503051758,1231,666,1450,907
869,75,j,0.9044233560562134,1231,666,1448,907
870,75,j,0.9098203182220459,1213,664,1447,907
871,75,j,0.9125864505767822,1204,658,1446,908
872,75,j,0.9147253036499023,1199,648,1445,908
873,75,j,0.9044129252433777,1199,640,1464,908
874,75,j,0.9230515956878662,1185,628,1498,908
875,75,j,0.9237843155860901,1172,620,1511,909
876,75,j,0.9236233830451965,1163,617,1520,909
877,75,j,0.9265017509460449,1158,616,1526,908
878,75,j,0.9255673885345459,1155,616,1528,909
879,75,j,0.9262087941169739,1146,615,1528,909
880,75,j,0.9307340979576111,1140,616,1528,910
881,75,j,0.9297671318054199,1140,616,1528,910
882,75,j,0.9308210611343384,1137,616,1527,910
883,75,j,0.9312930107116699,1135,616,1527,910
884,75,j,0.9294063448905945,1133,616,1528,910
885,75,j,0.928726315498352,1132,616,1528,910
886,75,j,0.9278048872947693,1128,616,1528,909
887,75,j,0.9314213395118713,1128,616,1528,909
888,75,j,0.9289892911911011,1124,616,1529,909
889,75,j,0.9311842918395996,1125,616,1529,909
890,75,j,0.9289694428443909,1122,615,1531,909
891,75,j,0.9292667508125305,1121,615,1531,909
892,75,j,0.9315497279167175,1121,615,1532,909
893,75,j,0.9314418435096741,1119,616,1533,910
894,75,j,0.929979145526886,1122,616,1533,910
895,75,j,0.9290405511856079,1121,616,1534,910
896,75,j,0.9301186203956604,1124,615,1535,910
897,75,j,0.9294408559799194,1124,615,1536,910
898,75,j,0.9288660883903503,1122,615,1536,910
899,75,j,0.9298952221870422,1122,615,1537,910
900,75,j,0.9296639561653137,1124,615,1538,910
901,75,j,0.9295608401298523,1127,615,1538,909
902,75,j,0.9294714331626892,1128,615,1537,909
903,75,j,0.9286270141601562,1127,616,1537,909
904,75,j,0.9299010038375854,1127,616,1536,909
905,75,j,0.9290387034416199,1128,615,1536,909
906,75,j,0.9295194149017334,1130,615,1536,909
907,75,j,0.9270958304405212,1130,615,1535,909
908,75,j,0.9271884560585022,1128,616,1535,909
909,75,j,0.9282034635543823,1127,615,1536,909
910,75,j,0.9277317523956299,1128,615,1536,909
911,75,j,0.9277040362358093,1130,615,1536,909
912,75,j,0.9258621335029602,1136,614,1536,909
913,75,j,0.9274762272834778,1126,614,1537,908
914,75,j,0.9273145794868469,1132,614,1537,908
915,75,j,0.9264886379241943,1128,614,1538,908
916,75,j,0.9275007247924805,1118,615,1536,908
917,75,j,0.9290526509284973,1121,616,1534,908
918,75,j,0.9296900033950806,1120,617,1535,908
919,75,j,0.9279114603996277,1117,616,1533,908
920,75,j,0.9299651980400085,1114,617,1528,908
921,75,j,0.9298571944236755,1114,617,1524,908
922,75,j,0.9295791983604431,1114,616,1520,908
923,75,j,0.9248650074005127,1115,615,1520,908
924,75,j,0.9270610213279724,1115,613,1521,908
925,75,j,0.9280683994293213,1114,613,1520,909
926,75,j,0.9283319711685181,1121,613,1519,909
927,75,j,0.9284536838531494,1123,614,1520,909
928,75,j,0.9289467334747314,1125,615,1520,909
929,75,j,0.928695797920227,1121,615,1521,909
930,75,j,0.9293168783187866,1122,615,1521,909
931,75,j,0.9344442486763,1123,618,1524,909
932,75,j,0.930905282497406,1124,625,1512,909
933,75,j,0.9145613312721252,1129,631,1486,909
934,75,j,0.9159920811653137,1129,640,1472,909
935,75,j,0.9167318344116211,1132,648,1454,909
936,75,j,0.9157537221908569,1142,656,1439,909
937,75,j,0.9143550992012024,1142,659,1430,909
938,75,j,0.9151819348335266,1142,661,1424,909
939,75,j,0.9127723574638367,1149,662,1420,908
940,75,j,0.9079902768135071,1152,662,1421,905
941,75,j,0.9098597168922424,1152,664,1419,905
942,75,j,0.912222683429718,1153,668,1418,903
943,75,j,0.9138395190238953,1154,669,1421,904
944,75,j,0.9128879904747009,1155,669,1424,906
945,75,j,0.9127094745635986,1158,669,1427,907
946,75,j,0.9073300361633301,1177,671,1431,907
947,75,j,0.906923234462738,1184,671,1431,907
948,75,j,0.9081194400787354,1188,670,1432,907
949,75,j,0.9087926745414734,1205,669,1432,906
950,75,j,0.9109079837799072,1205,667,1432,907
951,75,j,0.9094575047492981,1212,668,1432,906
952,75,j,0.9080387353897095,1214,667,1432,908
953,75,j,0.9064734578132629,1215,667,1431,909
954,75,j,0.9051733613014221,1214,668,1430,910
955,75,j,0.9064932465553284,1212,670,1430,911
956,75,j,0.9090179204940796,1210,671,1431,910
957,75,j,0.9152857661247253,1209,670,1437,910
958,75,j,0.9161537885665894,1205,670,1442,911
959,75,j,0.9162321090698242,1202,670,1444,911
960,75,j,0.9169361591339111,1200,670,1445,912
961,75,j,0.9208479523658752,1185,669,1444,913
962,75,j,0.9228167533874512,1175,668,1443,914
963,75,j,0.9227636456489563,1170,668,1442,914
964,75,j,0.9213986992835999,1169,668,1441,913
965,75,j,0.9215965867042542,1168,669,1441,913
966,75,j,0.9221763014793396,1167,669,1440,913
967,75,j,0.9233348369598389,1166,668,1440,913
968,75,j,0.9233404397964478,1164,668,1440,913
969,75,j,0.9224475622177124,1162,668,1438,913
970,75,j,0.9204879403114319,1162,667,1438,913
971,75,j,0.9213880300521851,1160,666,1437,913
972,75,j,0.9206168055534363,1159,667,1437,913
973,75,j,0.9206366539001465,1161,667,1438,913
974,75,j,0.9186097979545593,1162,668,1438,914
975,75,j,0.9172582030296326,1161,668,1436,913
976,75,j,0.9078533053398132,1158,667,1437,912
977,75,j,0.9120340347290039,1157,667,1434,912
978,75,j,0.9141563177108765,1154,668,1432,912
979,75,j,0.9151601791381836,1156,667,1431,913
980,75,j,0.9133023619651794,1158,662,1431,913
981,75,j,0.9107357263565063,1157,654,1431,913
982,75,j,0.9060611724853516,1156,646,1452,913
983,75,j,0.917441725730896,1154,637,1467,913
984,75,j,0.9245327115058899,1151,627,1480,913
985,75,j,0.9242759346961975,1151,621,1485,913
986,75,j,0.925639271736145,1147,619,1488,913
987,75,j,0.92686927318573,1145,619,1489,913
988,75,j,0.9271100163459778,1144,619,1491,913
989,75,j,0.9283111691474915,1141,618,1490,913
990,75,j,0.9273932576179504,1141,618,1490,913
991,75,j,0.9280077219009399,1144,617,1493,913
992,75,j,0.9278697967529297,1146,617,1493,913
993,75,j,0.9273264408111572,1149,617,1494,914
994,75,j,0.928025484085083,1151,617,1495,914
995,75,j,0.9288042783737183,1151,617,1496,914
996,75,j,0.9331128597259521,1150,617,1507,914
997,75,j,0.9328926205635071,1149,619,1510,914
998,75,j,0.9233775734901428,1148,619,1497,914
999,75,j,0.9219646453857422,1146,619,1482,913
1000,75,j,0.9201183915138245,1144,626,1481,913
1001,75,j,0.9157381057739258,1144,639,1477,913
1002,75,j,0.9150323271751404,1147,654,1472,913
1003,75,j,0.9165158271789551,1150,661,1463,913
1004,75,j,0.9180836081504822,1147,666,1456,913
1005,75,j,0.9209494590759277,1147,669,1448,914
1006,75,j,0.9175132513046265,1154,674,1442,914
1007,75,j,0.9148781299591064,1160,678,1439,913
1008,75,j,0.9147030115127563,1159,682,1438,915
1009,75,j,0.9147250056266785,1157,683,1437,915
1010,75,j,0.914552628993988,1157,683,1437,915
1011,75,j,0.9128978252410889,1159,682,1436,911
1012,75,j,0.9129561185836792,1160,678,1435,906
1013,75,j,0.9146361351013184,1163,674,1433,906
1014,75,j,0.9159660935401917,1166,671,1431,905
1015,75,j,0.9106614589691162,1168,669,1427,905
1016,75,j,0.905123233795166,1174,666,1423,902
1017,75,j,0.9088869690895081,1178,661,1421,899
1018,75,j,0.9048416018486023,1176,660,1417,899
1019,75,j,0.9059163928031921,1176,662,1415,901
1020,75,j,0.9097099304199219,1182,664,1414,902
1021,75,j,0.912773847579956,1191,666,1414,903
1022,75,j,0.9127374887466431,1193,667,1415,904
1023,75,j,0.9125893712043762,1198,668,1415,904
1024,75,j,0.9121371507644653,1200,669,1416,905
1025,75,j,0.9111026525497437,1201,670,1418,905
1026,75,j,0.910631000995636,1202,670,1419,905
1027,75,j,0.9105134606361389,1202,670,1420,906
1028,75,j,0.9104123115539551,1200,670,1420,906
1029,75,j,0.910873532295227,1201,670,1420,906
1030,75,j,0.9107116460800171,1200,670,1420,906
1031,75,j,0.9104957580566406,1200,669,1419,906
1032,75,j,0.910466730594635,1199,670,1419,905
1033,75,j,0.9116249680519104,1198,670,1419,906
1034,75,j,0.9109250903129578,1198,670,1419,906
1035,75,j,0.911209762096405,1197,670,1419,906
1036,75,j,0.9087241291999817,1200,671,1419,905
1037,75,j,0.9099375605583191,1200,671,1420,905
1038,75,j,0.9104089140892029,1200,671,1420,905
1039,75,j,0.9091198444366455,1200,671,1419,905
1040,75,j,0.9101529121398926,1201,671,1419,906
1041,75,j,0.9115853309631348,1200,672,1418,906
1042,75,j,0.9114842414855957,1200,672,1418,906
1043,75,j,0.9120931029319763,1200,672,1421,905
1044,75,j,0.912746012210846,1199,672,1426,905
1045,75,j,0.912346601486206,1198,672,1430,905
1046,75,j,0.912593424320221,1198,672,1431,905
1047,75,j,0.9134705066680908,1198,672,1429,905
1048,75,j,0.9107609391212463,1198,669,1425,906
1049,75,j,0.9040571451187134,1198,658,1420,906
1050,75,j,0.9093805551528931,1199,646,1420,907
1051,75,j,0.9100846648216248,1201,636,1420,907
1052,75,j,0.914511501789093,1201,629,1420,907
1053,75,j,0.9157683253288269,1201,626,1419,907
1054,75,j,0.9190018177032471,1201,625,1420,907
1055,75,j,0.9099901914596558,1199,625,1419,908
1056,75,j,0.9156306385993958,1194,626,1437,907
1057,75,j,0.9173595309257507,1180,627,1459,907
1058,75,j,0.9205960035324097,1174,629,1473,908
1059,75,j,0.9205775260925293,1174,629,1480,908
1060,75,j,0.9177085757255554,1167,629,1482,908
1061,75,j,0.9175279140472412,1166,629,1484,908
1062,75,j,0.9174288511276245,1165,629,1484,908
1063,75,j,0.9184226393699646,1163,628,1483,909
1064,75,j,0.9188032746315002,1161,628,1482,909
1065,75,j,0.9231892228126526,1159,629,1482,908
1066,75,j,0.9179311990737915,1163,629,1483,908
1067,75,j,0.9182958006858826,1162,629,1484,907
1068,75,j,0.9183614253997803,1161,629,1485,907
1069,75,j,0.9183207154273987,1162,630,1486,907
1070,75,j,0.9180923700332642,1162,630,1486,907
1071,75,j,0.9181255102157593,1162,630,1486,907
1072,75,j,0.9184435606002808,1162,630,1486,907
1073,75,j,0.9192251563072205,1162,629,1486,907
1074,75,j,0.9202237725257874,1162,628,1486,907
1075,75,j,0.9185497760772705,1164,628,1486,907
1076,75,j,0.9160521030426025,1163,631,1476,906
1077,75,j,0.9096569418907166,1161,634,1449,906
1078,75,j,0.9139148592948914,1159,642,1434,905
1079,75,j,0.908831775188446,1160,652,1424,906
1080,75,j,0.9102334976196289,1162,664,1420,906
1081,75,j,0.9093388319015503,1164,672,1420,906
1082,75,j,0.9093140959739685,1164,675,1420,905
1083,75,j,0.9104568362236023,1166,677,1421,904
1084,75,j,0.9104657173156738,1166,678,1421,904
1085,75,j,0.9097490906715393,1167,679,1422,906
1086,75,j,0.9093645811080933,1167,679,1423,906
1087,75,j,0.9084866046905518,1168,679,1423,906
1088,75,j,0.9082421660423279,1169,679,1423,906
1089,75,j,0.9098725318908691,1191,680,1423,906
1090,75,j,0.9111740589141846,1201,682,1423,907
1091,75,j,0.9113057851791382,1204,682,1423,907
1092,75,j,0.9108571410179138,1204,682,1423,907
1093,75,j,0.9101400375366211,1202,682,1423,907
1094,75,j,0.9110144972801208,1204,681,1423,907
1095,75,j,0.9108499884605408,1203,680,1423,908
1096,75,j,0.9085595011711121,1205,676,1424,907
1097,75,j,0.9103731513023376,1207,672,1423,907
1098,75,j,0.9110339879989624,1208,669,1422,906
1099,75,j,0.9111541509628296,1208,664,1423,906
1100,75,j,0.9126542806625366,1209,659,1423,906
1101,75,j,0.9129565358161926,1209,655,1421,906
1102,75,j,0.9126927256584167,1209,653,1419,906
1103,75,j,0.910212516784668,1209,646,1418,906
1104,75,j,0.9130041599273682,1208,638,1418,906
1105,75,j,0.9208871722221375,1207,628,1418,906
1106,75,j,0.9211486577987671,1206,619,1419,906
1107,75,j,0.9195190668106079,1206,611,1418,906
1108,75,j,0.9206938147544861,1205,603,1419,905
1109,75,j,0.9205419421195984,1207,596,1419,905
1110,75,j,0.9187222123146057,1206,594,1420,905
1111,75,j,0.9187704920768738,1205,596,1421,907
1112,75,j,0.9153684973716736,1206,594,1421,906
1113,75,j,0.9114386439323425,1206,590,1420,906
1114,75,j,0.9097884297370911,1205,589,1419,906
1115,75,j,0.9090530872344971,1205,591,1420,906
1116,75,j,0.9103999137878418,1204,592,1421,906
1117,75,j,0.910671055316925,1204,592,1420,906
1118,75,j,0.9102346897125244,1204,593,1420,905
1119,75,j,0.910438597202301,1205,593,1420,905
1120,75,j,0.9105507135391235,1205,593,1420,905
1121,75,j,0.9112831354141235,1205,592,1420,905
1122,75,j,0.9112029075622559,1205,591,1420,905
1123,75,j,0.9122514128684998,1205,591,1420,905
1124,75,j,0.9221227765083313,1206,594,1422,905
1125,75,j,0.9261848330497742,1207,595,1424,905
1126,75,j,0.925276517868042,1202,598,1426,905
1127,75,j,0.9243334531784058,1197,598,1426,905
1128,75,j,0.9231583476066589,1195,599,1425,905
1129,75,j,0.9226813316345215,1193,599,1424,905
1130,75,j,0.9223336577415466,1192,598,1422,905
1131,75,j,0.9219052195549011,1191,597,1421,905
1132,75,j,0.9217501878738403,1190,597,1421,905
1133,75,j,0.922075629234314,1190,598,1421,905
1134,75,j,0.9221636056900024,1190,598,1421,905
1135,75,j,0.9234545826911926,1190,598,1422,905
1136,75,j,0.9232234954833984,1190,598,1422,906
1137,75,j,0.9231097102165222,1190,598,1422,906
1138,75,j,0.9221774339675903,1187,598,1422,906
1139,75,j,0.9217703342437744,1180,597,1422,906
1140,75,j,0.9224061965942383,1180,597,1422,906
1141,75,j,0.918354868888855,1173,599,1422,906
1142,75,j,0.9176948070526123,1171,599,1422,906
1143,75,j,0.9184085726737976,1170,599,1421,906
1144,75,j,0.9183265566825867,1169,599,1420,906
1145,75,j,0.9179251790046692,1168,599,1420,906
1146,75,j,0.9184976816177368,1168,600,1419,906
1147,75,j,0.917795717716217,1168,600,1418,906
1148,75,j,0.918157696723938,1168,600,1418,906
1149,75,j,0.917989194393158,1168,600,1418,906
1150,75,j,0.9176934957504272,1168,599,1418,906
1151,75,j,0.917462170124054,1169,601,1417,905
1152,75,j,0.9197511672973633,1186,607,1415,905
1153,75,j,0.9219517707824707,1195,613,1414,905
1154,75,j,0.923841655254364,1199,615,1413,905
1155,75,j,0.9225673675537109,1201,622,1413,904
1156,75,j,0.9167035818099976,1201,633,1416,904
1157,75,j,0.9140263795852661,1202,640,1417,905
1158,75,j,0.9140621423721313,1204,643,1418,905
1159,75,j,0.9142107963562012,1205,644,1418,905
1160,75,j,0.9149881601333618,1205,645,1419,904
1161,75,j,0.9150341153144836,1206,645,1420,904
1162,75,j,0.9103518128395081,1206,643,1421,904
1163,75,j,0.9107720851898193,1205,644,1420,904
1164,75,j,0.9093145728111267,1205,644,1422,904
1165,75,j,0.9093307256698608,1205,645,1421,904
1166,75,j,0.9099947214126587,1204,646,1421,904
1167,75,j,0.9104316234588623,1203,647,1422,905
1168,75,j,0.9085333347320557,1202,646,1422,905
1169,75,j,0.9085492491722107,1200,646,1422,905
1170,75,j,0.9095582962036133,1201,644,1422,905
1171,75,j,0.9094895720481873,1199,643,1422,904
1172,75,j,0.9090860486030579,1199,642,1422,904
1173,75,j,0.9084237217903137,1198,642,1422,904
1174,75,j,0.9081619381904602,1198,641,1422,903
1175,75,j,0.9082685112953186,1198,641,1421,903
1176,75,j,0.9077313542366028,1197,641,1421,903
1177,75,j,0.9056923985481262,1195,641,1421,904
1178,75,j,0.9058000445365906,1190,641,1421,904
1179,75,j,0.9041308164596558,1183,641,1421,905
1180,75,j,0.9041554927825928,1178,641,1421,905
1181,75,j,0.9034808278083801,1176,642,1421,905
1182,75,j,0.90380859375,1175,642,1421,905
1183,75,j,0.9039350152015686,1171,643,1419,905
1184,75,j,0.9052995443344116,1168,645,1419,905
1185,75,j,0.9070824980735779,1168,652,1419,905
1186,75,j,0.9131604433059692,1174,664,1420,904
1187,75,j,0.9142090082168579,1177,672,1418,904
1188,75,j,0.912932813167572,1171,678,1417,905
1189,75,j,0.9120438098907471,1167,681,1415,906
1190,75,j,0.9119748473167419,1164,683,1414,907
1191,75,j,0.91365647315979,1163,683,1413,908
1192,75,j,0.9118116497993469,1164,683,1412,908
1193,75,j,0.911989688873291,1164,683,1412,909
1194,75,j,0.9127407670021057,1166,684,1412,909
1195,75,j,0.9130065441131592,1168,684,1412,909
1196,75,j,0.9135928750038147,1169,683,1411,909
1197,75,j,0.9115468859672546,1170,683,1411,910
1198,75,j,0.9162490367889404,1179,684,1411,914
1199,75,j,0.9179285168647766,1185,685,1411,916
1200,75,j,0.9164592623710632,1179,686,1411,917
1201,75,j,0.9129436016082764,1170,686,1413,918
1202,75,j,0.9125389456748962,1165,686,1418,917
1203,75,j,0.9142569899559021,1156,684,1424,910
1204,75,j,0.9143073558807373,1150,676,1437,907
1205,75,j,0.9174737930297852,1143,661,1455,905
1206,75,j,0.917998194694519,1138,645,1466,901
1207,75,j,0.9228200912475586,1132,630,1470,901
1208,75,j,0.924266517162323,1130,618,1466,902
1209,75,j,0.9278951287269592,1134,611,1486,901
1210,75,j,0.9304782748222351,1135,610,1500,901
1211,75,j,0.9310778975486755,1135,610,1508,902
1212,75,j,0.9290992021560669,1133,610,1508,902
1213,75,j,0.928246796131134,1127,611,1506,902
1214,75,j,0.9300631880760193,1124,611,1508,903
1215,75,j,0.9286684393882751,1118,611,1509,903
1216,75,j,0.9281964898109436,1126,609,1510,903
1217,75,j,0.9274806380271912,1126,608,1510,903
1218,75,j,0.9279205799102783,1127,608,1511,904
1219,75,j,0.9277777075767517,1121,609,1512,904
1220,75,j,0.9245518445968628,1123,609,1511,903
1221,75,j,0.9255008101463318,1117,609,1511,904
1222,75,j,0.9225901961326599,1120,613,1504,904
1223,75,j,0.9272089600563049,1117,616,1510,904
1224,75,j,0.9237954616546631,1117,618,1514,904
1225,75,j,0.9239959120750427,1112,621,1521,904
1226,75,j,0.9233551621437073,1105,625,1526,904
1227,75,j,0.9219878911972046,1102,627,1531,904
1228,75,j,0.9218576550483704,1101,628,1533,904
1229,75,j,0.9220188856124878,1101,628,1533,904
1230,75,j,0.9264118075370789,1094,628,1534,903
1231,75,j,0.9263142347335815,1095,628,1534,903
1232,75,j,0.9258432388305664,1095,628,1533,903
1233,75,j,0.9269441366195679,1094,628,1534,903
1234,75,j,0.926743745803833,1094,629,1534,903
1235,75,j,0.9276654720306396,1092,630,1534,903
1236,75,j,0.9276534914970398,1091,631,1535,903
1237,75,j,0.927902102470398,1090,631,1535,902
1238,75,j,0.9274229407310486,1089,631,1535,903
1239,75,j,0.9265714287757874,1089,632,1535,903
1240,75,j,0.9260022640228271,1089,632,1534,903
1241,75,j,0.925944983959198,1089,632,1534,903
1242,75,j,0.9259530901908875,1090,632,1532,903
1243,75,j,0.9259481430053711,1091,632,1533,903
1244,75,j,0.9233176112174988,1092,635,1534,903
1245,75,j,0.9245190620422363,1091,638,1517,904
1246,75,j,0.9269132018089294,1089,646,1505,903
1247,75,j,0.9245198965072632,1089,660,1500,903
1248,75,j,0.9234161972999573,1090,674,1497,903
1249,75,j,0.9263402819633484,1090,681,1492,903
1250,75,j,0.9273926615715027,1086,686,1487,906
1251,75,j,0.92571622133255,1085,690,1483,913
1252,75,j,0.9234205484390259,1087,694,1482,918
1253,75,j,0.9209461808204651,1087,696,1478,920
1254,75,j,0.9229103326797485,1087,697,1478,920
1255,75,j,0.9220876693725586,1087,697,1477,921
1256,75,j,0.9225515127182007,1088,697,1477,921
1257,75,j,0.9209076762199402,1088,697,1477,921
1258,75,j,0.9192665815353394,1088,696,1477,921
1259,75,j,0.9202342629432678,1090,696,1473,921
1260,75,j,0.9214451313018799,1090,696,1476,922
1261,75,j,0.9194548726081848,1092,695,1473,921
1262,75,j,0.9207356572151184,1092,693,1473,915
1263,75,j,0.9226980805397034,1092,690,1480,906
1264,75,j,0.9241251945495605,1092,685,1478,904
1265,75,j,0.9261839985847473,1100,673,1467,901
1266,75,j,0.9186303615570068,1103,659,1464,902
1267,75,j,0.9179784059524536,1101,650,1463,902
1268,75,j,0.9181546568870544,1100,647,1462,903
1269,75,j,0.9192794561386108,1099,646,1462,903
1270,75,j,0.9187469482421875,1098,646,1465,903
1271,75,j,0.9189727902412415,1099,646,1467,903
1272,75,j,0.9180594086647034,1101,646,1467,903
1273,75,j,0.9178056716918945,1102,646,1467,903
1274,75,j,0.9172326326370239,1103,646,1466,904
1275,75,j,0.9155261516571045,1104,648,1453,904
1276,75,j,0.9179831147193909,1107,652,1443,903
1277,75,j,0.9177059531211853,1103,659,1445,903
1278,75,j,0.9210841655731201,1103,667,1442,902
1279,75,j,0.9178694486618042,1103,670,1441,902
1280,75,j,0.9158048033714294,1105,669,1443,902
1281,75,j,0.9138943552970886,1106,666,1445,899
1282,75,j,0.9151644706726074,1119,663,1447,895
1283,75,j,0.9130083918571472,1137,663,1449,896
1284,75,j,0.9139235615730286,1153,665,1446,900
1285,75,j,0.9147562980651855,1160,666,1442,901
1286,75,j,0.914350688457489,1166,667,1437,902
1287,75,j,0.9084088802337646,1171,667,1433,902
1288,75,j,0.9092019200325012,1177,666,1432,901
1289,75,j,0.9081717133522034,1179,668,1432,898
1290,75,j,0.9095234274864197,1183,669,1435,903
1291,75,j,0.9063102006912231,1212,668,1437,905
1292,75,j,0.9044052958488464,1224,667,1443,906
1293,75,j,0.904110848903656,1228,666,1444,907
1294,75,j,0.9053189754486084,1229,666,1446,907
1295,75,j,0.9049166440963745,1229,666,1445,907
1296,75,j,0.908023476600647,1214,666,1444,907
1297,75,j,0.9074999094009399,1216,667,1443,908
1298,75,j,0.9057098031044006,1220,667,1442,908
1299,75,j,0.9073478579521179,1220,667,1441,908
1300,75,j,0.905335009098053,1226,666,1441,907
1301,75,j,0.9114207625389099,1227,663,1441,907
1302,75,j,0.9123742580413818,1227,662,1441,907
1303,75,j,0.9079669713973999,1226,663,1442,907
1304,75,j,0.9087362289428711,1226,663,1442,907
1305,75,j,0.9102302193641663,1222,664,1442,907
1306,75,j,0.9106670022010803,1213,665,1444,911
1307,75,j,0.9099518656730652,1212,666,1444,912
1308,75,j,0.9119521975517273,1208,666,1444,912
1309,75,j,0.9126915335655212,1203,667,1444,910
1310,75,j,0.9120246171951294,1205,668,1444,909
1311,75,j,0.9097560048103333,1215,668,1444,909
1312,75,j,0.9097328782081604,1216,669,1444,911
1313,75,j,0.9061760902404785,1220,670,1444,911
1314,75,j,0.9060433506965637,1221,671,1444,911
1315,75,j,0.9062923789024353,1219,672,1444,911
1316,75,j,0.9035635590553284,1219,673,1443,911
1317,75,j,0.9035431742668152,1222,675,1442,911
1318,75,j,0.9037461876869202,1226,676,1442,910
1319,75,j,0.9045599102973938,1227,676,1442,910
1320,75,j,0.9043008685112,1227,676,1442,909
1321,75,j,0.9018747210502625,1226,675,1442,909
1322,75,j,0.9015458226203918,1223,674,1442,908
1323,75,j,0.9043622016906738,1217,675,1442,909
1324,75,j,0.9031281471252441,1222,675,1442,908
1325,75,j,0.9030789136886597,1223,673,1442,908
1326,75,j,0.9031656384468079,1223,672,1442,908
1327,75,j,0.9055024981498718,1225,671,1442,910
1328,75,j,0.9045870900154114,1226,671,1443,909
1329,75,j,0.9057063460350037,1226,670,1443,909
1330,75,j,0.9073308110237122,1226,669,1443,910
1331,75,j,0.9072617888450623,1226,668,1443,910
1332,75,j,0.9064091444015503,1226,668,1443,910
1333,75,j,0.9068890810012817,1226,668,1443,910
1334,75,j,0.9063741564750671,1226,667,1443,910
1335,75,j,0.9074622392654419,1226,667,1443,910
1336,75,j,0.90645831823349,1222,669,1441,910
1337,75,j,0.9055383205413818,1224,670,1441,911
1338,75,j,0.9061993956565857,1224,671,1440,910
1339,75,j,0.906321108341217,1223,670,1440,910
1340,75,j,0.9055275321006775,1223,671,1440,909
1341,75,j,0.9031820893287659,1224,673,1440,908
1342,75,j,0.9005782604217529,1224,674,1441,909
1343,75,j,0.8998593091964722,1223,675,1441,909
1344,75,j,0.9017221927642822,1223,675,1439,910
1345,75,j,0.901063859462738,1222,674,1439,910
1346,75,j,0.9001694321632385,1222,674,1439,910
1347,75,j,0.9003129005432129,1222,674,1440,911
1348,75,j,0.9016532897949219,1221,672,1440,909
1349,75,j,0.9059463739395142,1222,669,1440,909
1350,75,j,0.9094613790512085,1223,668,1440,908
1351,75,j,0.912020206451416,1223,665,1439,908
1352,75,j,0.9165772199630737,1216,658,1437,908
1353,75,j,0.9113916158676147,1206,648,1441,908
1354,75,j,0.9178115725517273,1208,635,1462,910
1355,75,j,0.9245110154151917,1211,625,1486,910
1356,75,j,0.9256715774536133,1211,619,1501,911
1357,75,j,0.9292779564857483,1187,616,1516,910
1358,75,j,0.9310388565063477,1180,615,1520,910
1359,75,j,0.9312306046485901,1174,614,1522,910
1360,75,j,0.9307680726051331,1172,614,1521,910
1361,75,j,0.9307807087898254,1169,614,1521,910
1362,75,j,0.93043452501297,1169,614,1521,910
1363,75,j,0.9285585284233093,1169,614,1516,910
1364,75,j,0.9284431338310242,1166,614,1513,911
1365,75,j,0.9291878938674927,1166,614,1511,911
1366,75,j,0.9264974594116211,1165,614,1512,911
1367,75,j,0.9279723167419434,1164,614,1510,911
1368,75,j,0.9275728464126587,1164,613,1509,911
1369,75,j,0.9277142286300659,1164,614,1508,911
1370,75,j,0.9262501001358032,1162,611,1513,911
1371,75,j,0.927081823348999,1161,607,1521,911
1372,75,j,0.9265796542167664,1160,606,1525,911
1373,75,j,0.9280003309249878,1161,606,1527,911
1374,75,j,0.9285147190093994,1162,606,1528,911
1375,75,j,0.9280371069908142,1162,606,1526,912
1376,75,j,0.9260503053665161,1159,605,1527,912
1377,75,j,0.926184356212616,1159,606,1528,912
1378,75,j,0.9276136755943298,1158,606,1528,912
1379,75,j,0.9276206493377686,1158,606,1529,912
1380,75,j,0.9280450940132141,1158,607,1529,912
1381,75,j,0.9268564581871033,1158,609,1531,912
1382,75,j,0.9273015260696411,1158,609,1531,912
1383,75,j,0.9273316860198975,1158,609,1531,912
1384,75,j,0.9268960952758789,1158,609,1530,912
1385,75,j,0.9269023537635803,1158,609,1528,911
1386,75,j,0.9265008568763733,1158,610,1527,911
1387,75,j,0.9258196353912354,1158,613,1526,911
1388,75,j,0.9262440800666809,1159,615,1525,911
1389,75,j,0.926943302154541,1159,617,1524,911
1390,75,j,0.9280716776847839,1159,618,1526,911
1391,75,j,0.9279356598854065,1159,620,1527,911
1392,75,j,0.9275119304656982,1160,620,1525,911
1393,75,j,0.9276929497718811,1159,621,1524,911
1394,75,j,0.9276958107948303,1158,621,1524,911
1395,75,j,0.9282169938087463,1159,621,1523,911
1396,75,j,0.9299212694168091,1158,621,1524,911
1397,75,j,0.9293726682662964,1158,621,1524,911
1398,75,j,0.9294564127922058,1157,621,1523,910
1399,75,j,0.9295667409896851,1160,620,1523,910
1400,75,j,0.9293992519378662,1159,620,1522,911
1401,75,j,0.9294694066047668,1159,620,1522,911
1402,75,j,0.9293774366378784,1159,619,1522,911
1403,75,j,0.9241877198219299,1159,621,1514,911
1404,75,j,0.9275614619255066,1157,620,1520,911
1405,75,j,0.918541431427002,1161,619,1505,911
1406,75,j,0.9144466519355774,1162,619,1487,911
1407,75,j,0.9149823784828186,1161,620,1480,911
1408,75,j,0.9149139523506165,1159,620,1477,910
1409,75,j,0.91648930311203,1158,620,1475,910
1410,75,j,0.9170509576797485,1157,620,1475,910
1411,75,j,0.9131209254264832,1158,618,1473,909
1412,75,j,0.9132535457611084,1158,617,1472,909
1413,75,j,0.9133208394050598,1156,617,1471,910
1414,75,j,0.9149963855743408,1158,617,1471,909
1415,75,j,0.9127008318901062,1161,617,1471,909
1416,75,j,0.9133882522583008,1164,617,1473,910
1417,75,j,0.9114468097686768,1163,617,1473,910
1418,75,j,0.9121150374412537,1163,617,1473,910
1419,75,j,0.9139719009399414,1160,617,1472,909
1420,75,j,0.9126142859458923,1158,618,1471,910
1421,75,j,0.9074307084083557,1158,623,1459,910
1422,75,j,0.9073739051818848,1161,626,1456,910
1423,75,j,0.9139903783798218,1160,642,1446,910
1424,75,j,0.914087176322937,1161,655,1441,910
1425,75,j,0.9141170382499695,1163,662,1439,910
1426,75,j,0.9095337390899658,1172,665,1435,911
1427,75,j,0.9105943441390991,1174,670,1433,911
1428,75,j,0.9118527770042419,1178,673,1432,911
1429,75,j,0.9125546216964722,1179,674,1433,910
1430,75,j,0.9112342000007629,1182,675,1433,910
1431,75,j,0.9104836583137512,1186,675,1433,910
1432,75,j,0.9107840657234192,1188,674,1434,910
1433,75,j,0.9093031287193298,1191,673,1435,910
1434,75,j,0.9087699055671692,1194,672,1436,910
1435,75,j,0.9067946672439575,1202,671,1436,910
1436,75,j,0.90695720911026,1201,671,1437,910
1437,75,j,0.9086675643920898,1191,671,1437,910
1438,75,j,0.9040806293487549,1207,671,1436,910
1439,75,j,0.9070717692375183,1199,671,1437,910
1440,75,j,0.9078245162963867,1200,672,1436,910
1441,75,j,0.9092614650726318,1203,671,1435,910
1442,75,j,0.9083565473556519,1208,671,1435,910
1443,75,j,0.9077385663986206,1213,671,1435,909
1444,75,j,0.9081736207008362,1211,670,1435,910
1445,75,j,0.9085094928741455,1216,670,1436,909
1446,75,j,0.9086834788322449,1222,669,1436,908
1447,75,j,0.9090281128883362,1223,668,1436,909
1448,75,j,0.9095933437347412,1224,668,1437,908
1449,75,j,0.9086041450500488,1225,668,1437,908
1450,75,j,0.9065189361572266,1226,668,1437,907
1451,75,j,0.9075387716293335,1226,667,1440,907
1452,75,j,0.9068871140480042,1229,665,1441,908
1453,75,j,0.9068989157676697,1227,664,1441,908
1454,75,j,0.9078265428543091,1224,666,1442,908
1455,75,j,0.9084693789482117,1223,667,1441,907
1456,75,j,0.910381555557251,1221,668,1441,908
1457,75,j,0.9120398759841919,1220,668,1441,909
1458,75,j,0.9102757573127747,1218,668,1440,909
1459,75,j,0.9100672602653503,1215,669,1440,909
1460,75,j,0.9092474579811096,1214,669,1439,909
1461,75,j,0.9075851440429688,1215,668,1437,909
1462,75,j,0.9068856835365295,1216,668,1435,906
1463,75,j,0.907727837562561,1215,669,1435,907
1464,75,j,0.9081880450248718,1212,670,1435,908
1465,75,j,0.9071665406227112,1216,670,1437,908
1466,75,j,0.9066636562347412,1218,670,1437,908
1467,75,j,0.9068183898925781,1220,670,1439,908
1468,75,j,0.9069049954414368,1220,669,1439,908
1469,75,j,0.9115817546844482,1219,664,1438,908
1470,75,j,0.9122118353843689,1219,659,1437,908
1471,75,j,0.912727952003479,1219,652,1434,908
1472,75,j,0.908708393573761,1216,646,1432,908
1473,75,j,0.9161146283149719,1212,638,1459,909
1474,75,j,0.9184339046478271,1205,633,1478,909
1475,75,j,0.9226923584938049,1192,629,1492,910
1476,75,j,0.9253677129745483,1186,629,1507,911
1477,75,j,0.9275720119476318,1175,629,1515,911
1478,75,j,0.9288998246192932,1169,628,1519,910
1479,75,j,0.9285339713096619,1165,627,1519,910
1480,75,j,0.9273428320884705,1161,627,1519,910
1481,75,j,0.9277485013008118,1159,627,1520,910
1482,75,j,0.9269188046455383,1156,627,1520,910
1483,75,j,0.9282974004745483,1155,626,1521,909
1484,75,j,0.928581953048706,1155,626,1519,910
1485,75,j,0.9289945363998413,1157,626,1519,909
1486,75,j,0.9293971657752991,1156,623,1519,911
1487,75,j,0.929357647895813,1155,622,1519,911
1488,75,j,0.9285647869110107,1157,622,1520,912
1489,75,j,0.9104841351509094,1155,627,1513,912
1490,75,j,0.9289625287055969,1156,621,1529,911
1491,75,j,0.9293767213821411,1156,621,1532,912
1492,75,j,0.9275050759315491,1152,620,1528,911
1493,75,j,0.9277898073196411,1151,618,1527,911
1494,75,j,0.9271618127822876,1149,616,1525,911
1495,75,j,0.9266582131385803,1148,615,1525,911
1496,75,j,0.9277036190032959,1146,615,1525,912
1497,75,j,0.9270383715629578,1145,614,1525,911
1498,75,j,0.9269504547119141,1144,614,1524,911
1499,75,j,0.9268370866775513,1145,614,1525,910
1500,75,j,0.9265055656433105,1144,614,1525,910
1501,75,j,0.9291504621505737,1146,615,1527,910
1502,75,j,0.9283506274223328,1146,616,1527,910
1503,75,j,0.9277322888374329,1148,616,1526,910
1504,75,j,0.9288493990898132,1147,616,1527,910
1505,75,j,0.9285027384757996,1148,617,1527,910
1506,75,j,0.9285386204719543,1148,617,1527,910
1507,75,j,0.9292784929275513,1147,616,1527,910
1508,75,j,0.9293729066848755,1147,616,1527,909
1509,75,j,0.9278369545936584,1149,616,1527,909
1510,75,j,0.9285755157470703,1149,617,1524,909
1511,75,j,0.929491400718689,1148,618,1523,909
1512,75,j,0.9286001920700073,1148,618,1524,909
1513,75,j,0.9282684326171875,1148,618,1525,909
1514,75,j,0.9282638430595398,1148,618,1525,908
1515,75,j,0.9280745387077332,1149,618,1525,908
1516,75,j,0.9279550909996033,1147,617,1527,908
1517,75,j,0.9283450245857239,1146,617,1528,908
1518,75,j,0.928851842880249,1145,616,1529,908
1519,75,j,0.9284523725509644,1146,616,1528,908
1520,75,j,0.9280675053596497,1146,617,1528,909
1521,75,j,0.9282088875770569,1147,616,1528,909
1522,75,j,0.9284477233886719,1147,616,1529,909
1523,75,j,0.9278937578201294,1148,616,1528,909
1524,75,j,0.9272586107254028,1148,616,1527,909
1525,75,j,0.9270855188369751,1150,616,1528,909
1526,75,j,0.928417444229126,1150,616,1529,909
1527,75,j,0.9285253286361694,1151,615,1529,909
1528,75,j,0.9279144406318665,1150,615,1528,909
1529,75,j,0.9280303120613098,1150,616,1528,909
1530,75,j,0.9272052049636841,1150,616,1528,909
1531,75,j,0.9289557337760925,1150,616,1528,910
1532,75,j,0.9292020797729492,1150,616,1528,910
1533,75,j,0.9294194579124451,1149,617,1528,910
1534,75,j,0.9293357133865356,1149,617,1528,910
1535,75,j,0.9292371273040771,1149,617,1528,910
1536,75,j,0.9289591312408447,1151,617,1527,910
1537,75,j,0.9276987910270691,1151,617,1527,910
1538,75,j,0.9283095598220825,1151,618,1528,910
1539,75,j,0.9277247786521912,1151,618,1527,910
1540,75,j,0.9273585081100464,1153,618,1527,910
1541,75,j,0.9279000759124756,1153,617,1527,910
1542,75,j,0.927973210811615,1153,617,1528,910
1543,75,j,0.9280015826225281,1152,617,1528,910
1544,75,j,0.927705705165863,1152,617,1528,909
1545,75,j,0.9282528758049011,1153,616,1529,910
1546,75,j,0.9264012575149536,1155,616,1531,909
1547,75,j,0.9274131655693054,1153,616,1530,910
1548,75,j,0.927749514579773,1152,616,1530,910
1549,75,j,0.9264002442359924,1152,616,1529,910
1550,75,j,0.926303505897522,1153,616,1529,910
1551,75,j,0.9267169833183289,1152,616,1529,910
1552,75,j,0.926547110080719,1153,616,1529,910
1553,75,j,0.9263485074043274,1154,616,1528,910
1554,75,j,0.9258635640144348,1155,616,1528,910
1555,75,j,0.9250260591506958,1157,616,1528,910
1556,75,j,0.9276178479194641,1159,617,1529,910
1557,75,j,0.9198272824287415,1160,620,1502,910
1558,75,j,0.9167606234550476,1161,623,1485,910
1559,75,j,0.9124372005462646,1163,634,1474,910
1560,75,j,0.9162403345108032,1163,644,1452,911
1561,75,j,0.9158540964126587,1165,652,1434,910
1562,75,j,0.9162752628326416,1167,656,1429,910
1563,75,j,0.9173790812492371,1168,660,1426,909
1564,75,j,0.9184666872024536,1170,663,1425,909
1565,75,j,0.9164485335350037,1173,665,1425,908
1566,75,j,0.9156673550605774,1174,666,1425,908
1567,75,j,0.9160305857658386,1174,667,1425,908
1568,75,j,0.9157403111457825,1175,668,1425,908
1569,75,j,0.9142163395881653,1175,668,1425,908
1570,75,j,0.9135433435440063,1174,668,1425,908
1571,75,j,0.9144344925880432,1174,668,1425,908
1572,75,j,0.9118636250495911,1173,664,1426,908
1573,75,j,0.9126995801925659,1173,656,1426,909
1574,75,j,0.9085657596588135,1172,647,1425,909
1575,75,j,0.9127634167671204,1175,638,1425,909
1576,75,j,0.9199681282043457,1180,632,1428,909
1577,75,j,0.9205232858657837,1180,619,1437,909
1578,75,j,0.9189477562904358,1178,613,1454,910
1579,75,j,0.9223348498344421,1178,608,1455,910
1580,75,j,0.9194128513336182,1177,606,1463,910
1581,75,j,0.9212741851806641,1175,602,1460,910
1582,75,j,0.9199790358543396,1173,598,1454,910
1583,75,j,0.9231036901473999,1172,599,1449,910
1584,75,j,0.9219582080841064,1172,601,1447,909
1585,75,j,0.9217369556427002,1173,604,1466,910
1586,75,j,0.9226505756378174,1176,605,1471,911
1587,75,j,0.9238183498382568,1176,604,1476,911
1588,75,j,0.9237699508666992,1177,603,1479,911
1589,75,j,0.9170365333557129,1172,602,1473,910
1590,75,j,0.9193967580795288,1172,602,1472,910
1591,75,j,0.9217630624771118,1175,602,1475,911
1592,75,j,0.9214605093002319,1175,602,1476,912
1593,75,j,0.9184474945068359,1175,598,1476,912
1594,75,j,0.9148802161216736,1173,592,1470,911
1595,75,j,0.9201831817626953,1172,586,1467,910
1596,75,j,0.9187337756156921,1167,589,1449,910
1597,75,j,0.9203561544418335,1174,588,1442,910
1598,75,j,0.9187668561935425,1176,588,1447,910
1599,75,j,0.9220406413078308,1177,588,1449,910
1600,75,j,0.9214416146278381,1177,588,1451,911
1601,75,j,0.922278106212616,1174,588,1452,911
1602,75,j,0.9222289323806763,1173,588,1454,911
1603,75,j,0.9222447276115417,1171,588,1454,911
1604,75,j,0.9227260947227478,1169,589,1454,911
1605,75,j,0.923235297203064,1167,589,1454,911
1606,75,j,0.9254244565963745,1166,589,1455,911
1607,75,j,0.9257156848907471,1165,590,1455,911
1608,75,j,0.9256898760795593,1164,590,1455,912
1609,75,j,0.92570960521698,1164,590,1454,912
1610,75,j,0.9260562062263489,1165,590,1454,912
1611,75,j,0.9268606305122375,1164,589,1454,912
1612,75,j,0.9273192882537842,1163,589,1453,912
1613,75,j,0.9265776872634888,1162,589,1454,911
1614,75,j,0.9266207814216614,1162,588,1454,911
1615,75,j,0.9263162612915039,1161,588,1453,911
1616,75,j,0.9260514378547668,1161,588,1453,910
1617,75,j,0.9263702630996704,1161,588,1453,910
1618,75,j,0.9256274700164795,1161,588,1453,910
1619,75,j,0.9256404042243958,1160,588,1453,911
1620,75,j,0.9257526993751526,1160,587,1453,911
1621,75,j,0.925743818283081,1160,587,1454,910
1622,75,j,0.9257906675338745,1160,586,1454,909
1623,75,j,0.9264206886291504,1160,586,1455,909
1624,75,j,0.9257346987724304,1161,586,1456,909
1625,75,j,0.9256282448768616,1161,586,1456,909
1626,75,j,0.9266297817230225,1161,586,1455,909
1627,75,j,0.927544116973877,1161,586,1455,909
1628,75,j,0.9266451597213745,1160,588,1452,909
1629,75,j,0.9232794642448425,1160,589,1446,908
1630,75,j,0.9237905740737915,1160,591,1444,908
1631,75,j,0.9228096008300781,1161,593,1442,909
1632,75,j,0.9235671758651733,1161,594,1441,909
1633,75,j,0.9235042333602905,1161,594,1441,908
1634,75,j,0.923169732093811,1161,594,1441,908
1635,75,j,0.9231260418891907,1160,594,1441,908
1636,75,j,0.9220987558364868,1160,596,1442,908
1637,75,j,0.9219342470169067,1160,596,1442,908
1638,75,j,0.9225802421569824,1160,596,1443,908
1639,75,j,0.9232388138771057,1159,596,1443,908
1640,75,j,0.923671305179596,1160,595,1442,908
1641,75,j,0.9238239526748657,1160,595,1442,908
1642,75,j,0.9237138032913208,1160,595,1442,908
1643,75,j,0.9235255718231201,1160,595,1442,908
1644,75,j,0.9230674505233765,1159,596,1442,908
1645,75,j,0.9221711158752441,1158,596,1441,908
1646,75,j,0.9242190718650818,1158,596,1449,908
1647,75,j,0.9203758239746094,1159,597,1464,908
1648,75,j,0.9208647012710571,1158,598,1474,908
1649,75,j,0.9195573925971985,1155,599,1481,906
1650,75,j,0.9205650091171265,1150,599,1486,904
1651,75,j,0.9220698475837708,1147,598,1488,898
1652,75,j,0.9228177666664124,1146,598,1488,896
1653,75,j,0.9233832359313965,1144,597,1489,896
1654,75,j,0.9239397644996643,1139,597,1488,895
1655,75,j,0.9243893623352051,1138,597,1489,895
1656,75,j,0.9247456192970276,1137,597,1490,895
1657,75,j,0.9244794249534607,1137,597,1489,895
1658,75,j,0.9254346489906311,1137,597,1491,895
1659,75,j,0.9247081875801086,1137,597,1490,896
1660,75,j,0.9247701168060303,1137,597,1490,896
1661,75,j,0.9243471026420593,1137,597,1490,898
1662,75,j,0.9238884449005127,1137,597,1491,898
1663,75,j,0.9240059852600098,1138,597,1493,898
1664,75,j,0.925091028213501,1139,597,1491,898
1665,75,j,0.925523579120636,1140,597,1492,898
1666,75,j,0.9249516725540161,1138,597,1495,901
1667,75,j,0.9250050187110901,1137,597,1495,903
1668,75,j,0.9240834712982178,1137,597,1494,903
1669,75,j,0.9239646196365356,1137,598,1490,904
1670,75,j,0.9244958162307739,1136,598,1487,905
1671,75,j,0.9248113036155701,1136,598,1486,905
1672,75,j,0.924893856048584,1137,598,1484,905
1673,75,j,0.9250099062919617,1137,598,1483,906
1674,75,j,0.9252760410308838,1136,598,1484,906
1675,75,j,0.9255364537239075,1136,598,1486,907
1676,75,j,0.9267289042472839,1137,600,1488,906
1677,75,j,0.927665650844574,1136,602,1487,907
1678,75,j,0.9279444813728333,1134,603,1486,907
1679,75,j,0.9311184287071228,1135,606,1492,907
1680,75,j,0.931129515171051,1135,608,1495,907
1681,75,j,0.9329057335853577,1136,610,1498,903
1682,75,j,0.9330686330795288,1136,611,1499,901
1683,75,j,0.9327968955039978,1136,612,1499,900
1684,75,j,0.9322307705879211,1137,612,1499,900
1685,75,j,0.9322479963302612,1137,612,1499,900
1686,75,j,0.9321634769439697,1138,612,1499,900
1687,75,j,0.9321153163909912,1137,612,1500,900
1688,75,j,0.9328641295433044,1136,615,1502,901
1689,75,j,0.9297797679901123,1136,617,1500,901
1690,75,j,0.9286519885063171,1135,624,1504,901
1691,75,j,0.9279643297195435,1133,629,1507,901
1692,75,j,0.9278606176376343,1133,631,1509,901
1693,75,j,0.925882875919342,1132,632,1509,901
1694,75,j,0.9248628616333008,1129,632,1509,901
1695,75,j,0.9244610667228699,1127,631,1509,901
1696,75,j,0.9281613230705261,1130,631,1512,902
1697,75,j,0.9269775152206421,1131,631,1515,903
1698,75,j,0.9269306063652039,1131,631,1516,903
1699,75,j,0.9272189140319824,1131,631,1516,902
1700,75,j,0.9267820119857788,1127,628,1520,902
1701,75,j,0.9283260703086853,1126,626,1522,902
1702,75,j,0.9289712905883789,1125,625,1523,902
1703,75,j,0.9295464158058167,1126,623,1522,902
1704,75,j,0.9299285411834717,1126,622,1522,902
1705,75,j,0.9302250742912292,1125,622,1522,902
1706,75,j,0.9309389591217041,1124,621,1522,902
1707,75,j,0.9305270314216614,1123,620,1522,902
1708,75,j,0.9309653043746948,1123,620,1522,902
1709,75,j,0.9310965538024902,1122,619,1522,902
1710,75,j,0.9314155578613281,1123,619,1521,902
1711,75,j,0.9309324622154236,1122,616,1520,902
1712,75,j,0.930952250957489,1122,615,1520,902
1713,75,j,0.931053102016449,1121,615,1521,902
1714,75,j,0.9310534596443176,1120,615,1520,902
1715,75,j,0.9311572909355164,1120,615,1520,902
1716,75,j,0.9311743378639221,1120,615,1520,902
1717,75,j,0.9309592247009277,1120,615,1520,902
1718,75,j,0.9309975504875183,1121,615,1519,902
1719,75,j,0.9310680031776428,1122,616,1519,902
1720,75,j,0.9314258098602295,1123,616,1519,902
1721,75,j,0.9316682815551758,1124,617,1519,901
1722,75,j,0.9319226741790771,1124,617,1518,901
1723,75,j,0.9319722056388855,1123,617,1520,901
1724,75,j,0.9300234913825989,1122,613,1521,901
1725,75,j,0.9315781593322754,1121,607,1518,901
1726,75,j,0.9313245415687561,1124,605,1516,902
1727,75,j,0.9314460754394531,1125,604,1516,902
1728,75,j,0.9312835931777954,1126,604,1515,902
1729,75,j,0.9315215945243835,1126,604,1515,902
1730,75,j,0.9315211772918701,1126,604,1516,902
1731,75,j,0.9313437938690186,1125,604,1516,902
1732,75,j,0.9306663870811462,1124,604,1515,902
1733,75,j,0.930546224117279,1124,604,1516,902
1734,75,j,0.9297994375228882,1123,604,1518,902
1735,75,j,0.9299551844596863,1122,604,1518,902
1736,75,j,0.929816484451294,1120,604,1519,902
1737,75,j,0.9300260543823242,1120,604,1518,902
1738,75,j,0.9304062724113464,1120,604,1519,902
1739,75,j,0.9302169680595398,1121,604,1517,902
1740,75,j,0.9303812980651855,1122,604,1517,902
1741,75,j,0.9307286739349365,1121,604,1522,904
1742,75,j,0.9306376576423645,1121,602,1525,905
1743,75,j,0.9311819076538086,1120,602,1526,905
1744,75,j,0.9303058385848999,1120,601,1526,905
1745,75,j,0.9302215576171875,1120,601,1525,905
1746,75,j,0.9299869537353516,1120,601,1525,905
1747,75,j,0.9296892881393433,1121,601,1525,905
1748,75,j,0.9297002553939819,1121,600,1525,905
1749,75,j,0.9297738075256348,1120,600,1525,905
1750,75,j,0.9299296736717224,1120,600,1525,905
1751,75,j,0.9300540089607239,1120,600,1525,905
1752,75,j,0.9302518367767334,1121,600,1525,905
1753,75,j,0.9300234913825989,1122,600,1525,905
1754,75,j,0.929794430732727,1123,600,1524,905
1755,75,j,0.9298393726348877,1123,600,1525,905
1756,75,j,0.9296433329582214,1129,600,1525,902
1757,75,j,0.9297104477882385,1131,600,1525,901
1758,75,j,0.9298174977302551,1132,600,1526,901
1759,75,j,0.929991602897644,1132,600,1525,901
1760,75,j,0.9300938844680786,1132,600,1525,901
1761,75,j,0.9302585124969482,1132,600,1525,901
1762,75,j,0.9302909970283508,1132,600,1525,901
1763,75,j,0.930486261844635,1132,600,1525,901
1764,75,j,0.9307993054389954,1132,600,1524,901
1765,75,j,0.930637776851654,1133,600,1524,901
1766,75,j,0.9306403398513794,1133,600,1524,902
1767,75,j,0.93080073595047,1133,600,1524,902
1768,75,j,0.9307059049606323,1134,600,1524,902
1769,75,j,0.9305432438850403,1133,600,1524,902
1770,75,j,0.9306603074073792,1132,600,1524,901
1771,75,j,0.925489068031311,1131,600,1524,902
1772,75,j,0.9259247779846191,1130,600,1524,903
1773,75,j,0.9265010356903076,1130,600,1524,903
1774,75,j,0.9265576004981995,1131,600,1524,903
1775,75,j,0.9263582825660706,1131,600,1525,904
1776,75,j,0.9265964031219482,1131,600,1525,904
1777,75,j,0.9273065328598022,1132,600,1525,904
1778,75,j,0.9277236461639404,1132,600,1524,904
1779,75,j,0.9275641441345215,1132,600,1524,904
1780,75,j,0.9276573657989502,1132,600,1524,904
1781,75,j,0.9282591938972473,1132,600,1524,904
1782,75,j,0.9282682538032532,1132,600,1524,904
1783,75,j,0.9284353256225586,1134,600,1524,904
1784,75,j,0.9287152290344238,1135,599,1525,904
1785,75,j,0.9285454750061035,1135,599,1525,904
1786,75,j,0.9295182228088379,1133,598,1526,902
1787,75,j,0.9296410083770752,1132,598,1527,902
1788,75,j,0.929385244846344,1131,597,1527,902
1789,75,j,0.929321825504303,1130,597,1526,902
1790,75,j,0.9294471144676208,1130,597,1526,902
1791,75,j,0.9293400645256042,1130,597,1525,901
1792,75,j,0.9294748306274414,1131,597,1525,902
1793,75,j,0.9294411540031433,1131,597,1525,902
1794,75,j,0.9286949634552002,1131,597,1524,902
1795,75,j,0.9286466240882874,1131,597,1524,902
1796,75,j,0.9286525845527649,1131,598,1524,902
1797,75,j,0.9289171695709229,1130,598,1525,902
1798,75,j,0.9286654591560364,1130,599,1525,902
1799,75,j,0.9283962845802307,1129,599,1526,902
1800,75,j,0.9281519055366516,1128,599,1526,902
1801,75,j,0.927463948726654,1127,599,1524,904
1802,75,j,0.9273550510406494,1127,599,1523,905
1803,75,j,0.929050087928772,1129,600,1521,905
1804,75,j,0.9293285012245178,1130,600,1521,905
1805,75,j,0.9295645356178284,1130,600,1521,905
1806,75,j,0.9290820956230164,1128,599,1521,905
1807,75,j,0.9293782711029053,1128,599,1522,905
1808,75,j,0.9295839071273804,1124,599,1522,905
1809,75,j,0.9297903180122375,1123,599,1522,905
1810,75,j,0.9295913577079773,1124,599,1523,905
1811,75,j,0.9296630620956421,1124,599,1523,905
1812,75,j,0.9294629693031311,1124,599,1522,905
1813,75,j,0.9294080138206482,1124,599,1522,905
1814,75,j,0.9297909140586853,1125,599,1523,905
1815,75,j,0.9299052357673645,1124,599,1524,905
1816,75,j,0.9295140504837036,1129,599,1525,906
1817,75,j,0.9295571446418762,1132,600,1524,907
1818,75,j,0.9296395182609558,1133,599,1525,907
1819,75,j,0.9299952983856201,1132,599,1524,907
1820,75,j,0.9297636151313782,1132,599,1524,907
1821,75,j,0.9297391772270203,1132,599,1524,907
1822,75,j,0.9299218058586121,1131,599,1524,907
1823,75,j,0.9292925000190735,1128,599,1524,907
1824,75,j,0.9291789531707764,1127,599,1523,906
1825,75,j,0.927467942237854,1124,599,1524,907
1826,75,j,0.9163196682929993,1122,597,1497,906
1827,75,j,0.9175151586532593,1121,595,1484,907
1828,75,j,0.9149033427238464,1118,594,1486,906
1829,75,j,0.9174272418022156,1119,593,1485,906
1830,75,j,0.9160793423652649,1120,594,1486,906
1831,75,j,0.9186767339706421,1124,595,1479,906
1832,75,j,0.9202370047569275,1126,596,1477,906
1833,75,j,0.9211540222167969,1128,596,1476,906
1834,75,j,0.9204307794570923,1129,596,1476,906
1835,75,j,0.920558750629425,1127,596,1477,906
1836,75,j,0.9191842675209045,1126,596,1477,906
1837,75,j,0.9183139801025391,1124,595,1477,906
1838,75,j,0.9184151887893677,1124,596,1478,906
1839,75,j,0.9199197292327881,1126,596,1477,906
1840,75,j,0.9205529689788818,1127,596,1476,906
1841,75,j,0.9216902256011963,1127,596,1476,906
1842,75,j,0.9223113656044006,1127,596,1476,906
1843,75,j,0.9217405915260315,1127,595,1476,906
1844,75,j,0.9216891527175903,1128,595,1475,906
1845,75,j,0.9208526015281677,1127,595,1474,906
1846,75,j,0.9196338057518005,1129,594,1475,907
1847,75,j,0.9196877479553223,1129,593,1476,907
1848,75,j,0.9197263717651367,1130,593,1477,907
1849,75,j,0.9198853373527527,1130,593,1477,907
1850,75,j,0.9198670387268066,1130,593,1477,907
1851,75,j,0.9195711016654968,1130,593,1477,907
1852,75,j,0.9191364049911499,1129,593,1477,907
1853,75,j,0.9193738698959351,1129,593,1475,907
1854,75,j,0.9192090630531311,1129,593,1475,907
1855,75,j,0.92609703540802,1130,594,1500,907
1856,75,j,0.9296659231185913,1132,597,1515,907
1857,75,j,0.9308765530586243,1132,600,1519,907
1858,75,j,0.9319042563438416,1129,602,1518,906
1859,75,j,0.9308596253395081,1125,604,1516,904
1860,75,j,0.9310910701751709,1123,604,1517,903
1861,75,j,0.931906521320343,1125,604,1517,904
1862,75,j,0.931892991065979,1125,603,1518,904
1863,75,j,0.9316602349281311,1126,603,1518,905
1864,75,j,0.9313544631004333,1126,603,1518,905
1865,75,j,0.93182373046875,1125,603,1519,905
1866,75,j,0.9314325451850891,1125,603,1519,905
1867,75,j,0.9310170412063599,1125,603,1520,905
1868,75,j,0.9310794472694397,1124,603,1521,905
1869,75,j,0.9305600523948669,1124,603,1522,905
1870,75,j,0.9305576682090759,1122,602,1522,905
1871,75,j,0.9309505224227905,1122,602,1522,905
1872,75,j,0.9309538006782532,1122,602,1522,905
1873,75,j,0.9307795763015747,1121,602,1522,905
1874,75,j,0.9308081865310669,1122,602,1522,905
1875,75,j,0.9308476448059082,1123,602,1522,905
1876,75,j,0.9271573424339294,1119,603,1524,904
1877,75,j,0.928244948387146,1118,603,1523,904
1878,75,j,0.9281124472618103,1119,602,1517,904
1879,75,j,0.918339729309082,1119,602,1492,904
1880,75,j,0.9174901843070984,1119,602,1475,904
1881,75,j,0.917686402797699,1120,601,1464,904
1882,75,j,0.918287456035614,1120,601,1457,904
1883,75,j,0.9193836450576782,1122,601,1455,904
1884,75,j,0.9193417429924011,1122,601,1455,904
1885,75,j,0.9190860986709595,1123,601,1456,904
1886,75,j,0.9173636436462402,1122,601,1456,904
1887,75,j,0.9181939363479614,1122,601,1456,904
1888,75,j,0.9195420742034912,1123,601,1456,904
1889,75,j,0.9203855395317078,1123,601,1456,904
1890,75,j,0.9197472333908081,1124,600,1456,904
1891,75,j,0.9201172590255737,1124,599,1454,902
1892,75,j,0.9200320839881897,1124,599,1454,900
1893,75,j,0.919622004032135,1124,599,1454,900
1894,75,j,0.9195351004600525,1124,599,1454,900
1895,75,j,0.9191613793373108,1124,599,1454,902
1896,75,j,0.9189378023147583,1124,599,1455,903
1897,75,j,0.9192634224891663,1123,599,1455,903
1898,75,j,0.9190135598182678,1123,599,1455,903
1899,75,j,0.9184496998786926,1123,599,1456,902
1900,75,j,0.9186515808105469,1123,599,1456,901
1901,75,j,0.9190366268157959,1123,600,1456,902
1902,75,j,0.9186418056488037,1123,600,1456,902
1903,75,j,0.9194028973579407,1124,600,1456,902
1904,75,j,0.9189493656158447,1124,600,1456,902
1905,75,j,0.920182466506958,1125,600,1454,902
1906,75,j,0.9203874468803406,1125,601,1456,902
1907,75,j,0.920911431312561,1125,602,1455,902
1908,75,j,0.9287543892860413,1125,603,1480,902
1909,75,j,0.9299497604370117,1125,605,1492,902
1910,75,j,0.9214151501655579,1125,607,1486,902
1911,75,j,0.91924649477005,1125,612,1476,902
1912,75,j,0.91904217004776,1125,621,1472,902
1913,75,j,0.919658899307251,1127,627,1469,902
1914,75,j,0.9181774854660034,1127,628,1468,899
1915,75,j,0.9199384450912476,1126,629,1468,892
1916,75,j,0.9183429479598999,1124,629,1469,891
1917,75,j,0.9145967960357666,1119,634,1476,895
1918,75,j,0.9198191165924072,1115,638,1487,897
1919,75,j,0.9217925667762756,1105,639,1492,897
1920,75,j,0.923198401927948,1100,640,1495,898
1921,75,j,0.9228076934814453,1098,640,1496,901
1922,75,j,0.9223365187644958,1098,641,1496,902
1923,75,j,0.9241222739219666,1094,641,1496,902
1924,75,j,0.9236422777175903,1093,641,1496,902
1925,75,j,0.9263495206832886,1091,641,1498,902
1926,75,j,0.9263359308242798,1089,641,1498,902
1927,75,j,0.9267343878746033,1087,641,1499,902
1928,75,j,0.9281867146492004,1082,641,1498,903
1929,75,j,0.9278038740158081,1081,641,1498,903
1930,75,j,0.928865373134613,1068,641,1498,903
1931,75,j,0.9291316270828247,1065,641,1497,903
1932,75,j,0.925336480140686,1057,641,1488,902
1933,75,j,0.9235018491744995,1053,644,1477,902
1934,75,j,0.9262468218803406,1051,650,1476,903
1935,75,j,0.92502361536026,1047,668,1480,903
1936,75,j,0.9280002117156982,1050,682,1488,914
1937,75,j,0.9236452579498291,1050,691,1491,918
1938,75,j,0.922235906124115,1048,694,1491,919
1939,75,j,0.920172393321991,1053,695,1491,920
1940,75,j,0.9212345480918884,1048,695,1491,920
1941,75,j,0.9228521585464478,1047,694,1490,920
1942,75,j,0.923428475856781,1045,693,1491,915
1943,75,j,0.9245707392692566,1045,688,1488,907
1944,75,j,0.9241330623626709,1046,683,1492,905
1945,75,j,0.9285902976989746,1046,674,1507,904
1946,75,j,0.9280128479003906,1041,664,1516,904
1947,75,j,0.9308676719665527,1039,656,1522,904
1948,75,j,0.9324531555175781,1038,653,1524,904
1949,75,j,0.9322147369384766,1039,652,1524,904
1950,75,j,0.9338253140449524,1038,651,1524,904
1951,75,j,0.9373725652694702,1036,650,1525,903
1952,75,j,0.9376934170722961,1035,650,1524,903
1953,75,j,0.9362002611160278,1034,649,1525,903
1954,75,j,0.9344884157180786,1036,644,1521,902
1955,75,j,0.9314631223678589,1038,639,1507,902
1956,75,j,0.9337392449378967,1037,626,1496,902
1957,75,j,0.9382513761520386,1036,618,1507,902
1958,75,j,0.9396958947181702,1036,615,1517,902
1959,75,j,0.9397949576377869,1035,614,1521,901
1960,75,j,0.9402394890785217,1034,614,1522,901
1961,75,j,0.9399297833442688,1034,614,1523,901
1962,75,j,0.9401533007621765,1034,613,1524,901
1963,75,j,0.9401073455810547,1035,613,1523,901
1964,75,j,0.9396610856056213,1036,613,1522,901
1965,75,j,0.9397533535957336,1036,613,1523,901
1966,75,j,0.9379612803459167,1037,615,1524,902
1967,75,j,0.9377164840698242,1038,616,1525,902
1968,75,j,0.9385982155799866,1037,616,1525,902
1969,75,j,0.9383735060691833,1037,616,1525,902
1970,75,j,0.9383603930473328,1037,616,1526,902
1971,75,j,0.938139796257019,1037,616,1527,903
1972,75,j,0.9380781054496765,1037,616,1527,903
1973,75,j,0.9381508231163025,1036,615,1526,904
1974,75,j,0.9384629726409912,1036,616,1525,904
1975,75,j,0.9389830827713013,1035,615,1525,904
1976,75,j,0.9395766258239746,1035,616,1525,904
1977,75,j,0.9403893947601318,1033,619,1518,904
1978,75,j,0.9400908946990967,1033,622,1520,904
1979,75,j,0.9393860101699829,1033,624,1523,904
1980,75,j,0.9396991729736328,1033,625,1525,904
1981,75,j,0.9398372173309326,1034,625,1527,906
1982,75,j,0.9399195313453674,1034,625,1528,906
1983,75,j,0.9393424391746521,1035,625,1528,906
1984,75,j,0.9392297267913818,1035,625,1528,906
1985,75,j,0.9390771389007568,1035,625,1528,907
1986,75,j,0.9393451809883118,1036,625,1527,907
1987,75,j,0.9392444491386414,1036,625,1527,907
1988,75,j,0.9393366575241089,1036,625,1528,907
1989,75,j,0.9394925832748413,1035,625,1528,907
1990,75,j,0.9395686388015747,1035,624,1529,907
1991,75,j,0.9405367970466614,1034,624,1529,907
1992,75,j,0.9403271675109863,1034,624,1529,906
1993,75,j,0.9404377937316895,1034,624,1529,906
1994,75,j,0.9407739043235779,1033,623,1529,906
1995,75,j,0.9408076405525208,1033,623,1529,906
1996,75,j,0.9394316673278809,1035,623,1528,906
1997,75,j,0.9398592114448547,1034,623,1528,906
1998,75,j,0.9404471516609192,1033,623,1527,906
1999,75,j,0.9404183626174927,1033,623,1527,906
2000,75,j,0.9402360320091248,1033,623,1528,906
2001,75,j,0.9401428699493408,1033,623,1528,906
2002,75,j,0.9401149153709412,1034,623,1528,906
2003,75,j,0.9401848912239075,1034,623,1528,906
2004,75,j,0.9402773380279541,1034,623,1527,906
2005,75,j,0.940622091293335,1032,623,1527,907
2006,75,j,0.9405139088630676,1032,623,1527,907
2007,75,j,0.9402241110801697,1033,623,1527,907
2008,75,j,0.9399241805076599,1033,623,1527,907
2009,75,j,0.9405413866043091,1032,623,1528,906
2010,75,j,0.9404808878898621,1031,623,1528,906
2011,75,j,0.9412264227867126,1032,623,1530,906
2012,75,j,0.9411188364028931,1032,623,1531,906
2013,75,j,0.9410715103149414,1032,623,1532,906
2014,75,j,0.9409040808677673,1033,624,1532,906
2015,75,j,0.9408513307571411,1033,624,1532,906
2016,75,j,0.9405853748321533,1034,624,1532,905
2017,75,j,0.9405134916305542,1034,624,1531,905
2018,75,j,0.9405427575111389,1034,624,1531,905
2019,75,j,0.9404324889183044,1034,624,1531,905
2020,75,j,0.9404656887054443,1034,624,1532,905
2021,75,j,0.9402624368667603,1034,624,1532,905
2022,75,j,0.9404844641685486,1034,624,1532,905
2023,75,j,0.941187858581543,1034,624,1533,905
2024,75,j,0.9416170120239258,1033,624,1534,905
2025,75,j,0.9411207437515259,1034,624,1535,905
2026,75,j,0.9397105574607849,1036,624,1537,905
2027,75,j,0.9400550723075867,1036,624,1538,905
2028,75,j,0.9389032125473022,1038,624,1538,905
2029,75,j,0.9387576580047607,1038,624,1538,905
2030,75,j,0.9388964772224426,1039,624,1538,905
2031,75,j,0.9391618967056274,1039,624,1538,905
2032,75,j,0.9394090175628662,1038,624,1538,905
2033,75,j,0.9394407272338867,1038,624,1538,905
2034,75,j,0.9392271637916565,1038,624,1538,905
2035,75,j,0.9393720030784607,1038,624,1538,905
2036,75,j,0.9394327998161316,1038,624,1538,905
2037,75,j,0.9392210841178894,1037,624,1538,905
2038,75,j,0.939505398273468,1037,624,1538,905
2039,75,j,0.9392397999763489,1037,624,1538,905
2040,75,j,0.939309298992157,1036,624,1538,905
2041,75,j,0.9390011429786682,1035,624,1538,902
2042,75,j,0.9388083219528198,1034,624,1538,902
2043,75,j,0.9381135702133179,1035,625,1538,901
2044,75,j,0.9379819631576538,1036,625,1538,901
2045,75,j,0.9372812509536743,1037,625,1538,901
2046,75,j,0.936587929725647,1038,625,1538,901
2047,75,j,0.937189519405365,1037,625,1538,901
2048,75,j,0.9374440908432007,1037,625,1538,901
2049,75,j,0.9373520612716675,1037,625,1538,901
2050,75,j,0.9375231266021729,1037,625,1538,901
2051,75,j,0.9372950792312622,1037,625,1538,901
2052,75,j,0.9372115135192871,1038,625,1538,901
2053,75,j,0.9373682737350464,1038,625,1538,901
2054,75,j,0.9373140931129456,1038,625,1538,901
2055,75,j,0.9372611045837402,1039,625,1537,901
2056,75,j,0.9392964839935303,1035,625,1538,903
2057,75,j,0.939306914806366,1034,625,1538,904
2058,75,j,0.9390632510185242,1034,625,1537,904
2059,75,j,0.9369126558303833,1035,626,1531,904
2060,75,j,0.9319283962249756,1035,625,1508,904
2061,75,j,0.9293215274810791,1035,625,1493,904
2062,75,j,0.9279149174690247,1033,626,1483,904
2063,75,j,0.9283588528633118,1032,626,1479,903
2064,75,j,0.9260978102684021,1032,626,1477,904
2065,75,j,0.9262845516204834,1031,626,1475,904
2066,75,j,0.92631596326828,1031,626,1475,904
2067,75,j,0.9264399409294128,1031,625,1474,904
2068,75,j,0.9265813827514648,1031,625,1474,904
2069,75,j,0.9274262189865112,1031,626,1474,904
2070,75,j,0.9271636605262756,1031,626,1475,904
2071,75,j,0.9292081594467163,1035,626,1478,904
2072,75,j,0.9288259744644165,1036,626,1477,904
2073,75,j,0.9285570979118347,1037,626,1478,904
2074,75,j,0.9290466904640198,1036,626,1478,904
2075,75,j,0.9293093681335449,1036,626,1479,903
2076,75,j,0.9287152886390686,1037,626,1479,903
2077,75,j,0.9291598200798035,1037,626,1479,903
2078,75,j,0.9292038679122925,1036,626,1479,904
2079,75,j,0.9287620782852173,1035,626,1478,904
2080,75,j,0.9290095567703247,1035,626,1478,904
2081,75,j,0.929230809211731,1035,626,1478,904
2082,75,j,0.9295993447303772,1034,626,1479,904
2083,75,j,0.9294285178184509,1034,626,1479,904
2084,75,j,0.9306575059890747,1035,625,1482,904
2085,75,j,0.9352453351020813,1036,625,1495,904
2086,75,j,0.9389142990112305,1037,622,1515,903
2087,75,j,0.9370680451393127,1038,617,1524,902
2088,75,j,0.9377809166908264,1037,613,1527,902
2089,75,j,0.9378014802932739,1036,611,1528,902
2090,75,j,0.937674880027771,1036,611,1528,902
2091,75,j,0.9375625848770142,1036,610,1528,902
2092,75,j,0.9372413158416748,1036,610,1528,902
2093,75,j,0.936722457408905,1037,610,1528,902
2094,75,j,0.9368782043457031,1038,610,1528,902
2095,75,j,0.9358471035957336,1041,609,1528,902
2096,75,j,0.935910165309906,1042,609,1528,902
2097,75,j,0.9355945587158203,1043,610,1528,902
2098,75,j,0.9356598854064941,1042,610,1528,902
2099,75,j,0.9353352189064026,1042,610,1528,902
2100,75,j,0.9350293874740601,1043,609,1528,902
2101,75,j,0.9336996674537659,1043,610,1527,902
2102,75,j,0.9337840676307678,1043,610,1527,902
2103,75,j,0.9356642365455627,1041,610,1527,902
2104,75,j,0.9354764223098755,1041,610,1527,902
2105,75,j,0.9356304407119751,1041,610,1527,902
2106,75,j,0.9354212284088135,1041,610,1527,902
2107,75,j,0.9354733824729919,1041,610,1527,902
2108,75,j,0.9354698657989502,1041,610,1527,902
2109,75,j,0.9357461929321289,1041,610,1526,902
2110,75,j,0.9357685446739197,1041,610,1526,902
2111,75,j,0.9354040622711182,1041,610,1526,902
2112,75,j,0.9348773956298828,1042,610,1527,902
2113,75,j,0.9361220002174377,1045,616,1512,902
2114,75,j,0.9248595237731934,1046,622,1487,902
2115,75,j,0.9220731854438782,1047,630,1475,902
2116,75,j,0.9234214425086975,1048,642,1473,901
2117,75,j,0.9227422475814819,1050,647,1471,901
2118,75,j,0.9238595962524414,1051,650,1470,900
2119,75,j,0.9233757257461548,1051,651,1469,900
2120,75,j,0.9231180548667908,1052,655,1467,900
2121,75,j,0.9248138070106506,1053,655,1463,901
2122,75,j,0.9242711067199707,1053,655,1460,901
2123,75,j,0.9231211543083191,1052,654,1458,901
2124,75,j,0.9232724905014038,1052,655,1457,901
2125,75,j,0.923699676990509,1051,654,1456,901
2126,75,j,0.9237992167472839,1050,654,1456,901
2127,75,j,0.9231845736503601,1049,654,1456,901
2128,75,j,0.9231893420219421,1050,654,1457,901
2129,75,j,0.924184262752533,1050,653,1461,901
2130,75,j,0.9255412817001343,1050,653,1473,900
2131,75,j,0.93096923828125,1047,653,1494,901
2132,75,j,0.9333850741386414,1046,653,1504,901
2133,75,j,0.933234691619873,1045,653,1511,901
2134,75,j,0.9318653345108032,1043,653,1514,901
2135,75,j,0.9317873120307922,1042,653,1515,902
2136,75,j,0.9314581751823425,1042,653,1516,902
2137,75,j,0.9334389567375183,1040,653,1517,902
2138,75,j,0.9329357147216797,1039,653,1517,902
2139,75,j,0.9329259395599365,1039,653,1517,902
2140,75,j,0.9340211153030396,1039,653,1517,902
2141,75,j,0.9348238110542297,1039,653,1518,902
2142,75,j,0.9341192841529846,1039,652,1518,902
2143,75,j,0.9345554709434509,1039,652,1517,902
2144,75,j,0.9341514110565186,1039,652,1517,902
2145,75,j,0.9346659183502197,1040,652,1517,902
2146,75,j,0.9365158081054688,1039,653,1514,903
2147,75,j,0.9293915033340454,1039,653,1497,903
2148,75,j,0.9269760847091675,1039,656,1481,903
2149,75,j,0.9244752526283264,1040,661,1475,903
2150,75,j,0.9263501167297363,1038,665,1472,903
2151,75,j,0.9281812310218811,1035,665,1471,903
2152,75,j,0.9269275069236755,1035,666,1462,904
2153,75,j,0.9242023825645447,1036,666,1454,904
2154,75,j,0.9226831793785095,1036,667,1449,905
2155,75,j,0.9229333996772766,1036,667,1446,905
2156,75,j,0.9230807423591614,1036,667,1446,905
2157,75,j,0.9230430722236633,1035,667,1446,905
2158,75,j,0.9227933883666992,1035,667,1445,905
2159,75,j,0.9234966039657593,1035,667,1444,905
2160,75,j,0.9226826429367065,1034,667,1443,905
2161,75,j,0.9226816296577454,1034,668,1442,904
2162,75,j,0.9229699373245239,1034,669,1442,904
2163,75,j,0.9234225749969482,1034,669,1442,903
2164,75,j,0.9231114983558655,1034,669,1442,903
2165,75,j,0.9235879778862,1034,669,1442,903
2166,75,j,0.923095703125,1036,669,1442,903
2167,75,j,0.9230420589447021,1036,669,1442,903
2168,75,j,0.9232985973358154,1037,669,1442,903
2169,75,j,0.9228092432022095,1037,669,1442,903
2170,75,j,0.9229505658149719,1037,669,1443,903
2171,75,j,0.9207516312599182,1037,669,1444,903
2172,75,j,0.9303169250488281,1036,668,1449,903
2173,75,j,0.9299975037574768,1036,670,1461,903
2174,75,j,0.9288082718849182,1036,671,1482,904
2175,75,j,0.9353681802749634,1036,670,1504,904
2176,75,j,0.935484766960144,1038,668,1521,905
2177,75,j,0.9357476234436035,1038,668,1530,906
2178,75,j,0.9363037347793579,1036,668,1533,906
2179,75,j,0.9361931681632996,1036,668,1535,906
2180,75,j,0.9360762238502502,1036,668,1535,906
2181,75,j,0.936762809753418,1035,668,1535,906
2182,75,j,0.9371508955955505,1034,668,1535,906
2183,75,j,0.936952531337738,1034,668,1535,906
2184,75,j,0.9372551441192627,1034,668,1535,906
2185,75,j,0.9373372793197632,1034,668,1535,906
2186,75,j,0.9371102452278137,1034,667,1535,906
2187,75,j,0.9371066689491272,1034,667,1535,906
2188,75,j,0.9371799826622009,1034,667,1535,906
2189,75,j,0.9374467134475708,1034,667,1535,906
2190,75,j,0.937530517578125,1034,667,1534,906
2191,75,j,0.9361938834190369,1034,666,1535,906
2192,75,j,0.9360136985778809,1034,666,1534,906
2193,75,j,0.9356304407119751,1034,666,1535,906
2194,75,j,0.9365439414978027,1034,665,1528,905
2195,75,j,0.936523973941803,1036,665,1518,905
2196,75,j,0.9314312934875488,1038,667,1522,906
2197,75,j,0.9274188280105591,1038,673,1534,907
2198,75,j,0.9328864216804504,1039,680,1554,907
2199,75,j,0.9298757314682007,1039,689,1571,914
2200,75,j,0.9328574538230896,1042,696,1581,919
2201,75,j,0.9330229759216309,1051,703,1586,921
2202,75,j,0.9312235713005066,1049,705,1587,921
2203,75,j,0.9309548735618591,1046,705,1584,922
2204,75,j,0.9302863478660583,1044,703,1580,923
2205,75,j,0.9302271604537964,1041,700,1577,923
2206,75,j,0.9302083849906921,1042,698,1573,921
2207,75,j,0.9308357238769531,1041,696,1568,912
2208,75,j,0.9350303411483765,1041,692,1566,909
2209,75,j,0.9335775375366211,1039,684,1553,908
2210,75,j,0.9316393136978149,1044,675,1559,907
2211,75,j,0.9345455765724182,1049,667,1566,907
2212,75,j,0.9304508566856384,1044,664,1566,907
2213,75,j,0.9389185309410095,1056,672,1569,907
2214,75,j,0.9264202117919922,1073,692,1567,907
2215,75,j,0.9282946586608887,1081,705,1571,909
2216,75,j,0.9294626712799072,1085,710,1571,909
2217,75,j,0.9302565455436707,1084,710,1569,909
2218,75,j,0.9281408786773682,1082,709,1567,909
2219,75,j,0.9268571734428406,1084,708,1563,909
2220,75,j,0.928508996963501,1082,709,1560,909
2221,75,j,0.9262104034423828,1080,709,1556,909
2222,75,j,0.9253178834915161,1081,709,1555,909
2223,75,j,0.9253226518630981,1081,708,1555,909
2224,75,j,0.9277138113975525,1081,706,1553,909
2225,75,j,0.9317666888237,1080,701,1549,908
2226,75,j,0.935360848903656,1078,695,1543,908
2227,75,j,0.9382544159889221,1073,690,1540,908
2228,75,j,0.9360290169715881,1076,684,1536,908
2229,75,j,0.932906985282898,1072,679,1533,908
2230,75,j,0.9310457706451416,1073,673,1531,908
2231,75,j,0.93133544921875,1076,670,1530,908
2232,75,j,0.9314677715301514,1076,668,1529,908
2233,75,j,0.930957019329071,1077,667,1528,908
2234,75,j,0.932402491569519,1076,667,1528,908
2235,75,j,0.9327475428581238,1075,667,1529,908
2236,75,j,0.9338898062705994,1071,667,1529,908
2237,75,j,0.9335421323776245,1069,668,1529,908
2238,75,j,0.9324283003807068,1065,666,1530,908
2239,75,j,0.9327336549758911,1064,664,1530,908
2240,75,j,0.9326115846633911,1064,663,1532,908
2241,75,j,0.9326982498168945,1064,662,1532,908
2242,75,j,0.9330772757530212,1064,662,1532,908
2243,75,j,0.9329710006713867,1063,662,1533,908
2244,75,j,0.9325257539749146,1062,660,1534,908
2245,75,j,0.9318457841873169,1057,659,1534,908
2246,75,j,0.931272029876709,1052,657,1532,908
2247,75,j,0.9326741099357605,1053,655,1531,908
2248,75,j,0.9333062767982483,1058,655,1529,908
2249,75,j,0.9326903820037842,1062,654,1526,908
2250,75,j,0.9319375157356262,1066,651,1522,908
2251,75,j,0.9317939281463623,1069,649,1518,908
2252,75,j,0.9323163628578186,1071,648,1516,908
2253,75,j,0.9324213862419128,1071,648,1514,907
2254,75,j,0.9324368834495544,1071,647,1514,907
2255,75,j,0.9327868223190308,1071,647,1513,907
2256,75,j,0.9324142932891846,1065,647,1512,907
2257,75,j,0.9326621890068054,1062,648,1514,907
2258,75,j,0.9267594814300537,1062,649,1499,907
2259,75,j,0.9279130697250366,1062,652,1480,907
2260,75,j,0.9292718768119812,1065,656,1478,907
2261,75,j,0.9275205135345459,1066,669,1475,907
2262,75,j,0.9269201755523682,1068,675,1473,907
2263,75,j,0.9244687557220459,1071,676,1471,907
2264,75,j,0.9178118109703064,1084,674,1469,907
2265,75,j,0.9147580862045288,1089,670,1467,908
2266,75,j,0.9178772568702698,1089,666,1462,909
2267,75,j,0.9203106760978699,1086,660,1463,909
2268,75,j,0.9194620251655579,1088,656,1465,904
2269,75,j,0.9172408580780029,1092,655,1466,901
2270,75,j,0.9061717987060547,1112,660,1465,903
2271,75,j,0.909991979598999,1139,663,1461,903
2272,75,j,0.9143146276473999,1148,666,1458,904
2273,75,j,0.9176452159881592,1150,669,1455,905
2274,75,j,0.9148882031440735,1152,671,1455,907
2275,75,j,0.915358304977417,1153,671,1456,908
2276,75,j,0.9159780144691467,1156,671,1456,909
2277,75,j,0.9155358076095581,1157,671,1457,910
2278,75,j,0.9145883321762085,1160,671,1458,909
2279,75,j,0.9141113758087158,1168,671,1459,909
2280,75,j,0.9129747152328491,1170,671,1460,908
2281,75,j,0.9131475687026978,1164,672,1462,909
2282,75,j,0.9132876992225647,1169,674,1463,909
2283,75,j,0.9123309850692749,1166,674,1463,910
2284,75,j,0.916694164276123,1168,674,1463,910
2285,75,j,0.9170236587524414,1167,674,1463,910
2286,75,j,0.9151694774627686,1168,675,1464,910
2287,75,j,0.9145519733428955,1169,676,1463,910
2288,75,j,0.9149817228317261,1172,677,1463,910
2289,75,j,0.9143490791320801,1171,676,1463,911
2290,75,j,0.9119771122932434,1170,675,1463,910
2291,75,j,0.9141777157783508,1172,675,1462,910
2292,75,j,0.9134910106658936,1171,675,1461,910
2293,75,j,0.9165289402008057,1171,674,1460,910
2294,75,j,0.9165109992027283,1171,673,1460,911
2295,75,j,0.9156064987182617,1173,672,1459,910
2296,75,j,0.9112299680709839,1172,672,1459,910
2297,75,j,0.9103903770446777,1174,669,1459,910
2298,75,j,0.9080759882926941,1178,663,1461,909
2299,75,j,0.9069393873214722,1186,660,1463,909
2300,75,j,0.9075862169265747,1192,661,1462,909
2301,75,j,0.9031018614768982,1216,667,1459,909
2302,75,j,0.904133141040802,1218,671,1457,911
2303,75,j,0.9075127840042114,1208,673,1456,911
2304,75,j,0.903412401676178,1215,673,1456,911
2305,75,j,0.9047053456306458,1233,673,1457,911
2306,75,j,0.9033729434013367,1238,673,1458,910
2307,75,j,0.8997936844825745,1232,674,1458,910
2308,75,j,0.9087037444114685,1214,674,1458,911
2309,75,j,0.9010767936706543,1220,673,1459,911
2310,75,j,0.9052082300186157,1217,673,1460,911
2311,75,j,0.9055551886558533,1220,674,1460,911
2312,75,j,0.9079889059066772,1212,674,1460,911
2313,75,j,0.9095296859741211,1208,675,1461,912
2314,75,j,0.9104794859886169,1203,675,1462,912
2315,75,j,0.9100587964057922,1203,675,1462,912
2316,75,j,0.9143892526626587,1198,676,1462,912
2317,75,j,0.9155375361442566,1196,676,1463,912
2318,75,j,0.9127861857414246,1195,675,1461,912
2319,75,j,0.912511944770813,1195,675,1460,913
2320,75,j,0.915114164352417,1193,675,1460,913
2321,75,j,0.9148287177085876,1192,675,1460,913
2322,75,j,0.9125780463218689,1192,674,1460,912
2323,75,j,0.9154174327850342,1190,675,1459,911
2324,75,j,0.9155654311180115,1191,674,1457,911
2325,75,j,0.9166523218154907,1191,673,1456,912
2326,75,j,0.9162903428077698,1189,672,1456,910
2327,75,j,0.9179505109786987,1188,672,1457,910
2328,75,j,0.9151892066001892,1189,672,1457,910
2329,75,j,0.9159144759178162,1190,673,1457,910
2330,75,j,0.9164898991584778,1191,673,1459,910
2331,75,j,0.9157609343528748,1187,673,1460,910
2332,75,j,0.9172441959381104,1185,672,1462,910
2333,75,j,0.916897177696228,1186,673,1463,910
2334,75,j,0.9168574810028076,1185,673,1464,910
2335,75,j,0.9148529767990112,1192,674,1464,910
2336,75,j,0.9145014882087708,1193,673,1465,910
2337,75,j,0.915762722492218,1194,673,1466,911
2338,75,j,0.917540967464447,1188,672,1466,911
2339,75,j,0.9183946847915649,1185,672,1466,911
2340,75,j,0.9179409742355347,1183,672,1464,911
2341,75,j,0.9206486344337463,1183,672,1463,912
2342,75,j,0.9202666878700256,1183,672,1462,912
2343,75,j,0.9214258790016174,1185,672,1462,912
2344,75,j,0.9223524332046509,1185,672,1462,912
2345,75,j,0.9205260872840881,1185,672,1463,912
2346,75,j,0.91947340965271,1186,672,1464,912
2347,75,j,0.9171271324157715,1186,671,1465,913
2348,75,j,0.915749192237854,1188,671,1466,912
2349,75,j,0.9133815765380859,1185,670,1467,912
2350,75,j,0.9110747575759888,1183,670,1469,913
2351,75,j,0.9154033660888672,1186,669,1469,913
2352,75,j,0.9193710684776306,1182,667,1468,914
2353,75,j,0.9093524217605591,1179,660,1467,914
2354,75,j,0.9049685001373291,1179,648,1465,915
2355,75,j,0.9164846539497375,1182,637,1467,915
2356,75,j,0.919533371925354,1183,631,1468,915
2357,75,j,0.9204459190368652,1182,628,1468,915
2358,75,j,0.9205089211463928,1182,626,1467,915
2359,75,j,0.9195724129676819,1182,626,1467,915
2360,75,j,0.9205747842788696,1183,626,1467,915
2361,75,j,0.9201692342758179,1184,626,1467,915
2362,75,j,0.9195964932441711,1185,626,1467,915
2363,75,j,0.919862687587738,1186,626,1466,915
2364,75,j,0.9202789068222046,1187,626,1465,915
2365,75,j,0.9217739105224609,1186,622,1463,915
2366,75,j,0.9208393692970276,1185,624,1463,915
2367,75,j,0.9137219190597534,1184,632,1462,915
2368,75,j,0.911609411239624,1185,641,1461,915
2369,75,j,0.9121351838111877,1184,649,1461,915
2370,75,j,0.9118618965148926,1184,654,1461,914
2371,75,j,0.917281985282898,1183,662,1458,915
2372,75,j,0.9157924056053162,1182,666,1458,915
2373,75,j,0.9166521430015564,1181,669,1459,915
2374,75,j,0.9173747897148132,1182,670,1459,915
2375,75,j,0.9180991053581238,1183,671,1459,915
2376,75,j,0.9161726832389832,1185,670,1458,915
2377,75,j,0.917228639125824,1184,670,1458,915
2378,75,j,0.9185692071914673,1185,671,1459,914
2379,75,j,0.9173972606658936,1185,672,1459,914
2380,75,j,0.9170599579811096,1183,672,1458,913
2381,75,j,0.9166143536567688,1184,672,1458,913
2382,75,j,0.9151363372802734,1181,672,1457,914
2383,75,j,0.9159997701644897,1178,671,1456,914
2384,75,j,0.9141544103622437,1176,671,1457,914
2385,75,j,0.913547933101654,1176,671,1456,914
2386,75,j,0.9161263704299927,1176,671,1458,915
2387,75,j,0.9142484664916992,1174,672,1457,914
2388,75,j,0.917847752571106,1176,674,1457,914
2389,75,j,0.920418918132782,1177,674,1456,914
2390,75,j,0.919370710849762,1179,674,1457,914
2391,75,j,0.9175047874450684,1181,676,1459,914
2392,75,j,0.9153048396110535,1179,676,1462,912
2393,75,j,0.9128686189651489,1186,674,1461,911
2394,75,j,0.91129469871521,1185,674,1461,910
2395,75,j,0.9105371236801147,1192,673,1459,903
2396,75,j,0.9097309112548828,1192,673,1457,902
2397,75,j,0.9090322852134705,1195,674,1454,905
2398,75,j,0.9103367328643799,1199,674,1451,908
2399,75,j,0.9154074192047119,1199,672,1450,909
2400,75,j,0.9127811193466187,1198,671,1453,909
2401,75,j,0.9042131900787354,1202,672,1456,910
2402,75,j,0.8992034792900085,1212,672,1459,910
2403,75,j,0.903340220451355,1229,673,1458,911
2404,75,j,0.9060159921646118,1235,671,1455,911
2405,75,j,0.9086323976516724,1230,667,1453,912
2406,75,j,0.9085365533828735,1232,660,1447,911
2407,75,j,0.9101115465164185,1233,653,1445,910
2408,75,j,0.9216318130493164,1231,639,1465,911
2409,75,j,0.9260794520378113,1230,630,1484,912
2410,75,j,0.9266908764839172,1229,627,1494,912
2411,75,j,0.9256682991981506,1227,626,1498,913
2412,75,j,0.9240647554397583,1225,624,1499,913
2413,75,j,0.9228852391242981,1224,622,1498,913
2414,75,j,0.9229571223258972,1224,622,1498,913
2415,75,j,0.9223533272743225,1224,621,1498,914
2416,75,j,0.9271140098571777,1225,621,1499,914
2417,75,j,0.9274114370346069,1225,621,1500,915
2418,75,j,0.9255867004394531,1222,621,1501,915
2419,75,j,0.9247296452522278,1221,621,1501,915
2420,75,j,0.9249381422996521,1221,621,1501,915
2421,75,j,0.9246184229850769,1220,621,1502,915
2422,75,j,0.9245979189872742,1221,621,1501,915
2423,75,j,0.9246467351913452,1221,621,1502,915
2424,75,j,0.9248183369636536,1214,621,1502,915
2425,75,j,0.9252246022224426,1207,621,1502,915
2426,75,j,0.9263952374458313,1198,618,1509,915
2427,75,j,0.9268858432769775,1192,611,1518,915
2428,75,j,0.9244754314422607,1186,608,1518,915
2429,75,j,0.9213851094245911,1182,603,1514,915
2430,75,j,0.9191966652870178,1179,601,1509,915
2431,75,j,0.9232040643692017,1178,602,1514,915
2432,75,j,0.9228020310401917,1175,603,1518,914
2433,75,j,0.923448383808136,1175,603,1520,914
2434,75,j,0.9231647849082947,1174,603,1519,914
2435,75,j,0.9232999086380005,1173,604,1518,915
2436,75,j,0.9223848581314087,1172,603,1518,915
2437,75,j,0.9216942191123962,1169,603,1518,915
2438,75,j,0.9220550656318665,1169,603,1517,915
2439,75,j,0.9224756360054016,1171,604,1518,915
2440,75,j,0.9221432209014893,1173,604,1518,915
2441,75,j,0.9208701848983765,1170,603,1518,915
2442,75,j,0.9204399585723877,1170,603,1518,915
2443,75,j,0.9215941429138184,1170,603,1518,915
2444,75,j,0.9223053455352783,1171,603,1518,915
2445,75,j,0.9221557378768921,1172,603,1518,915
2446,75,j,0.9247588515281677,1173,603,1521,914
2447,75,j,0.9256964921951294,1175,603,1522,914
2448,75,j,0.9248354434967041,1177,603,1518,914
2449,75,j,0.9151875376701355,1185,613,1488,913
2450,75,j,0.9183491468429565,1189,619,1473,913
2451,75,j,0.9094731211662292,1195,634,1468,913
2452,75,j,0.907941997051239,1195,649,1455,913
2453,75,j,0.914965033531189,1194,662,1449,913
2454,75,j,0.9163457155227661,1194,669,1448,913
2455,75,j,0.9150910973548889,1194,672,1448,912
2456,75,j,0.9124040603637695,1194,673,1449,912
2457,75,j,0.9120174646377563,1197,673,1450,913
2458,75,j,0.9129584431648254,1197,672,1451,914
2459,75,j,0.9133705496788025,1196,673,1451,913
2460,75,j,0.9123775362968445,1199,673,1452,912
2461,75,j,0.9024057984352112,1221,670,1455,910
2462,75,j,0.9021146297454834,1224,669,1457,910
2463,75,j,0.9018275737762451,1232,668,1457,909
2464,75,j,0.9080166220664978,1237,668,1457,909
2465,75,j,0.902852475643158,1235,669,1457,909
2466,75,j,0.8985083699226379,1231,669,1457,909
2467,75,j,0.9007775187492371,1224,669,1457,909
2468,75,j,0.9038361310958862,1213,669,1457,909
2469,75,j,0.9031229615211487,1211,669,1456,909
2470,75,j,0.8986175060272217,1214,664,1458,910
2471,75,j,0.9023553729057312,1219,663,1459,909
2472,75,j,0.9089238047599792,1223,663,1457,909
2473,75,j,0.9061065912246704,1230,662,1453,909
2474,75,j,0.9174021482467651,1231,660,1451,909
2475,75,j,0.9106137156486511,1229,658,1451,909
2476,75,j,0.9141902327537537,1227,657,1446,909
2477,75,j,0.9175971746444702,1227,654,1442,909
2478,75,j,0.9256381988525391,1227,644,1440,909
2479,75,j,0.9266076683998108,1228,634,1439,909
2480,75,j,0.9184250831604004,1228,621,1439,910
2481,75,j,0.9181564450263977,1227,616,1439,910
2482,75,j,0.9174813628196716,1228,614,1439,911
2483,75,j,0.9187633395195007,1229,615,1439,911
2484,75,j,0.9198578000068665,1229,615,1441,911
2485,75,j,0.9201762080192566,1230,616,1441,911
2486,75,j,0.9197078347206116,1231,616,1442,911
2487,75,j,0.9198833107948303,1231,616,1442,911
2488,75,j,0.9213097095489502,1231,616,1443,911
2489,75,j,0.9204205274581909,1231,617,1443,911
2490,75,j,0.9196068644523621,1230,617,1443,911
2491,75,j,0.917813777923584,1230,617,1451,910
2492,75,j,0.9177562594413757,1229,619,1462,910
2493,75,j,0.9173983335494995,1228,622,1469,910
2494,75,j,0.9190604090690613,1228,623,1475,910
2495,75,j,0.9178119897842407,1227,623,1478,910
2496,75,j,0.9169436097145081,1227,623,1480,910
2497,75,j,0.9158115983009338,1226,623,1480,910
2498,75,j,0.9160858392715454,1226,622,1481,909
2499,75,j,0.9147306680679321,1222,622,1480,909
2500,75,j,0.9158483743667603,1225,623,1481,909
2501,75,j,0.9166470170021057,1226,622,1481,910
2502,75,j,0.9192374348640442,1228,621,1481,910
2503,75,j,0.9207513332366943,1226,619,1490,910
2504,75,j,0.9144830703735352,1225,618,1484,910
2505,75,j,0.9148350954055786,1223,616,1482,910
2506,75,j,0.9190065264701843,1203,615,1485,912
2507,75,j,0.9192054271697998,1195,614,1488,913
2508,75,j,0.9189417958259583,1190,614,1490,913
2509,75,j,0.9176045060157776,1185,614,1489,913
2510,75,j,0.9174564480781555,1186,614,1489,913
2511,75,j,0.9179854393005371,1185,614,1490,913
2512,75,j,0.9181669354438782,1185,614,1491,913
2513,75,j,0.9181293249130249,1184,614,1491,912
2514,75,j,0.9177314639091492,1185,614,1490,912
2515,75,j,0.9160373210906982,1180,614,1484,912
2516,75,j,0.9165951013565063,1180,614,1482,913
2517,75,j,0.9170878529548645,1181,615,1481,913
2518,75,j,0.9157443046569824,1181,615,1479,912
2519,75,j,0.9155805706977844,1179,615,1478,912
2520,75,j,0.9159749746322632,1178,615,1479,912
2521,75,j,0.9201013445854187,1183,615,1484,912
2522,75,j,0.9196981191635132,1186,615,1485,911
2523,75,j,0.9200566411018372,1187,615,1487,911
2524,75,j,0.9255836606025696,1189,615,1501,910
2525,75,j,0.9273967742919922,1191,614,1509,911
2526,75,j,0.9273768663406372,1193,616,1511,911
2527,75,j,0.9283057451248169,1192,617,1513,911
2528,75,j,0.928687572479248,1190,618,1515,911
2529,75,j,0.9290873408317566,1190,618,1516,911
2530,75,j,0.9288613200187683,1188,619,1517,911
2531,75,j,0.9293407797813416,1187,620,1517,911
2532,75,j,0.9290714263916016,1187,620,1517,912
2533,75,j,0.9290072917938232,1186,621,1517,912
2534,75,j,0.9263436794281006,1188,622,1508,912
2535,75,j,0.9140475988388062,1189,629,1483,912
2536,75,j,0.9140916466712952,1194,633,1463,912
2537,75,j,0.9126584529876709,1206,643,1451,911
2538,75,j,0.9117407202720642,1207,655,1443,911
2539,75,j,0.9117607474327087,1212,665,1443,911
2540,75,j,0.9077452421188354,1218,673,1442,911
2541,75,j,0.9121952056884766,1217,677,1443,911
2542,75,j,0.9177743196487427,1211,680,1444,911
2543,75,j,0.910132646560669,1218,682,1444,911
2544,75,j,0.9084119200706482,1221,683,1443,912
2545,75,j,0.9068906307220459,1222,683,1441,912
2546,75,j,0.905336320400238,1224,683,1441,911
2547,75,j,0.9042118191719055,1224,683,1441,910
2548,75,j,0.9028170108795166,1224,681,1438,911
2549,75,j,0.9028514623641968,1224,678,1436,909
2550,75,j,0.90513014793396,1221,676,1435,905
2551,75,j,0.9045392870903015,1219,673,1430,901
2552,75,j,0.9085718989372253,1218,670,1429,900
2553,75,j,0.91050124168396,1218,668,1429,899
2554,75,j,0.9128648638725281,1222,664,1432,902
2555,75,j,0.9170827269554138,1225,658,1435,902
2556,75,j,0.9256426692008972,1227,648,1438,903
2557,75,j,0.925191342830658,1228,639,1441,902
2558,75,j,0.9215899705886841,1230,630,1442,903
2559,75,j,0.9161213636398315,1231,619,1442,903
2560,75,j,0.9153022766113281,1226,615,1442,903
2561,75,j,0.9115637540817261,1226,608,1442,903
2562,75,j,0.9141217470169067,1228,605,1442,903
2563,75,j,0.9164772629737854,1229,606,1441,903
2564,75,j,0.9170324802398682,1227,606,1442,904
2565,75,j,0.9181791543960571,1220,606,1442,904
2566,75,j,0.9186192750930786,1212,606,1443,904
2567,75,j,0.9180891513824463,1210,606,1444,904
2568,75,j,0.9181402921676636,1208,606,1444,904
2569,75,j,0.9188425540924072,1203,606,1444,904
2570,75,j,0.9177984595298767,1204,607,1445,904
2571,75,j,0.9196880459785461,1201,606,1447,904
2572,75,j,0.9208084940910339,1199,606,1447,905
2573,75,j,0.9210704565048218,1198,607,1448,905
2574,75,j,0.9197273850440979,1197,607,1448,905
2575,75,j,0.9205475449562073,1196,606,1448,905
2576,75,j,0.9209464192390442,1194,607,1448,905
2577,75,j,0.9207842946052551,1192,607,1448,905
2578,75,j,0.9206875562667847,1191,607,1448,905
2579,75,j,0.921037495136261,1189,607,1448,905
2580,75,j,0.9211030602455139,1188,607,1448,905
2581,75,j,0.9204000234603882,1184,608,1449,905
2582,75,j,0.9205079078674316,1182,608,1449,905
2583,75,j,0.9202384948730469,1181,608,1449,905
2584,75,j,0.9200161695480347,1181,608,1449,906
2585,75,j,0.9200080037117004,1182,609,1450,905
2586,75,j,0.9195699095726013,1179,608,1450,905
2587,75,j,0.919675350189209,1179,609,1450,906
2588,75,j,0.9191681742668152,1178,610,1451,906
2589,75,j,0.9158658981323242,1178,615,1451,905
2590,75,j,0.9109772443771362,1176,621,1452,905
2591,75,j,0.911941409111023,1173,624,1452,905
2592,75,j,0.9112046360969543,1172,625,1453,905
2593,75,j,0.91241055727005,1171,626,1454,905
2594,75,j,0.9127941131591797,1169,626,1454,905
2595,75,j,0.9124774932861328,1168,626,1454,906
2596,75,j,0.9142805337905884,1168,625,1454,905
2597,75,j,0.9144854545593262,1168,625,1454,905
2598,75,j,0.914970338344574,1168,625,1454,905
2599,75,j,0.9140251278877258,1170,625,1454,905
2600,75,j,0.9128789305686951,1170,626,1454,905
2601,75,j,0.9179646372795105,1169,626,1453,905
2602,75,j,0.9173315167427063,1169,629,1453,905
2603,75,j,0.9148836135864258,1169,632,1453,905
2604,75,j,0.9139288067817688,1171,635,1454,905
2605,75,j,0.9132080674171448,1172,636,1453,905
2606,75,j,0.9119445085525513,1173,637,1453,905
2607,75,j,0.9136084318161011,1172,636,1452,905
2608,75,j,0.9130437970161438,1172,636,1452,905
2609,75,j,0.9128933548927307,1172,636,1452,905
2610,75,j,0.9145383238792419,1174,636,1452,905
2611,75,j,0.9184862971305847,1175,633,1452,905
2612,75,j,0.9185248017311096,1175,632,1452,905
2613,75,j,0.9181163907051086,1174,631,1452,906
2614,75,j,0.9180383086204529,1173,631,1452,906
2615,75,j,0.9180975556373596,1174,631,1453,906
2616,75,j,0.9176165461540222,1174,631,1453,906
2617,75,j,0.9179666638374329,1174,631,1453,906
2618,75,j,0.9178237318992615,1175,631,1453,906
2619,75,j,0.9190532565116882,1177,628,1454,906
2620,75,j,0.919308066368103,1177,625,1454,906
2621,75,j,0.9195724129676819,1177,623,1454,906
2622,75,j,0.9192245602607727,1177,622,1454,905
2623,75,j,0.9197794795036316,1178,622,1455,905
2624,75,j,0.9204742908477783,1179,622,1454,905
2625,75,j,0.9197955131530762,1181,623,1454,905
2626,75,j,0.9199622869491577,1189,623,1453,905
2627,75,j,0.9191378355026245,1193,623,1453,905
2628,75,j,0.919562816619873,1197,623,1453,905
2629,75,j,0.9189451336860657,1199,623,1453,905
2630,75,j,0.919163703918457,1199,622,1453,904
2631,75,j,0.9191315174102783,1196,622,1453,904
2632,75,j,0.9189354777336121,1189,623,1452,905
2633,75,j,0.9145331382751465,1192,628,1451,904
2634,75,j,0.9150514602661133,1194,632,1449,904
2635,75,j,0.9133183360099792,1194,636,1450,904
2636,75,j,0.9121477603912354,1192,641,1451,903
2637,75,j,0.9106086492538452,1186,642,1453,904
2638,75,j,0.910249650478363,1184,642,1453,904
2639,75,j,0.9107359051704407,1182,643,1455,904
2640,75,j,0.9105832576751709,1183,643,1456,904
2641,75,j,0.9148797988891602,1179,644,1456,905
2642,75,j,0.9164740443229675,1177,645,1456,906
2643,75,j,0.915908694267273,1176,645,1456,906
2644,75,j,0.9160874485969543,1174,645,1456,906
2645,75,j,0.9162936806678772,1173,645,1456,906
2646,75,j,0.9153986573219299,1173,645,1456,906
2647,75,j,0.9143312573432922,1173,645,1457,906
2648,75,j,0.9131752848625183,1172,646,1457,906
2649,75,j,0.9119346737861633,1172,647,1457,906
2650,75,j,0.909492552280426,1171,648,1457,906
2651,75,j,0.905768871307373,1171,653,1457,906
2652,75,j,0.9044318199157715,1170,655,1456,907
2653,75,j,0.9023798704147339,1169,656,1457,907
2654,75,j,0.90203857421875,1168,656,1457,907
2655,75,j,0.9021484851837158,1167,656,1458,907
2656,75,j,0.9048126935958862,1174,658,1460,905
2657,75,j,0.9032288789749146,1177,658,1461,905
2658,75,j,0.9036081433296204,1177,658,1461,905
2659,75,j,0.9026857614517212,1174,658,1462,905
2660,75,j,0.9032369256019592,1173,658,1462,905
2661,75,j,0.9034681916236877,1172,658,1461,905
2662,75,j,0.9013151526451111,1169,658,1461,905
2663,75,j,0.9014991521835327,1169,658,1461,904
2664,75,j,0.9024387001991272,1169,657,1461,904
2665,75,j,0.9026244282722473,1169,657,1461,904
2666,75,j,0.9015434980392456,1168,656,1461,904
2667,75,j,0.9029130935668945,1168,655,1460,904
2668,75,j,0.90418541431427,1167,654,1460,904
2669,75,j,0.9032734036445618,1167,654,1459,904
2670,75,j,0.9030981659889221,1167,653,1458,904
2671,75,j,0.9062916040420532,1167,654,1457,905
2672,75,j,0.905360221862793,1167,655,1457,906
2673,75,j,0.9064393043518066,1167,655,1457,906
2674,75,j,0.9066948890686035,1167,654,1457,906
2675,75,j,0.9066023230552673,1167,654,1458,906
2676,75,j,0.9061340093612671,1167,654,1458,906
2677,75,j,0.906115710735321,1168,654,1458,905
2678,75,j,0.9052543044090271,1170,655,1459,905
2679,75,j,0.9047388434410095,1169,655,1458,905
2680,75,j,0.90529465675354,1169,655,1459,905
2681,75,j,0.9052542448043823,1169,655,1460,905
2682,75,j,0.9049688577651978,1169,654,1460,905
2683,75,j,0.9055041074752808,1169,654,1460,905
2684,75,j,0.9063422679901123,1170,653,1460,905
2685,75,j,0.9059275984764099,1170,653,1459,905
2686,75,j,0.9053007364273071,1169,654,1457,905
2687,75,j,0.9056069254875183,1169,655,1456,905
2688,75,j,0.9059722423553467,1169,654,1456,905
2689,75,j,0.9001039862632751,1168,651,1460,905
2690,75,j,0.9152190089225769,1167,644,1487,905
2691,75,j,0.9232268333435059,1165,637,1516,905
2692,75,j,0.926754891872406,1161,634,1533,904
2693,75,j,0.9297931790351868,1155,633,1543,904
2694,75,j,0.9291393160820007,1151,633,1546,904
2695,75,j,0.9298849105834961,1149,633,1547,904
2696,75,j,0.9296707510948181,1147,633,1549,904
2697,75,j,0.9290319681167603,1146,633,1549,904
2698,75,j,0.9282678365707397,1146,633,1548,904
2699,75,j,0.9288695454597473,1146,633,1548,904
2700,75,j,0.928683340549469,1146,633,1547,904
2701,75,j,0.9306253790855408,1143,633,1548,904
