frame,id,class,confidence,x1,y1,x2,y2
1,137.0,feeder,0.9429328441619873,831,870,1907,1205
2,137.0,feeder,0.9431001543998718,849,826,1882,1140
2,185.0,gt,0.8973206281661987,1265,754,1555,908
3,137.0,feeder,0.9428443908691406,854,811,1874,1119
3,185.0,gt,0.8964536190032959,1264,753,1554,908
4,137.0,feeder,0.9426410794258118,856,807,1871,1113
4,185.0,gt,0.8958407640457153,1260,753,1554,909
5,137.0,feeder,0.940488874912262,857,806,1870,1111
5,185.0,gt,0.8306033611297607,1262,726,1550,910
6,137.0,feeder,0.9418816566467285,857,807,1871,1112
6,185.0,gt,0.8669087886810303,1271,742,1558,909
7,137.0,feeder,0.9400664567947388,857,806,1871,1112
7,185.0,gt,0.8286290764808655,1344,727,1577,887
8,137.0,feeder,0.9362596869468689,857,806,1871,1113
8,185.0,gt,0.8038104176521301,1429,720,1596,872
9,137.0,feeder,0.9383106827735901,857,805,1871,1113
9,185.0,gt,0.7825372219085693,1498,717,1622,875
10,137.0,feeder,0.9376121759414673,857,805,1871,1114
10,185.0,gt,0.808929979801178,1528,714,1628,871
11,137.0,feeder,0.9387646913528442,856,805,1871,1114
11,185.0,gt,0.8406583070755005,1532,711,1633,866
12,137.0,feeder,0.9384459853172302,856,805,1872,1115
12,185.0,gt,0.8373492360115051,1534,711,1635,864
13,137.0,feeder,0.938086211681366,855,805,1872,1116
13,185.0,gt,0.8242418169975281,1534,712,1634,864
14,137.0,feeder,0.9386025071144104,855,805,1872,1116
14,185.0,gt,0.8247911930084229,1533,712,1632,864
15,137.0,feeder,0.9385644197463989,855,806,1872,1117
15,185.0,gt,0.8373012542724609,1531,712,1631,864
16,137.0,feeder,0.9382556676864624,855,806,1872,1117
16,185.0,gt,0.8355554938316345,1528,712,1630,864
17,137.0,feeder,0.9393326640129089,855,806,1872,1117
17,185.0,gt,0.8301910161972046,1521,716,1629,863
18,137.0,feeder,0.9406384229660034,856,807,1872,1117
18,185.0,gt,0.7966823577880859,1510,726,1641,863
19,137.0,feeder,0.9394636154174805,856,808,1873,1118
19,185.0,gt,0.8074946999549866,1502,711,1678,866
20,137.0,feeder,0.9389354586601257,856,810,1873,1118
20,185.0,gt,0.8040540814399719,1500,705,1688,866
21,137.0,feeder,0.9379364252090454,856,810,1873,1118
21,185.0,gt,0.8272908926010132,1498,702,1697,866
22,137.0,feeder,0.9388442635536194,856,810,1873,1119
22,185.0,gt,0.8062235713005066,1498,700,1696,865
23,137.0,feeder,0.9398384690284729,856,810,1873,1119
23,185.0,gt,0.7942127585411072,1497,699,1687,865
24,137.0,feeder,0.929835319519043,855,810,1873,1119
24,185.0,gt,0.8114380240440369,1501,709,1698,873
25,137.0,feeder,0.9213327169418335,855,810,1873,1119
25,185.0,gt,0.6726024746894836,1484,695,1701,880
26,,r,0.6292305588722229,1263,658,1612,884
26,,r,0.4867210388183594,1370,659,1611,880
27,187.0,gt,0.7924516797065735,1242,653,1507,828
27,137.0,feeder,0.8648108243942261,856,809,1873,1120
28,137.0,feeder,0.922619104385376,853,810,1876,1122
29,137.0,feeder,0.7110995650291443,849,814,1880,1124
30,137.0,feeder,0.3460116386413574,844,817,1883,1125
31,137.0,feeder,0.9523115754127502,839,818,1884,1125
32,137.0,feeder,0.9489476680755615,839,820,1885,1125
33,137.0,feeder,0.9485313296318054,837,819,1886,1126
34,137.0,feeder,0.9521385431289673,836,819,1886,1126
35,137.0,feeder,0.9520758390426636,836,819,1886,1126
36,137.0,feeder,0.951973557472229,836,819,1886,1125
37,137.0,feeder,0.9521711468696594,836,819,1885,1125
38,137.0,feeder,0.9521583318710327,837,819,1885,1125
39,137.0,feeder,0.9521929025650024,837,819,1885,1125
40,137.0,feeder,0.9521600604057312,837,819,1885,1125
41,137.0,feeder,0.9522411823272705,837,819,1885,1125
42,137.0,feeder,0.9523793458938599,837,819,1885,1125
43,137.0,feeder,0.9522649645805359,837,819,1885,1125
44,137.0,feeder,0.9522383809089661,837,819,1885,1125
45,137.0,feeder,0.952156126499176,837,819,1885,1126
46,137.0,feeder,0.9526451230049133,837,819,1885,1126
47,137.0,feeder,0.9526680707931519,837,819,1885,1126
48,137.0,feeder,0.9526902437210083,837,819,1885,1126
49,137.0,feeder,0.9527243375778198,837,819,1885,1126
50,137.0,feeder,0.9526640176773071,837,819,1885,1126
51,137.0,feeder,0.9526181817054749,837,819,1885,1126
52,137.0,feeder,0.9525782465934753,837,819,1885,1126
53,137.0,feeder,0.9526192545890808,837,819,1885,1126
54,137.0,feeder,0.9525464773178101,837,819,1885,1126
55,137.0,feeder,0.9525518417358398,837,819,1885,1126
56,137.0,feeder,0.9524989724159241,837,819,1885,1126
57,137.0,feeder,0.9524921774864197,838,819,1885,1126
58,137.0,feeder,0.9524854421615601,838,819,1885,1126
59,137.0,feeder,0.9525313973426819,838,819,1885,1126
60,137.0,feeder,0.9524809122085571,838,819,1885,1126
61,137.0,feeder,0.9522315859794617,838,819,1885,1125
62,137.0,feeder,0.9522128105163574,838,819,1885,1125
63,137.0,feeder,0.9522780776023865,838,819,1885,1125
64,137.0,feeder,0.952284574508667,838,819,1885,1125
65,137.0,feeder,0.9522964358329773,838,819,1885,1125
66,137.0,feeder,0.9521974325180054,838,819,1885,1125
67,137.0,feeder,0.952183187007904,838,819,1885,1125
68,137.0,feeder,0.9521231055259705,838,819,1885,1125
69,137.0,feeder,0.9522188305854797,837,819,1885,1125
70,137.0,feeder,0.9523071646690369,837,819,1885,1125
71,137.0,feeder,0.9522778391838074,837,819,1885,1125
72,137.0,feeder,0.9523034691810608,837,819,1885,1125
73,137.0,feeder,0.9522579908370972,837,819,1885,1125
74,137.0,feeder,0.9522632360458374,837,819,1885,1125
75,137.0,feeder,0.9522147178649902,837,819,1885,1125
76,137.0,feeder,0.9522561430931091,838,819,1885,1125
77,137.0,feeder,0.9521390795707703,838,819,1885,1126
78,137.0,feeder,0.9521699547767639,838,819,1885,1126
79,137.0,feeder,0.9521493315696716,838,819,1885,1126
80,137.0,feeder,0.9520679712295532,838,819,1885,1126
81,137.0,feeder,0.9520161151885986,838,819,1885,1126
82,137.0,feeder,0.9521563649177551,838,819,1885,1126
83,137.0,feeder,0.9521559476852417,838,819,1886,1126
84,137.0,feeder,0.9521821141242981,838,819,1886,1126
85,137.0,feeder,0.9521042704582214,838,819,1886,1126
86,137.0,feeder,0.9520910978317261,838,819,1885,1126
87,137.0,feeder,0.9520846009254456,838,819,1885,1126
88,137.0,feeder,0.9520691633224487,838,819,1885,1126
89,137.0,feeder,0.9520604014396667,838,819,1885,1126
90,137.0,feeder,0.9521311521530151,838,819,1885,1126
91,137.0,feeder,0.9521709680557251,838,818,1884,1126
92,137.0,feeder,0.9521013498306274,838,818,1884,1126
93,137.0,feeder,0.9521166086196899,838,818,1884,1126
94,137.0,feeder,0.9515225887298584,837,818,1884,1126
95,137.0,feeder,0.9520443081855774,837,818,1884,1126
96,137.0,feeder,0.9519148468971252,837,818,1884,1126
97,137.0,feeder,0.952072262763977,837,818,1884,1126
98,137.0,feeder,0.9493302702903748,837,818,1884,1126
99,137.0,feeder,0.2320834994316101,837,815,1877,1127
100,,gt,0.7849279046058655,1872,918,2018,1067
100,,bt,0.45282086730003357,1874,921,2019,1066
101,137.0,feeder,0.47141456604003906,839,815,1866,1126
102,137.0,feeder,0.9522833824157715,838,817,1878,1126
103,137.0,feeder,0.9522307515144348,837,818,1883,1126
104,137.0,feeder,0.9522068500518799,837,818,1884,1126
105,,lt,0.7277767658233643,1411,760,1632,891
105,,r,0.4731736481189728,1407,758,1616,886
106,205.0,gt,0.7732422947883606,1440,781,1570,896
106,137.0,feeder,0.9341660141944885,851,811,1876,1122
107,205.0,gt,0.738097071647644,1401,759,1527,891
107,137.0,feeder,0.9390481114387512,854,811,1874,1121
108,205.0,gt,0.7963681221008301,1383,745,1508,890
108,137.0,feeder,0.9392813444137573,855,812,1874,1121
109,205.0,gt,0.7976266741752625,1389,738,1502,887
109,137.0,feeder,0.93930983543396,855,812,1874,1121
110,205.0,gt,0.8013623356819153,1393,736,1503,888
110,137.0,feeder,0.9397385120391846,855,812,1874,1121
111,205.0,gt,0.7980383634567261,1393,737,1503,888
111,137.0,feeder,0.9396949410438538,855,812,1874,1121
112,205.0,gt,0.7903679609298706,1390,738,1509,887
112,137.0,feeder,0.9402029514312744,855,812,1874,1121
113,205.0,gt,0.7931576371192932,1407,738,1519,883
113,137.0,feeder,0.940763533115387,855,812,1874,1121
114,205.0,gt,0.813736617565155,1414,739,1522,886
114,137.0,feeder,0.9402190446853638,855,812,1874,1120
115,205.0,gt,0.7981297373771667,1415,740,1520,885
115,137.0,feeder,0.9400193691253662,855,812,1874,1120
116,205.0,gt,0.8029970526695251,1415,740,1520,886
116,137.0,feeder,0.9397957921028137,855,812,1874,1120
117,205.0,gt,0.8048778176307678,1414,740,1522,887
117,137.0,feeder,0.9398878216743469,855,812,1874,1120
118,205.0,gt,0.8052127957344055,1415,741,1522,886
118,137.0,feeder,0.9398198127746582,855,812,1874,1120
119,205.0,gt,0.8053808808326721,1415,741,1522,887
119,137.0,feeder,0.939919650554657,855,812,1874,1120
120,205.0,gt,0.7181504368782043,1349,738,1534,887
120,137.0,feeder,0.9395950436592102,855,812,1874,1120
121,205.0,j,0.8047053813934326,1279,686,1543,880
122,137.0,feeder,0.9438440203666687,853,812,1875,1121
123,137.0,feeder,0.13950040936470032,856,808,1880,1122
124,,bt,0.843675971031189,700,803,869,1013
125,,bt,0.8386234641075134,467,810,798,1136
126,,gt,0.8114852905273438,344,912,608,1230
126,,feeder,0.10178114473819733,843,816,1881,1126
127,137.0,feeder,0.9347599744796753,847,819,1883,1126
128,137.0,feeder,0.943177342414856,841,820,1883,1126
129,137.0,feeder,0.9521381855010986,838,820,1884,1126
130,137.0,feeder,0.9522513747215271,837,820,1885,1126
131,137.0,feeder,0.952362596988678,836,820,1885,1126
132,137.0,feeder,0.9523473978042603,836,820,1885,1126
133,137.0,feeder,0.9523672461509705,836,819,1885,1126
134,137.0,feeder,0.9523777365684509,836,819,1885,1126
135,137.0,feeder,0.9522426128387451,837,819,1885,1126
136,137.0,feeder,0.9525905847549438,837,819,1885,1125
137,137.0,feeder,0.952495276927948,837,819,1885,1125
138,137.0,feeder,0.9524552822113037,837,819,1885,1125
139,137.0,feeder,0.9523783922195435,837,819,1885,1125
140,137.0,feeder,0.9524614214897156,837,819,1884,1125
141,137.0,feeder,0.9524345397949219,837,819,1884,1125
142,137.0,feeder,0.9524605870246887,837,819,1884,1126
143,137.0,feeder,0.9525492787361145,837,819,1885,1126
144,137.0,feeder,0.9524863362312317,837,819,1885,1126
145,137.0,feeder,0.9524992108345032,837,819,1885,1126
146,137.0,feeder,0.9524171948432922,837,819,1885,1125
147,137.0,feeder,0.9524173140525818,837,819,1885,1125
148,137.0,feeder,0.9523652195930481,837,819,1885,1125
149,137.0,feeder,0.9523059725761414,837,819,1885,1126
150,137.0,feeder,0.9522349238395691,837,819,1885,1126
151,137.0,feeder,0.9519851207733154,837,819,1885,1125
152,137.0,feeder,0.9518404603004456,837,819,1885,1126
153,137.0,feeder,0.9518119692802429,837,819,1885,1126
154,137.0,feeder,0.9518138766288757,837,819,1885,1126
155,137.0,feeder,0.9518524408340454,837,819,1885,1125
156,137.0,feeder,0.9518830180168152,837,819,1885,1125
157,137.0,feeder,0.9519577622413635,837,819,1885,1125
158,137.0,feeder,0.9520685076713562,837,819,1885,1125
159,137.0,feeder,0.9520654678344727,837,819,1885,1125
160,137.0,feeder,0.9520401954650879,837,819,1885,1125
161,137.0,feeder,0.9520394206047058,837,819,1885,1125
162,137.0,feeder,0.9521473050117493,837,819,1885,1126
163,137.0,feeder,0.9521346688270569,837,819,1885,1125
164,137.0,feeder,0.9522007703781128,837,819,1884,1125
165,137.0,feeder,0.9522103071212769,838,819,1884,1125
166,137.0,feeder,0.9524900913238525,838,819,1884,1125
167,137.0,feeder,0.9524523615837097,838,819,1884,1126
168,137.0,feeder,0.9525002837181091,838,819,1884,1126
169,137.0,feeder,0.9523885846138,838,819,1884,1125
170,137.0,feeder,0.9523107409477234,838,818,1884,1125
171,137.0,feeder,0.9523135423660278,838,818,1884,1125
172,137.0,feeder,0.9523298740386963,838,818,1884,1125
173,137.0,feeder,0.9522428512573242,838,818,1884,1125
174,137.0,feeder,0.9521894454956055,838,818,1884,1125
175,137.0,feeder,0.9522256255149841,838,818,1884,1125
176,137.0,feeder,0.9522578716278076,837,818,1884,1125
177,137.0,feeder,0.952244758605957,837,818,1884,1125
178,137.0,feeder,0.9522665143013,837,819,1884,1125
179,137.0,feeder,0.9523230195045471,837,819,1884,1125
180,137.0,feeder,0.9523677229881287,837,818,1884,1125
181,137.0,feeder,0.9518550634384155,837,819,1884,1125
182,137.0,feeder,0.9518983364105225,837,819,1885,1125
183,137.0,feeder,0.951881468296051,837,819,1885,1125
184,137.0,feeder,0.9519184231758118,837,819,1885,1125
185,137.0,feeder,0.9519222378730774,837,819,1885,1125
186,137.0,feeder,0.9519904851913452,837,819,1885,1125
187,137.0,feeder,0.9520029425621033,837,819,1885,1125
188,137.0,feeder,0.9519340991973877,837,819,1885,1125
189,137.0,feeder,0.951893150806427,837,819,1885,1125
190,137.0,feeder,0.9519602656364441,837,819,1885,1125
191,137.0,feeder,0.951958179473877,837,819,1885,1125
192,137.0,feeder,0.9520246386528015,837,819,1885,1125
193,137.0,feeder,0.9520856738090515,837,819,1885,1125
194,137.0,feeder,0.9521761536598206,837,819,1885,1125
195,137.0,feeder,0.9521962404251099,838,819,1885,1125
196,137.0,feeder,0.9518475532531738,838,819,1885,1125
197,137.0,feeder,0.9518698453903198,838,819,1885,1125
198,137.0,feeder,0.9518526792526245,838,819,1885,1126
199,137.0,feeder,0.9518668055534363,838,819,1885,1126
200,137.0,feeder,0.9519374370574951,837,819,1886,1126
201,137.0,feeder,0.9519166946411133,837,819,1886,1126
202,137.0,feeder,0.9519582986831665,837,819,1885,1126
203,137.0,feeder,0.9520397782325745,837,819,1885,1125
204,137.0,feeder,0.9519685506820679,837,819,1885,1125
205,137.0,feeder,0.9520791172981262,837,819,1885,1125
206,137.0,feeder,0.9520838260650635,837,819,1885,1125
207,137.0,feeder,0.9521186351776123,838,819,1885,1125
208,137.0,feeder,0.9522075057029724,838,819,1885,1125
209,137.0,feeder,0.952191948890686,838,819,1885,1125
210,137.0,feeder,0.9522063136100769,838,819,1885,1125
211,137.0,feeder,0.9522044658660889,838,819,1885,1126
212,137.0,feeder,0.9523093104362488,838,819,1885,1126
213,137.0,feeder,0.95225989818573,838,819,1885,1126
214,137.0,feeder,0.9523106217384338,838,819,1885,1126
215,137.0,feeder,0.9523040056228638,838,819,1885,1126
216,137.0,feeder,0.952355146408081,838,819,1885,1126
217,137.0,feeder,0.9524025917053223,838,819,1885,1126
218,137.0,feeder,0.9524222016334534,838,819,1885,1126
219,137.0,feeder,0.9524725079536438,838,819,1885,1126
220,137.0,feeder,0.9525384306907654,838,819,1885,1126
221,137.0,feeder,0.9524746537208557,838,819,1885,1126
222,137.0,feeder,0.9524900913238525,838,819,1885,1126
223,137.0,feeder,0.9525144696235657,838,819,1885,1126
224,137.0,feeder,0.9525454044342041,838,819,1885,1126
225,137.0,feeder,0.9525770545005798,838,819,1886,1126
226,137.0,feeder,0.9519102573394775,838,819,1886,1125
227,137.0,feeder,0.9519399404525757,838,819,1886,1125
228,137.0,feeder,0.9519650936126709,837,818,1886,1125
229,137.0,feeder,0.9519834518432617,838,819,1886,1125
230,137.0,feeder,0.9519411325454712,837,818,1886,1125
231,137.0,feeder,0.9520276784896851,837,818,1886,1125
232,137.0,feeder,0.9520623683929443,837,818,1886,1125
233,137.0,feeder,0.9521076083183289,837,818,1886,1125
234,137.0,feeder,0.9521034359931946,838,819,1886,1125
235,137.0,feeder,0.9520428776741028,837,819,1886,1125
236,137.0,feeder,0.9520581364631653,837,819,1886,1125
237,137.0,feeder,0.9520124197006226,837,819,1886,1125
238,137.0,feeder,0.9521656632423401,838,819,1886,1125
239,137.0,feeder,0.9522242546081543,838,819,1886,1125
240,137.0,feeder,0.9521300196647644,838,819,1886,1125
241,137.0,feeder,0.9524723887443542,837,819,1886,1126
242,137.0,feeder,0.9525235295295715,837,819,1886,1126
243,137.0,feeder,0.9525076150894165,837,819,1886,1126
244,137.0,feeder,0.9525933861732483,837,819,1886,1126
245,137.0,feeder,0.952579140663147,837,819,1886,1126
246,137.0,feeder,0.9525277614593506,837,819,1885,1126
247,137.0,feeder,0.9525198340415955,837,819,1885,1126
248,137.0,feeder,0.9525255560874939,837,819,1885,1126
249,137.0,feeder,0.9526174068450928,837,818,1885,1126
250,137.0,feeder,0.9525835514068604,837,818,1885,1126
251,137.0,feeder,0.9525156617164612,837,818,1885,1126
252,137.0,feeder,0.9525594115257263,837,818,1885,1126
253,137.0,feeder,0.9525378942489624,837,819,1885,1126
254,137.0,feeder,0.9525167346000671,837,819,1885,1126
255,137.0,feeder,0.9525007009506226,837,819,1885,1126
256,137.0,feeder,0.9524933695793152,837,819,1885,1126
257,137.0,feeder,0.9525200724601746,837,819,1885,1126
258,137.0,feeder,0.9524984359741211,837,819,1885,1126
259,137.0,feeder,0.9524810314178467,837,819,1885,1126
260,137.0,feeder,0.9525408148765564,837,819,1885,1126
261,137.0,feeder,0.952528178691864,837,819,1885,1126
262,137.0,feeder,0.9524526596069336,837,819,1885,1126
263,137.0,feeder,0.9524391889572144,837,819,1885,1126
264,137.0,feeder,0.9524424076080322,837,819,1885,1126
265,137.0,feeder,0.9525042772293091,837,819,1885,1126
266,137.0,feeder,0.9524818062782288,837,819,1885,1126
267,137.0,feeder,0.9524505138397217,837,819,1885,1126
268,137.0,feeder,0.9524696469306946,837,819,1885,1126
269,137.0,feeder,0.9524429440498352,837,819,1885,1126
270,137.0,feeder,0.952418327331543,837,819,1885,1126
271,137.0,feeder,0.9518666863441467,837,819,1885,1126
272,137.0,feeder,0.951946496963501,837,819,1886,1126
273,137.0,feeder,0.9519665241241455,837,819,1886,1126
274,137.0,feeder,0.9519981741905212,837,819,1886,1126
275,137.0,feeder,0.9520592093467712,837,819,1886,1126
276,137.0,feeder,0.9521105289459229,837,819,1886,1126
277,137.0,feeder,0.9521843791007996,837,819,1886,1126
278,137.0,feeder,0.9521914720535278,837,819,1886,1126
279,137.0,feeder,0.9521826505661011,837,819,1885,1126
280,137.0,feeder,0.9521285891532898,837,819,1885,1126
281,137.0,feeder,0.952107310295105,837,819,1885,1126
282,137.0,feeder,0.952091634273529,837,819,1885,1126
283,137.0,feeder,0.9520763754844666,837,819,1885,1126
284,137.0,feeder,0.952094554901123,837,819,1885,1126
285,137.0,feeder,0.9521098732948303,837,819,1885,1126
286,137.0,feeder,0.9523564577102661,837,819,1885,1126
287,137.0,feeder,0.9523267149925232,837,819,1885,1126
288,137.0,feeder,0.9523137211799622,837,818,1885,1126
289,137.0,feeder,0.9522650837898254,837,819,1885,1126
290,137.0,feeder,0.9522168636322021,837,819,1885,1126
291,137.0,feeder,0.9521902799606323,838,819,1885,1125
292,137.0,feeder,0.9522423148155212,838,819,1885,1125
293,137.0,feeder,0.9522293210029602,837,819,1885,1125
294,137.0,feeder,0.9521626234054565,837,819,1885,1125
295,137.0,feeder,0.951962411403656,837,819,1885,1125
296,137.0,feeder,0.9450106024742126,838,819,1884,1126
297,137.0,feeder,0.9452075362205505,840,820,1883,1126
298,137.0,feeder,0.9486194849014282,842,819,1884,1126
299,137.0,feeder,0.9382843971252441,848,819,1884,1126
300,137.0,feeder,0.8927437663078308,854,819,1883,1125
301,137.0,feeder,0.17174416780471802,851,813,1881,1125
302,,gt,0.790370762348175,467,875,850,1213
303,,bt,0.8796045184135437,644,888,821,1129
304,137.0,feeder,0.7648347616195679,856,806,1877,1122
305,137.0,feeder,0.95189368724823,843,813,1882,1124
306,137.0,feeder,0.8743332028388977,845,815,1882,1124
307,137.0,feeder,0.9310656189918518,850,810,1882,1123
308,137.0,feeder,0.9122409820556641,851,811,1882,1123
308,227.0,gt,0.5388543009757996,930,791,1023,932
309,137.0,feeder,0.9381938576698303,852,807,1881,1122
309,227.0,gt,0.5799362063407898,932,789,1028,939
310,137.0,feeder,0.9402580261230469,853,806,1881,1121
310,227.0,gt,0.5169429183006287,932,789,1034,951
310,228.0,gt,0.35620737075805664,865,790,1036,974
311,137.0,feeder,0.9414295554161072,854,805,1880,1121
311,227.0,gt,0.5495797395706177,929,786,1041,950
311,228.0,gt,0.3239326775074005,858,786,1042,980
312,137.0,feeder,0.9416192173957825,854,806,1880,1121
312,227.0,gt,0.6969119310379028,933,781,1048,951
313,137.0,feeder,0.9420586228370667,853,807,1880,1120
313,227.0,gt,0.6892553567886353,942,777,1056,934
314,137.0,feeder,0.9427382946014404,853,807,1879,1120
314,227.0,gt,0.7041621208190918,952,774,1064,927
315,137.0,feeder,0.9431517720222473,853,807,1879,1120
315,227.0,gt,0.7288732528686523,953,773,1068,926
316,137.0,feeder,0.9435174465179443,853,807,1878,1121
316,227.0,gt,0.7423536777496338,960,777,1069,926
317,137.0,feeder,0.9437099099159241,853,807,1878,1121
317,227.0,gt,0.7438578009605408,963,778,1069,926
318,137.0,feeder,0.9437668323516846,853,808,1878,1121
318,227.0,gt,0.743137001991272,962,777,1070,926
319,137.0,feeder,0.9438812732696533,853,808,1877,1121
319,227.0,gt,0.7441014051437378,963,777,1071,926
320,137.0,feeder,0.9439973831176758,853,808,1877,1121
320,227.0,gt,0.7398079037666321,963,777,1071,928
321,137.0,feeder,0.9444442987442017,853,806,1877,1120
321,227.0,gt,0.814146876335144,967,779,1097,925
322,137.0,feeder,0.9449080228805542,853,807,1877,1120
322,227.0,gt,0.8103616833686829,947,787,1088,924
323,137.0,feeder,0.9449413418769836,853,807,1877,1120
323,227.0,gt,0.7957495450973511,939,791,1084,925
324,137.0,feeder,0.9448269009590149,853,807,1877,1120
324,227.0,gt,0.7957932353019714,935,791,1083,924
325,137.0,feeder,0.9446216821670532,853,807,1877,1120
325,227.0,gt,0.7941457629203796,933,791,1081,925
326,137.0,feeder,0.9446099996566772,853,807,1877,1120
326,227.0,gt,0.7909031510353088,933,792,1080,925
327,137.0,feeder,0.9446204900741577,853,807,1877,1120
327,227.0,gt,0.7904806733131409,932,791,1080,925
328,137.0,feeder,0.9447000622749329,853,807,1877,1120
328,227.0,gt,0.7902830243110657,932,791,1080,925
329,137.0,feeder,0.944699764251709,853,807,1877,1120
329,227.0,gt,0.7885015606880188,932,792,1080,925
330,137.0,feeder,0.9448860883712769,853,807,1877,1120
330,227.0,gt,0.7854828238487244,932,791,1081,925
331,137.0,feeder,0.9450947642326355,853,806,1878,1120
331,227.0,gt,0.7872769236564636,934,792,1080,926
332,137.0,feeder,0.9451066851615906,853,806,1878,1120
332,227.0,gt,0.7843096852302551,935,793,1080,927
333,137.0,feeder,0.9444520473480225,853,806,1878,1120
333,227.0,gt,0.7783220410346985,933,795,1080,926
334,137.0,feeder,0.9436350464820862,854,806,1878,1120
334,227.0,gt,0.811334490776062,935,767,1084,932
335,137.0,feeder,0.9442757964134216,854,806,1878,1121
335,227.0,gt,0.7789853811264038,960,774,1084,934
336,137.0,feeder,0.9444543719291687,854,806,1878,1120
336,227.0,gt,0.7715155482292175,975,753,1091,935
337,137.0,feeder,0.9413885474205017,855,806,1877,1121
337,227.0,gt,0.7331560254096985,987,756,1101,939
338,137.0,feeder,0.6455065011978149,855,804,1880,1121
338,227.0,bt,0.7933390140533447,997,763,1110,946
338,229.0,gt,0.47369927167892456,995,767,1108,948
339,227.0,bt,0.8212794065475464,1006,768,1112,946
340,227.0,gt,0.7626347541809082,1014,775,1114,949
340,137.0,feeder,0.9449693560600281,854,806,1877,1121
341,227.0,gt,0.7868799567222595,1014,778,1115,951
341,137.0,feeder,0.945146918296814,854,806,1877,1121
342,227.0,gt,0.8022797107696533,1014,781,1116,952
342,137.0,feeder,0.9455662369728088,853,806,1876,1120
343,227.0,gt,0.8047751784324646,1015,784,1118,952
343,137.0,feeder,0.9453464150428772,853,807,1876,1120
344,227.0,gt,0.7731035947799683,1009,785,1117,956
344,137.0,feeder,0.9461634755134583,853,807,1876,1120
345,227.0,gt,0.7905405759811401,1002,801,1119,960
345,137.0,feeder,0.947817325592041,852,807,1876,1120
346,227.0,gt,0.7886013388633728,1004,804,1121,959
346,137.0,feeder,0.9477479457855225,852,808,1876,1120
347,227.0,gt,0.7927109599113464,1005,806,1122,958
347,137.0,feeder,0.9478427171707153,852,808,1876,1120
348,227.0,gt,0.7845404744148254,1005,806,1122,956
348,137.0,feeder,0.9477331638336182,852,808,1876,1120
349,227.0,gt,0.7849243879318237,1007,805,1122,955
349,137.0,feeder,0.9477729797363281,852,808,1876,1120
350,227.0,gt,0.7995097041130066,1009,807,1124,952
350,137.0,feeder,0.9476866126060486,852,808,1876,1120
351,227.0,gt,0.8317554593086243,992,794,1133,946
351,137.0,feeder,0.9461154937744141,852,808,1876,1120
352,227.0,gt,0.8330655694007874,1021,776,1150,937
352,137.0,feeder,0.9459008574485779,852,808,1876,1120
353,227.0,gt,0.8116945028305054,1047,767,1170,935
353,137.0,feeder,0.945052981376648,852,808,1876,1120
354,227.0,gt,0.8239403963088989,1058,764,1187,944
354,137.0,feeder,0.9435654282569885,852,808,1877,1119
355,227.0,gt,0.799306333065033,1065,763,1196,945
355,137.0,feeder,0.9455670118331909,852,808,1876,1119
356,227.0,gt,0.8210591077804565,1073,762,1201,945
356,137.0,feeder,0.9457672834396362,852,808,1876,1119
357,227.0,gt,0.8071975111961365,1069,761,1204,943
357,137.0,feeder,0.9458610415458679,852,808,1876,1119
358,227.0,gt,0.8037055730819702,1072,761,1206,941
358,137.0,feeder,0.9458015561103821,852,808,1876,1119
359,227.0,gt,0.8016299605369568,1072,760,1209,940
359,137.0,feeder,0.9455409646034241,852,808,1876,1119
360,227.0,gt,0.7913705110549927,1076,756,1210,940
360,137.0,feeder,0.9452255368232727,852,808,1876,1119
361,227.0,gt,0.790019154548645,1071,753,1213,940
361,137.0,feeder,0.9453970193862915,852,809,1876,1120
362,227.0,gt,0.791000247001648,1066,752,1214,938
362,137.0,feeder,0.9455222487449646,852,809,1876,1120
363,227.0,gt,0.7937816381454468,1067,752,1214,938
363,137.0,feeder,0.9456804394721985,852,809,1876,1120
364,227.0,gt,0.7934232950210571,1069,752,1214,938
364,137.0,feeder,0.9456750750541687,852,809,1876,1120
365,227.0,gt,0.7896027565002441,1074,755,1214,939
365,137.0,feeder,0.9458349347114563,852,809,1876,1120
366,227.0,gt,0.8003562092781067,1078,774,1216,937
366,137.0,feeder,0.9450767636299133,852,809,1876,1120
367,227.0,gt,0.7740952968597412,1072,796,1216,941
367,137.0,feeder,0.9451035857200623,852,809,1876,1120
368,227.0,gt,0.7609719038009644,1071,805,1217,941
368,137.0,feeder,0.9388055801391602,853,809,1877,1120
369,227.0,gt,0.805141031742096,1065,812,1217,939
369,137.0,feeder,0.9461237788200378,852,809,1876,1120
370,227.0,gt,0.7850607633590698,1064,809,1214,940
370,137.0,feeder,0.9463359713554382,852,809,1876,1120
371,227.0,gt,0.7884922027587891,1071,808,1209,939
371,137.0,feeder,0.9444539546966553,852,809,1876,1120
372,227.0,gt,0.814635157585144,1077,797,1206,944
372,137.0,feeder,0.946932315826416,852,809,1876,1120
373,227.0,gt,0.8161162734031677,1079,788,1206,945
373,137.0,feeder,0.9471268653869629,852,809,1876,1120
374,227.0,gt,0.8131049871444702,1080,785,1207,946
374,137.0,feeder,0.9471560716629028,852,809,1876,1120
375,227.0,gt,0.8099004030227661,1082,784,1208,947
375,137.0,feeder,0.947191059589386,852,809,1876,1120
376,227.0,gt,0.8141223788261414,1089,783,1211,947
376,137.0,feeder,0.9466298818588257,852,809,1876,1119
377,227.0,gt,0.80223149061203,1069,782,1216,945
377,137.0,feeder,0.9461764097213745,852,809,1876,1119
378,227.0,gt,0.8558605909347534,1017,784,1241,944
378,137.0,feeder,0.9462552070617676,852,809,1876,1119
379,227.0,gt,0.8455449342727661,998,782,1255,944
379,137.0,feeder,0.9455075263977051,852,809,1876,1119
380,227.0,gt,0.8467451930046082,987,783,1262,943
380,137.0,feeder,0.9459110498428345,852,809,1876,1119
381,227.0,gt,0.8433562517166138,986,781,1265,943
381,137.0,feeder,0.9460753798484802,852,809,1875,1119
382,227.0,gt,0.8581064939498901,979,782,1267,943
382,137.0,feeder,0.9458509087562561,852,809,1875,1119
383,227.0,gt,0.7938834428787231,1002,695,1287,941
383,137.0,feeder,0.9445240497589111,853,811,1875,1119
384,227.0,gt,0.8656213283538818,985,719,1280,936
384,137.0,feeder,0.9459495544433594,852,810,1875,1120
385,227.0,gt,0.8554163575172424,973,732,1276,937
385,137.0,feeder,0.9457117319107056,852,810,1875,1120
386,227.0,gt,0.851986825466156,972,736,1275,933
386,137.0,feeder,0.9458114504814148,852,810,1875,1120
387,227.0,gt,0.8724690079689026,980,739,1278,936
387,137.0,feeder,0.9460430145263672,852,810,1875,1120
388,227.0,gt,0.8755695819854736,1008,740,1284,940
388,137.0,feeder,0.9460643529891968,851,810,1875,1120
389,227.0,gt,0.8791589140892029,1022,741,1286,943
389,137.0,feeder,0.9462254047393799,851,810,1875,1120
390,227.0,gt,0.8780416250228882,1028,741,1286,943
390,137.0,feeder,0.9463824033737183,851,810,1875,1120
391,227.0,gt,0.8744983673095703,1034,742,1287,944
391,137.0,feeder,0.9463725090026855,851,810,1876,1120
392,227.0,gt,0.8786107301712036,1024,742,1286,945
392,137.0,feeder,0.9464033842086792,851,810,1876,1120
393,227.0,gt,0.8877636194229126,1019,743,1286,945
393,137.0,feeder,0.9463427066802979,851,810,1876,1120
394,227.0,gt,0.8831443786621094,1012,743,1285,945
394,137.0,feeder,0.9463223218917847,851,810,1876,1120
395,227.0,gt,0.8831576704978943,1012,742,1284,944
395,137.0,feeder,0.9463320374488831,851,810,1875,1120
396,227.0,gt,0.882138729095459,1013,742,1284,944
396,137.0,feeder,0.946293830871582,851,810,1875,1120
397,227.0,gt,0.8820648789405823,1014,743,1285,944
397,137.0,feeder,0.9462776780128479,851,810,1875,1120
398,227.0,gt,0.8818047642707825,1014,743,1285,944
398,137.0,feeder,0.9462876319885254,851,810,1875,1120
399,227.0,gt,0.8814490437507629,1014,743,1286,944
399,137.0,feeder,0.946262538433075,851,810,1875,1120
400,227.0,gt,0.8806963562965393,1016,743,1286,944
400,137.0,feeder,0.9463279843330383,851,810,1875,1121
401,227.0,gt,0.8867179155349731,1023,745,1290,943
401,137.0,feeder,0.9463412165641785,851,810,1875,1121
402,227.0,gt,0.8252373933792114,1055,707,1314,942
402,137.0,feeder,0.9447768926620483,852,812,1875,1120
403,227.0,gt,0.8814584016799927,1056,724,1351,922
403,137.0,feeder,0.9461661577224731,852,811,1875,1121
404,227.0,gt,0.8673104643821716,1084,739,1386,913
404,137.0,feeder,0.9461060762405396,852,811,1874,1121
405,227.0,gt,0.8851204514503479,1103,742,1407,915
405,137.0,feeder,0.9466283917427063,852,812,1874,1121
406,227.0,gt,0.882601261138916,1110,742,1418,916
406,137.0,feeder,0.9465017318725586,852,812,1876,1122
407,227.0,gt,0.8820892572402954,1114,744,1423,915
407,137.0,feeder,0.9465330839157104,853,813,1876,1122
408,227.0,gt,0.8820674419403076,1119,737,1422,913
408,137.0,feeder,0.9467324614524841,853,813,1876,1122
409,227.0,gt,0.8706896305084229,1116,736,1419,912
409,137.0,feeder,0.9466663002967834,853,813,1876,1122
410,227.0,gt,0.8692563772201538,1124,735,1417,914
410,137.0,feeder,0.9467678070068359,853,813,1876,1121
411,227.0,gt,0.8703041076660156,1131,735,1416,914
411,137.0,feeder,0.9468557834625244,853,813,1876,1121
412,227.0,gt,0.8713416457176208,1134,735,1416,915
412,137.0,feeder,0.9469698071479797,853,813,1876,1121
413,227.0,gt,0.8749346137046814,1136,734,1415,915
413,137.0,feeder,0.9470816254615784,853,813,1875,1121
414,227.0,gt,0.8740537762641907,1136,735,1415,915
414,137.0,feeder,0.9470490217208862,853,813,1875,1121
415,227.0,gt,0.8716206550598145,1135,735,1415,915
415,137.0,feeder,0.9471471905708313,853,813,1875,1121
416,227.0,gt,0.8705363273620605,1132,735,1415,915
416,137.0,feeder,0.9471457004547119,853,813,1875,1121
417,227.0,gt,0.8714701533317566,1131,735,1415,916
417,137.0,feeder,0.9471975564956665,853,813,1875,1121
418,227.0,gt,0.8742667436599731,1133,735,1416,916
418,137.0,feeder,0.9471397995948792,853,813,1876,1122
419,227.0,gt,0.8737199306488037,1133,735,1416,916
419,137.0,feeder,0.9470758438110352,853,813,1876,1121
420,227.0,gt,0.8725606799125671,1133,735,1416,916
420,137.0,feeder,0.9470317959785461,853,813,1876,1121
421,227.0,gt,0.8725084662437439,1131,736,1415,915
421,137.0,feeder,0.9471933841705322,853,813,1875,1122
422,227.0,gt,0.8729049563407898,1130,737,1415,915
422,137.0,feeder,0.9470000863075256,853,813,1875,1122
423,227.0,gt,0.871715247631073,1130,738,1415,915
423,137.0,feeder,0.9469588994979858,853,813,1875,1122
424,227.0,gt,0.8679103851318359,1132,754,1430,916
424,137.0,feeder,0.9468923211097717,853,813,1875,1121
425,227.0,gt,0.8687272071838379,1129,771,1444,916
425,137.0,feeder,0.9463702440261841,853,812,1875,1121
426,227.0,gt,0.8821351528167725,1134,780,1451,918
426,137.0,feeder,0.9456811547279358,853,812,1875,1121
427,227.0,gt,0.8711220026016235,1138,801,1475,919
427,137.0,feeder,0.9438310265541077,853,811,1875,1121
428,227.0,gt,0.8741652965545654,1145,815,1485,922
428,137.0,feeder,0.9430949687957764,853,811,1875,1121
429,227.0,gt,0.8529173135757446,1157,811,1469,921
429,137.0,feeder,0.9440960884094238,853,812,1875,1121
430,227.0,gt,0.8586200475692749,1157,793,1450,922
430,137.0,feeder,0.9444971084594727,853,812,1875,1121
431,227.0,gt,0.8588433265686035,1148,785,1442,923
431,137.0,feeder,0.9456586837768555,853,812,1875,1121
432,227.0,gt,0.8584508299827576,1151,780,1439,920
432,137.0,feeder,0.9458554983139038,853,812,1875,1121
433,227.0,gt,0.8617793321609497,1152,776,1439,920
433,137.0,feeder,0.9455809593200684,853,812,1875,1121
434,227.0,gt,0.8506820201873779,1168,780,1441,920
434,137.0,feeder,0.9448068141937256,853,812,1875,1121
435,227.0,gt,0.8418490290641785,1194,774,1453,911
435,137.0,feeder,0.9442866444587708,853,813,1875,1121
436,227.0,gt,0.8325899243354797,1243,756,1474,893
436,137.0,feeder,0.9327294826507568,855,811,1875,1121
437,227.0,gt,0.8034001588821411,1297,747,1496,883
437,137.0,feeder,0.9335583448410034,855,811,1875,1120
438,227.0,gt,0.7482501268386841,1375,749,1523,879
438,137.0,feeder,0.9226343631744385,856,810,1875,1120
439,227.0,gt,0.7878822684288025,1435,744,1544,875
439,137.0,feeder,0.9323274493217468,856,810,1874,1120
440,227.0,gt,0.7960454821586609,1449,742,1547,874
440,137.0,feeder,0.9289779663085938,856,810,1874,1120
441,227.0,gt,0.7974610328674316,1452,741,1547,874
441,137.0,feeder,0.9323411583900452,856,810,1874,1120
442,227.0,gt,0.7948772311210632,1453,741,1548,873
442,137.0,feeder,0.9329227209091187,856,810,1874,1120
443,227.0,gt,0.7982523441314697,1454,740,1547,873
443,137.0,feeder,0.9327544569969177,856,810,1874,1120
444,227.0,gt,0.7956785559654236,1457,740,1547,872
444,137.0,feeder,0.9298805594444275,856,810,1874,1120
445,227.0,gt,0.7830685973167419,1453,717,1552,874
445,137.0,feeder,0.9319279789924622,856,810,1874,1120
446,227.0,gt,0.4934605360031128,1451,707,1580,881
446,137.0,feeder,0.7076718211174011,856,811,1875,1120
447,137.0,feeder,0.8582963943481445,856,811,1876,1121
448,137.0,feeder,0.5623709559440613,856,808,1875,1120
449,137.0,feeder,0.1865941286087036,854,809,1879,1121
450,,lt,0.49852800369262695,1360,720,1467,895
450,,r,0.18424390256404877,1361,722,1473,894
451,,gt,0.624022364616394,1214,702,1402,887
451,,feeder,0.1489221155643463,853,810,1876,1122
451,,r,0.12401862442493439,1217,697,1405,888
452,137.0,feeder,0.8618783950805664,842,816,1882,1126
453,137.0,feeder,0.9411017298698425,839,819,1883,1126
454,137.0,feeder,0.8917956352233887,838,820,1883,1126
455,137.0,feeder,0.9361534714698792,838,820,1884,1126
456,137.0,feeder,0.9510491490364075,837,820,1885,1126
457,137.0,feeder,0.9524834156036377,837,820,1885,1126
458,137.0,feeder,0.9526118040084839,837,819,1885,1125
459,137.0,feeder,0.9524838328361511,837,819,1885,1126
460,137.0,feeder,0.9525794386863708,837,819,1885,1125
461,137.0,feeder,0.952562153339386,838,819,1885,1126
462,137.0,feeder,0.9525769352912903,838,819,1885,1126
463,137.0,feeder,0.9525559544563293,838,819,1885,1126
464,137.0,feeder,0.9525572657585144,838,819,1885,1125
465,137.0,feeder,0.9524896740913391,838,819,1885,1125
466,137.0,feeder,0.9528875946998596,838,819,1885,1125
467,137.0,feeder,0.9529301524162292,838,819,1885,1125
468,137.0,feeder,0.9528254866600037,838,819,1885,1125
469,137.0,feeder,0.9527282118797302,838,819,1885,1125
470,137.0,feeder,0.9527531862258911,838,819,1886,1125
471,137.0,feeder,0.9527245163917542,838,819,1885,1125
472,137.0,feeder,0.9526931643486023,838,819,1885,1125
473,137.0,feeder,0.9526862502098083,838,819,1885,1125
474,137.0,feeder,0.9526677131652832,838,819,1885,1125
475,137.0,feeder,0.9525925517082214,838,819,1885,1125
476,137.0,feeder,0.9525224566459656,838,819,1885,1125
477,137.0,feeder,0.9525109529495239,838,819,1885,1125
478,137.0,feeder,0.9526111483573914,838,819,1885,1125
479,137.0,feeder,0.9526996612548828,838,819,1885,1125
480,137.0,feeder,0.9526772499084473,838,819,1885,1125
481,137.0,feeder,0.9521660804748535,838,819,1885,1125
482,137.0,feeder,0.9521213173866272,838,819,1885,1126
483,137.0,feeder,0.9521313905715942,838,818,1885,1126
484,137.0,feeder,0.9521804451942444,838,818,1885,1126
485,137.0,feeder,0.9521573185920715,838,818,1885,1126
486,137.0,feeder,0.9521082639694214,838,818,1885,1126
487,137.0,feeder,0.9520771503448486,838,818,1885,1126
488,137.0,feeder,0.9521623849868774,838,819,1885,1126
489,137.0,feeder,0.9521117210388184,838,819,1885,1126
490,137.0,feeder,0.9521138668060303,838,819,1885,1126
491,137.0,feeder,0.9521384239196777,838,819,1885,1126
492,137.0,feeder,0.9521780014038086,838,819,1885,1126
493,137.0,feeder,0.9521348476409912,838,819,1885,1126
494,137.0,feeder,0.9521403908729553,838,819,1885,1126
495,137.0,feeder,0.9521266222000122,838,819,1885,1126
496,137.0,feeder,0.9524625539779663,839,819,1886,1125
497,137.0,feeder,0.952394962310791,839,819,1886,1125
498,137.0,feeder,0.9525506496429443,839,819,1885,1125
499,137.0,feeder,0.9524627327919006,838,819,1885,1125
500,137.0,feeder,0.9524492025375366,839,819,1885,1125
501,137.0,feeder,0.9524887800216675,839,819,1885,1125
502,137.0,feeder,0.9524591565132141,838,819,1885,1125
503,137.0,feeder,0.9524713754653931,838,819,1885,1125
504,137.0,feeder,0.9524069428443909,838,819,1885,1125
505,137.0,feeder,0.9523758292198181,838,819,1885,1125
506,137.0,feeder,0.9523383975028992,838,819,1885,1125
507,137.0,feeder,0.9522989392280579,838,819,1885,1125
508,137.0,feeder,0.9522166848182678,838,819,1885,1125
509,137.0,feeder,0.9522833824157715,838,819,1885,1125
510,137.0,feeder,0.9523224830627441,838,819,1885,1125
511,137.0,feeder,0.9523656368255615,839,819,1885,1125
512,137.0,feeder,0.952353835105896,839,819,1886,1125
513,137.0,feeder,0.9523822665214539,839,819,1886,1126
514,137.0,feeder,0.9524413347244263,839,819,1886,1125
515,137.0,feeder,0.9524320363998413,839,819,1886,1125
516,137.0,feeder,0.9525086283683777,839,819,1886,1125
517,137.0,feeder,0.9524713158607483,839,819,1886,1125
518,137.0,feeder,0.9524428248405457,839,819,1886,1125
519,137.0,feeder,0.9524603486061096,838,819,1886,1125
520,137.0,feeder,0.9524993300437927,839,819,1886,1125
521,137.0,feeder,0.9525781273841858,838,819,1886,1125
522,137.0,feeder,0.9525960087776184,838,819,1886,1125
523,137.0,feeder,0.95257169008255,838,819,1886,1125
524,137.0,feeder,0.952562153339386,838,819,1886,1125
525,137.0,feeder,0.9525248408317566,838,819,1886,1125
526,137.0,feeder,0.9526398181915283,838,819,1885,1126
527,137.0,feeder,0.9526018500328064,838,819,1885,1126
528,137.0,feeder,0.9526550769805908,838,819,1885,1126
529,137.0,feeder,0.9526931643486023,838,819,1885,1126
530,137.0,feeder,0.9526825547218323,838,819,1885,1126
531,137.0,feeder,0.9527446627616882,838,819,1885,1126
532,137.0,feeder,0.9527661800384521,838,819,1885,1126
533,137.0,feeder,0.9527527689933777,838,819,1885,1126
534,137.0,feeder,0.9527214169502258,838,819,1885,1126
535,137.0,feeder,0.9526930451393127,838,819,1885,1126
536,137.0,feeder,0.9527141451835632,838,819,1885,1126
537,137.0,feeder,0.9526568055152893,838,819,1885,1126
538,137.0,feeder,0.9526805877685547,838,819,1885,1125
539,137.0,feeder,0.9526193737983704,838,819,1885,1126
540,137.0,feeder,0.9526524543762207,838,819,1885,1126
541,137.0,feeder,0.9526298642158508,838,819,1885,1125
542,137.0,feeder,0.9526115655899048,837,819,1886,1125
543,137.0,feeder,0.9526494145393372,837,819,1886,1125
544,137.0,feeder,0.9526677131652832,837,819,1886,1125
545,137.0,feeder,0.9526706337928772,837,819,1886,1125
546,137.0,feeder,0.9526179432868958,837,819,1886,1125
547,137.0,feeder,0.9526379704475403,838,819,1886,1125
548,137.0,feeder,0.9526191353797913,838,819,1886,1125
549,137.0,feeder,0.9526202082633972,838,819,1886,1125
550,137.0,feeder,0.9526360034942627,838,819,1886,1125
551,137.0,feeder,0.9526192545890808,838,819,1886,1125
552,137.0,feeder,0.9526799321174622,838,819,1886,1125
553,137.0,feeder,0.9526407718658447,838,819,1886,1125
554,137.0,feeder,0.9525410532951355,838,819,1886,1125
555,137.0,feeder,0.9525232911109924,838,819,1886,1125
556,137.0,feeder,0.9526054263114929,838,819,1885,1125
557,137.0,feeder,0.9526687264442444,838,819,1885,1125
558,137.0,feeder,0.9527180194854736,838,819,1885,1125
559,137.0,feeder,0.9526625275611877,838,819,1885,1125
560,137.0,feeder,0.9526716470718384,838,819,1885,1125
561,137.0,feeder,0.9526575803756714,838,818,1885,1125
562,137.0,feeder,0.9526118040084839,838,819,1885,1125
563,137.0,feeder,0.9526508450508118,838,819,1885,1125
564,137.0,feeder,0.9526907801628113,838,818,1885,1125
565,137.0,feeder,0.9526708722114563,838,819,1885,1125
566,137.0,feeder,0.9526732563972473,838,819,1885,1125
567,137.0,feeder,0.9526083469390869,838,819,1885,1125
568,137.0,feeder,0.9526650309562683,838,818,1885,1125
569,137.0,feeder,0.9526485800743103,838,819,1885,1125
570,137.0,feeder,0.9526875019073486,838,819,1885,1125
571,137.0,feeder,0.9524043798446655,838,819,1885,1125
572,137.0,feeder,0.9523841142654419,838,819,1885,1125
573,137.0,feeder,0.9523226022720337,838,819,1885,1125
574,137.0,feeder,0.95237797498703,838,819,1885,1125
575,137.0,feeder,0.9523427486419678,838,819,1885,1125
576,137.0,feeder,0.9523009657859802,838,819,1885,1125
577,137.0,feeder,0.9522789120674133,838,819,1885,1125
578,137.0,feeder,0.9522083401679993,838,819,1885,1125
579,137.0,feeder,0.952245831489563,838,819,1885,1125
580,137.0,feeder,0.9522980451583862,838,819,1885,1125
581,137.0,feeder,0.952380895614624,838,819,1885,1125
582,137.0,feeder,0.9523782134056091,838,819,1885,1125
583,137.0,feeder,0.9523597955703735,838,819,1885,1125
584,137.0,feeder,0.95236736536026,838,819,1885,1125
585,137.0,feeder,0.9523354768753052,838,819,1885,1125
586,137.0,feeder,0.9525235295295715,838,819,1886,1125
587,137.0,feeder,0.9525836706161499,838,819,1886,1125
588,137.0,feeder,0.9526730179786682,838,819,1886,1125
589,137.0,feeder,0.9525389671325684,838,819,1886,1125
590,137.0,feeder,0.9525336027145386,838,819,1886,1125
591,137.0,feeder,0.9525784850120544,838,819,1886,1125
592,137.0,feeder,0.9526104927062988,838,819,1886,1125
593,137.0,feeder,0.9526658654212952,838,819,1886,1125
594,137.0,feeder,0.9526457786560059,838,819,1886,1125
595,137.0,feeder,0.9526055455207825,838,819,1886,1125
596,137.0,feeder,0.9526107907295227,838,819,1886,1125
597,137.0,feeder,0.9525851607322693,838,819,1886,1125
598,137.0,feeder,0.9525875449180603,838,819,1886,1125
599,137.0,feeder,0.9526382088661194,838,819,1886,1125
600,137.0,feeder,0.9526997208595276,838,819,1886,1125
601,137.0,feeder,0.9523195028305054,838,819,1885,1125
602,137.0,feeder,0.9522951245307922,838,819,1885,1125
603,137.0,feeder,0.9521989226341248,838,819,1885,1125
604,137.0,feeder,0.9522811770439148,838,819,1884,1125
605,137.0,feeder,0.9523262977600098,838,819,1885,1125
606,137.0,feeder,0.9522896409034729,838,819,1885,1125
607,137.0,feeder,0.9522642493247986,838,819,1885,1125
608,137.0,feeder,0.9522514939308167,838,819,1885,1125
609,137.0,feeder,0.9522534012794495,838,819,1885,1125
610,137.0,feeder,0.9521756172180176,838,819,1884,1125
611,137.0,feeder,0.9521191716194153,838,819,1884,1125
612,137.0,feeder,0.9520595073699951,838,819,1884,1125
613,137.0,feeder,0.9520527124404907,838,819,1884,1125
614,137.0,feeder,0.9520250558853149,838,819,1884,1125
615,137.0,feeder,0.951947808265686,838,819,1885,1125
616,137.0,feeder,0.9524612426757812,838,818,1885,1125
617,137.0,feeder,0.9524459838867188,838,818,1885,1125
618,137.0,feeder,0.9524254202842712,838,818,1885,1125
619,137.0,feeder,0.952375590801239,838,818,1885,1125
620,137.0,feeder,0.9522976279258728,838,818,1885,1125
621,137.0,feeder,0.9523141980171204,838,818,1885,1126
622,137.0,feeder,0.9523047804832458,838,818,1885,1126
623,137.0,feeder,0.9522990584373474,839,818,1885,1126
624,137.0,feeder,0.9523345828056335,839,818,1885,1125
625,137.0,feeder,0.9522835612297058,839,818,1885,1125
626,137.0,feeder,0.9522905945777893,838,818,1885,1125
627,137.0,feeder,0.9522730112075806,838,818,1885,1125
628,137.0,feeder,0.9522783160209656,838,818,1885,1125
629,137.0,feeder,0.9522433876991272,838,819,1885,1125
630,137.0,feeder,0.9523028135299683,838,819,1885,1125
631,137.0,feeder,0.9524320363998413,838,819,1885,1125
632,137.0,feeder,0.9524438381195068,838,819,1885,1125
633,137.0,feeder,0.9524906277656555,838,819,1885,1125
634,137.0,feeder,0.9524312615394592,838,819,1885,1125
635,137.0,feeder,0.952393114566803,838,819,1885,1125
636,137.0,feeder,0.9523913860321045,838,819,1885,1125
637,137.0,feeder,0.952289342880249,838,819,1885,1125
638,137.0,feeder,0.9522654414176941,838,819,1885,1125
639,137.0,feeder,0.9522940516471863,838,819,1885,1125
640,137.0,feeder,0.952261209487915,838,819,1885,1125
641,137.0,feeder,0.9523171782493591,838,819,1885,1125
642,137.0,feeder,0.9523340463638306,838,819,1885,1125
643,137.0,feeder,0.9523491263389587,838,819,1885,1125
644,137.0,feeder,0.9522997736930847,838,819,1885,1125
645,137.0,feeder,0.952302098274231,838,819,1885,1125
646,137.0,feeder,0.9521109461784363,838,819,1885,1125
647,137.0,feeder,0.9521805644035339,838,819,1885,1125
648,137.0,feeder,0.952196478843689,838,819,1885,1125
649,137.0,feeder,0.9522210955619812,838,819,1885,1125
650,137.0,feeder,0.9522113800048828,838,819,1885,1125
651,137.0,feeder,0.952366054058075,837,819,1885,1125
652,137.0,feeder,0.9523420929908752,837,819,1885,1125
653,137.0,feeder,0.9523941874504089,837,819,1885,1125
654,137.0,feeder,0.952394962310791,837,819,1885,1125
655,137.0,feeder,0.9523537755012512,837,819,1885,1125
656,137.0,feeder,0.952392041683197,837,819,1885,1125
657,137.0,feeder,0.9523534178733826,837,819,1885,1125
658,137.0,feeder,0.952360212802887,837,819,1885,1125
659,137.0,feeder,0.9523857235908508,838,819,1885,1125
660,137.0,feeder,0.9524167776107788,837,819,1885,1125
661,137.0,feeder,0.9524879455566406,838,819,1885,1125
662,137.0,feeder,0.9524238109588623,838,819,1885,1125
663,137.0,feeder,0.9524790644645691,838,819,1885,1125
664,137.0,feeder,0.9524579048156738,838,819,1885,1125
665,137.0,feeder,0.9524708390235901,838,819,1885,1125
666,137.0,feeder,0.9524304270744324,838,819,1885,1125
667,137.0,feeder,0.9523938894271851,838,819,1885,1125
668,137.0,feeder,0.9523798227310181,838,819,1885,1125
669,137.0,feeder,0.9523775577545166,838,819,1885,1125
670,137.0,feeder,0.9523952603340149,838,819,1885,1125
671,137.0,feeder,0.9523518085479736,838,819,1885,1125
672,137.0,feeder,0.952367901802063,838,819,1885,1125
673,137.0,feeder,0.9523460865020752,838,819,1885,1125
674,137.0,feeder,0.9522376656532288,838,819,1885,1125
675,137.0,feeder,0.9521821141242981,838,819,1885,1125
676,137.0,feeder,0.9523628354072571,838,819,1884,1125
677,137.0,feeder,0.9523481130599976,837,819,1884,1125
678,137.0,feeder,0.9522891044616699,837,819,1885,1125
679,137.0,feeder,0.9523569941520691,837,819,1885,1125
680,137.0,feeder,0.9524807929992676,837,819,1885,1126
681,137.0,feeder,0.9524757266044617,837,819,1885,1126
682,137.0,feeder,0.952518105506897,837,819,1885,1125
683,137.0,feeder,0.9525572657585144,837,819,1885,1125
684,137.0,feeder,0.952542245388031,837,819,1885,1125
685,137.0,feeder,0.9525872468948364,837,819,1885,1125
686,137.0,feeder,0.9526510834693909,837,819,1885,1125
687,137.0,feeder,0.9526313543319702,837,819,1885,1125
688,137.0,feeder,0.9525837898254395,837,819,1885,1125
689,137.0,feeder,0.952566921710968,838,819,1885,1125
690,137.0,feeder,0.9525778293609619,838,819,1885,1125
691,137.0,feeder,0.9524779915809631,838,819,1885,1125
692,137.0,feeder,0.9524822235107422,838,819,1886,1125
693,137.0,feeder,0.9524493217468262,838,819,1886,1125
694,137.0,feeder,0.952477753162384,837,819,1886,1125
695,137.0,feeder,0.952485978603363,837,819,1885,1125
696,137.0,feeder,0.9524973630905151,837,819,1885,1125
697,137.0,feeder,0.9524911642074585,837,819,1885,1125
698,137.0,feeder,0.9525033831596375,837,819,1885,1125
699,137.0,feeder,0.952573835849762,837,819,1885,1125
700,137.0,feeder,0.9525970816612244,837,819,1885,1125
701,137.0,feeder,0.9525885581970215,838,819,1885,1125
702,137.0,feeder,0.9525943994522095,838,819,1885,1125
703,137.0,feeder,0.952551543712616,838,819,1885,1125
704,137.0,feeder,0.9526366591453552,838,819,1885,1125
705,137.0,feeder,0.9525977373123169,838,819,1885,1125
706,137.0,feeder,0.9526956677436829,838,819,1885,1125
707,137.0,feeder,0.9527604579925537,838,819,1885,1125
708,137.0,feeder,0.9527777433395386,838,819,1885,1125
709,137.0,feeder,0.9528203010559082,838,819,1886,1125
710,137.0,feeder,0.9528330564498901,838,819,1886,1125
711,137.0,feeder,0.9527859687805176,838,819,1886,1125
712,137.0,feeder,0.9527056217193604,838,819,1886,1125
713,137.0,feeder,0.9526394605636597,837,819,1886,1125
714,137.0,feeder,0.9525871276855469,837,819,1886,1125
715,137.0,feeder,0.952613115310669,837,819,1886,1125
716,137.0,feeder,0.9525915384292603,837,819,1886,1125
717,137.0,feeder,0.95250004529953,837,819,1886,1125
718,137.0,feeder,0.9524887204170227,837,819,1886,1125
719,137.0,feeder,0.952486515045166,837,819,1886,1125
720,137.0,feeder,0.9525384306907654,837,819,1886,1125
721,137.0,feeder,0.9524847865104675,838,819,1885,1125
722,137.0,feeder,0.9525613784790039,838,819,1885,1125
723,137.0,feeder,0.9524695873260498,838,819,1885,1125
724,137.0,feeder,0.9525344371795654,838,819,1885,1125
725,137.0,feeder,0.9525817036628723,838,819,1885,1125
726,137.0,feeder,0.9526189565658569,838,819,1885,1125
727,137.0,feeder,0.9526459574699402,838,819,1884,1125
728,137.0,feeder,0.9526162147521973,838,819,1884,1125
729,137.0,feeder,0.952560544013977,838,819,1884,1125
730,137.0,feeder,0.9525596499443054,838,819,1885,1125
731,137.0,feeder,0.9526196718215942,838,819,1885,1125
732,137.0,feeder,0.9526137113571167,838,819,1885,1125
733,137.0,feeder,0.9525938630104065,838,819,1885,1125
734,137.0,feeder,0.952534019947052,838,819,1885,1125
735,137.0,feeder,0.9525743722915649,838,819,1885,1125
736,137.0,feeder,0.9523753523826599,837,819,1885,1125
737,137.0,feeder,0.9523722529411316,837,819,1885,1125
738,137.0,feeder,0.9524073004722595,837,819,1885,1125
739,137.0,feeder,0.9523903131484985,837,819,1885,1125
740,137.0,feeder,0.9524439573287964,837,819,1885,1125
741,137.0,feeder,0.9524346590042114,837,819,1885,1125
742,137.0,feeder,0.9523971080780029,837,819,1885,1125
743,137.0,feeder,0.9524083733558655,837,819,1884,1125
744,137.0,feeder,0.9524073600769043,837,819,1884,1125
745,137.0,feeder,0.9524393677711487,837,819,1884,1125
746,137.0,feeder,0.952551543712616,837,819,1884,1125
747,137.0,feeder,0.9525978565216064,838,819,1885,1125
748,137.0,feeder,0.9525169134140015,838,819,1885,1125
749,137.0,feeder,0.952561616897583,838,819,1885,1125
750,137.0,feeder,0.952603816986084,838,819,1885,1125
751,137.0,feeder,0.9520840644836426,838,819,1885,1126
752,137.0,feeder,0.9519524574279785,838,819,1885,1126
753,137.0,feeder,0.9519017934799194,838,819,1885,1126
754,137.0,feeder,0.9520029425621033,838,819,1885,1126
755,137.0,feeder,0.9519991278648376,838,819,1885,1126
756,137.0,feeder,0.9519914388656616,838,819,1885,1126
757,137.0,feeder,0.9520330429077148,838,819,1885,1126
758,137.0,feeder,0.9520586729049683,838,819,1885,1126
759,137.0,feeder,0.9521026611328125,838,819,1885,1126
760,137.0,feeder,0.9521801471710205,838,819,1885,1126
761,137.0,feeder,0.9521907567977905,838,819,1885,1126
762,137.0,feeder,0.9521094560623169,838,819,1885,1126
763,137.0,feeder,0.9521210193634033,838,819,1885,1126
764,137.0,feeder,0.95207279920578,838,819,1885,1126
765,137.0,feeder,0.9520532488822937,838,819,1885,1126
766,137.0,feeder,0.9525118470191956,838,819,1885,1125
767,137.0,feeder,0.9524701833724976,838,819,1885,1125
768,137.0,feeder,0.9525332450866699,838,819,1885,1125
769,137.0,feeder,0.9524559378623962,838,819,1885,1125
770,137.0,feeder,0.9523957967758179,838,819,1885,1125
771,137.0,feeder,0.9523787498474121,838,819,1885,1125
772,137.0,feeder,0.9523653388023376,838,819,1885,1125
773,137.0,feeder,0.9524703025817871,838,819,1885,1125
774,137.0,feeder,0.9524157047271729,838,819,1885,1125
775,137.0,feeder,0.9524575471878052,838,819,1885,1125
776,137.0,feeder,0.9524218440055847,838,819,1885,1125
777,137.0,feeder,0.9524617791175842,838,819,1885,1125
778,137.0,feeder,0.9524328708648682,838,819,1885,1125
779,137.0,feeder,0.9524651169776917,838,819,1885,1125
780,137.0,feeder,0.9524605870246887,838,819,1885,1125
781,137.0,feeder,0.9526230692863464,838,819,1884,1126
782,137.0,feeder,0.9525500535964966,838,819,1884,1126
783,137.0,feeder,0.9524177312850952,838,819,1885,1126
784,137.0,feeder,0.9523559212684631,838,819,1885,1126
785,137.0,feeder,0.9523415565490723,838,819,1885,1126
786,137.0,feeder,0.9522855281829834,838,819,1885,1126
787,137.0,feeder,0.9523062705993652,838,819,1885,1126
788,137.0,feeder,0.9523316025733948,838,819,1885,1126
789,137.0,feeder,0.9523230195045471,838,819,1885,1126
790,137.0,feeder,0.9523518085479736,838,819,1885,1126
791,137.0,feeder,0.9523472785949707,838,819,1885,1126
792,137.0,feeder,0.9522952437400818,838,819,1885,1126
793,137.0,feeder,0.9522547125816345,838,819,1885,1126
794,137.0,feeder,0.9522917866706848,838,819,1885,1126
795,137.0,feeder,0.9522650837898254,838,819,1885,1126
796,137.0,feeder,0.9521392583847046,838,819,1885,1126
797,137.0,feeder,0.9521543383598328,838,819,1885,1126
798,137.0,feeder,0.952168345451355,838,819,1885,1125
799,137.0,feeder,0.9521493315696716,838,819,1885,1125
800,137.0,feeder,0.9521229863166809,838,819,1885,1125
801,137.0,feeder,0.952193021774292,838,819,1886,1125
802,137.0,feeder,0.9521723389625549,838,819,1886,1125
803,137.0,feeder,0.9521079659461975,838,819,1886,1125
804,137.0,feeder,0.952094554901123,838,819,1886,1125
805,137.0,feeder,0.9520983099937439,838,819,1886,1125
806,137.0,feeder,0.9520812630653381,838,819,1886,1125
807,137.0,feeder,0.9520708918571472,838,819,1886,1125
808,137.0,feeder,0.9520626664161682,838,819,1885,1125
809,137.0,feeder,0.9520739912986755,838,819,1885,1125
810,137.0,feeder,0.952103853225708,838,819,1885,1125
811,137.0,feeder,0.9520388841629028,838,819,1885,1126
812,137.0,feeder,0.9522724747657776,838,819,1885,1126
813,137.0,feeder,0.9522716999053955,838,819,1885,1126
814,137.0,feeder,0.9522824883460999,838,819,1885,1126
815,137.0,feeder,0.9523385167121887,838,819,1885,1126
816,137.0,feeder,0.9523168802261353,838,819,1885,1126
817,137.0,feeder,0.9523611068725586,838,819,1885,1126
818,137.0,feeder,0.9523202180862427,838,819,1885,1126
819,137.0,feeder,0.9523875117301941,837,819,1885,1126
820,137.0,feeder,0.9523827433586121,837,819,1885,1126
821,137.0,feeder,0.952497661113739,837,819,1885,1126
822,137.0,feeder,0.9524454474449158,837,819,1885,1126
823,137.0,feeder,0.9524660110473633,837,819,1885,1126
824,137.0,feeder,0.9524668455123901,837,819,1885,1126
825,137.0,feeder,0.9524542093276978,837,819,1885,1126
826,137.0,feeder,0.9522949457168579,838,819,1885,1125
827,137.0,feeder,0.9523566961288452,838,819,1885,1125
828,137.0,feeder,0.9522459506988525,838,819,1885,1125
829,137.0,feeder,0.9521764516830444,838,819,1884,1125
830,137.0,feeder,0.9520948529243469,838,819,1884,1125
831,137.0,feeder,0.9521182179450989,838,819,1884,1125
832,137.0,feeder,0.9519770741462708,838,819,1884,1126
833,137.0,feeder,0.9520835280418396,838,819,1884,1126
834,137.0,feeder,0.9521138668060303,838,819,1885,1126
835,137.0,feeder,0.9521030783653259,838,819,1884,1126
836,137.0,feeder,0.952172577381134,838,819,1884,1126
837,137.0,feeder,0.9521434903144836,838,819,1884,1126
838,137.0,feeder,0.9520970582962036,838,819,1884,1126
839,137.0,feeder,0.9520191550254822,838,819,1884,1126
840,137.0,feeder,0.9520138502120972,838,819,1884,1126
841,137.0,feeder,0.952202320098877,838,819,1885,1126
842,137.0,feeder,0.9523950815200806,838,819,1885,1126
843,137.0,feeder,0.9523816704750061,838,819,1885,1126
844,137.0,feeder,0.9523934125900269,838,819,1885,1126
845,137.0,feeder,0.9524321556091309,838,819,1885,1126
846,137.0,feeder,0.952386200428009,838,819,1885,1126
847,137.0,feeder,0.9523826241493225,838,819,1885,1125
848,137.0,feeder,0.9522783756256104,838,819,1885,1125
849,137.0,feeder,0.9522501826286316,838,819,1885,1126
850,137.0,feeder,0.9522443413734436,838,819,1885,1126
851,137.0,feeder,0.9522064924240112,838,819,1885,1126
852,137.0,feeder,0.952269971370697,838,819,1885,1126
853,137.0,feeder,0.9522671699523926,838,819,1885,1126
854,137.0,feeder,0.9522765278816223,838,819,1885,1126
855,137.0,feeder,0.952250599861145,838,819,1885,1126
856,137.0,feeder,0.9524045586585999,838,819,1885,1125
857,137.0,feeder,0.9523909687995911,838,819,1885,1125
858,137.0,feeder,0.9524019956588745,838,819,1885,1125
859,137.0,feeder,0.9524648189544678,838,819,1885,1125
860,137.0,feeder,0.9523875117301941,838,819,1885,1125
861,137.0,feeder,0.9523276090621948,838,818,1886,1125
862,137.0,feeder,0.9523116946220398,838,818,1886,1125
863,137.0,feeder,0.9522680044174194,838,818,1886,1125
864,137.0,feeder,0.9523075819015503,838,818,1886,1125
865,137.0,feeder,0.9523106217384338,838,819,1886,1125
866,137.0,feeder,0.9523189067840576,838,819,1886,1125
867,137.0,feeder,0.9523126482963562,838,819,1885,1125
868,137.0,feeder,0.9522406458854675,838,819,1885,1125
869,137.0,feeder,0.9522997140884399,838,819,1885,1125
870,137.0,feeder,0.9522562623023987,838,819,1885,1125
871,137.0,feeder,0.9524385333061218,838,819,1885,1125
872,137.0,feeder,0.952538251876831,838,819,1885,1125
873,137.0,feeder,0.9524940848350525,838,819,1885,1125
874,137.0,feeder,0.9523829221725464,838,819,1884,1125
875,137.0,feeder,0.9524235129356384,838,819,1885,1125
876,137.0,feeder,0.9523738622665405,837,819,1885,1125
877,137.0,feeder,0.9524291157722473,837,819,1885,1125
878,137.0,feeder,0.9524567723274231,837,819,1885,1125
879,137.0,feeder,0.9524285793304443,838,819,1885,1125
880,137.0,feeder,0.9524453282356262,838,819,1885,1125
881,137.0,feeder,0.9524927139282227,838,819,1885,1125
882,137.0,feeder,0.9524574279785156,838,819,1885,1125
883,137.0,feeder,0.9524311423301697,837,819,1885,1125
884,137.0,feeder,0.9524227380752563,837,819,1885,1125
885,137.0,feeder,0.9524824023246765,837,819,1885,1125
886,137.0,feeder,0.9525043964385986,838,819,1886,1125
887,137.0,feeder,0.9524974822998047,838,819,1886,1125
888,137.0,feeder,0.9524968266487122,838,819,1886,1125
889,137.0,feeder,0.9524943232536316,838,819,1886,1125
890,137.0,feeder,0.9525142312049866,838,819,1886,1125
891,137.0,feeder,0.9525291323661804,838,819,1886,1125
892,137.0,feeder,0.9525279402732849,838,819,1885,1125
893,137.0,feeder,0.9525576829910278,838,819,1885,1125
894,137.0,feeder,0.9525206089019775,838,819,1885,1125
895,137.0,feeder,0.952567994594574,838,819,1885,1125
896,137.0,feeder,0.9525580406188965,838,819,1885,1125
897,137.0,feeder,0.9525933861732483,838,819,1885,1125
898,137.0,feeder,0.9525938630104065,838,819,1885,1125
899,137.0,feeder,0.9525541663169861,838,819,1885,1125
900,137.0,feeder,0.9525527358055115,838,819,1885,1125
901,137.0,feeder,0.9527970552444458,838,819,1885,1125
902,137.0,feeder,0.9528973698616028,838,819,1885,1125
903,137.0,feeder,0.9527909755706787,838,818,1885,1125
904,137.0,feeder,0.9527920484542847,837,818,1885,1125
905,137.0,feeder,0.9527120590209961,837,818,1885,1125
906,137.0,feeder,0.9527156352996826,838,819,1885,1125
907,137.0,feeder,0.9527094960212708,838,819,1885,1125
908,137.0,feeder,0.9526325464248657,838,819,1885,1125
909,137.0,feeder,0.9526225924491882,838,819,1885,1125
910,137.0,feeder,0.9525827169418335,838,819,1885,1125
911,137.0,feeder,0.9525331258773804,838,819,1885,1125
912,137.0,feeder,0.9525241851806641,838,819,1885,1125
913,137.0,feeder,0.952512264251709,838,819,1885,1125
914,137.0,feeder,0.9524965882301331,838,819,1885,1125
915,137.0,feeder,0.9525506496429443,838,819,1885,1125
916,137.0,feeder,0.9525740146636963,838,819,1886,1125
917,137.0,feeder,0.9526569247245789,838,819,1886,1125
918,137.0,feeder,0.9526548385620117,838,819,1886,1125
919,137.0,feeder,0.9526705145835876,838,819,1886,1125
920,137.0,feeder,0.9526807069778442,838,819,1886,1126
921,137.0,feeder,0.9526821970939636,838,819,1886,1126
922,137.0,feeder,0.9526780843734741,838,819,1886,1126
923,137.0,feeder,0.9527001976966858,838,819,1886,1126
924,137.0,feeder,0.9526622295379639,838,819,1886,1125
925,137.0,feeder,0.9526423215866089,838,819,1886,1125
926,137.0,feeder,0.9526448845863342,838,819,1886,1125
927,137.0,feeder,0.9526456594467163,838,819,1886,1125
928,137.0,feeder,0.9526491165161133,838,819,1886,1125
929,137.0,feeder,0.9526793956756592,838,819,1886,1125
930,137.0,feeder,0.9526654481887817,838,819,1886,1125
931,137.0,feeder,0.9523118138313293,838,819,1885,1125
932,137.0,feeder,0.9524964690208435,838,819,1885,1125
933,137.0,feeder,0.9525008201599121,838,818,1885,1125
934,137.0,feeder,0.9525344371795654,838,818,1885,1125
935,137.0,feeder,0.9525150060653687,838,818,1885,1125
936,137.0,feeder,0.9524343013763428,838,819,1885,1125
937,137.0,feeder,0.9524019956588745,838,819,1885,1125
938,137.0,feeder,0.9523969888687134,838,819,1885,1125
939,137.0,feeder,0.9524049758911133,838,819,1885,1125
940,137.0,feeder,0.9524495601654053,838,819,1885,1125
941,137.0,feeder,0.9524373412132263,838,819,1885,1125
942,137.0,feeder,0.9524264931678772,838,819,1885,1125
943,137.0,feeder,0.9523778557777405,838,819,1885,1125
944,137.0,feeder,0.952403724193573,838,819,1885,1125
945,137.0,feeder,0.9523802399635315,838,819,1885,1125
946,137.0,feeder,0.9524397253990173,838,819,1886,1125
947,137.0,feeder,0.9524782299995422,838,819,1886,1125
948,137.0,feeder,0.952522337436676,838,819,1886,1125
949,137.0,feeder,0.9524853229522705,838,819,1886,1125
950,137.0,feeder,0.9525249600410461,838,819,1886,1125
951,137.0,feeder,0.9525163769721985,838,819,1886,1125
952,137.0,feeder,0.9524936676025391,838,819,1886,1125
953,137.0,feeder,0.9524673819541931,838,819,1886,1125
954,137.0,feeder,0.9524180889129639,838,819,1886,1125
955,137.0,feeder,0.9524175524711609,838,819,1886,1125
956,137.0,feeder,0.9524195790290833,838,819,1886,1125
957,137.0,feeder,0.9524563550949097,838,819,1886,1125
958,137.0,feeder,0.9524675011634827,838,819,1886,1125
959,137.0,feeder,0.9524030685424805,838,819,1886,1125
960,137.0,feeder,0.9524543285369873,838,819,1886,1125
961,137.0,feeder,0.9524166584014893,838,819,1885,1125
962,137.0,feeder,0.9524930119514465,838,819,1885,1125
963,137.0,feeder,0.9525092244148254,837,819,1885,1125
964,137.0,feeder,0.9525344371795654,837,819,1884,1125
965,137.0,feeder,0.9526274800300598,837,819,1884,1125
966,137.0,feeder,0.9526459574699402,838,819,1884,1125
967,137.0,feeder,0.9525198340415955,838,819,1884,1125
968,137.0,feeder,0.9526537656784058,838,819,1884,1125
969,137.0,feeder,0.9526453018188477,838,819,1884,1125
970,137.0,feeder,0.9526363611221313,838,819,1884,1125
971,137.0,feeder,0.9526929259300232,838,819,1884,1125
972,137.0,feeder,0.9526959657669067,838,819,1884,1125
973,137.0,feeder,0.9526979327201843,838,819,1884,1125
974,137.0,feeder,0.9527859091758728,838,819,1884,1125
975,137.0,feeder,0.9527844786643982,838,819,1884,1125
976,137.0,feeder,0.9523885846138,838,819,1886,1125
977,137.0,feeder,0.9523619413375854,838,819,1886,1125
978,137.0,feeder,0.9523328542709351,838,819,1886,1125
979,137.0,feeder,0.9522795677185059,838,819,1886,1125
980,137.0,feeder,0.9523479342460632,838,819,1886,1125
981,137.0,feeder,0.9523139595985413,838,819,1886,1125
982,137.0,feeder,0.9523423910140991,838,819,1886,1125
983,137.0,feeder,0.9523118138313293,838,819,1886,1125
984,137.0,feeder,0.9523351788520813,838,819,1886,1125
985,137.0,feeder,0.9522922039031982,838,819,1886,1125
986,137.0,feeder,0.9522278308868408,838,819,1886,1125
987,137.0,feeder,0.9522382020950317,838,819,1886,1125
988,137.0,feeder,0.9522746205329895,838,819,1886,1125
989,137.0,feeder,0.9522504806518555,838,819,1886,1125
990,137.0,feeder,0.9522907137870789,838,819,1886,1125
991,137.0,feeder,0.9522197246551514,838,819,1885,1125
992,137.0,feeder,0.9522241353988647,838,819,1885,1125
993,137.0,feeder,0.9521745443344116,838,819,1885,1125
994,137.0,feeder,0.9521881341934204,838,819,1885,1125
995,137.0,feeder,0.9522701501846313,838,819,1885,1125
996,137.0,feeder,0.9522842168807983,838,819,1885,1125
997,137.0,feeder,0.9523350596427917,838,819,1885,1125
998,137.0,feeder,0.9523746967315674,838,819,1885,1125
999,137.0,feeder,0.9523937702178955,838,819,1885,1125
1000,137.0,feeder,0.9523864984512329,838,819,1885,1125
1001,137.0,feeder,0.9523992538452148,838,819,1885,1125
1002,137.0,feeder,0.9523817300796509,838,819,1885,1125
1003,137.0,feeder,0.9524021744728088,838,819,1885,1125
1004,137.0,feeder,0.9523431658744812,838,819,1885,1125
1005,137.0,feeder,0.9524108171463013,838,819,1885,1125
1006,137.0,feeder,0.9527581930160522,839,819,1885,1125
1007,137.0,feeder,0.9527217149734497,839,819,1885,1125
1008,137.0,feeder,0.9526797533035278,839,819,1885,1125
1009,137.0,feeder,0.9527365565299988,839,819,1885,1125
1010,137.0,feeder,0.9527976512908936,839,819,1885,1125
1011,137.0,feeder,0.9527444243431091,839,819,1885,1125
1012,137.0,feeder,0.9527413249015808,839,819,1885,1125
1013,137.0,feeder,0.9527548551559448,839,819,1885,1125
1014,137.0,feeder,0.9527094960212708,839,819,1885,1126
1015,137.0,feeder,0.9527255296707153,839,819,1885,1125
1016,137.0,feeder,0.9526626467704773,839,819,1885,1125
1017,137.0,feeder,0.9527069926261902,839,819,1885,1125
1018,137.0,feeder,0.9527809023857117,839,819,1885,1125
1019,137.0,feeder,0.9527916312217712,839,819,1885,1125
1020,137.0,feeder,0.9527276754379272,839,819,1885,1125
1021,137.0,feeder,0.9524443745613098,838,819,1884,1125
1022,137.0,feeder,0.9524093270301819,838,819,1884,1125
1023,137.0,feeder,0.9524895548820496,838,819,1884,1125
1024,137.0,feeder,0.9525682926177979,838,819,1884,1125
1025,137.0,feeder,0.9525556564331055,838,819,1884,1125
1026,137.0,feeder,0.952568769454956,838,819,1884,1125
1027,137.0,feeder,0.9524914026260376,838,819,1884,1125
1028,137.0,feeder,0.9525269865989685,838,819,1884,1125
1029,137.0,feeder,0.952494740486145,838,819,1884,1125
1030,137.0,feeder,0.952485978603363,838,819,1884,1125
1031,137.0,feeder,0.9524964094161987,838,819,1884,1126
1032,137.0,feeder,0.9525425434112549,838,819,1884,1126
1033,137.0,feeder,0.9525892734527588,838,819,1884,1126
1034,137.0,feeder,0.9526026248931885,838,819,1884,1126
1035,137.0,feeder,0.952556848526001,838,819,1884,1126
1036,137.0,feeder,0.9523816704750061,838,819,1884,1125
1037,137.0,feeder,0.9524015188217163,838,819,1884,1125
1038,137.0,feeder,0.952369213104248,838,819,1884,1125
1039,137.0,feeder,0.9522981643676758,838,819,1884,1125
1040,137.0,feeder,0.9522876739501953,838,819,1884,1125
1041,137.0,feeder,0.9523516893386841,838,819,1884,1125
1042,137.0,feeder,0.9522835612297058,838,819,1884,1125
1043,137.0,feeder,0.9523270726203918,838,819,1885,1125
1044,137.0,feeder,0.9524020552635193,838,819,1885,1125
1045,137.0,feeder,0.9523511528968811,838,819,1885,1125
1046,137.0,feeder,0.9523563385009766,838,819,1884,1125
1047,137.0,feeder,0.9523326754570007,838,819,1884,1125
1048,137.0,feeder,0.9522683620452881,838,819,1884,1125
1049,137.0,feeder,0.9522993564605713,838,819,1885,1125
1050,137.0,feeder,0.9523112773895264,838,819,1885,1125
1051,137.0,feeder,0.9522268176078796,838,819,1885,1125
1052,137.0,feeder,0.9522961378097534,838,819,1885,1125
1053,137.0,feeder,0.9523144960403442,838,819,1885,1125
1054,137.0,feeder,0.9523116946220398,838,819,1885,1125
1055,137.0,feeder,0.9523645639419556,838,819,1885,1125
1056,137.0,feeder,0.9523670673370361,838,819,1885,1125
1057,137.0,feeder,0.9523991346359253,838,819,1885,1125
1058,137.0,feeder,0.9523895382881165,838,819,1885,1125
1059,137.0,feeder,0.9524125456809998,838,819,1885,1125
1060,137.0,feeder,0.952355682849884,838,819,1885,1125
1061,137.0,feeder,0.9523012042045593,838,819,1885,1125
1062,137.0,feeder,0.9523393511772156,838,819,1886,1125
1063,137.0,feeder,0.9523276686668396,838,819,1886,1125
1064,137.0,feeder,0.9523526430130005,838,819,1886,1125
1065,137.0,feeder,0.9523911476135254,838,819,1886,1125
1066,137.0,feeder,0.9525352120399475,837,819,1886,1125
1067,137.0,feeder,0.952521562576294,837,819,1886,1125
1068,137.0,feeder,0.9524320363998413,837,819,1886,1125
1069,137.0,feeder,0.9524539709091187,837,819,1886,1125
1070,137.0,feeder,0.9524736404418945,837,819,1886,1125
1071,137.0,feeder,0.9524629712104797,837,819,1886,1125
1072,137.0,feeder,0.9524108171463013,837,819,1886,1125
1073,137.0,feeder,0.9523701667785645,837,819,1886,1125
1074,137.0,feeder,0.9524267315864563,837,819,1886,1125
1075,137.0,feeder,0.952570378780365,837,819,1886,1125
1076,137.0,feeder,0.9525032043457031,837,819,1886,1125
1077,137.0,feeder,0.9525185227394104,837,819,1886,1125
1078,137.0,feeder,0.952573835849762,837,819,1886,1125
1079,137.0,feeder,0.9525368213653564,837,819,1886,1125
1080,137.0,feeder,0.9525272846221924,837,819,1886,1125
1081,137.0,feeder,0.9525706768035889,838,819,1885,1125
1082,137.0,feeder,0.9526121020317078,838,818,1885,1125
1083,137.0,feeder,0.9525596499443054,837,818,1885,1125
1084,137.0,feeder,0.9525046944618225,837,818,1885,1125
1085,137.0,feeder,0.9524337649345398,837,819,1885,1125
1086,137.0,feeder,0.9524336457252502,838,819,1885,1125
1087,137.0,feeder,0.9525203704833984,838,819,1885,1125
1088,137.0,feeder,0.9525185227394104,837,819,1885,1125
1089,137.0,feeder,0.9524725675582886,837,819,1885,1125
1090,137.0,feeder,0.9524886012077332,837,819,1885,1125
1091,137.0,feeder,0.9524791836738586,837,819,1885,1125
1092,137.0,feeder,0.9524535536766052,837,819,1885,1125
1093,137.0,feeder,0.9524835348129272,837,819,1885,1125
1094,137.0,feeder,0.9524720311164856,837,819,1885,1125
1095,137.0,feeder,0.9524974822998047,837,819,1885,1125
1096,137.0,feeder,0.9524362683296204,837,819,1886,1125
1097,137.0,feeder,0.9524823427200317,837,819,1886,1125
1098,137.0,feeder,0.9523971080780029,837,819,1886,1125
1099,137.0,feeder,0.9523868560791016,837,819,1886,1125
1100,137.0,feeder,0.9524224996566772,837,819,1886,1125
1101,137.0,feeder,0.9523497223854065,837,819,1886,1125
1102,137.0,feeder,0.9524075984954834,837,819,1886,1125
1103,137.0,feeder,0.9524056315422058,837,819,1886,1125
1104,137.0,feeder,0.95240718126297,837,819,1886,1126
1105,137.0,feeder,0.9523558020591736,837,819,1886,1126
1106,137.0,feeder,0.9523234963417053,837,819,1886,1125
1107,137.0,feeder,0.9523468017578125,837,819,1886,1125
1108,137.0,feeder,0.9523565769195557,837,819,1886,1125
1109,137.0,feeder,0.9523746371269226,838,819,1886,1126
1110,137.0,feeder,0.952350914478302,838,819,1886,1126
1111,137.0,feeder,0.9524461030960083,838,819,1885,1125
1112,137.0,feeder,0.9524171352386475,838,819,1885,1125
1113,137.0,feeder,0.9523859620094299,838,819,1885,1125
1114,137.0,feeder,0.9523200988769531,838,819,1885,1125
1115,137.0,feeder,0.9523131251335144,838,819,1885,1125
1116,137.0,feeder,0.9523760080337524,838,819,1885,1125
1117,137.0,feeder,0.9523437023162842,838,819,1885,1125
1118,137.0,feeder,0.9523799419403076,838,819,1885,1125
1119,137.0,feeder,0.9524236917495728,838,819,1885,1125
1120,137.0,feeder,0.952418327331543,838,819,1885,1125
1121,137.0,feeder,0.9524130821228027,838,819,1885,1125
1122,137.0,feeder,0.9524454474449158,837,819,1885,1125
1123,137.0,feeder,0.9524032473564148,837,819,1885,1125
1124,137.0,feeder,0.9524992108345032,837,819,1885,1125
1125,137.0,feeder,0.95252925157547,837,819,1885,1125
1126,137.0,feeder,0.9523079991340637,838,819,1885,1125
1127,137.0,feeder,0.9522793889045715,838,819,1885,1125
1128,137.0,feeder,0.9523119926452637,838,819,1885,1125
1129,137.0,feeder,0.952296257019043,838,819,1885,1125
1130,137.0,feeder,0.9523043632507324,838,819,1885,1125
1131,137.0,feeder,0.9523875713348389,838,819,1885,1125
1132,137.0,feeder,0.9524285793304443,838,819,1885,1125
1133,137.0,feeder,0.952396035194397,838,819,1885,1125
1134,137.0,feeder,0.9523892998695374,838,819,1885,1125
1135,137.0,feeder,0.9523695111274719,838,818,1885,1125
1136,137.0,feeder,0.952377438545227,838,818,1885,1125
1137,137.0,feeder,0.952378511428833,838,818,1885,1125
1138,137.0,feeder,0.9523911476135254,838,819,1885,1125
1139,137.0,feeder,0.9524374604225159,838,818,1885,1125
1140,137.0,feeder,0.9524439573287964,838,818,1885,1125
1141,137.0,feeder,0.9527320861816406,838,819,1884,1125
1142,137.0,feeder,0.9525827765464783,838,819,1884,1125
1143,137.0,feeder,0.9525696039199829,838,819,1885,1125
1144,137.0,feeder,0.9526290893554688,838,819,1885,1125
1145,137.0,feeder,0.9526217579841614,838,819,1884,1125
1146,137.0,feeder,0.9526339769363403,838,819,1884,1125
1147,137.0,feeder,0.9526438117027283,838,819,1884,1125
1148,137.0,feeder,0.9526537656784058,838,819,1884,1125
1149,137.0,feeder,0.9526436924934387,838,819,1884,1125
1150,137.0,feeder,0.9525642991065979,838,819,1884,1125
1151,137.0,feeder,0.95257967710495,838,819,1885,1125
1152,137.0,feeder,0.9525951147079468,838,819,1884,1125
1153,137.0,feeder,0.9526253342628479,838,819,1884,1125
1154,137.0,feeder,0.9526634812355042,838,819,1884,1125
1155,137.0,feeder,0.9526390433311462,838,819,1884,1125
1156,137.0,feeder,0.9524705410003662,838,819,1885,1125
1157,137.0,feeder,0.9525648355484009,838,819,1885,1125
1158,137.0,feeder,0.9525848627090454,837,819,1885,1125
1159,137.0,feeder,0.9526174068450928,837,819,1885,1125
1160,137.0,feeder,0.9481024742126465,838,819,1885,1125
1161,137.0,feeder,0.9491598010063171,838,819,1885,1125
1161,241.0,gt,0.8783893585205078,0,992,206,1225
1162,137.0,feeder,0.9397402405738831,844,819,1884,1125
1162,241.0,gt,0.8917024731636047,3,958,308,1234
1163,137.0,feeder,0.8306013941764832,853,818,1883,1124
1163,241.0,bt,0.6352670788764954,84,947,352,1175
1164,137.0,feeder,0.15890781581401825,849,816,1883,1125
1165,137.0,feeder,0.4653925597667694,854,811,1881,1122
1165,243.0,gt,0.8880517482757568,324,853,704,1142
1166,137.0,feeder,0.2969946265220642,853,804,1879,1121
1167,137.0,feeder,0.9115195870399475,856,805,1879,1120
1167,245.0,gt,0.8643786311149597,686,821,918,1154
1168,137.0,feeder,0.9348602890968323,854,806,1879,1120
1168,245.0,gt,0.8431535363197327,641,801,942,1088
1169,137.0,feeder,0.9311748743057251,854,806,1880,1120
1169,245.0,gt,0.8370300531387329,619,791,953,1041
1170,137.0,feeder,0.9273892641067505,854,806,1880,1120
1170,245.0,gt,0.8414025902748108,621,788,957,1027
1171,137.0,feeder,0.931357741355896,854,807,1880,1120
1171,245.0,gt,0.8557244539260864,622,787,960,1025
1172,137.0,feeder,0.910616397857666,858,807,1881,1120
1172,245.0,gt,0.8327741622924805,657,736,974,1083
1173,137.0,feeder,0.9348993897438049,856,807,1881,1120
1173,245.0,gt,0.8364431262016296,661,739,986,1034
1174,137.0,feeder,0.9376446604728699,856,808,1881,1120
1174,245.0,gt,0.8611950278282166,649,742,995,1006
1175,137.0,feeder,0.9380679726600647,856,808,1881,1120
1175,245.0,gt,0.8560015559196472,651,745,999,993
1176,137.0,feeder,0.9384861588478088,856,808,1881,1120
1176,245.0,gt,0.8579193949699402,651,745,1001,988
1177,137.0,feeder,0.9384774565696716,856,807,1881,1120
1177,245.0,gt,0.854758620262146,649,744,1002,985
1178,137.0,feeder,0.9386019706726074,856,807,1881,1120
1178,245.0,gt,0.8571770191192627,648,745,1003,985
1179,137.0,feeder,0.9376673102378845,856,807,1881,1120
1179,245.0,gt,0.8601491451263428,651,751,1002,986
1180,137.0,feeder,0.9378774166107178,857,806,1881,1120
1180,245.0,gt,0.8638156652450562,647,782,1009,988
1181,137.0,feeder,0.9380033612251282,857,805,1881,1120
1181,245.0,gt,0.8578595519065857,642,796,1013,992
1182,137.0,feeder,0.9378463625907898,857,805,1881,1120
1182,245.0,gt,0.863115131855011,638,800,1014,994
1183,137.0,feeder,0.9373013377189636,857,805,1881,1120
1183,245.0,gt,0.8629575371742249,636,802,1014,994
1184,137.0,feeder,0.9370560050010681,857,805,1881,1120
1184,245.0,gt,0.8608360290527344,635,802,1013,994
1185,137.0,feeder,0.9337448477745056,858,805,1881,1121
1185,245.0,gt,0.8473000526428223,631,805,1010,994
1186,137.0,feeder,0.9312779307365417,859,804,1880,1121
1186,245.0,gt,0.838499128818512,626,807,1001,999
1187,137.0,feeder,0.928642749786377,859,805,1879,1120
1187,245.0,gt,0.8403958678245544,624,812,1003,1003
1188,137.0,feeder,0.9304559826850891,859,806,1879,1120
1188,245.0,gt,0.8393637537956238,619,816,1002,1004
1189,137.0,feeder,0.9300031661987305,859,806,1879,1120
1189,245.0,gt,0.838121771812439,614,817,1004,1006
1190,137.0,feeder,0.932164192199707,858,806,1879,1120
1190,245.0,gt,0.8568422198295593,618,815,1001,1006
1191,137.0,feeder,0.9339302182197571,857,806,1879,1120
1191,245.0,gt,0.86842942237854,648,810,993,1004
1192,137.0,feeder,0.9329899549484253,855,805,1880,1120
1192,245.0,gt,0.8513138890266418,722,790,973,1000
1193,137.0,feeder,0.9334104061126709,854,805,1880,1120
1193,245.0,gt,0.82868891954422,767,780,961,999
1194,137.0,feeder,0.9325699210166931,854,804,1880,1121
1194,245.0,gt,0.8292339444160461,776,774,957,999
1195,137.0,feeder,0.9340046644210815,854,804,1880,1120
1195,245.0,gt,0.8424071669578552,779,773,956,998
1196,137.0,feeder,0.9341505169868469,854,804,1880,1120
1196,245.0,gt,0.8420521020889282,780,772,955,998
1197,137.0,feeder,0.9361168742179871,853,805,1881,1120
1197,245.0,gt,0.8477585911750793,778,774,955,999
1198,137.0,feeder,0.9349180459976196,854,805,1881,1121
1198,245.0,gt,0.8351677060127258,785,780,956,999
1199,137.0,feeder,0.9360034465789795,854,805,1881,1121
1199,245.0,gt,0.8349562287330627,786,783,958,1000
1200,137.0,feeder,0.9349855184555054,853,805,1881,1121
1200,245.0,gt,0.8325870633125305,783,781,958,1000
1201,137.0,feeder,0.9360058307647705,853,805,1881,1121
1201,245.0,gt,0.8401013016700745,774,782,957,1000
1202,137.0,feeder,0.9361040592193604,852,805,1880,1121
1202,245.0,gt,0.8370970487594604,773,781,957,1000
1203,137.0,feeder,0.9361975193023682,852,805,1881,1121
1203,245.0,gt,0.8461487889289856,770,779,958,1000
1204,137.0,feeder,0.9374920725822449,852,805,1881,1121
1204,245.0,gt,0.8541401624679565,769,775,956,1000
1205,137.0,feeder,0.9373847246170044,852,805,1881,1121
1205,245.0,gt,0.8540731072425842,772,774,957,1000
1206,137.0,feeder,0.937547504901886,852,805,1881,1121
1206,245.0,gt,0.8587683439254761,771,773,957,1000
1207,137.0,feeder,0.9375885128974915,852,806,1881,1121
1207,245.0,gt,0.8628671169281006,769,775,958,1000
1208,137.0,feeder,0.9373519420623779,852,806,1881,1121
1208,245.0,gt,0.8510716557502747,768,771,958,999
1209,137.0,feeder,0.9386656284332275,852,807,1881,1121
1209,245.0,gt,0.8578417301177979,770,769,962,999
1210,137.0,feeder,0.9386069178581238,853,807,1881,1121
1210,245.0,gt,0.8628661036491394,765,768,963,999
1211,137.0,feeder,0.9390231966972351,853,808,1881,1121
1211,245.0,gt,0.8704480528831482,762,766,971,999
1212,137.0,feeder,0.9392333626747131,853,809,1881,1121
1212,245.0,gt,0.8691571950912476,762,764,976,999
1213,137.0,feeder,0.9391970038414001,853,809,1881,1121
1213,245.0,gt,0.868989109992981,759,763,977,998
1214,137.0,feeder,0.9393062591552734,853,809,1881,1121
1214,245.0,gt,0.8697436451911926,756,764,978,997
1215,137.0,feeder,0.939027726650238,853,809,1881,1121
1215,245.0,gt,0.8684771060943604,753,764,978,997
1216,137.0,feeder,0.9386211037635803,853,809,1882,1120
1216,245.0,gt,0.8712023496627808,750,765,978,997
1217,137.0,feeder,0.9384442567825317,853,809,1882,1120
1217,245.0,gt,0.8701869249343872,748,765,978,996
1218,137.0,feeder,0.9381935596466064,854,809,1882,1120
1218,245.0,gt,0.8711813688278198,748,767,978,996
1219,137.0,feeder,0.9381743669509888,854,808,1881,1120
1219,245.0,gt,0.8747148513793945,740,773,986,997
1220,137.0,feeder,0.9380580186843872,854,807,1881,1120
1220,245.0,gt,0.8746634125709534,735,778,991,997
1221,137.0,feeder,0.9375369548797607,854,806,1881,1120
1221,245.0,gt,0.8803144693374634,732,781,985,997
1222,137.0,feeder,0.9372703433036804,854,806,1881,1121
1222,245.0,gt,0.8878675103187561,734,782,980,997
1223,137.0,feeder,0.9367207884788513,854,807,1881,1120
1223,245.0,gt,0.8880904316902161,725,782,973,996
1224,137.0,feeder,0.9358727931976318,854,806,1881,1120
1224,245.0,gt,0.8592952489852905,727,779,970,995
1225,137.0,feeder,0.9371041655540466,854,807,1881,1120
1225,245.0,gt,0.8603273630142212,758,771,970,999
1226,137.0,feeder,0.9360284209251404,854,807,1881,1121
1226,245.0,gt,0.8493049740791321,790,767,965,999
1227,137.0,feeder,0.9360789656639099,853,807,1881,1121
1227,245.0,gt,0.8493034839630127,802,765,963,999
1228,137.0,feeder,0.9358072280883789,853,807,1881,1121
1228,245.0,gt,0.8507165312767029,806,764,962,999
1229,137.0,feeder,0.935355007648468,854,807,1882,1120
1229,245.0,gt,0.850869357585907,806,764,962,999
1230,137.0,feeder,0.9348605275154114,854,806,1882,1120
1230,245.0,gt,0.8375985622406006,796,765,962,999
1231,137.0,feeder,0.9369595050811768,854,806,1881,1120
1231,245.0,gt,0.8583211898803711,789,772,964,1000
1232,137.0,feeder,0.9365741610527039,854,806,1881,1120
1232,245.0,gt,0.8774384260177612,776,779,969,1000
1233,137.0,feeder,0.9355915188789368,854,805,1881,1120
1233,245.0,gt,0.8740379214286804,768,783,976,999
1234,137.0,feeder,0.9363089203834534,854,805,1880,1120
1234,245.0,gt,0.8832945823669434,763,784,980,999
1235,137.0,feeder,0.937237560749054,854,806,1880,1120
1235,245.0,gt,0.890368640422821,753,784,983,998
1236,137.0,feeder,0.9378688931465149,854,806,1880,1120
1236,245.0,gt,0.8843494653701782,746,782,995,998
1237,137.0,feeder,0.9382414221763611,853,806,1880,1120
1237,245.0,gt,0.8887432217597961,745,780,998,998
1238,137.0,feeder,0.9381287097930908,854,807,1880,1120
1238,245.0,gt,0.8905269503593445,744,779,999,997
1239,137.0,feeder,0.9381566047668457,854,806,1881,1120
1239,245.0,gt,0.8877310156822205,737,779,1005,998
1240,137.0,feeder,0.937747061252594,854,807,1881,1120
1240,245.0,gt,0.8849900364875793,725,777,1000,997
1241,137.0,feeder,0.936535120010376,854,807,1881,1120
1241,245.0,gt,0.8775971531867981,714,777,998,997
1242,137.0,feeder,0.9366609454154968,854,807,1880,1120
1242,245.0,gt,0.8781914114952087,709,777,997,997
1243,137.0,feeder,0.9366874098777771,854,807,1880,1120
1243,245.0,gt,0.8783388137817383,707,777,996,997
1244,137.0,feeder,0.9369522929191589,854,807,1880,1120
1244,245.0,gt,0.8774681687355042,705,777,996,996
1245,137.0,feeder,0.9371697306632996,854,807,1880,1120
1245,245.0,gt,0.8768053650856018,702,777,996,996
1246,137.0,feeder,0.9374129176139832,854,807,1880,1120
1246,245.0,gt,0.8800452351570129,700,777,996,995
1247,137.0,feeder,0.9372950792312622,855,807,1881,1121
1247,245.0,gt,0.8787574172019958,700,777,996,994
1248,137.0,feeder,0.9382249116897583,855,808,1881,1121
1248,245.0,gt,0.8832230567932129,699,776,1004,994
1249,137.0,feeder,0.938035249710083,855,808,1881,1121
1249,245.0,gt,0.8861335515975952,701,774,1023,995
1250,137.0,feeder,0.9379470348358154,855,808,1880,1121
1250,245.0,gt,0.8900670409202576,698,773,1029,995
1251,137.0,feeder,0.9379063248634338,855,808,1880,1121
1251,245.0,gt,0.8901939988136292,698,772,1030,995
1252,137.0,feeder,0.9379101991653442,855,808,1880,1121
1252,245.0,gt,0.8878316283226013,697,772,1030,994
1253,137.0,feeder,0.9376494884490967,855,808,1880,1121
1253,245.0,gt,0.8979533314704895,696,772,1031,994
1254,137.0,feeder,0.9330455660820007,857,804,1880,1120
1254,245.0,gt,0.8532085418701172,673,758,1028,996
1255,137.0,feeder,0.9369496703147888,855,805,1879,1121
1255,245.0,gt,0.9041839241981506,663,780,1041,993
1256,137.0,feeder,0.9409759640693665,854,806,1879,1121
1256,245.0,gt,0.863048791885376,682,766,1081,977
1257,137.0,feeder,0.9421594738960266,853,807,1878,1121
1257,245.0,gt,0.8630430102348328,755,751,1125,940
1258,137.0,feeder,0.943993866443634,853,807,1876,1121
1258,245.0,gt,0.858871579170227,865,755,1172,929
1259,137.0,feeder,0.9457831978797913,853,808,1876,1120
1259,245.0,gt,0.8414701223373413,943,764,1214,932
1260,137.0,feeder,0.9461280703544617,853,810,1876,1121
1260,245.0,gt,0.845356285572052,1001,741,1256,915
1261,137.0,feeder,0.9406486749649048,853,811,1875,1120
1261,245.0,gt,0.8756684064865112,1082,721,1288,902
1262,137.0,feeder,0.9412380456924438,853,811,1875,1120
1262,245.0,gt,0.8126279711723328,1146,719,1329,898
1263,137.0,feeder,0.941413164138794,853,812,1875,1121
1263,245.0,gt,0.7806515097618103,1212,738,1352,900
1264,137.0,feeder,0.9426514506340027,852,811,1875,1121
1264,245.0,gt,0.7805298566818237,1262,743,1367,903
1265,137.0,feeder,0.940653920173645,853,812,1875,1121
1265,245.0,gt,0.7983220815658569,1269,742,1367,899
1266,137.0,feeder,0.9404253363609314,853,812,1875,1121
1266,245.0,gt,0.7961488366127014,1271,741,1366,898
1267,137.0,feeder,0.9402592778205872,853,812,1874,1121
1267,245.0,gt,0.8041229248046875,1270,741,1366,898
1268,137.0,feeder,0.9418537020683289,853,812,1875,1121
1268,245.0,gt,0.8074025511741638,1269,741,1367,898
1269,137.0,feeder,0.9420861005783081,852,812,1875,1121
1269,245.0,gt,0.8104881048202515,1268,741,1367,898
1270,137.0,feeder,0.9420458078384399,852,812,1875,1121
1270,245.0,gt,0.8000850081443787,1267,741,1366,899
1271,137.0,feeder,0.9421354532241821,852,812,1875,1121
1271,245.0,gt,0.7982568144798279,1266,742,1365,899
1272,137.0,feeder,0.9419752359390259,852,812,1875,1121
1272,245.0,gt,0.7954899668693542,1266,742,1365,899
1273,137.0,feeder,0.9420141577720642,852,812,1875,1121
1273,245.0,gt,0.7975592613220215,1265,742,1365,899
1274,137.0,feeder,0.9427422285079956,852,812,1875,1121
1274,245.0,gt,0.8034136891365051,1264,741,1365,900
1275,137.0,feeder,0.9451836347579956,852,813,1875,1121
1275,245.0,gt,0.8329280018806458,1250,745,1370,901
1276,137.0,feeder,0.9421877861022949,852,813,1875,1121
1276,245.0,gt,0.7863507270812988,1253,735,1363,901
1277,137.0,feeder,0.9422502517700195,852,813,1875,1122
1277,245.0,gt,0.7349737882614136,1256,735,1360,900
1278,137.0,feeder,0.9426782131195068,853,813,1875,1122
1278,245.0,gt,0.7657567858695984,1258,750,1359,900
1279,137.0,feeder,0.9391096234321594,853,813,1875,1122
1279,245.0,gt,0.8222478032112122,1235,733,1365,904
1280,137.0,feeder,0.9290095567703247,853,814,1875,1122
1280,245.0,gt,0.8122389316558838,1206,729,1363,910
1281,137.0,feeder,0.6697938442230225,855,810,1875,1122
1281,245.0,gt,0.7774044871330261,1108,713,1335,911
1282,137.0,feeder,0.9312883019447327,854,810,1876,1122
1282,245.0,gt,0.7122800946235657,1117,686,1319,874
1283,137.0,feeder,0.9157085418701172,854,811,1878,1122
1283,245.0,gt,0.6143711805343628,1109,682,1264,826
1284,137.0,feeder,0.24321956932544708,848,816,1881,1124
1285,137.0,feeder,0.9248107671737671,846,819,1883,1125
1286,137.0,feeder,0.949211597442627,841,819,1884,1125
1287,137.0,feeder,0.9527975916862488,839,819,1885,1125
1288,137.0,feeder,0.9526330232620239,839,820,1885,1125
1289,137.0,feeder,0.9528210759162903,838,819,1885,1125
1290,137.0,feeder,0.9528653025627136,838,819,1885,1125
1291,137.0,feeder,0.9527657628059387,838,819,1885,1126
1292,137.0,feeder,0.9527552723884583,838,819,1885,1126
1293,137.0,feeder,0.9526703357696533,838,819,1885,1126
1294,137.0,feeder,0.9526256322860718,838,819,1885,1126
1295,137.0,feeder,0.952568531036377,838,819,1885,1126
1296,137.0,feeder,0.9442647099494934,839,820,1884,1126
1297,137.0,feeder,0.9364442825317383,841,820,1884,1126
1298,137.0,feeder,0.952583372592926,839,819,1885,1126
1299,137.0,feeder,0.9527059197425842,838,819,1885,1126
1300,137.0,feeder,0.9528102278709412,838,819,1885,1126
1301,137.0,feeder,0.9528154134750366,838,819,1885,1126
1302,137.0,feeder,0.9528253674507141,838,819,1885,1126
1303,137.0,feeder,0.9527866244316101,838,819,1885,1125
1304,137.0,feeder,0.9527112245559692,838,819,1885,1125
1305,137.0,feeder,0.9527795910835266,838,819,1885,1125
1306,137.0,feeder,0.9525872468948364,838,819,1885,1125
1307,137.0,feeder,0.9527210593223572,838,819,1885,1125
1308,137.0,feeder,0.9526665210723877,838,819,1885,1125
1309,137.0,feeder,0.9526447653770447,838,819,1885,1125
1310,137.0,feeder,0.9526239037513733,838,819,1885,1125
1311,137.0,feeder,0.9526681303977966,838,819,1885,1125
1312,137.0,feeder,0.9526457786560059,838,819,1885,1125
1313,137.0,feeder,0.9526923894882202,838,819,1885,1125
1314,137.0,feeder,0.9526993036270142,838,819,1885,1125
1315,137.0,feeder,0.9526702165603638,838,819,1885,1125
1316,137.0,feeder,0.9526301026344299,838,819,1885,1125
1317,137.0,feeder,0.9526085257530212,838,819,1885,1125
1318,137.0,feeder,0.9526598453521729,838,819,1885,1125
1319,137.0,feeder,0.9527328610420227,838,819,1885,1125
1320,137.0,feeder,0.9527245163917542,838,819,1885,1125
1321,137.0,feeder,0.9527506232261658,838,819,1885,1125
1322,137.0,feeder,0.9527717232704163,838,819,1885,1125
1323,137.0,feeder,0.9528314471244812,838,819,1885,1125
1324,137.0,feeder,0.9528266787528992,838,819,1885,1125
1325,137.0,feeder,0.9528355598449707,838,819,1885,1125
1326,137.0,feeder,0.9528043866157532,838,819,1885,1125
1327,137.0,feeder,0.9528087377548218,838,819,1885,1125
1328,137.0,feeder,0.9528505802154541,838,819,1885,1125
1329,137.0,feeder,0.9528800249099731,838,819,1885,1125
1330,137.0,feeder,0.9528914093971252,838,819,1885,1125
1331,137.0,feeder,0.9528864026069641,838,818,1885,1125
1332,137.0,feeder,0.9528879523277283,838,818,1885,1125
1333,137.0,feeder,0.9528747200965881,838,818,1885,1125
1334,137.0,feeder,0.9528640508651733,838,819,1885,1125
1335,137.0,feeder,0.9529123902320862,838,819,1885,1125
1336,137.0,feeder,0.9521890878677368,838,819,1885,1125
1337,137.0,feeder,0.9522032737731934,838,819,1885,1125
1338,137.0,feeder,0.9522039294242859,838,819,1885,1125
1339,137.0,feeder,0.9523337483406067,838,819,1885,1125
1340,137.0,feeder,0.9523516893386841,838,819,1885,1125
1341,137.0,feeder,0.952348530292511,838,819,1885,1125
1342,137.0,feeder,0.952284574508667,838,819,1885,1125
1343,137.0,feeder,0.9523070454597473,838,819,1885,1125
1344,137.0,feeder,0.9522837996482849,838,819,1886,1125
1345,137.0,feeder,0.9522882103919983,838,819,1886,1125
1346,137.0,feeder,0.9522631764411926,838,819,1886,1125
1347,137.0,feeder,0.9523028135299683,838,819,1886,1125
1348,137.0,feeder,0.9523106217384338,838,819,1886,1125
1349,137.0,feeder,0.9522973299026489,838,819,1886,1125
1350,137.0,feeder,0.9523886442184448,838,819,1886,1125
1351,137.0,feeder,0.9527671337127686,838,819,1885,1125
1352,137.0,feeder,0.9526589512825012,838,819,1885,1125
1353,137.0,feeder,0.9527202248573303,838,819,1885,1125
1354,137.0,feeder,0.9526699781417847,838,819,1885,1125
1355,137.0,feeder,0.9527122974395752,838,819,1885,1125
1356,137.0,feeder,0.9527039527893066,838,819,1885,1125
1357,137.0,feeder,0.9527242183685303,838,819,1885,1125
1358,137.0,feeder,0.9527250528335571,838,819,1886,1125
1359,137.0,feeder,0.9526257514953613,838,819,1886,1125
1360,137.0,feeder,0.9525726437568665,838,819,1886,1125
1361,137.0,feeder,0.9526202082633972,838,819,1885,1125
1362,137.0,feeder,0.9526246786117554,838,819,1885,1125
1363,137.0,feeder,0.9526146054267883,838,819,1885,1125
1364,137.0,feeder,0.9525903463363647,838,819,1885,1125
1365,137.0,feeder,0.9526740908622742,838,819,1885,1125
1366,137.0,feeder,0.9527148008346558,838,819,1886,1125
1367,137.0,feeder,0.9527739882469177,838,819,1886,1125
1368,137.0,feeder,0.9527246356010437,838,819,1886,1125
1369,137.0,feeder,0.9526629447937012,838,819,1886,1125
1370,137.0,feeder,0.9526787400245667,838,819,1886,1125
1371,137.0,feeder,0.9526927471160889,838,819,1886,1125
1372,137.0,feeder,0.9526800513267517,838,819,1886,1125
1373,137.0,feeder,0.9526788592338562,838,819,1886,1125
1374,137.0,feeder,0.9527052640914917,838,819,1886,1125
1375,137.0,feeder,0.9527183771133423,838,819,1886,1125
1376,137.0,feeder,0.9526966214179993,837,819,1886,1125
1377,137.0,feeder,0.9527214765548706,837,819,1886,1125
1378,137.0,feeder,0.9526929259300232,837,819,1886,1125
1379,137.0,feeder,0.9526606798171997,837,819,1886,1125
1380,137.0,feeder,0.9527055025100708,837,819,1886,1125
1381,137.0,feeder,0.9527132511138916,838,819,1885,1125
1382,137.0,feeder,0.952610194683075,838,819,1885,1125
1383,137.0,feeder,0.9526245594024658,838,819,1885,1126
1384,137.0,feeder,0.9526837468147278,838,819,1885,1126
1385,137.0,feeder,0.9527015686035156,838,819,1885,1126
1386,137.0,feeder,0.9526336193084717,838,819,1885,1126
1387,137.0,feeder,0.9526913166046143,838,819,1885,1126
1388,137.0,feeder,0.9527105689048767,838,819,1885,1126
1389,137.0,feeder,0.9527762532234192,838,819,1885,1126
1390,137.0,feeder,0.9527642130851746,838,819,1885,1125
1391,137.0,feeder,0.9527721405029297,838,819,1885,1125
1392,137.0,feeder,0.9527802467346191,838,819,1885,1125
1393,137.0,feeder,0.9527684450149536,838,819,1885,1125
1394,137.0,feeder,0.9527818560600281,838,819,1885,1125
1395,137.0,feeder,0.9528126120567322,838,819,1885,1125
1396,137.0,feeder,0.9528265595436096,838,819,1885,1125
1397,137.0,feeder,0.9527978897094727,837,819,1885,1125
1398,137.0,feeder,0.9527830481529236,837,819,1885,1125
1399,137.0,feeder,0.9527820944786072,837,819,1885,1125
1400,137.0,feeder,0.9528221487998962,837,819,1885,1125
1401,137.0,feeder,0.9527698755264282,837,819,1885,1125
1402,137.0,feeder,0.9527665376663208,837,819,1885,1125
1403,137.0,feeder,0.9527581930160522,837,819,1885,1125
1404,137.0,feeder,0.9527541995048523,837,819,1885,1125
1405,137.0,feeder,0.9527480006217957,838,819,1885,1125
1406,137.0,feeder,0.9527646899223328,838,819,1885,1125
1407,137.0,feeder,0.9527654051780701,838,819,1885,1125
1408,137.0,feeder,0.9527457356452942,838,819,1885,1125
1409,137.0,feeder,0.9527726769447327,838,819,1885,1125
1410,137.0,feeder,0.9527079463005066,838,819,1885,1125
1411,137.0,feeder,0.9525598883628845,838,819,1885,1125
1412,137.0,feeder,0.9525169134140015,838,819,1885,1125
1413,137.0,feeder,0.9525842070579529,838,819,1885,1125
1414,137.0,feeder,0.9526360034942627,838,819,1885,1125
1415,137.0,feeder,0.9526532292366028,838,819,1885,1125
1416,137.0,feeder,0.9527079463005066,838,818,1885,1125
1417,137.0,feeder,0.9526888132095337,838,818,1885,1125
1418,137.0,feeder,0.9526703357696533,838,818,1885,1125
1419,137.0,feeder,0.9526535272598267,838,818,1885,1125
1420,137.0,feeder,0.9526577591896057,838,818,1885,1125
1421,137.0,feeder,0.9527435898780823,838,818,1886,1125
1422,137.0,feeder,0.9527034163475037,838,818,1886,1125
1423,137.0,feeder,0.9526427388191223,838,818,1886,1125
1424,137.0,feeder,0.9526739120483398,838,818,1886,1125
1425,137.0,feeder,0.9526743292808533,838,818,1886,1125
1426,137.0,feeder,0.9525389671325684,837,819,1886,1125
1427,137.0,feeder,0.9525296092033386,837,819,1886,1125
1428,137.0,feeder,0.9525361657142639,837,819,1886,1125
1429,137.0,feeder,0.9526342749595642,837,819,1886,1125
1430,137.0,feeder,0.9525517821311951,837,819,1886,1126
1431,137.0,feeder,0.9525359869003296,837,819,1886,1126
1432,137.0,feeder,0.9525988101959229,837,819,1886,1125
1433,137.0,feeder,0.9526295065879822,837,819,1886,1125
1434,137.0,feeder,0.9527248740196228,837,819,1886,1126
1435,137.0,feeder,0.9527360796928406,837,819,1886,1126
1436,137.0,feeder,0.9527159929275513,837,819,1886,1126
1437,137.0,feeder,0.9527523517608643,837,819,1886,1126
1438,137.0,feeder,0.9526911973953247,837,819,1886,1125
1439,137.0,feeder,0.9527010321617126,837,819,1886,1126
1440,137.0,feeder,0.9527491927146912,837,819,1886,1126
1441,137.0,feeder,0.9526405930519104,838,819,1885,1125
1442,137.0,feeder,0.9526103734970093,838,819,1885,1125
1443,137.0,feeder,0.9527142643928528,838,819,1885,1125
1444,137.0,feeder,0.9526934623718262,838,819,1885,1125
1445,137.0,feeder,0.9527006149291992,838,819,1885,1125
1446,137.0,feeder,0.9527336359024048,839,819,1885,1125
1447,137.0,feeder,0.9527631402015686,839,819,1885,1125
1448,137.0,feeder,0.9527981281280518,839,819,1885,1125
1449,137.0,feeder,0.9527933597564697,839,819,1885,1125
1450,137.0,feeder,0.9528149962425232,839,819,1885,1125
1451,137.0,feeder,0.9528695344924927,839,819,1885,1125
1452,137.0,feeder,0.9528766870498657,839,819,1885,1125
1453,137.0,feeder,0.9528593420982361,838,819,1885,1125
1454,137.0,feeder,0.9528127312660217,838,819,1885,1125
1455,137.0,feeder,0.9528138041496277,838,819,1885,1125
1456,137.0,feeder,0.9527785181999207,838,819,1885,1125
1457,137.0,feeder,0.9528023600578308,838,819,1885,1125
1458,137.0,feeder,0.9528964161872864,837,819,1886,1125
1459,137.0,feeder,0.9528781175613403,837,819,1886,1125
1460,137.0,feeder,0.9529041647911072,837,819,1886,1125
1461,137.0,feeder,0.9529772400856018,837,819,1886,1125
1462,137.0,feeder,0.952984631061554,837,819,1886,1125
1463,137.0,feeder,0.9529809355735779,837,819,1886,1125
1464,137.0,feeder,0.953008770942688,837,819,1886,1125
1465,137.0,feeder,0.953062891960144,837,819,1886,1125
1466,137.0,feeder,0.9530520439147949,837,819,1885,1125
1467,137.0,feeder,0.9530012011528015,837,819,1885,1125
1468,137.0,feeder,0.9530073404312134,837,818,1885,1125
1469,137.0,feeder,0.9529207348823547,837,819,1885,1125
1470,137.0,feeder,0.9528647661209106,837,819,1885,1125
1471,137.0,feeder,0.9525903463363647,838,819,1885,1125
1472,137.0,feeder,0.9525771737098694,838,819,1885,1125
1473,137.0,feeder,0.9527059197425842,838,819,1885,1125
1474,137.0,feeder,0.9526874423027039,838,819,1885,1125
1475,137.0,feeder,0.9526873230934143,838,819,1885,1125
1476,137.0,feeder,0.9525578022003174,838,819,1885,1125
1477,137.0,feeder,0.9525846242904663,838,819,1884,1125
1478,137.0,feeder,0.9526543021202087,838,819,1884,1125
1479,137.0,feeder,0.9527052640914917,838,819,1885,1125
1480,137.0,feeder,0.9527196884155273,838,819,1884,1125
1481,137.0,feeder,0.9527304768562317,838,819,1885,1125
1482,137.0,feeder,0.9527369737625122,838,819,1884,1125
1483,137.0,feeder,0.9527270197868347,838,819,1885,1125
1484,137.0,feeder,0.9527254104614258,838,819,1885,1125
1485,137.0,feeder,0.9526892304420471,838,819,1885,1125
1486,137.0,feeder,0.9528471231460571,838,819,1885,1125
1487,137.0,feeder,0.9528183341026306,838,819,1885,1125
1488,137.0,feeder,0.9528726935386658,838,818,1886,1125
1489,137.0,feeder,0.9529238939285278,838,818,1886,1125
1490,137.0,feeder,0.9528805613517761,838,818,1885,1125
1491,137.0,feeder,0.9528646469116211,838,818,1885,1125
1492,137.0,feeder,0.9527667164802551,838,818,1885,1125
1493,137.0,feeder,0.9527674913406372,838,818,1885,1125
1494,137.0,feeder,0.9527934789657593,838,818,1885,1125
1495,137.0,feeder,0.9528191089630127,838,818,1885,1125
1496,137.0,feeder,0.9527710676193237,838,819,1885,1125
1497,137.0,feeder,0.9527339339256287,838,819,1885,1125
1498,137.0,feeder,0.9526172876358032,838,819,1885,1125
1499,137.0,feeder,0.9526197910308838,838,819,1885,1125
1500,137.0,feeder,0.9526842832565308,838,819,1886,1125
1501,137.0,feeder,0.9527441263198853,838,819,1886,1126
1502,137.0,feeder,0.9527764916419983,838,819,1886,1126
1503,137.0,feeder,0.9527894854545593,838,819,1886,1126
1504,137.0,feeder,0.9528603553771973,838,819,1886,1126
1505,137.0,feeder,0.9528293013572693,838,819,1886,1126
1506,137.0,feeder,0.9528605341911316,838,819,1886,1126
1507,137.0,feeder,0.9528672695159912,838,819,1886,1126
1508,137.0,feeder,0.9528639316558838,838,819,1886,1126
1509,137.0,feeder,0.9528944492340088,837,819,1886,1126
1510,137.0,feeder,0.9528433680534363,837,819,1886,1125
1511,137.0,feeder,0.9527857899665833,837,819,1885,1125
1512,137.0,feeder,0.9527941942214966,837,819,1885,1125
1513,137.0,feeder,0.9527409672737122,837,819,1885,1125
1514,137.0,feeder,0.9526658654212952,837,819,1886,1125
1515,137.0,feeder,0.9526897072792053,837,819,1886,1125
1516,137.0,feeder,0.9527308344841003,838,819,1885,1125
1517,137.0,feeder,0.9528370499610901,838,819,1885,1125
1518,137.0,feeder,0.9528766870498657,838,819,1885,1125
1519,137.0,feeder,0.9529671669006348,838,819,1885,1125
1520,137.0,feeder,0.9529427289962769,838,819,1885,1125
1521,137.0,feeder,0.9529171586036682,838,819,1885,1125
1522,137.0,feeder,0.9529225826263428,838,819,1885,1125
1523,137.0,feeder,0.9529109001159668,838,819,1885,1125
1524,137.0,feeder,0.9529305100440979,838,819,1885,1125
1525,137.0,feeder,0.9529380798339844,838,819,1885,1125
1526,137.0,feeder,0.9529579877853394,838,819,1885,1125
1527,137.0,feeder,0.9529169797897339,838,819,1885,1125
1528,137.0,feeder,0.9528945684432983,838,819,1885,1125
1529,137.0,feeder,0.9529229998588562,838,819,1885,1125
1530,137.0,feeder,0.9529805183410645,838,819,1885,1125
1531,137.0,feeder,0.9528682231903076,838,819,1885,1125
1532,137.0,feeder,0.9529398083686829,838,819,1885,1125
1533,137.0,feeder,0.9528738856315613,838,819,1885,1125
1534,137.0,feeder,0.9528056979179382,838,819,1885,1125
1535,137.0,feeder,0.9528536200523376,838,819,1885,1125
1536,137.0,feeder,0.9528535008430481,838,819,1885,1125
1537,137.0,feeder,0.9528530836105347,838,819,1885,1125
1538,137.0,feeder,0.9528332948684692,838,819,1885,1126
1539,137.0,feeder,0.943625271320343,841,819,1884,1126
1540,137.0,feeder,0.7023916840553284,851,818,1882,1125
1541,137.0,feeder,0.188618466258049,855,818,1882,1123
1542,137.0,feeder,0.13687710464000702,853,808,1878,1123
1543,137.0,feeder,0.22548680007457733,855,803,1876,1122
1543,256.0,bt,0.785625159740448,536,981,782,1182
1544,137.0,feeder,0.5139867663383484,856,803,1876,1121
1545,,bt,0.7364439368247986,653,885,872,1063
1545,,gt,0.3679850697517395,653,883,874,1061
1546,137.0,feeder,0.9528264403343201,842,815,1882,1124
1547,137.0,feeder,0.9414780735969543,849,810,1880,1121
1548,137.0,feeder,0.9455627202987671,852,808,1877,1120
1549,137.0,feeder,0.9474067091941833,852,808,1876,1120
1549,261.0,gt,0.8022732734680176,1006,801,1132,930
1550,137.0,feeder,0.9477651715278625,852,808,1876,1120
1550,261.0,gt,0.7841431498527527,1012,798,1137,924
1551,137.0,feeder,0.9478229880332947,852,808,1876,1120
1551,261.0,gt,0.7771142721176147,1016,795,1141,924
1552,137.0,feeder,0.9477471113204956,852,808,1876,1120
1552,261.0,gt,0.7815569043159485,1016,795,1141,924
1553,137.0,feeder,0.9478393793106079,852,808,1876,1120
1553,261.0,gt,0.778789222240448,1016,795,1144,925
1554,137.0,feeder,0.946254312992096,853,809,1876,1120
1554,261.0,gt,0.8320075273513794,998,733,1149,926
1555,137.0,feeder,0.9468847513198853,852,809,1876,1120
1555,261.0,gt,0.8289095163345337,1022,744,1144,927
1556,137.0,feeder,0.9468110799789429,852,809,1876,1120
1556,261.0,gt,0.8278218507766724,1036,751,1144,927
1557,137.0,feeder,0.9467930197715759,852,809,1876,1120
1557,261.0,gt,0.8336376547813416,1041,754,1144,927
1558,137.0,feeder,0.9467262625694275,852,809,1876,1120
1558,261.0,gt,0.8400015234947205,1042,755,1144,927
1559,137.0,feeder,0.9468288421630859,852,809,1876,1120
1559,261.0,gt,0.8445433974266052,1042,754,1144,927
1560,137.0,feeder,0.9468092918395996,852,809,1876,1120
1560,261.0,gt,0.8452099561691284,1042,754,1144,927
1561,137.0,feeder,0.946515679359436,852,809,1876,1120
1561,261.0,gt,0.8487526774406433,1043,753,1144,927
1562,137.0,feeder,0.9465515613555908,852,809,1876,1120
1562,261.0,gt,0.8478325009346008,1043,753,1144,927
1563,137.0,feeder,0.9463370442390442,852,809,1876,1120
1563,261.0,gt,0.8389797806739807,1044,754,1142,926
1564,137.0,feeder,0.9461599588394165,852,808,1876,1120
1564,261.0,gt,0.8182282447814941,1044,760,1142,926
1565,137.0,feeder,0.9461206793785095,852,808,1876,1120
1565,261.0,gt,0.8176155686378479,1044,763,1141,926
1566,137.0,feeder,0.9461603164672852,852,808,1876,1120
1566,261.0,gt,0.8161140084266663,1044,764,1141,926
1567,137.0,feeder,0.9460893273353577,852,808,1876,1120
1567,261.0,gt,0.8176767826080322,1044,765,1141,926
1568,137.0,feeder,0.9461722373962402,852,808,1876,1120
1568,261.0,gt,0.8180128335952759,1043,765,1140,926
1569,137.0,feeder,0.9466651082038879,852,809,1876,1120
1569,261.0,gt,0.8131666779518127,1039,760,1141,927
1570,137.0,feeder,0.9463074803352356,852,808,1876,1120
1570,261.0,gt,0.869988203048706,987,757,1165,926
1571,137.0,feeder,0.946177065372467,852,808,1876,1120
1571,261.0,gt,0.8622266054153442,962,755,1177,924
1572,137.0,feeder,0.9459978938102722,852,808,1876,1120
1572,261.0,gt,0.862561821937561,949,754,1182,924
1573,137.0,feeder,0.9460814595222473,852,808,1876,1120
1573,261.0,gt,0.8614180684089661,944,754,1184,923
1574,137.0,feeder,0.9458997845649719,852,808,1876,1120
1574,261.0,gt,0.860859215259552,942,754,1186,922
1575,137.0,feeder,0.9459555745124817,852,808,1876,1120
1575,261.0,gt,0.8598082065582275,943,754,1186,922
1576,137.0,feeder,0.9455764889717102,853,809,1876,1120
1576,261.0,gt,0.8624902963638306,942,754,1186,923
1577,137.0,feeder,0.9456655979156494,853,809,1876,1120
1577,261.0,gt,0.862482488155365,942,754,1186,924
1578,137.0,feeder,0.9456632733345032,853,809,1876,1120
1578,261.0,gt,0.8631298542022705,943,753,1186,924
1579,137.0,feeder,0.9456731677055359,853,809,1876,1119
1579,261.0,gt,0.8635706901550293,944,753,1186,924
1580,137.0,feeder,0.9457001090049744,853,809,1876,1120
1580,261.0,gt,0.864007294178009,944,753,1186,924
1581,137.0,feeder,0.9457687139511108,853,809,1876,1120
1581,261.0,gt,0.8640938997268677,946,753,1186,924
1582,137.0,feeder,0.9458664059638977,853,809,1876,1119
1582,261.0,gt,0.8678322434425354,948,752,1186,924
1583,137.0,feeder,0.9458231925964355,853,808,1876,1120
1583,261.0,gt,0.865083634853363,945,751,1191,924
1584,137.0,feeder,0.9458627700805664,853,808,1876,1120
1584,261.0,gt,0.8656634092330933,943,751,1193,923
1585,137.0,feeder,0.945889413356781,853,808,1876,1120
1585,261.0,gt,0.8670137524604797,943,751,1193,923
1586,137.0,feeder,0.9459294080734253,853,809,1876,1120
1586,261.0,gt,0.8661662340164185,944,751,1192,924
1587,137.0,feeder,0.9459711313247681,853,808,1876,1120
1587,261.0,gt,0.8655601143836975,943,751,1191,923
1588,137.0,feeder,0.9459915161132812,853,808,1876,1120
1588,261.0,gt,0.8628612756729126,944,751,1190,923
1589,137.0,feeder,0.9438929557800293,854,809,1876,1119
1589,261.0,gt,0.8190832734107971,977,681,1198,926
1590,137.0,feeder,0.9469028115272522,853,809,1876,1120
1590,261.0,gt,0.83835768699646,979,718,1236,917
1591,137.0,feeder,0.9443865418434143,853,810,1875,1121
1591,261.0,gt,0.8470008373260498,1032,733,1279,901
1592,137.0,feeder,0.9448657631874084,854,811,1875,1121
1592,261.0,gt,0.8685354590415955,1071,750,1329,902
1593,137.0,feeder,0.9465787410736084,854,812,1875,1121
1593,261.0,gt,0.8485708832740784,1126,764,1367,907
1594,137.0,feeder,0.9463059902191162,853,812,1875,1121
1594,261.0,gt,0.8815703988075256,1161,760,1385,907
1595,137.0,feeder,0.9459779262542725,853,812,1875,1121
1595,261.0,gt,0.8707273602485657,1181,759,1391,906
1596,137.0,feeder,0.9458658695220947,853,812,1875,1121
1596,261.0,gt,0.8672995567321777,1189,758,1392,907
1597,137.0,feeder,0.9457066655158997,853,812,1875,1121
1597,261.0,gt,0.8640593886375427,1191,758,1393,908
1598,137.0,feeder,0.9460065364837646,853,812,1875,1121
1598,261.0,gt,0.8717567920684814,1191,757,1392,908
1599,137.0,feeder,0.9458504915237427,853,812,1875,1121
1599,261.0,gt,0.8618741035461426,1194,758,1392,909
1600,137.0,feeder,0.9457674026489258,853,812,1875,1121
1600,261.0,gt,0.8574479818344116,1196,760,1392,909
1601,137.0,feeder,0.9459442496299744,853,812,1875,1121
1601,261.0,gt,0.868061900138855,1198,759,1392,910
1602,137.0,feeder,0.9463329911231995,853,812,1875,1121
1602,261.0,gt,0.8631093502044678,1198,762,1395,910
1603,137.0,feeder,0.9463447332382202,853,812,1875,1121
1603,261.0,gt,0.8514498472213745,1200,766,1401,911
1604,137.0,feeder,0.946039617061615,853,812,1875,1121
1604,261.0,gt,0.8574701547622681,1199,770,1409,910
1605,137.0,feeder,0.9466769695281982,853,812,1875,1121
1605,261.0,gt,0.8768588900566101,1204,769,1412,911
1606,137.0,feeder,0.9468164443969727,852,813,1875,1121
1606,261.0,gt,0.8714828491210938,1209,771,1412,910
1607,137.0,feeder,0.9467614889144897,852,813,1875,1121
1607,261.0,gt,0.8721892237663269,1211,772,1412,910
1608,137.0,feeder,0.946973443031311,852,813,1875,1121
1608,261.0,gt,0.880117654800415,1211,771,1411,910
1609,137.0,feeder,0.9469231963157654,852,813,1875,1121
1609,261.0,gt,0.8669848442077637,1206,770,1414,910
1610,137.0,feeder,0.9468873739242554,852,813,1875,1122
1610,261.0,gt,0.872206449508667,1210,770,1414,910
1611,137.0,feeder,0.9468700885772705,852,813,1875,1122
1611,261.0,gt,0.8722525238990784,1210,770,1419,910
1612,137.0,feeder,0.9470762014389038,852,813,1875,1122
1612,261.0,gt,0.8865370750427246,1207,768,1415,910
1613,137.0,feeder,0.9471843242645264,852,813,1875,1121
1613,261.0,gt,0.8992754817008972,1205,763,1409,910
1614,137.0,feeder,0.9471233487129211,852,813,1875,1121
1614,261.0,gt,0.895095944404602,1204,761,1404,910
1615,137.0,feeder,0.9471435546875,852,813,1875,1121
1615,261.0,gt,0.8932251334190369,1205,759,1402,910
1616,137.0,feeder,0.9471073150634766,852,813,1875,1121
1616,261.0,gt,0.8936907649040222,1205,759,1401,910
1617,137.0,feeder,0.9467294216156006,852,813,1875,1121
1617,261.0,gt,0.897826075553894,1196,758,1417,911
1618,137.0,feeder,0.9462693929672241,853,813,1875,1121
1618,261.0,gt,0.8567713499069214,1177,746,1425,911
1619,137.0,feeder,0.9466646909713745,852,813,1875,1121
1619,261.0,gt,0.8910776972770691,1160,744,1425,909
1620,137.0,feeder,0.9466877579689026,852,813,1875,1121
1620,261.0,gt,0.8867507576942444,1153,743,1425,908
1621,137.0,feeder,0.9466215372085571,852,813,1875,1121
1621,261.0,gt,0.8932787179946899,1151,741,1427,908
1622,137.0,feeder,0.9467450380325317,852,813,1875,1121
1622,261.0,gt,0.8934175968170166,1151,740,1427,908
1623,137.0,feeder,0.9467582106590271,852,813,1875,1121
1623,261.0,gt,0.8914205431938171,1150,740,1427,909
1624,137.0,feeder,0.9468692541122437,852,813,1875,1121
1624,261.0,gt,0.8914796710014343,1151,740,1427,909
1625,137.0,feeder,0.9463549852371216,852,813,1875,1121
1625,261.0,gt,0.8712596297264099,1160,741,1430,907
1626,137.0,feeder,0.9451618194580078,852,813,1875,1122
1626,261.0,gt,0.8349957466125488,1171,741,1415,896
1627,137.0,feeder,0.943795919418335,852,813,1875,1121
1627,261.0,gt,0.8222057223320007,1205,747,1406,895
1628,137.0,feeder,0.9434710741043091,852,813,1875,1121
1628,261.0,gt,0.7695536017417908,1246,742,1402,895
1629,137.0,feeder,0.9439595341682434,852,813,1875,1121
1629,261.0,gt,0.778628945350647,1271,741,1400,895
1630,137.0,feeder,0.9443206191062927,853,813,1875,1121
1630,261.0,gt,0.7876689434051514,1284,744,1399,895
1631,137.0,feeder,0.9444907307624817,853,813,1875,1121
1631,261.0,gt,0.7916877865791321,1287,745,1398,895
1632,137.0,feeder,0.9447054862976074,852,813,1875,1121
1632,261.0,gt,0.778093695640564,1288,752,1398,895
1633,137.0,feeder,0.9447363615036011,852,813,1875,1121
1633,261.0,gt,0.7804955840110779,1286,753,1399,895
1634,137.0,feeder,0.9446064829826355,853,813,1875,1121
1634,261.0,gt,0.7756438255310059,1288,756,1399,895
1635,137.0,feeder,0.9444908499717712,853,813,1875,1121
1635,261.0,gt,0.7733133435249329,1291,759,1399,894
1636,137.0,feeder,0.9437910914421082,853,813,1875,1121
1636,261.0,gt,0.7799739241600037,1291,763,1399,894
1637,137.0,feeder,0.9442291259765625,853,813,1875,1121
1637,261.0,gt,0.7836646437644958,1293,765,1398,894
1638,137.0,feeder,0.944233775138855,853,813,1875,1121
1638,261.0,gt,0.7832305431365967,1293,767,1398,894
1639,137.0,feeder,0.9441905617713928,853,813,1875,1121
1639,261.0,gt,0.7836528420448303,1293,767,1397,894
1640,137.0,feeder,0.9441491961479187,853,813,1875,1121
1640,261.0,gt,0.7850475311279297,1293,767,1397,895
1641,137.0,feeder,0.9440814256668091,853,813,1875,1121
1641,261.0,gt,0.7845354676246643,1292,767,1397,895
1642,137.0,feeder,0.9440598487854004,853,813,1875,1121
1642,261.0,gt,0.7797691226005554,1292,767,1398,894
1643,137.0,feeder,0.9430457353591919,853,813,1875,1121
1643,261.0,gt,0.8185868859291077,1290,731,1404,898
1644,137.0,feeder,0.9356951713562012,854,813,1875,1121
1644,261.0,gt,0.74849933385849,1241,715,1394,904
1645,137.0,feeder,0.31260183453559875,858,813,1881,1122
1645,261.0,gt,0.4799504280090332,1187,706,1378,899
1646,137.0,feeder,0.860480785369873,857,809,1878,1121
1647,137.0,feeder,0.3303166627883911,849,816,1881,1124
1648,137.0,feeder,0.949903130531311,842,819,1884,1124
1649,137.0,feeder,0.5207235217094421,848,819,1883,1125
1650,,bt,0.7946234941482544,588,743,767,848
1651,137.0,feeder,0.8118525147438049,850,820,1883,1126
1652,137.0,feeder,0.9501901268959045,842,819,1885,1126
1653,137.0,feeder,0.9522335529327393,839,819,1885,1126
1654,137.0,feeder,0.9530744552612305,837,819,1885,1126
1655,137.0,feeder,0.9530555605888367,837,819,1885,1125
1656,137.0,feeder,0.953034520149231,837,819,1885,1125
1657,137.0,feeder,0.9530099630355835,837,819,1885,1125
1658,137.0,feeder,0.953074038028717,837,819,1885,1125
1659,137.0,feeder,0.9530420899391174,837,819,1885,1125
1660,137.0,feeder,0.9530357122421265,837,819,1885,1126
1661,137.0,feeder,0.9529878497123718,837,819,1885,1126
1662,137.0,feeder,0.9530417919158936,837,819,1885,1126
1663,137.0,feeder,0.9530736207962036,837,819,1885,1126
1664,137.0,feeder,0.9530797004699707,837,819,1885,1125
1665,137.0,feeder,0.9530033469200134,837,819,1885,1125
1666,137.0,feeder,0.9526990056037903,837,819,1885,1125
1667,137.0,feeder,0.9526610970497131,837,819,1885,1125
1668,137.0,feeder,0.9526270627975464,837,819,1885,1125
1669,137.0,feeder,0.9526679515838623,837,819,1885,1125
1670,137.0,feeder,0.9526335597038269,837,819,1885,1125
1671,137.0,feeder,0.9525619149208069,837,819,1885,1125
1672,137.0,feeder,0.9525229930877686,837,819,1885,1125
1673,137.0,feeder,0.9526022672653198,837,819,1885,1125
1674,137.0,feeder,0.9526483416557312,837,819,1885,1125
1675,137.0,feeder,0.9525632262229919,838,819,1885,1125
1676,137.0,feeder,0.9526264071464539,838,819,1885,1125
1677,137.0,feeder,0.9526875019073486,838,819,1885,1125
1678,137.0,feeder,0.9527285099029541,838,819,1885,1125
1679,137.0,feeder,0.9527485370635986,838,819,1885,1125
1680,137.0,feeder,0.9527259469032288,838,819,1885,1125
1681,137.0,feeder,0.9528431296348572,838,818,1885,1125
1682,137.0,feeder,0.9528638124465942,838,818,1885,1125
1683,137.0,feeder,0.9530367851257324,838,818,1885,1125
1684,137.0,feeder,0.9530088901519775,838,818,1885,1125
1685,137.0,feeder,0.9529748558998108,838,818,1884,1125
1686,137.0,feeder,0.9530068039894104,838,818,1884,1125
1687,137.0,feeder,0.9529507160186768,837,818,1884,1125
1688,137.0,feeder,0.952989935874939,837,818,1884,1125
1689,137.0,feeder,0.9529452919960022,837,819,1884,1125
1690,137.0,feeder,0.9529461860656738,838,819,1884,1125
1691,137.0,feeder,0.9528817534446716,838,819,1884,1125
1692,137.0,feeder,0.9528520107269287,838,819,1884,1125
1693,137.0,feeder,0.9528698921203613,838,819,1884,1125
1694,137.0,feeder,0.9528993368148804,838,819,1884,1125
1695,137.0,feeder,0.9528907537460327,838,819,1884,1125
1696,137.0,feeder,0.9525389671325684,837,819,1885,1125
1697,137.0,feeder,0.9524509310722351,837,819,1885,1125
1698,137.0,feeder,0.9525426626205444,837,819,1885,1125
1699,137.0,feeder,0.9524701237678528,837,819,1885,1125
1700,137.0,feeder,0.9524518251419067,837,819,1885,1125
1701,137.0,feeder,0.9524530172348022,837,819,1885,1125
1702,137.0,feeder,0.9524895548820496,837,819,1885,1125
1703,137.0,feeder,0.952508807182312,837,819,1885,1125
1704,137.0,feeder,0.9524452090263367,837,819,1885,1125
1705,137.0,feeder,0.9525545835494995,837,819,1885,1125
1706,137.0,feeder,0.9525236487388611,837,819,1885,1125
1707,137.0,feeder,0.9524952173233032,837,819,1885,1125
1708,137.0,feeder,0.952587366104126,837,819,1885,1125
1709,137.0,feeder,0.9525948166847229,837,819,1885,1125
1710,137.0,feeder,0.9526256322860718,837,819,1885,1125
1711,137.0,feeder,0.953030526638031,838,819,1885,1125
1712,137.0,feeder,0.9529736638069153,838,819,1885,1125
1713,137.0,feeder,0.9529762864112854,838,819,1885,1125
1714,137.0,feeder,0.9529728293418884,838,819,1885,1125
1715,137.0,feeder,0.9529725909233093,838,819,1885,1125
1716,137.0,feeder,0.9530248641967773,838,819,1885,1125
1717,137.0,feeder,0.9529732465744019,837,819,1885,1125
1718,137.0,feeder,0.9529697895050049,837,819,1885,1125
1719,137.0,feeder,0.9529989957809448,837,819,1885,1125
1720,137.0,feeder,0.9529309272766113,837,819,1885,1125
1721,137.0,feeder,0.9529387950897217,838,819,1885,1125
1722,137.0,feeder,0.9529404640197754,838,819,1885,1125
1723,137.0,feeder,0.9529111981391907,838,819,1885,1125
1724,137.0,feeder,0.9529461860656738,838,819,1885,1125
1725,137.0,feeder,0.9529182314872742,838,819,1885,1125
1726,137.0,feeder,0.9527350068092346,838,819,1886,1125
1727,137.0,feeder,0.9527561068534851,839,819,1886,1125
1728,137.0,feeder,0.9527323246002197,839,819,1886,1125
1729,137.0,feeder,0.9527202248573303,839,819,1886,1125
1730,137.0,feeder,0.9528119564056396,838,819,1886,1125
1731,137.0,feeder,0.9528395533561707,838,819,1886,1125
1732,137.0,feeder,0.9528403282165527,838,819,1886,1125
1733,137.0,feeder,0.9528180360794067,838,819,1886,1125
1734,137.0,feeder,0.9527986645698547,838,819,1886,1125
1735,137.0,feeder,0.9527922868728638,838,819,1886,1125
1736,137.0,feeder,0.9528003931045532,838,819,1886,1125
1737,137.0,feeder,0.9528332948684692,838,819,1886,1125
1738,137.0,feeder,0.9528902173042297,838,819,1886,1125
1739,137.0,feeder,0.9528566598892212,838,819,1886,1125
1740,137.0,feeder,0.9528549313545227,838,819,1886,1125
1741,137.0,feeder,0.9528383612632751,838,819,1885,1125
1742,137.0,feeder,0.9527791738510132,838,819,1885,1125
1743,137.0,feeder,0.9526621103286743,837,819,1885,1125
1744,137.0,feeder,0.9526816606521606,837,819,1885,1125
1745,137.0,feeder,0.9527029991149902,837,819,1885,1125
1746,137.0,feeder,0.9526469707489014,837,819,1885,1125
1747,137.0,feeder,0.9526804685592651,837,819,1885,1125
1748,137.0,feeder,0.9526396989822388,837,819,1885,1125
1749,137.0,feeder,0.9526323676109314,837,819,1885,1125
1750,137.0,feeder,0.9526056051254272,837,819,1885,1125
1751,137.0,feeder,0.9525671005249023,837,819,1885,1125
1752,137.0,feeder,0.952553391456604,837,819,1885,1125
1753,137.0,feeder,0.9525575041770935,837,819,1885,1125
1754,137.0,feeder,0.9525668025016785,837,819,1885,1125
1755,137.0,feeder,0.952515184879303,837,819,1885,1125
1756,137.0,feeder,0.9529119729995728,838,819,1885,1125
1757,137.0,feeder,0.9529235363006592,838,819,1885,1125
1758,137.0,feeder,0.9528619647026062,838,819,1885,1125
1759,137.0,feeder,0.9529129266738892,838,819,1885,1125
1760,137.0,feeder,0.9528861045837402,838,819,1885,1125
1761,137.0,feeder,0.9529085159301758,838,819,1885,1125
1762,137.0,feeder,0.9528917074203491,838,819,1885,1125
1763,137.0,feeder,0.9528561234474182,838,819,1885,1125
1764,137.0,feeder,0.9528177976608276,838,819,1885,1125
1765,137.0,feeder,0.9527832865715027,838,819,1885,1125
1766,137.0,feeder,0.9527894854545593,838,819,1885,1125
1767,137.0,feeder,0.9528300166130066,838,819,1885,1125
1768,137.0,feeder,0.9528163075447083,838,819,1885,1125
1769,137.0,feeder,0.9528488516807556,838,819,1885,1125
1770,137.0,feeder,0.9528738856315613,838,819,1885,1125
1771,137.0,feeder,0.9528368711471558,838,819,1885,1125
1772,137.0,feeder,0.9528764486312866,838,819,1885,1125
1773,137.0,feeder,0.9528447389602661,838,819,1885,1125
1774,137.0,feeder,0.9528211355209351,838,819,1885,1125
1775,137.0,feeder,0.9528378248214722,838,819,1885,1125
1776,137.0,feeder,0.9527430534362793,838,819,1884,1125
1777,137.0,feeder,0.9527607560157776,838,819,1884,1125
1778,137.0,feeder,0.9527880549430847,838,819,1884,1125
1779,137.0,feeder,0.9528064727783203,838,819,1885,1125
1780,137.0,feeder,0.9527692198753357,838,819,1885,1125
1781,137.0,feeder,0.9527319073677063,838,819,1885,1125
1782,137.0,feeder,0.9527214169502258,838,819,1884,1125
1783,137.0,feeder,0.9526805877685547,838,819,1884,1125
1784,137.0,feeder,0.9526396989822388,838,819,1884,1125
1785,137.0,feeder,0.9526824355125427,837,819,1884,1125
1786,137.0,feeder,0.9529826641082764,837,819,1885,1125
1787,137.0,feeder,0.9529988169670105,837,819,1886,1125
1788,137.0,feeder,0.9531037211418152,837,819,1886,1125
1789,137.0,feeder,0.9530525803565979,837,819,1886,1125
1790,137.0,feeder,0.9530172944068909,837,819,1886,1125
1791,137.0,feeder,0.9529595971107483,837,819,1886,1125
1792,137.0,feeder,0.9528931379318237,837,819,1886,1125
1793,137.0,feeder,0.9529404640197754,837,819,1886,1125
1794,137.0,feeder,0.9529575705528259,837,819,1886,1125
1795,137.0,feeder,0.9529028534889221,837,819,1886,1125
1796,137.0,feeder,0.9529219269752502,837,819,1886,1125
1797,137.0,feeder,0.9529243111610413,837,819,1886,1125
1798,137.0,feeder,0.9528909921646118,837,819,1886,1125
1799,137.0,feeder,0.9528304934501648,837,819,1886,1125
1800,137.0,feeder,0.9528155326843262,837,819,1886,1125
1801,137.0,feeder,0.9525741338729858,838,819,1885,1125
1802,137.0,feeder,0.9525092244148254,838,819,1885,1125
1803,137.0,feeder,0.9524867534637451,838,819,1885,1125
1804,137.0,feeder,0.9525361657142639,838,819,1885,1125
1805,137.0,feeder,0.9525556564331055,838,819,1885,1125
1806,137.0,feeder,0.9527388215065002,838,819,1885,1125
1807,137.0,feeder,0.9526874423027039,837,819,1885,1125
1808,137.0,feeder,0.9526889324188232,837,819,1885,1125
1809,137.0,feeder,0.9526979923248291,837,819,1885,1125
1810,137.0,feeder,0.9527223706245422,838,819,1885,1125
1811,137.0,feeder,0.9526910781860352,838,819,1885,1125
1812,137.0,feeder,0.9526394605636597,838,819,1885,1125
1813,137.0,feeder,0.9527308940887451,838,819,1885,1125
1814,137.0,feeder,0.9527316689491272,838,819,1885,1125
1815,137.0,feeder,0.9527766704559326,838,819,1885,1125
1816,137.0,feeder,0.9530184864997864,838,819,1885,1125
1817,137.0,feeder,0.9530835747718811,838,819,1885,1125
1818,137.0,feeder,0.9529938101768494,838,819,1886,1125
1819,137.0,feeder,0.9529765248298645,838,818,1885,1125
1820,137.0,feeder,0.9530289173126221,838,818,1886,1125
1821,137.0,feeder,0.953079879283905,838,818,1886,1125
1822,137.0,feeder,0.9530848860740662,837,818,1886,1125
1823,137.0,feeder,0.95301753282547,837,818,1886,1125
1824,137.0,feeder,0.9529602527618408,837,818,1886,1125
1825,137.0,feeder,0.9529797434806824,838,819,1886,1125
1826,137.0,feeder,0.9528944492340088,838,819,1886,1125
1827,137.0,feeder,0.9529107809066772,838,819,1886,1125
1828,137.0,feeder,0.9528911113739014,838,819,1885,1125
1829,137.0,feeder,0.9529244303703308,838,819,1885,1125
1830,137.0,feeder,0.9528879523277283,838,819,1885,1125
1831,137.0,feeder,0.9527692198753357,838,819,1886,1125
1832,137.0,feeder,0.9528377056121826,837,819,1886,1125
1833,137.0,feeder,0.9528471231460571,838,819,1886,1125
1834,137.0,feeder,0.9528358578681946,838,819,1886,1125
1835,137.0,feeder,0.9529826641082764,837,819,1886,1125
1836,137.0,feeder,0.9529281258583069,837,819,1886,1125
1837,137.0,feeder,0.9528977870941162,837,819,1886,1125
1838,137.0,feeder,0.9528231024742126,837,819,1886,1125
1839,137.0,feeder,0.9527651071548462,837,819,1886,1125
1840,137.0,feeder,0.9527612328529358,837,819,1885,1125
1841,137.0,feeder,0.9527156352996826,837,819,1885,1125
1842,137.0,feeder,0.9527407884597778,837,819,1885,1125
1843,137.0,feeder,0.9527530074119568,837,819,1885,1125
1844,137.0,feeder,0.9527255296707153,837,819,1885,1125
1845,137.0,feeder,0.9527044296264648,837,819,1885,1125
1846,137.0,feeder,0.9524284601211548,838,819,1886,1125
1847,137.0,feeder,0.9523794651031494,838,819,1886,1125
1848,137.0,feeder,0.9522499442100525,838,819,1885,1125
1849,137.0,feeder,0.9523360133171082,838,819,1885,1125
1850,137.0,feeder,0.9523071646690369,838,819,1886,1125
1851,137.0,feeder,0.9523519277572632,838,819,1886,1125
1852,137.0,feeder,0.9523198008537292,838,819,1886,1125
1853,137.0,feeder,0.9523319005966187,838,819,1886,1125
1854,137.0,feeder,0.9523226022720337,838,819,1886,1125
1855,137.0,feeder,0.9524771571159363,838,819,1886,1125
1856,137.0,feeder,0.9525540471076965,838,819,1886,1125
1857,137.0,feeder,0.952531099319458,838,819,1886,1125
1858,137.0,feeder,0.9524735808372498,838,819,1886,1125
1859,137.0,feeder,0.9524700045585632,838,819,1886,1125
1860,137.0,feeder,0.9525371789932251,838,819,1886,1125
1861,137.0,feeder,0.9526099562644958,838,819,1885,1125
1862,137.0,feeder,0.9527114629745483,838,819,1885,1125
1863,137.0,feeder,0.9527990818023682,838,819,1885,1125
1864,137.0,feeder,0.9527791738510132,838,819,1885,1125
1865,137.0,feeder,0.9528076648712158,838,819,1885,1125
1866,137.0,feeder,0.9527376294136047,838,819,1885,1125
1867,137.0,feeder,0.9527575373649597,838,819,1885,1125
1868,137.0,feeder,0.9527782797813416,838,819,1885,1125
1869,137.0,feeder,0.9528260231018066,838,819,1885,1125
1870,137.0,feeder,0.9527882933616638,838,819,1885,1125
1871,137.0,feeder,0.9527269005775452,838,819,1885,1125
1872,137.0,feeder,0.9526656866073608,838,819,1886,1125
1873,137.0,feeder,0.9527255892753601,838,819,1886,1125
1874,137.0,feeder,0.9527656435966492,838,819,1886,1125
1875,137.0,feeder,0.9527580738067627,838,819,1886,1125
1876,137.0,feeder,0.9527305960655212,838,819,1885,1125
1877,137.0,feeder,0.9528113007545471,838,819,1884,1125
1878,137.0,feeder,0.9527444243431091,838,819,1884,1125
1879,137.0,feeder,0.9528200626373291,838,819,1884,1125
1880,137.0,feeder,0.9527238607406616,838,819,1884,1125
1881,137.0,feeder,0.9527277946472168,838,819,1884,1125
1882,137.0,feeder,0.9527048468589783,838,819,1884,1125
1883,137.0,feeder,0.9526614546775818,838,819,1884,1125
1884,137.0,feeder,0.9526028037071228,838,819,1883,1125
1885,137.0,feeder,0.9526048898696899,838,819,1883,1125
1886,137.0,feeder,0.9526768326759338,838,819,1884,1125
1887,137.0,feeder,0.9527677893638611,838,819,1884,1125
1888,137.0,feeder,0.9529028534889221,838,819,1884,1125
1889,137.0,feeder,0.9528554677963257,838,819,1884,1125
1890,137.0,feeder,0.9528034329414368,838,819,1884,1125
1891,137.0,feeder,0.9526418447494507,839,819,1884,1125
1892,137.0,feeder,0.9526684880256653,839,819,1884,1125
1893,137.0,feeder,0.9526334404945374,839,819,1884,1125
1894,137.0,feeder,0.9526444673538208,839,819,1884,1125
1895,137.0,feeder,0.9526848196983337,839,819,1884,1125
1896,137.0,feeder,0.9527242183685303,838,819,1885,1125
1897,137.0,feeder,0.9527226686477661,838,819,1885,1125
1898,137.0,feeder,0.9527254104614258,838,819,1885,1125
1899,137.0,feeder,0.9526974558830261,838,819,1885,1125
1900,137.0,feeder,0.9526988863945007,838,819,1885,1125
1901,137.0,feeder,0.9526968002319336,838,819,1884,1125
1902,137.0,feeder,0.9527691006660461,838,819,1884,1125
1903,137.0,feeder,0.9526933431625366,838,819,1884,1125
1904,137.0,feeder,0.9527041912078857,838,819,1884,1125
1905,137.0,feeder,0.9527619481086731,838,819,1884,1125
1906,137.0,feeder,0.9527035355567932,838,819,1885,1125
1907,137.0,feeder,0.9526137113571167,838,819,1885,1125
1908,137.0,feeder,0.9526322484016418,838,819,1886,1125
1909,137.0,feeder,0.9525749087333679,838,819,1886,1125
1910,137.0,feeder,0.952561616897583,838,819,1886,1125
1911,137.0,feeder,0.952593207359314,838,818,1886,1125
1912,137.0,feeder,0.9526049494743347,838,818,1886,1125
1913,137.0,feeder,0.9526488780975342,838,818,1886,1125
1914,137.0,feeder,0.9526771306991577,838,818,1886,1125
1915,137.0,feeder,0.9526603817939758,838,818,1886,1125
1916,137.0,feeder,0.9526756405830383,838,818,1886,1125
1917,137.0,feeder,0.9527434706687927,838,818,1886,1125
1918,137.0,feeder,0.9527969360351562,838,818,1886,1125
1919,137.0,feeder,0.9528237581253052,838,818,1886,1125
1920,137.0,feeder,0.9527500867843628,838,818,1886,1125
1921,137.0,feeder,0.9526540040969849,838,819,1885,1125
1922,137.0,feeder,0.9526461958885193,838,819,1885,1125
1923,137.0,feeder,0.9527166485786438,838,819,1885,1125
1924,137.0,feeder,0.9527382850646973,838,819,1885,1125
1925,137.0,feeder,0.9526772499084473,838,819,1885,1125
1926,137.0,feeder,0.9526561498641968,838,819,1885,1125
1927,137.0,feeder,0.9526475071907043,838,819,1885,1125
1928,137.0,feeder,0.9525570869445801,838,819,1885,1125
1929,137.0,feeder,0.952571451663971,838,819,1885,1125
1930,137.0,feeder,0.952584445476532,838,819,1885,1125
1931,137.0,feeder,0.9526048898696899,838,819,1885,1125
1932,137.0,feeder,0.9526196718215942,838,819,1885,1125
1933,137.0,feeder,0.9526517391204834,838,819,1885,1125
1934,137.0,feeder,0.9526663422584534,838,819,1885,1125
1935,137.0,feeder,0.9526524543762207,838,819,1885,1125
1936,137.0,feeder,0.9527795910835266,838,819,1885,1125
1937,137.0,feeder,0.9527900815010071,838,819,1885,1125
1938,137.0,feeder,0.9528364539146423,838,819,1885,1125
1939,137.0,feeder,0.9528158903121948,837,819,1885,1125
1940,137.0,feeder,0.9528371691703796,837,818,1885,1125
1941,137.0,feeder,0.9528329372406006,837,818,1885,1125
1942,137.0,feeder,0.9527677297592163,837,818,1885,1125
1943,137.0,feeder,0.9527116417884827,837,819,1885,1125
1944,137.0,feeder,0.9527482390403748,837,819,1884,1125
1945,137.0,feeder,0.9527518153190613,837,819,1885,1125
1946,137.0,feeder,0.9527357816696167,837,819,1885,1125
1947,137.0,feeder,0.9526745676994324,837,819,1885,1125
1948,137.0,feeder,0.9526048898696899,837,819,1885,1125
1949,137.0,feeder,0.9525874257087708,837,819,1884,1125
1950,137.0,feeder,0.9526172280311584,837,819,1884,1125
1951,137.0,feeder,0.9526593685150146,837,819,1884,1125
1952,137.0,feeder,0.9527781009674072,837,819,1885,1125
1953,137.0,feeder,0.9528036117553711,837,819,1885,1125
1954,137.0,feeder,0.9527182579040527,837,819,1885,1125
1955,137.0,feeder,0.9527149796485901,837,819,1885,1125
1956,137.0,feeder,0.9528013467788696,837,819,1885,1125
1957,137.0,feeder,0.9528409838676453,837,819,1885,1125
1958,137.0,feeder,0.9528472423553467,837,819,1885,1125
1959,137.0,feeder,0.9528623223304749,837,819,1885,1125
1960,137.0,feeder,0.9528599381446838,837,819,1885,1125
1961,137.0,feeder,0.9528757333755493,837,819,1885,1125
1962,137.0,feeder,0.9529382586479187,837,819,1886,1125
1963,137.0,feeder,0.9528636932373047,838,819,1886,1125
1964,137.0,feeder,0.9528562426567078,838,819,1886,1125
1965,137.0,feeder,0.9528692364692688,838,819,1886,1125
1966,137.0,feeder,0.9529956579208374,838,819,1886,1125
1967,137.0,feeder,0.9528541564941406,838,819,1886,1125
1968,137.0,feeder,0.9528458118438721,838,819,1885,1125
1969,137.0,feeder,0.9528129696846008,838,819,1885,1125
1970,137.0,feeder,0.9528779983520508,838,819,1885,1125
1971,137.0,feeder,0.9529469609260559,838,819,1885,1125
1972,137.0,feeder,0.9529306888580322,838,819,1885,1126
1973,137.0,feeder,0.9529752135276794,838,819,1885,1125
1974,137.0,feeder,0.9529313445091248,838,819,1885,1125
1975,137.0,feeder,0.9528608918190002,838,819,1885,1126
1976,137.0,feeder,0.9528168439865112,838,819,1885,1126
1977,137.0,feeder,0.9528010487556458,838,819,1885,1126
1978,137.0,feeder,0.9528026580810547,838,819,1885,1126
1979,137.0,feeder,0.9528446793556213,838,819,1885,1126
1980,137.0,feeder,0.9528710842132568,838,819,1885,1126
1981,137.0,feeder,0.9528439044952393,838,819,1885,1125
1982,137.0,feeder,0.9527812600135803,838,819,1885,1125
1983,137.0,feeder,0.9527503848075867,838,819,1885,1125
1984,137.0,feeder,0.9528427124023438,838,819,1885,1125
1985,137.0,feeder,0.9528921842575073,838,819,1885,1125
1986,137.0,feeder,0.9529598355293274,838,819,1885,1125
1987,137.0,feeder,0.9528990983963013,838,819,1885,1125
1988,137.0,feeder,0.9529129266738892,838,818,1885,1125
1989,137.0,feeder,0.9528788328170776,838,818,1885,1125
1990,137.0,feeder,0.9528623819351196,838,818,1885,1125
1991,137.0,feeder,0.9528148770332336,838,819,1885,1125
1992,137.0,feeder,0.9527490735054016,838,819,1885,1125
1993,137.0,feeder,0.9527713656425476,838,819,1885,1125
1994,137.0,feeder,0.9527614116668701,838,819,1885,1125
1995,137.0,feeder,0.9527908563613892,838,819,1885,1125
1996,137.0,feeder,0.9528213739395142,838,819,1885,1125
1997,137.0,feeder,0.9527131915092468,838,819,1886,1125
1998,137.0,feeder,0.9527398943901062,838,819,1886,1125
1999,137.0,feeder,0.9528358578681946,838,819,1886,1125
2000,137.0,feeder,0.9527984261512756,838,819,1886,1125
2001,137.0,feeder,0.9527633786201477,838,819,1886,1125
2002,137.0,feeder,0.9527319669723511,838,819,1886,1125
2003,137.0,feeder,0.9527330994606018,838,819,1886,1125
2004,137.0,feeder,0.9527794122695923,837,819,1886,1125
2005,137.0,feeder,0.9527840614318848,837,819,1886,1125
2006,137.0,feeder,0.9528111815452576,837,819,1886,1125
2007,137.0,feeder,0.9528105854988098,837,819,1886,1125
2008,137.0,feeder,0.9527730345726013,837,819,1886,1125
2009,137.0,feeder,0.9527934789657593,837,819,1886,1125
2010,137.0,feeder,0.9528360962867737,837,819,1886,1125
2011,137.0,feeder,0.9525430798530579,838,819,1885,1125
2012,137.0,feeder,0.9525073170661926,838,819,1885,1125
2013,137.0,feeder,0.95253586769104,838,819,1885,1125
2014,137.0,feeder,0.9525008201599121,838,819,1885,1125
2015,137.0,feeder,0.9525888562202454,838,819,1885,1125
2016,137.0,feeder,0.9526722431182861,838,819,1885,1125
2017,137.0,feeder,0.9526759386062622,838,819,1885,1125
2018,137.0,feeder,0.9526615738868713,838,819,1885,1125
2019,137.0,feeder,0.9526404738426208,838,819,1885,1125
2020,137.0,feeder,0.9525945782661438,838,819,1885,1125
2021,137.0,feeder,0.9525901675224304,838,819,1885,1125
2022,137.0,feeder,0.9526306986808777,838,819,1885,1125
2023,137.0,feeder,0.952573299407959,838,819,1885,1125
2024,137.0,feeder,0.9526041150093079,838,819,1885,1125
2025,137.0,feeder,0.9526385068893433,838,819,1885,1125
2026,137.0,feeder,0.9527003169059753,838,819,1885,1125
2027,137.0,feeder,0.9527502655982971,838,819,1885,1125
2028,137.0,feeder,0.9527398943901062,838,819,1885,1126
2029,137.0,feeder,0.9527525305747986,838,819,1885,1125
2030,137.0,feeder,0.9527028799057007,838,819,1885,1125
2031,137.0,feeder,0.9526225924491882,838,819,1885,1125
2032,137.0,feeder,0.9526552557945251,838,819,1885,1125
2033,137.0,feeder,0.9526874423027039,838,819,1885,1125
2034,137.0,feeder,0.9526253342628479,838,819,1885,1125
2035,137.0,feeder,0.9525970816612244,838,819,1885,1125
2036,137.0,feeder,0.9526636004447937,838,819,1885,1125
2037,137.0,feeder,0.9523746371269226,838,819,1885,1125
2038,137.0,feeder,0.943732500076294,846,820,1885,1126
2039,137.0,feeder,0.9381157159805298,850,820,1884,1126
2040,137.0,feeder,0.8941751718521118,854,819,1884,1124
2041,275.0,gt,0.8743030428886414,314,935,690,1223
2042,275.0,gt,0.9025058746337891,389,897,663,1185
2042,137.0,feeder,0.8725480437278748,858,815,1883,1122
2043,275.0,gt,0.81238853931427,494,757,773,1178
2043,137.0,feeder,0.621440589427948,857,810,1882,1120
2044,275.0,gt,0.810431718826294,645,769,859,1171
2044,137.0,feeder,0.8937106728553772,857,807,1881,1120
2045,275.0,gt,0.8524558544158936,661,779,931,1133
2045,137.0,feeder,0.9293903708457947,855,807,1881,1121
2046,275.0,gt,0.87409907579422,678,771,985,1061
2046,137.0,feeder,0.9365593791007996,854,807,1881,1120
2047,275.0,gt,0.8805319666862488,694,768,1012,1022
2047,137.0,feeder,0.9387883543968201,854,808,1881,1121
2048,275.0,gt,0.8959275484085083,709,769,1020,1005
2048,137.0,feeder,0.9392392635345459,854,809,1882,1121
2049,275.0,gt,0.8726896643638611,716,764,1018,993
2049,137.0,feeder,0.9387170076370239,855,809,1882,1121
2050,275.0,gt,0.8708875775337219,729,765,1017,987
2050,137.0,feeder,0.9398173093795776,855,809,1881,1121
2051,275.0,gt,0.8725218176841736,732,767,1014,985
2051,137.0,feeder,0.9400142431259155,855,808,1881,1121
2052,275.0,gt,0.8753967881202698,732,769,1012,985
2052,137.0,feeder,0.9394851326942444,855,808,1881,1120
2053,275.0,gt,0.87917160987854,734,768,1010,985
2053,137.0,feeder,0.9391533732414246,855,809,1881,1120
2054,275.0,gt,0.8946337103843689,743,760,1030,1011
2054,137.0,feeder,0.9363340139389038,856,808,1881,1120
2055,275.0,gt,0.8894937038421631,705,757,1039,994
2055,137.0,feeder,0.9382349848747253,855,808,1881,1120
2056,275.0,gt,0.8885115385055542,689,757,1043,986
2056,137.0,feeder,0.9384037852287292,855,807,1881,1120
2057,275.0,gt,0.8812974691390991,678,757,1044,984
2057,137.0,feeder,0.9379480481147766,855,807,1881,1120
2058,275.0,gt,0.8857437372207642,677,758,1044,983
2058,137.0,feeder,0.9378896355628967,855,807,1880,1120
2059,275.0,gt,0.8878874778747559,674,759,1043,983
2059,137.0,feeder,0.9377855658531189,856,808,1880,1120
2060,275.0,gt,0.888839066028595,669,760,1041,986
2060,137.0,feeder,0.9378817677497864,856,808,1881,1120
2061,275.0,gt,0.8917553424835205,666,776,1032,989
2061,137.0,feeder,0.938702404499054,856,807,1880,1120
2062,275.0,gt,0.8648122549057007,662,792,1026,990
2062,137.0,feeder,0.9382650256156921,856,806,1881,1120
2063,275.0,gt,0.8644739389419556,660,798,1023,990
2063,137.0,feeder,0.9384544491767883,856,805,1881,1120
2064,275.0,gt,0.8639785647392273,659,800,1021,990
2064,137.0,feeder,0.9385640621185303,856,805,1881,1120
2065,275.0,gt,0.8646723031997681,660,801,1020,992
2065,137.0,feeder,0.9383562207221985,856,805,1881,1120
2066,275.0,gt,0.861853301525116,663,803,1023,994
2066,137.0,feeder,0.9389384984970093,856,805,1881,1120
2067,275.0,gt,0.8501290678977966,664,803,1025,998
2067,137.0,feeder,0.9389273524284363,856,806,1880,1120
2068,275.0,gt,0.8458787798881531,665,805,1031,1001
2068,137.0,feeder,0.9382289052009583,856,806,1880,1120
2069,275.0,gt,0.8509972095489502,665,816,1035,1002
2069,137.0,feeder,0.9386364221572876,857,806,1880,1120
2070,275.0,gt,0.8512258529663086,666,815,1035,1003
2070,137.0,feeder,0.9390680193901062,857,806,1880,1120
2071,275.0,gt,0.8649618625640869,660,826,1031,1004
2071,137.0,feeder,0.9373934268951416,856,806,1879,1121
2072,275.0,gt,0.8694274425506592,666,823,1027,1001
2072,137.0,feeder,0.9374039769172668,855,806,1879,1121
2073,275.0,gt,0.8752061128616333,684,821,1025,999
2073,137.0,feeder,0.9370233416557312,855,806,1879,1121
2074,275.0,gt,0.875116229057312,697,820,1024,998
2074,137.0,feeder,0.9371978044509888,854,806,1879,1121
2075,275.0,gt,0.87787926197052,706,821,1021,999
2075,137.0,feeder,0.9371654987335205,854,806,1879,1121
2076,275.0,gt,0.8766127228736877,708,815,1012,1000
2076,137.0,feeder,0.938456654548645,854,806,1880,1121
2077,275.0,gt,0.8755921721458435,710,805,1010,997
2077,137.0,feeder,0.9381380677223206,853,806,1879,1121
2078,275.0,gt,0.848814845085144,741,790,1017,986
2078,137.0,feeder,0.9410545229911804,853,807,1879,1121
2079,275.0,gt,0.8255154490470886,827,784,1020,987
2079,137.0,feeder,0.9414343237876892,854,806,1879,1121
2080,275.0,gt,0.8225396275520325,860,781,1027,982
2080,137.0,feeder,0.9420744776725769,854,806,1879,1121
2081,275.0,gt,0.8319112658500671,868,779,1031,984
2081,137.0,feeder,0.9419248104095459,854,806,1879,1121
2082,275.0,gt,0.8324921727180481,872,778,1033,984
2082,137.0,feeder,0.9419161081314087,854,807,1879,1121
2083,275.0,gt,0.8294885158538818,875,779,1034,984
2083,137.0,feeder,0.9414552450180054,855,806,1879,1121
2084,275.0,gt,0.829027533531189,875,781,1033,982
2084,137.0,feeder,0.9415131211280823,855,806,1879,1121
2085,275.0,gt,0.8310742378234863,878,781,1033,981
2085,137.0,feeder,0.9415445923805237,855,806,1879,1121
2086,275.0,gt,0.823509931564331,879,780,1030,985
2086,137.0,feeder,0.9411830306053162,855,806,1879,1120
2087,275.0,gt,0.817747950553894,879,780,1029,985
2087,137.0,feeder,0.9416067600250244,855,806,1879,1120
2088,275.0,gt,0.818154513835907,879,780,1028,985
2088,137.0,feeder,0.9414958953857422,855,806,1879,1120
2089,275.0,gt,0.8154230117797852,880,780,1028,985
2089,137.0,feeder,0.9413193464279175,855,805,1879,1120
2090,275.0,gt,0.7691818475723267,870,775,1026,987
2090,137.0,feeder,0.9414864182472229,854,805,1879,1120
2091,275.0,gt,0.7708140015602112,866,772,1026,987
2091,137.0,feeder,0.9413890838623047,854,805,1879,1120
2092,275.0,gt,0.7741904854774475,865,770,1027,988
2092,137.0,feeder,0.9413555860519409,854,805,1879,1120
2093,275.0,gt,0.7729684114456177,865,769,1026,987
2093,137.0,feeder,0.9414105415344238,854,805,1879,1120
2094,275.0,gt,0.7728611826896667,864,769,1025,987
2094,137.0,feeder,0.9414950609207153,854,805,1879,1120
2095,275.0,gt,0.7727615833282471,863,768,1025,987
2095,137.0,feeder,0.9415329098701477,854,805,1879,1120
2096,275.0,gt,0.7719995975494385,863,768,1025,987
2096,137.0,feeder,0.9414519667625427,854,805,1879,1120
2097,275.0,gt,0.7671372890472412,863,767,1025,987
2097,137.0,feeder,0.9415096640586853,854,805,1879,1120
2098,275.0,gt,0.7690130472183228,862,763,1025,987
2098,137.0,feeder,0.9410881996154785,854,805,1879,1120
2099,275.0,gt,0.7746834754943848,861,759,1027,986
2099,137.0,feeder,0.9409614205360413,854,805,1879,1120
2100,275.0,gt,0.773091733455658,861,758,1027,987
2100,137.0,feeder,0.9408048987388611,854,806,1879,1120
2101,275.0,gt,0.7833533883094788,862,756,1028,986
2101,137.0,feeder,0.9414622187614441,854,806,1879,1120
2102,275.0,gt,0.7853248119354248,864,756,1030,985
2102,137.0,feeder,0.9413437843322754,853,806,1879,1120
2103,275.0,gt,0.8259292840957642,875,763,1032,983
2103,137.0,feeder,0.9418749809265137,854,806,1879,1120
2104,275.0,gt,0.8564448952674866,854,761,1069,983
2104,137.0,feeder,0.9433642625808716,853,807,1879,1120
2105,275.0,gt,0.8767102956771851,819,738,1111,967
2105,137.0,feeder,0.9427133202552795,852,808,1878,1120
2106,275.0,gt,0.8907164335250854,799,727,1155,949
2106,137.0,feeder,0.9422242045402527,852,808,1877,1120
2107,275.0,gt,0.8433912396430969,792,731,1222,947
2107,137.0,feeder,0.9427194595336914,852,807,1876,1119
2108,275.0,gt,0.87497478723526,802,730,1246,941
2108,137.0,feeder,0.9423831105232239,852,807,1876,1119
2109,275.0,gt,0.8754628300666809,811,729,1259,939
2109,137.0,feeder,0.9426367282867432,852,807,1876,1120
2110,275.0,gt,0.8710891604423523,820,730,1261,939
2110,137.0,feeder,0.9430687427520752,852,807,1876,1120
2111,275.0,gt,0.8717897534370422,830,733,1263,941
2111,137.0,feeder,0.9429441094398499,853,806,1876,1119
2112,275.0,gt,0.687713623046875,843,725,1255,943
2112,137.0,feeder,0.9305721521377563,853,807,1877,1120
2113,275.0,gt,0.8791919946670532,870,738,1291,937
2113,137.0,feeder,0.9427140355110168,854,808,1876,1120
2114,275.0,gt,0.8761969804763794,948,717,1313,910
2114,137.0,feeder,0.947260320186615,852,810,1876,1120
2115,275.0,gt,0.8716623187065125,1022,713,1344,902
2115,137.0,feeder,0.9457541704177856,852,810,1875,1120
2116,275.0,gt,0.8714509606361389,1103,724,1377,916
2116,137.0,feeder,0.9478417634963989,852,812,1875,1121
2117,275.0,gt,0.8741079568862915,1171,719,1407,910
2117,137.0,feeder,0.9464294910430908,852,813,1874,1122
2118,275.0,gt,0.8540324568748474,1239,707,1443,886
2118,137.0,feeder,0.9426856637001038,853,813,1874,1122
2119,275.0,gt,0.8237500190734863,1303,712,1481,881
2119,137.0,feeder,0.9380693435668945,854,813,1874,1122
2120,275.0,gt,0.7883827686309814,1390,736,1516,895
2120,137.0,feeder,0.937831461429596,853,812,1874,1121
2121,275.0,gt,0.781024158000946,1426,744,1530,893
2121,137.0,feeder,0.9393671751022339,854,812,1873,1121
2122,275.0,gt,0.7606508135795593,1432,744,1534,882
2122,137.0,feeder,0.9401339292526245,854,811,1873,1121
2123,275.0,gt,0.7539504766464233,1428,743,1535,879
2123,137.0,feeder,0.940872848033905,854,811,1873,1121
2124,275.0,gt,0.767756462097168,1435,744,1536,878
2124,137.0,feeder,0.9399955868721008,854,811,1873,1121
2125,275.0,gt,0.7601524591445923,1433,744,1534,878
2125,137.0,feeder,0.9399569034576416,854,811,1873,1121
2126,275.0,gt,0.7635891437530518,1433,744,1534,878
2126,137.0,feeder,0.9398775100708008,854,811,1873,1121
2127,275.0,gt,0.7561520338058472,1429,744,1535,878
2127,137.0,feeder,0.9405883550643921,854,811,1873,1121
2128,275.0,gt,0.7617471814155579,1429,742,1532,878
2128,137.0,feeder,0.9406272768974304,854,811,1873,1121
2129,275.0,gt,0.7861951589584351,1428,741,1532,878
2129,137.0,feeder,0.9405481815338135,854,811,1873,1121
2130,275.0,gt,0.7795783877372742,1425,741,1531,878
2130,137.0,feeder,0.9405243396759033,854,811,1873,1121
2131,275.0,gt,0.7638348937034607,1419,740,1531,878
2131,137.0,feeder,0.9404608607292175,855,811,1874,1120
2132,275.0,gt,0.7639848589897156,1412,740,1531,879
2132,137.0,feeder,0.9404137134552002,855,811,1874,1120
2133,275.0,gt,0.8065124750137329,1403,738,1532,879
2133,137.0,feeder,0.9408345818519592,855,811,1874,1120
2134,275.0,gt,0.7857038378715515,1420,688,1553,880
2134,137.0,feeder,0.9416579008102417,854,811,1875,1121
2135,275.0,gt,0.7578292489051819,1429,714,1539,880
2135,137.0,feeder,0.9384920597076416,854,811,1875,1121
2136,275.0,gt,0.7778690457344055,1432,726,1533,880
2136,137.0,feeder,0.9383402466773987,854,811,1875,1121
2137,275.0,gt,0.7660455703735352,1430,690,1533,880
2137,137.0,feeder,0.9382683634757996,854,811,1875,1121
2138,137.0,feeder,0.529810905456543,853,811,1875,1122
2139,137.0,feeder,0.930364191532135,854,811,1875,1121
2139,275.0,gt,0.6834970712661743,1395,632,1530,878
2140,137.0,feeder,0.9334465861320496,855,810,1875,1121
2140,275.0,gt,0.7779037952423096,1402,685,1515,869
2141,275.0,lt,0.816611111164093,1374,702,1512,869
2142,,gt,0.5291129946708679,1267,694,1441,890
2143,,gt,0.40383175015449524,1234,658,1362,730
2144,137.0,feeder,0.8965062499046326,841,818,1883,1125
2145,137.0,feeder,0.9453027248382568,839,819,1884,1126
2146,137.0,feeder,0.9517261981964111,838,820,1885,1126
2147,137.0,feeder,0.9524259567260742,838,819,1885,1126
2148,137.0,feeder,0.9525023102760315,837,819,1885,1126
2149,137.0,feeder,0.9524917006492615,838,819,1885,1125
2150,137.0,feeder,0.9525042772293091,838,819,1885,1125
2151,137.0,feeder,0.9524503946304321,838,819,1885,1125
2152,137.0,feeder,0.9524114727973938,837,819,1885,1125
2153,137.0,feeder,0.9523079991340637,838,819,1885,1125
2154,137.0,feeder,0.9523636698722839,838,819,1885,1125
2155,137.0,feeder,0.9523918032646179,838,819,1885,1125
2156,137.0,feeder,0.9525105357170105,838,819,1885,1125
2157,137.0,feeder,0.9521306157112122,838,819,1885,1125
2158,137.0,feeder,0.9524890184402466,838,819,1885,1125
2159,137.0,feeder,0.9524914026260376,838,819,1885,1125
2160,137.0,feeder,0.9524223208427429,838,819,1885,1125
2161,137.0,feeder,0.9525758624076843,838,819,1885,1125
2162,137.0,feeder,0.9526454210281372,838,819,1885,1125
2163,137.0,feeder,0.9527137279510498,838,819,1885,1125
2164,137.0,feeder,0.9528235197067261,838,819,1885,1125
2165,137.0,feeder,0.9528904557228088,838,819,1885,1125
2166,137.0,feeder,0.9529299736022949,838,819,1885,1125
2167,137.0,feeder,0.9530070424079895,838,819,1885,1125
2168,137.0,feeder,0.9529504179954529,838,819,1885,1125
2169,137.0,feeder,0.9529910087585449,838,819,1885,1125
2170,137.0,feeder,0.9528853297233582,838,819,1885,1125
2171,137.0,feeder,0.9529334306716919,838,819,1885,1125
2172,137.0,feeder,0.9529692530632019,838,819,1885,1125
2173,137.0,feeder,0.9529053568840027,838,819,1885,1125
2174,137.0,feeder,0.9529649019241333,838,819,1885,1125
2175,137.0,feeder,0.9529570937156677,838,819,1885,1125
2176,137.0,feeder,0.9531297087669373,838,819,1885,1125
2177,137.0,feeder,0.9530277252197266,838,818,1885,1125
2178,137.0,feeder,0.9530121088027954,838,818,1885,1125
2179,137.0,feeder,0.9530399441719055,838,818,1885,1125
2180,137.0,feeder,0.9530006647109985,838,818,1885,1125
2181,137.0,feeder,0.9528995156288147,838,818,1885,1125
2182,137.0,feeder,0.9529439210891724,838,818,1885,1125
2183,137.0,feeder,0.9529895782470703,838,819,1885,1125
2184,137.0,feeder,0.9529643654823303,838,819,1885,1125
2185,137.0,feeder,0.9529447555541992,838,819,1885,1125
2186,137.0,feeder,0.9529135823249817,838,819,1885,1125
2187,137.0,feeder,0.9529589414596558,838,819,1885,1125
2188,137.0,feeder,0.9529670476913452,838,819,1885,1125
2189,137.0,feeder,0.9529746770858765,838,819,1885,1125
2190,137.0,feeder,0.9529735445976257,838,819,1885,1125
2191,137.0,feeder,0.9526665210723877,838,819,1884,1125
2192,137.0,feeder,0.9526087641716003,838,819,1884,1125
2193,137.0,feeder,0.9525940418243408,838,819,1884,1125
2194,137.0,feeder,0.9526488184928894,838,819,1884,1125
2195,137.0,feeder,0.9527009129524231,837,819,1884,1125
2196,137.0,feeder,0.9527850151062012,837,819,1884,1125
2197,137.0,feeder,0.9527921676635742,837,819,1884,1125
2198,137.0,feeder,0.9528198838233948,837,819,1884,1125
2199,137.0,feeder,0.9528444409370422,837,819,1884,1125
2200,137.0,feeder,0.9528209567070007,837,819,1884,1125
2201,137.0,feeder,0.9528180360794067,837,819,1884,1125
2202,137.0,feeder,0.9528031945228577,837,819,1884,1125
2203,137.0,feeder,0.952793538570404,837,819,1885,1125
2204,137.0,feeder,0.9527863264083862,837,819,1885,1125
2205,137.0,feeder,0.9527960419654846,838,819,1884,1125
2206,137.0,feeder,0.9526830911636353,838,819,1885,1125
2207,137.0,feeder,0.9526950716972351,838,819,1885,1125
2208,137.0,feeder,0.9526137113571167,839,819,1885,1125
2209,137.0,feeder,0.9526629447937012,839,819,1885,1125
2210,137.0,feeder,0.9526464939117432,839,819,1885,1125
2211,137.0,feeder,0.9526541829109192,838,819,1885,1125
2212,137.0,feeder,0.9526402354240417,838,819,1885,1125
2213,137.0,feeder,0.9527249336242676,838,819,1885,1125
2214,137.0,feeder,0.9527542591094971,838,819,1885,1125
2215,137.0,feeder,0.9528183341026306,838,819,1885,1125
2216,137.0,feeder,0.9528287649154663,838,819,1885,1125
2217,137.0,feeder,0.9528563618659973,838,819,1885,1125
2218,137.0,feeder,0.9529045224189758,838,818,1885,1125
2219,137.0,feeder,0.9529194235801697,838,819,1885,1125
2220,137.0,feeder,0.9529697895050049,838,819,1885,1125
2221,137.0,feeder,0.952190101146698,838,819,1885,1125
2222,137.0,feeder,0.9523550271987915,838,819,1885,1125
2223,137.0,feeder,0.9524242281913757,837,819,1885,1125
2224,137.0,feeder,0.9524279236793518,837,819,1885,1125
2225,137.0,feeder,0.9524818658828735,837,819,1885,1125
2226,137.0,feeder,0.9524631500244141,837,819,1885,1125
2227,137.0,feeder,0.9524074792861938,837,819,1885,1125
2228,137.0,feeder,0.9523770809173584,838,819,1885,1125
2229,137.0,feeder,0.9523786306381226,838,819,1885,1125
2230,137.0,feeder,0.9524233937263489,838,819,1885,1125
2231,137.0,feeder,0.9524944424629211,837,819,1885,1125
2232,137.0,feeder,0.9524821043014526,838,819,1885,1125
2233,137.0,feeder,0.9525154232978821,838,819,1885,1125
2234,137.0,feeder,0.9524626135826111,838,819,1885,1125
2235,137.0,feeder,0.9524434804916382,838,819,1885,1125
2236,137.0,feeder,0.9528233408927917,838,819,1885,1125
2237,137.0,feeder,0.9528428316116333,838,819,1885,1125
2238,137.0,feeder,0.9529210925102234,838,819,1885,1125
2239,137.0,feeder,0.9528642296791077,838,819,1886,1125
2240,137.0,feeder,0.9528579711914062,838,819,1886,1125
2241,137.0,feeder,0.9528220295906067,838,819,1885,1125
2242,137.0,feeder,0.9529132843017578,838,819,1885,1125
2243,137.0,feeder,0.9529233574867249,838,819,1885,1125
2244,137.0,feeder,0.9529229998588562,838,819,1885,1125
2245,137.0,feeder,0.9529866576194763,838,819,1885,1125
2246,137.0,feeder,0.9529646039009094,838,819,1885,1125
2247,137.0,feeder,0.9529669880867004,838,819,1885,1125
2248,137.0,feeder,0.9529221653938293,838,819,1885,1125
2249,137.0,feeder,0.9529107809066772,838,819,1885,1125
2250,137.0,feeder,0.9528802633285522,838,819,1885,1125
2251,137.0,feeder,0.9526452422142029,838,819,1885,1125
2252,137.0,feeder,0.9524574279785156,838,819,1885,1125
2253,137.0,feeder,0.9524474740028381,838,819,1885,1125
2254,137.0,feeder,0.9525007009506226,838,819,1885,1125
2255,137.0,feeder,0.9524375200271606,838,819,1885,1125
2256,137.0,feeder,0.9524759650230408,838,819,1885,1125
2257,137.0,feeder,0.952522873878479,838,819,1885,1125
2258,137.0,feeder,0.952531099319458,838,819,1885,1125
2259,137.0,feeder,0.952593207359314,838,819,1885,1125
2260,137.0,feeder,0.9527174830436707,838,819,1885,1125
2261,137.0,feeder,0.9527965188026428,838,819,1885,1125
2262,137.0,feeder,0.9527289867401123,838,819,1885,1125
2263,137.0,feeder,0.9527144432067871,838,819,1885,1125
2264,137.0,feeder,0.9527312517166138,838,819,1885,1125
2265,137.0,feeder,0.9527266025543213,838,819,1885,1125
2266,137.0,feeder,0.9525778293609619,838,819,1885,1125
2267,137.0,feeder,0.9526716470718384,838,819,1884,1125
2268,137.0,feeder,0.9526443481445312,838,819,1884,1125
2269,137.0,feeder,0.9528006315231323,838,819,1884,1125
2270,137.0,feeder,0.9528639316558838,838,819,1884,1125
2271,137.0,feeder,0.9528037309646606,838,819,1884,1125
2272,137.0,feeder,0.9527925848960876,838,819,1884,1125
2273,137.0,feeder,0.9527401328086853,838,819,1884,1125
2274,137.0,feeder,0.9527648687362671,838,819,1885,1125
2275,137.0,feeder,0.9527347087860107,838,819,1885,1125
2276,137.0,feeder,0.9526544213294983,838,819,1885,1125
2277,137.0,feeder,0.9525963068008423,838,819,1885,1125
2278,137.0,feeder,0.9525783658027649,838,819,1885,1125
2279,137.0,feeder,0.9525579214096069,838,819,1885,1125
2280,137.0,feeder,0.9525341391563416,838,819,1885,1125
2281,137.0,feeder,0.9530081152915955,837,819,1885,1125
2282,137.0,feeder,0.9529771208763123,837,819,1885,1125
2283,137.0,feeder,0.9529244303703308,837,819,1885,1125
2284,137.0,feeder,0.9528817534446716,837,819,1885,1125
2285,137.0,feeder,0.9529558420181274,837,819,1885,1125
2286,137.0,feeder,0.9529653191566467,837,819,1885,1125
2287,137.0,feeder,0.9529303908348083,837,819,1885,1125
2288,137.0,feeder,0.9529537558555603,837,819,1885,1125
2289,137.0,feeder,0.9529216885566711,837,819,1885,1125
2290,137.0,feeder,0.9529027938842773,837,819,1885,1125
2291,137.0,feeder,0.9528850317001343,837,819,1885,1125
2292,137.0,feeder,0.9529415369033813,837,819,1885,1125
2293,137.0,feeder,0.9529387950897217,837,819,1885,1125
2294,137.0,feeder,0.9529225826263428,838,819,1884,1125
2295,137.0,feeder,0.9529638290405273,838,819,1884,1125
2296,137.0,feeder,0.953007161617279,837,819,1885,1125
2297,137.0,feeder,0.9529767036437988,837,819,1885,1125
2298,137.0,feeder,0.9530556201934814,837,819,1885,1125
2299,137.0,feeder,0.9530649781227112,837,819,1885,1125
2300,137.0,feeder,0.9529808163642883,837,819,1885,1125
2301,137.0,feeder,0.9529283046722412,837,819,1885,1125
2302,137.0,feeder,0.9528748393058777,837,819,1885,1125
2303,137.0,feeder,0.9529464244842529,837,819,1885,1125
2304,137.0,feeder,0.9529365301132202,837,819,1885,1125
2305,137.0,feeder,0.9529252648353577,837,819,1885,1125
2306,137.0,feeder,0.9529013633728027,837,819,1885,1125
2307,137.0,feeder,0.9530725479125977,837,819,1885,1125
2308,137.0,feeder,0.953080415725708,838,819,1885,1125
2309,137.0,feeder,0.9530919194221497,838,819,1885,1125
2310,137.0,feeder,0.9530920386314392,838,819,1885,1125
2311,137.0,feeder,0.9527579545974731,838,819,1885,1125
2312,137.0,feeder,0.9527454972267151,838,819,1885,1125
2313,137.0,feeder,0.9527786374092102,838,819,1885,1125
2314,137.0,feeder,0.9528380632400513,838,819,1885,1125
2315,137.0,feeder,0.9528801441192627,838,819,1885,1125
2316,137.0,feeder,0.9528704285621643,838,819,1885,1125
2317,137.0,feeder,0.9529337286949158,838,818,1884,1125
2318,137.0,feeder,0.9529050588607788,838,818,1884,1125
2319,137.0,feeder,0.9528810977935791,838,818,1884,1125
2320,137.0,feeder,0.9528711438179016,838,818,1884,1125
2321,137.0,feeder,0.9529224634170532,838,818,1884,1125
2322,137.0,feeder,0.9528972506523132,838,818,1884,1125
2323,137.0,feeder,0.9528948664665222,838,818,1884,1125
2324,137.0,feeder,0.9528849124908447,838,818,1884,1125
2325,137.0,feeder,0.9528982043266296,838,818,1884,1125
2326,137.0,feeder,0.953036904335022,838,818,1884,1125
2327,137.0,feeder,0.9529467225074768,838,819,1884,1125
2328,137.0,feeder,0.9529617428779602,838,819,1885,1125
2329,137.0,feeder,0.9528551697731018,838,819,1885,1125
2330,137.0,feeder,0.9528550505638123,837,819,1885,1125
2331,137.0,feeder,0.9528049230575562,838,819,1885,1125
2332,137.0,feeder,0.9529569149017334,838,819,1885,1125
2333,137.0,feeder,0.9529159665107727,838,819,1885,1125
2334,137.0,feeder,0.9529077410697937,838,819,1885,1125
2335,137.0,feeder,0.9528723359107971,838,819,1885,1125
2336,137.0,feeder,0.9529062509536743,838,819,1885,1126
2337,137.0,feeder,0.9528728127479553,838,819,1885,1125
2338,137.0,feeder,0.9528623819351196,838,819,1885,1125
2339,137.0,feeder,0.9528828859329224,838,819,1885,1125
2340,137.0,feeder,0.9528720378875732,838,819,1885,1125
2341,137.0,feeder,0.9528205394744873,838,819,1884,1125
2342,137.0,feeder,0.9527871608734131,837,819,1884,1125
2343,137.0,feeder,0.9527051448822021,837,819,1884,1125
2344,137.0,feeder,0.9526768326759338,837,819,1885,1125
2345,137.0,feeder,0.9527296423912048,837,819,1885,1125
2346,137.0,feeder,0.9527025818824768,837,819,1885,1125
2347,137.0,feeder,0.9527091383934021,837,819,1885,1125
2348,137.0,feeder,0.9526463150978088,837,819,1885,1125
2349,137.0,feeder,0.9527079463005066,837,819,1885,1125
2350,137.0,feeder,0.9526483416557312,837,819,1885,1125
2351,137.0,feeder,0.9526830911636353,838,819,1885,1125
2352,137.0,feeder,0.9527319669723511,838,819,1885,1125
2353,137.0,feeder,0.9527345895767212,838,819,1885,1125
2354,137.0,feeder,0.9526830911636353,838,819,1885,1125
2355,137.0,feeder,0.9526520371437073,838,819,1885,1125
2356,137.0,feeder,0.9527965784072876,838,819,1885,1125
2357,137.0,feeder,0.9527506232261658,838,819,1885,1125
2358,137.0,feeder,0.9527252912521362,838,819,1885,1125
2359,137.0,feeder,0.9527924656867981,838,819,1885,1125
2360,137.0,feeder,0.9527598023414612,838,819,1885,1125
2361,137.0,feeder,0.9528599977493286,838,819,1885,1125
2362,137.0,feeder,0.9529272317886353,838,818,1885,1125
2363,137.0,feeder,0.9529021382331848,838,818,1885,1125
2364,137.0,feeder,0.9529459476470947,838,818,1885,1125
2365,137.0,feeder,0.9529514908790588,838,818,1885,1125
2366,137.0,feeder,0.9528505802154541,838,819,1885,1125
2367,137.0,feeder,0.9528707265853882,838,819,1885,1125
2368,137.0,feeder,0.9529100060462952,838,819,1885,1125
2369,137.0,feeder,0.9528510570526123,838,819,1885,1125
2370,137.0,feeder,0.9528855681419373,838,819,1885,1125
2371,137.0,feeder,0.9530730843544006,837,819,1884,1125
2372,137.0,feeder,0.9529803991317749,837,819,1884,1125
2373,137.0,feeder,0.9529411196708679,837,819,1884,1125
2374,137.0,feeder,0.9529575705528259,837,819,1884,1125
2375,137.0,feeder,0.9529854655265808,838,819,1884,1125
2376,137.0,feeder,0.953029215335846,838,819,1884,1125
2377,137.0,feeder,0.9529479146003723,838,819,1884,1125
2378,137.0,feeder,0.9529325366020203,838,819,1884,1125
2379,137.0,feeder,0.9529262781143188,838,819,1884,1125
2380,137.0,feeder,0.9530190229415894,837,819,1884,1125
2381,137.0,feeder,0.9529445767402649,837,819,1884,1125
2382,137.0,feeder,0.9529419541358948,837,819,1884,1125
2383,137.0,feeder,0.9529191255569458,837,819,1884,1125
2384,137.0,feeder,0.952970027923584,837,819,1884,1125
2385,137.0,feeder,0.953056812286377,837,819,1884,1125
2386,137.0,feeder,0.9530342221260071,838,819,1885,1125
2387,137.0,feeder,0.9529537558555603,838,819,1885,1125
2388,137.0,feeder,0.9530004262924194,838,819,1885,1125
2389,137.0,feeder,0.9530219435691833,838,819,1885,1125
2390,137.0,feeder,0.953027069568634,838,819,1885,1125
2391,137.0,feeder,0.9530043005943298,838,819,1885,1125
2392,137.0,feeder,0.9530324935913086,838,819,1885,1125
2393,137.0,feeder,0.9531049132347107,838,819,1885,1125
2394,137.0,feeder,0.9530936479568481,838,819,1885,1125
2395,137.0,feeder,0.9530931115150452,838,819,1885,1125
2396,137.0,feeder,0.9529553055763245,838,819,1885,1125
2397,137.0,feeder,0.9529613256454468,838,819,1885,1125
2398,137.0,feeder,0.9529257416725159,838,819,1885,1125
2399,137.0,feeder,0.9529746770858765,837,819,1885,1125
2400,137.0,feeder,0.953007698059082,837,819,1885,1125
2401,137.0,feeder,0.9531527757644653,838,819,1885,1125
2402,137.0,feeder,0.9531169533729553,838,819,1885,1125
2403,137.0,feeder,0.9531700015068054,838,819,1885,1125
2404,137.0,feeder,0.9531494379043579,838,819,1885,1125
2405,137.0,feeder,0.9531974196434021,838,819,1885,1125
2406,137.0,feeder,0.9532427787780762,838,819,1885,1125
2407,137.0,feeder,0.9532552361488342,838,819,1885,1125
2408,137.0,feeder,0.953185498714447,838,819,1885,1125
2409,137.0,feeder,0.9531473517417908,838,819,1885,1125
2410,137.0,feeder,0.9532158970832825,838,819,1885,1125
2411,137.0,feeder,0.9532219767570496,838,819,1885,1125
2412,137.0,feeder,0.9531957507133484,838,819,1885,1125
2413,137.0,feeder,0.953200101852417,838,819,1885,1125
2414,137.0,feeder,0.9531694650650024,838,819,1885,1125
2415,137.0,feeder,0.9530709981918335,838,819,1885,1125
2416,137.0,feeder,0.9530279040336609,838,819,1885,1125
2417,137.0,feeder,0.9530177712440491,837,819,1885,1125
2418,137.0,feeder,0.9530385136604309,837,819,1885,1125
2419,137.0,feeder,0.953062117099762,837,819,1885,1125
2420,137.0,feeder,0.953049898147583,838,819,1885,1125
2421,137.0,feeder,0.9530008435249329,838,819,1885,1125
2422,137.0,feeder,0.9530017375946045,838,819,1885,1125
2423,137.0,feeder,0.9530415534973145,838,819,1885,1125
2424,137.0,feeder,0.953021764755249,838,819,1885,1125
2425,137.0,feeder,0.9530109167098999,838,819,1885,1125
2426,137.0,feeder,0.9530450105667114,838,819,1885,1125
2427,137.0,feeder,0.9530656933784485,838,819,1885,1125
2428,137.0,feeder,0.9530619382858276,838,819,1885,1125
2429,137.0,feeder,0.9530587792396545,838,819,1885,1125
2430,137.0,feeder,0.9530038833618164,838,819,1885,1125
2431,137.0,feeder,0.9527183771133423,837,819,1885,1125
2432,137.0,feeder,0.9527583122253418,837,819,1885,1125
2433,137.0,feeder,0.9527636170387268,837,819,1885,1125
2434,137.0,feeder,0.9527226686477661,837,819,1885,1125
2435,137.0,feeder,0.9527295231819153,837,819,1885,1125
2436,137.0,feeder,0.9526901245117188,837,819,1885,1125
2437,137.0,feeder,0.9527021050453186,837,819,1885,1125
2438,137.0,feeder,0.9526857733726501,837,819,1885,1125
2439,137.0,feeder,0.9526498913764954,837,819,1885,1125
2440,137.0,feeder,0.9526512622833252,837,819,1885,1125
2441,137.0,feeder,0.9526495337486267,837,819,1885,1125
2442,137.0,feeder,0.9527058005332947,837,819,1885,1125
2443,137.0,feeder,0.9527328610420227,837,819,1885,1125
2444,137.0,feeder,0.9527410864830017,837,819,1885,1125
2445,137.0,feeder,0.9527827501296997,837,819,1885,1125
2446,137.0,feeder,0.9527089595794678,837,819,1885,1125
2447,137.0,feeder,0.9527469277381897,837,819,1885,1125
2448,137.0,feeder,0.9527243375778198,838,819,1885,1125
2449,137.0,feeder,0.9528041481971741,838,819,1885,1125
2450,137.0,feeder,0.9528984427452087,837,819,1885,1125
2451,137.0,feeder,0.9528682231903076,837,819,1885,1125
2452,137.0,feeder,0.9529786705970764,837,819,1885,1125
2453,137.0,feeder,0.9530556201934814,838,819,1885,1125
2454,137.0,feeder,0.9530215263366699,837,819,1885,1125
2455,137.0,feeder,0.9531107544898987,837,819,1885,1125
2456,137.0,feeder,0.9530864953994751,838,819,1885,1125
2457,137.0,feeder,0.9530673623085022,838,819,1885,1125
2458,137.0,feeder,0.9530941843986511,837,819,1885,1125
2459,137.0,feeder,0.9531071782112122,837,819,1885,1125
2460,137.0,feeder,0.953072726726532,837,819,1885,1125
2461,137.0,feeder,0.9527965188026428,838,819,1885,1125
2462,137.0,feeder,0.9528972506523132,838,819,1885,1125
2463,137.0,feeder,0.9530088901519775,838,819,1885,1125
2464,137.0,feeder,0.953014612197876,838,819,1885,1125
2465,137.0,feeder,0.9530454874038696,838,819,1885,1125
2466,137.0,feeder,0.9530313611030579,838,819,1885,1125
2467,137.0,feeder,0.9530397057533264,838,819,1885,1125
2468,137.0,feeder,0.953036367893219,838,819,1885,1125
2469,137.0,feeder,0.9530444741249084,838,819,1885,1125
2470,137.0,feeder,0.9531031847000122,838,819,1885,1125
2471,137.0,feeder,0.9530540108680725,838,819,1885,1125
2472,137.0,feeder,0.9530037641525269,838,819,1885,1125
2473,137.0,feeder,0.952989935874939,838,819,1885,1125
2474,137.0,feeder,0.9529803991317749,838,819,1885,1125
2475,137.0,feeder,0.95301753282547,838,819,1885,1125
2476,137.0,feeder,0.9525496959686279,838,819,1885,1125
2477,137.0,feeder,0.9526876211166382,838,819,1885,1125
2478,137.0,feeder,0.9527124166488647,837,819,1885,1125
2479,137.0,feeder,0.9527634978294373,837,819,1885,1125
2480,137.0,feeder,0.9528241157531738,837,819,1885,1125
2481,137.0,feeder,0.9528515934944153,837,819,1885,1125
2482,137.0,feeder,0.9527884721755981,837,819,1885,1125
2483,137.0,feeder,0.9527648091316223,837,819,1885,1125
2484,137.0,feeder,0.9528388977050781,837,819,1885,1125
2485,137.0,feeder,0.9528562426567078,837,819,1885,1125
2486,137.0,feeder,0.9528146982192993,837,819,1885,1125
2487,137.0,feeder,0.9528460502624512,837,819,1885,1125
2488,137.0,feeder,0.9528504014015198,838,819,1885,1125
2489,137.0,feeder,0.9527976512908936,838,819,1885,1125
2490,137.0,feeder,0.9527760148048401,838,819,1885,1125
2491,137.0,feeder,0.9530643224716187,838,819,1885,1125
2492,137.0,feeder,0.9530491232872009,838,819,1885,1125
2493,137.0,feeder,0.9531247019767761,838,819,1885,1125
2494,137.0,feeder,0.9531400799751282,838,819,1885,1125
2495,137.0,feeder,0.9530843496322632,838,819,1885,1125
2496,137.0,feeder,0.953054666519165,838,819,1885,1125
2497,137.0,feeder,0.953019380569458,838,819,1885,1125
2498,137.0,feeder,0.9530068039894104,838,819,1885,1125
2499,137.0,feeder,0.9529900550842285,838,819,1885,1125
2500,137.0,feeder,0.9530036449432373,838,819,1885,1125
2501,137.0,feeder,0.9530701637268066,838,819,1885,1125
2502,137.0,feeder,0.9530388712882996,838,819,1885,1125
2503,137.0,feeder,0.9530012607574463,838,819,1885,1125
2504,137.0,feeder,0.9530569314956665,838,819,1885,1125
2505,137.0,feeder,0.9530797004699707,838,819,1885,1125
2506,137.0,feeder,0.9528585076332092,838,819,1884,1125
2507,137.0,feeder,0.9529363512992859,838,819,1884,1125
2508,137.0,feeder,0.9529498815536499,838,819,1884,1125
2509,137.0,feeder,0.9529900550842285,838,819,1884,1125
2510,137.0,feeder,0.953040361404419,838,819,1884,1125
2511,137.0,feeder,0.9528977870941162,838,819,1884,1125
2512,137.0,feeder,0.9528407454490662,838,819,1884,1125
2513,137.0,feeder,0.9528351426124573,838,819,1884,1125
2514,137.0,feeder,0.9528070092201233,838,819,1884,1125
2515,137.0,feeder,0.9528131484985352,838,819,1884,1125
2516,137.0,feeder,0.9527965784072876,838,819,1884,1125
2517,137.0,feeder,0.9528356790542603,838,819,1884,1125
2518,137.0,feeder,0.9528551697731018,838,819,1884,1125
2519,137.0,feeder,0.9528956413269043,838,819,1884,1125
2520,137.0,feeder,0.9528984427452087,838,819,1884,1125
2521,137.0,feeder,0.9529601335525513,838,819,1885,1125
2522,137.0,feeder,0.9529314637184143,838,819,1886,1125
2523,137.0,feeder,0.9529927372932434,837,819,1886,1125
2524,137.0,feeder,0.9529595971107483,837,819,1886,1125
2525,137.0,feeder,0.9529510736465454,838,819,1886,1125
2526,137.0,feeder,0.9528360962867737,838,819,1886,1125
2527,137.0,feeder,0.9527684450149536,838,819,1886,1125
2528,137.0,feeder,0.9527267813682556,838,819,1886,1125
2529,137.0,feeder,0.9526853561401367,838,819,1886,1125
2530,137.0,feeder,0.9526984691619873,838,819,1885,1125
2531,137.0,feeder,0.9527431130409241,838,819,1885,1125
2532,137.0,feeder,0.9527032971382141,838,819,1885,1125
2533,137.0,feeder,0.9527161717414856,838,819,1885,1125
2534,137.0,feeder,0.9527451992034912,838,819,1885,1125
2535,137.0,feeder,0.9527001976966858,838,819,1885,1125
2536,137.0,feeder,0.953029453754425,838,819,1885,1125
2537,137.0,feeder,0.9530155658721924,838,819,1885,1125
2538,137.0,feeder,0.9529983401298523,838,819,1885,1125
2539,137.0,feeder,0.9530520439147949,838,819,1885,1125
2540,137.0,feeder,0.9531198740005493,838,819,1885,1125
2541,137.0,feeder,0.953069806098938,838,819,1885,1125
2542,137.0,feeder,0.952995777130127,838,819,1885,1125
2543,137.0,feeder,0.9529947638511658,838,819,1885,1125
2544,137.0,feeder,0.9530035853385925,838,819,1885,1125
2545,137.0,feeder,0.9530163407325745,838,819,1885,1125
2546,137.0,feeder,0.953052818775177,838,819,1885,1125
2547,137.0,feeder,0.953022301197052,838,819,1885,1125
2548,137.0,feeder,0.9530054926872253,838,819,1885,1125
2549,137.0,feeder,0.9529139399528503,838,819,1885,1125
2550,137.0,feeder,0.9528964757919312,838,819,1885,1125
2551,137.0,feeder,0.9526696801185608,838,819,1885,1125
2552,137.0,feeder,0.9526497721672058,838,819,1884,1125
2553,137.0,feeder,0.9526525735855103,837,819,1884,1125
2554,137.0,feeder,0.9526991844177246,838,819,1884,1125
2555,137.0,feeder,0.9527416229248047,838,819,1884,1125
2556,137.0,feeder,0.9527481198310852,838,819,1884,1125
2557,137.0,feeder,0.9527458548545837,838,819,1884,1125
2558,137.0,feeder,0.9527575373649597,838,819,1884,1125
2559,137.0,feeder,0.9528200626373291,838,819,1884,1125
2560,137.0,feeder,0.9528391361236572,837,819,1884,1125
2561,137.0,feeder,0.9528693556785583,837,819,1884,1125
2562,137.0,feeder,0.9528695344924927,838,819,1884,1125
2563,137.0,feeder,0.9529115557670593,838,819,1885,1125
2564,137.0,feeder,0.9528656601905823,838,819,1885,1125
2565,137.0,feeder,0.9529200792312622,838,819,1885,1125
2566,137.0,feeder,0.952393114566803,838,819,1885,1125
2567,137.0,feeder,0.9524747729301453,838,818,1885,1125
2568,137.0,feeder,0.952538788318634,838,819,1885,1125
2569,137.0,feeder,0.9525722861289978,838,819,1885,1125
2570,137.0,feeder,0.9525482058525085,838,819,1885,1125
2571,137.0,feeder,0.9526528120040894,838,818,1885,1125
2572,137.0,feeder,0.9526395797729492,838,818,1885,1125
2573,137.0,feeder,0.952580988407135,838,818,1885,1125
2574,137.0,feeder,0.9525536894798279,838,818,1884,1125
2575,137.0,feeder,0.9526137113571167,838,818,1884,1125
2576,137.0,feeder,0.9526176452636719,838,818,1884,1125
2577,137.0,feeder,0.9526054263114929,838,818,1884,1125
2578,137.0,feeder,0.9526004195213318,838,818,1884,1125
2579,137.0,feeder,0.952621340751648,838,818,1885,1125
2580,137.0,feeder,0.9526225924491882,838,818,1885,1125
2581,137.0,feeder,0.953044593334198,838,819,1885,1125
2582,137.0,feeder,0.9529818296432495,838,819,1885,1125
2583,137.0,feeder,0.9529786705970764,838,819,1885,1125
2584,137.0,feeder,0.9529930353164673,838,819,1885,1125
2585,137.0,feeder,0.9529774785041809,838,819,1885,1125
2586,137.0,feeder,0.9529954195022583,838,819,1885,1125
2587,137.0,feeder,0.9529640674591064,838,819,1885,1125
2588,137.0,feeder,0.9529649019241333,838,819,1885,1125
2589,137.0,feeder,0.9530239105224609,838,819,1885,1125
2590,137.0,feeder,0.953015148639679,838,819,1885,1125
2591,137.0,feeder,0.952988862991333,838,819,1885,1125
2592,137.0,feeder,0.9530351758003235,838,819,1886,1125
2593,137.0,feeder,0.9530778527259827,838,819,1886,1125
2594,137.0,feeder,0.9530915021896362,838,819,1886,1125
2595,137.0,feeder,0.9530878067016602,838,819,1886,1125
2596,137.0,feeder,0.9528411030769348,838,819,1886,1125
2597,137.0,feeder,0.9528754949569702,838,819,1885,1125
2598,137.0,feeder,0.9528620839118958,838,819,1885,1125
2599,137.0,feeder,0.9529018998146057,838,819,1885,1125
2600,137.0,feeder,0.9528697729110718,838,819,1886,1125
2601,137.0,feeder,0.9528639316558838,838,819,1886,1125
2602,137.0,feeder,0.9529411196708679,838,819,1886,1125
2603,137.0,feeder,0.9529485702514648,838,819,1886,1125
2604,137.0,feeder,0.9528450965881348,838,819,1886,1125
2605,137.0,feeder,0.9528301358222961,838,819,1886,1125
2606,137.0,feeder,0.9527656435966492,838,819,1885,1125
2607,137.0,feeder,0.9527269005775452,838,819,1885,1125
2608,137.0,feeder,0.9526957273483276,838,819,1885,1125
2609,137.0,feeder,0.9526951909065247,838,819,1885,1125
2610,137.0,feeder,0.9526833891868591,838,819,1885,1125
2611,137.0,feeder,0.9527251720428467,838,819,1885,1125
2612,137.0,feeder,0.9526983499526978,837,819,1885,1125
2613,137.0,feeder,0.9526984691619873,837,819,1885,1125
2614,137.0,feeder,0.9526855945587158,837,819,1885,1125
2615,137.0,feeder,0.9527103304862976,837,819,1885,1125
2616,137.0,feeder,0.9527299404144287,837,819,1885,1125
2617,137.0,feeder,0.9526792764663696,837,819,1885,1125
2618,137.0,feeder,0.9527290463447571,837,819,1885,1125
2619,137.0,feeder,0.9527015089988708,837,819,1885,1125
2620,137.0,feeder,0.9527771472930908,837,819,1885,1125
2621,137.0,feeder,0.9528126120567322,837,819,1885,1125
2622,137.0,feeder,0.9528189897537231,837,819,1885,1125
2623,137.0,feeder,0.9528239965438843,837,819,1885,1125
2624,137.0,feeder,0.9528501629829407,837,819,1885,1125
2625,137.0,feeder,0.9493798017501831,839,819,1885,1126
2626,137.0,feeder,0.9459068179130554,844,819,1884,1126
2627,137.0,feeder,0.9027817249298096,853,819,1883,1125
2628,137.0,feeder,0.35893678665161133,858,813,1881,1124
2629,,bt,0.8426827192306519,584,901,776,1075
2630,137.0,feeder,0.3737604022026062,856,803,1880,1122
2631,137.0,feeder,0.9525200724601746,843,813,1883,1124
2632,137.0,feeder,0.9266436100006104,849,811,1882,1123
2633,137.0,feeder,0.9439887404441833,852,808,1880,1122
2633,292.0,gt,0.6117537021636963,933,794,1041,927
2634,137.0,feeder,0.9450830221176147,852,806,1879,1121
2634,292.0,gt,0.7860903739929199,931,789,1057,928
2635,137.0,feeder,0.9450250267982483,853,806,1878,1121
2635,292.0,gt,0.8125998377799988,933,788,1070,929
2636,137.0,feeder,0.9449729323387146,853,806,1877,1121
2636,292.0,gt,0.7760985493659973,937,787,1081,930
2637,137.0,feeder,0.9453140497207642,853,805,1877,1121
2637,292.0,gt,0.7761030197143555,937,786,1086,930
2638,137.0,feeder,0.9445499777793884,854,805,1877,1121
2638,292.0,gt,0.7937642931938171,939,772,1096,932
2639,137.0,feeder,0.9463621377944946,853,806,1877,1121
2639,292.0,gt,0.7986796498298645,968,762,1104,931
2640,137.0,feeder,0.9465089440345764,853,807,1877,1121
2640,292.0,gt,0.8024144768714905,983,758,1108,929
2641,137.0,feeder,0.9465290307998657,852,807,1877,1121
2641,292.0,gt,0.8164170980453491,988,756,1109,927
2642,137.0,feeder,0.9465977549552917,852,808,1877,1121
2642,292.0,gt,0.8075562715530396,991,755,1111,927
2643,137.0,feeder,0.9466085433959961,852,808,1877,1121
2643,292.0,gt,0.8099520206451416,991,755,1113,927
2644,137.0,feeder,0.9468051195144653,852,808,1877,1121
2644,292.0,gt,0.8172295689582825,993,754,1114,926
2645,137.0,feeder,0.9469513297080994,852,808,1877,1121
2645,292.0,gt,0.818647563457489,993,753,1115,926
2646,137.0,feeder,0.9470352530479431,852,808,1877,1121
2646,292.0,gt,0.8195599913597107,993,753,1117,926
2647,137.0,feeder,0.9470138549804688,852,808,1876,1121
2647,292.0,gt,0.8238961100578308,993,753,1118,926
2648,137.0,feeder,0.9468873739242554,852,808,1876,1121
2648,292.0,gt,0.839225709438324,994,756,1120,927
2649,137.0,feeder,0.9469537734985352,852,808,1876,1121
2649,292.0,gt,0.8258079886436462,995,759,1120,927
2650,137.0,feeder,0.946993350982666,852,808,1876,1121
2650,292.0,gt,0.8260136246681213,996,761,1122,927
2651,137.0,feeder,0.9470028281211853,852,808,1876,1121
2651,292.0,gt,0.8173526525497437,996,761,1123,927
2652,137.0,feeder,0.947035551071167,852,808,1876,1121
2652,292.0,gt,0.822479784488678,996,761,1124,927
2653,137.0,feeder,0.9470541477203369,852,808,1876,1121
2653,292.0,gt,0.8204729557037354,996,760,1124,927
2654,137.0,feeder,0.9462209343910217,852,808,1876,1121
2654,292.0,gt,0.8290461301803589,1003,759,1117,927
2655,137.0,feeder,0.9453117847442627,852,808,1877,1121
2655,292.0,gt,0.8111881017684937,1008,756,1117,928
2656,137.0,feeder,0.9450033903121948,852,808,1876,1121
2656,292.0,gt,0.7921915054321289,1011,755,1117,928
2657,137.0,feeder,0.9450305104255676,852,808,1876,1121
2657,292.0,gt,0.7931267619132996,1012,754,1117,929
2658,137.0,feeder,0.9451497793197632,852,808,1876,1121
2658,292.0,gt,0.7857614755630493,1012,755,1117,929
2659,137.0,feeder,0.9459705948829651,853,808,1876,1121
2659,292.0,gt,0.8306167721748352,1014,760,1119,929
2660,137.0,feeder,0.9469352960586548,853,809,1876,1120
2660,292.0,gt,0.8417406678199768,991,744,1144,928
2661,137.0,feeder,0.9452735781669617,852,808,1875,1120
2661,292.0,gt,0.8654506206512451,957,766,1162,928
2662,137.0,feeder,0.9457491636276245,852,808,1875,1120
2662,292.0,gt,0.8628011345863342,943,776,1171,927
2663,137.0,feeder,0.9462571144104004,852,808,1875,1120
2663,292.0,gt,0.8645599484443665,937,778,1175,926
2664,137.0,feeder,0.9461686015129089,853,808,1875,1120
2664,292.0,gt,0.8610395193099976,935,778,1177,926
2665,137.0,feeder,0.9461711049079895,853,809,1875,1120
2665,292.0,gt,0.8608929514884949,935,778,1177,925
2666,137.0,feeder,0.9460664987564087,853,808,1875,1120
2666,292.0,gt,0.858149528503418,935,777,1177,927
2667,137.0,feeder,0.9457501173019409,853,808,1875,1120
2667,292.0,gt,0.8711055517196655,934,780,1178,927
2668,137.0,feeder,0.9454497694969177,853,809,1875,1120
2668,292.0,gt,0.8408711552619934,969,709,1175,929
2669,137.0,feeder,0.9470090270042419,853,809,1875,1120
2669,292.0,gt,0.8758817911148071,964,740,1197,926
2670,137.0,feeder,0.9473153352737427,852,809,1875,1120
2670,292.0,gt,0.8481360077857971,982,759,1225,916
2671,137.0,feeder,0.9470281600952148,852,810,1876,1120
2671,292.0,gt,0.8556060194969177,1015,779,1265,932
2672,137.0,feeder,0.9457597136497498,852,810,1876,1120
2672,292.0,gt,0.8633143305778503,1047,789,1292,938
2673,137.0,feeder,0.9449100494384766,852,810,1876,1120
2673,292.0,gt,0.8674522042274475,1066,793,1303,940
2674,137.0,feeder,0.9451910853385925,852,810,1876,1120
2674,292.0,gt,0.8523549437522888,1074,795,1306,940
2675,137.0,feeder,0.9444921612739563,852,811,1876,1120
2675,292.0,gt,0.841345489025116,1080,801,1315,938
2676,137.0,feeder,0.9443150162696838,852,811,1876,1120
2676,292.0,gt,0.8336775898933411,1084,815,1329,936
2677,137.0,feeder,0.9443454146385193,852,811,1876,1120
2677,292.0,gt,0.8325837850570679,1085,816,1331,936
2678,137.0,feeder,0.9446794390678406,852,811,1876,1120
2678,292.0,gt,0.8699448108673096,1080,797,1331,938
2679,137.0,feeder,0.9450900554656982,852,811,1876,1121
2679,292.0,gt,0.868121862411499,1076,785,1330,938
2680,137.0,feeder,0.9454248547554016,852,811,1876,1121
2680,292.0,gt,0.8680920004844666,1073,781,1329,938
2681,137.0,feeder,0.9452652335166931,852,811,1876,1121
2681,292.0,gt,0.8670293688774109,1073,778,1328,938
2682,137.0,feeder,0.945286214351654,852,811,1876,1121
2682,292.0,gt,0.8699160814285278,1078,777,1328,938
2683,137.0,feeder,0.9455716013908386,852,811,1875,1121
2683,292.0,gt,0.8593516945838928,1081,776,1327,937
2684,137.0,feeder,0.9458104968070984,852,811,1875,1121
2684,292.0,gt,0.8565804362297058,1076,771,1319,937
2685,137.0,feeder,0.9458592534065247,852,811,1875,1121
2685,292.0,gt,0.8660626411437988,1075,769,1316,938
2686,137.0,feeder,0.9461353421211243,852,811,1875,1121
2686,292.0,gt,0.8659360408782959,1080,768,1313,938
2687,137.0,feeder,0.9461851716041565,852,811,1875,1121
2687,292.0,gt,0.8624643683433533,1080,768,1312,937
2688,137.0,feeder,0.9461853504180908,852,811,1875,1121
2688,292.0,gt,0.8653024435043335,1085,768,1313,937
2689,137.0,feeder,0.9461430907249451,852,811,1875,1121
2689,292.0,gt,0.8653825521469116,1087,764,1329,938
2690,137.0,feeder,0.9460678696632385,852,811,1875,1121
2690,292.0,gt,0.869586706161499,1082,762,1338,938
2691,137.0,feeder,0.9458584785461426,852,811,1875,1121
2691,292.0,gt,0.8708152174949646,1084,762,1341,938
2692,137.0,feeder,0.9454626441001892,852,811,1875,1121
2692,292.0,gt,0.8745731115341187,1091,761,1342,937
2693,137.0,feeder,0.9451926946640015,852,811,1875,1121
2693,292.0,gt,0.8758714199066162,1095,761,1342,936
2694,137.0,feeder,0.9451519250869751,852,811,1875,1121
2694,292.0,gt,0.875971257686615,1099,762,1342,934
2695,137.0,feeder,0.9436224102973938,853,811,1875,1121
2695,292.0,gt,0.8451734185218811,1103,734,1338,931
2696,137.0,feeder,0.9460958242416382,852,811,1875,1121
2696,292.0,gt,0.8371386528015137,1136,738,1341,915
2697,137.0,feeder,0.9464530944824219,852,811,1875,1122
2697,292.0,gt,0.8402727842330933,1190,756,1351,918
2698,137.0,feeder,0.9459205865859985,852,812,1875,1122
2698,292.0,gt,0.8200151324272156,1228,761,1362,922
2699,137.0,feeder,0.946176290512085,852,812,1875,1122
2699,292.0,gt,0.829652726650238,1244,761,1369,921
2700,137.0,feeder,0.9464472532272339,852,813,1875,1122
2700,292.0,gt,0.8126668930053711,1248,760,1374,919
2701,137.0,feeder,0.9460574388504028,852,813,1875,1122
2701,292.0,gt,0.8234128355979919,1249,760,1374,920
