frame,id,class,confidence,x1,y1,x2,y2
1,137.0,j,0.9348133206367493,930,801,1639,1351
2,137.0,j,0.9326468110084534,1011,769,1465,1383
3,137.0,j,0.9337739944458008,1023,755,1431,1397
4,137.0,j,0.9361319541931152,1017,749,1422,1403
5,137.0,j,0.9382215738296509,1001,748,1418,1404
6,137.0,j,0.9337964057922363,975,748,1414,1403
7,137.0,j,0.9369736313819885,953,749,1415,1402
8,137.0,j,0.9356427788734436,936,751,1421,1401
9,137.0,j,0.9339433312416077,927,751,1428,1400
10,137.0,j,0.9374913573265076,904,752,1437,1400
11,137.0,j,0.9391791224479675,892,752,1441,1399
12,137.0,j,0.9400960803031921,888,753,1443,1398
13,137.0,j,0.9390537142753601,891,753,1444,1398
14,137.0,j,0.9378920793533325,900,753,1444,1396
15,137.0,j,0.9371734857559204,903,753,1442,1393
16,137.0,j,0.9394640326499939,904,753,1440,1391
17,137.0,j,0.9405280351638794,905,754,1439,1387
18,137.0,j,0.9405232667922974,901,754,1437,1376
19,137.0,j,0.9387499094009399,898,755,1436,1364
20,137.0,j,0.9374942779541016,897,756,1436,1351
21,137.0,j,0.9366516470909119,896,756,1436,1340
22,137.0,j,0.9357703924179077,895,757,1436,1336
23,137.0,j,0.9368430376052856,894,758,1436,1327
24,137.0,j,0.9373856782913208,894,759,1436,1318
25,137.0,j,0.9377808570861816,896,759,1436,1311
26,137.0,j,0.9367372989654541,897,759,1436,1306
27,137.0,j,0.9362679719924927,898,759,1436,1304
28,137.0,j,0.9367571473121643,898,760,1436,1301
29,137.0,j,0.9371835589408875,900,760,1437,1297
30,137.0,j,0.9376901388168335,901,760,1436,1293
31,137.0,j,0.9383708834648132,902,760,1436,1289
32,137.0,j,0.9380958676338196,902,760,1436,1289
33,137.0,j,0.9365822076797485,903,760,1435,1292
34,137.0,j,0.9364812970161438,904,762,1434,1291
35,137.0,j,0.9361226558685303,905,764,1434,1292
36,137.0,j,0.9357538819313049,906,767,1432,1297
37,137.0,j,0.9355291128158569,906,766,1433,1298
38,137.0,j,0.9358246922492981,906,765,1434,1297
39,137.0,j,0.9354157447814941,906,765,1434,1298
40,137.0,j,0.9354038238525391,907,766,1432,1301
41,137.0,j,0.9354329109191895,908,766,1432,1303
42,137.0,j,0.935192346572876,908,767,1431,1305
43,137.0,j,0.935371994972229,909,766,1432,1305
44,137.0,j,0.9357615113258362,910,766,1431,1306
45,137.0,j,0.9357927441596985,909,765,1431,1306
46,137.0,j,0.9357169270515442,910,765,1430,1306
47,137.0,j,0.9352437257766724,909,764,1429,1306
48,137.0,j,0.934658944606781,909,764,1428,1306
49,137.0,j,0.9342370629310608,909,763,1427,1306
50,137.0,j,0.934246838092804,909,762,1427,1306
51,137.0,j,0.9337263703346252,910,760,1427,1306
52,137.0,j,0.9330876469612122,911,758,1426,1306
53,137.0,j,0.9326273202896118,912,758,1426,1306
54,137.0,j,0.93231201171875,912,757,1426,1306
55,137.0,j,0.932070791721344,913,756,1427,1304
56,137.0,j,0.9322152733802795,914,755,1426,1303
57,137.0,j,0.9325616955757141,914,755,1426,1303
58,137.0,j,0.9317014813423157,913,755,1425,1303
59,137.0,j,0.9309581518173218,914,755,1425,1303
60,137.0,j,0.9314941763877869,914,755,1426,1303
61,137.0,j,0.93199622631073,913,754,1425,1303
62,137.0,j,0.9341213703155518,912,752,1425,1303
63,137.0,j,0.9344735145568848,912,752,1426,1303
64,137.0,j,0.9341097474098206,911,752,1426,1303
65,137.0,j,0.9340977668762207,910,751,1426,1304
66,137.0,j,0.9344649910926819,909,752,1427,1304
67,137.0,j,0.9354984164237976,909,751,1427,1304
68,137.0,j,0.9355974793434143,909,751,1427,1304
69,137.0,j,0.9357980489730835,909,752,1427,1304
70,137.0,j,0.9363395571708679,909,752,1428,1304
71,137.0,j,0.935807466506958,909,752,1428,1304
72,137.0,j,0.9360174536705017,910,752,1429,1304
73,137.0,j,0.9359471797943115,911,752,1429,1304
74,137.0,j,0.9357560873031616,912,752,1429,1304
75,137.0,j,0.9354957342147827,913,752,1428,1304
76,137.0,j,0.9352445602416992,914,752,1428,1303
77,137.0,j,0.9350218176841736,913,752,1429,1304
78,137.0,j,0.9353464841842651,913,752,1429,1304
79,137.0,j,0.9340665340423584,913,752,1429,1304
80,137.0,j,0.9340712428092957,913,753,1429,1304
81,137.0,j,0.9329923391342163,913,753,1428,1304
82,137.0,j,0.9325958490371704,912,753,1428,1304
83,137.0,j,0.9331468939781189,912,753,1428,1304
84,137.0,j,0.9331930875778198,911,754,1429,1304
85,137.0,j,0.9325294494628906,910,753,1428,1304
86,137.0,j,0.9323901534080505,908,754,1428,1304
87,137.0,j,0.9320312142372131,907,754,1427,1305
88,137.0,j,0.9316861033439636,906,755,1425,1305
89,137.0,j,0.9336656928062439,902,760,1424,1305
90,137.0,j,0.9340047836303711,895,767,1420,1305
91,137.0,j,0.9355565309524536,888,775,1415,1305
92,137.0,j,0.9362463355064392,876,785,1408,1305
93,137.0,j,0.9355838894844055,857,794,1404,1305
94,137.0,j,0.9382762312889099,846,810,1400,1304
95,137.0,j,0.940536379814148,832,817,1397,1304
96,137.0,j,0.9393911361694336,813,817,1394,1306
97,137.0,j,0.9411789774894714,800,815,1395,1306
98,137.0,j,0.9418067932128906,784,814,1396,1305
99,137.0,j,0.9441330432891846,774,815,1398,1306
100,137.0,j,0.9445402026176453,766,815,1399,1306
101,137.0,j,0.9453642964363098,759,814,1399,1306
102,137.0,j,0.9459009170532227,756,814,1400,1306
103,137.0,j,0.9451611638069153,755,814,1400,1306
104,137.0,j,0.9449701905250549,756,814,1401,1307
105,137.0,j,0.9443084001541138,756,814,1400,1307
106,137.0,j,0.9430394768714905,761,814,1399,1307
107,137.0,j,0.9450751543045044,770,814,1399,1307
108,137.0,j,0.9469747543334961,772,814,1404,1307
109,137.0,j,0.9466816782951355,766,815,1409,1307
110,137.0,j,0.9484049677848816,755,814,1424,1307
111,137.0,j,0.9503251910209656,741,815,1452,1307
112,137.0,j,0.9501863718032837,733,816,1487,1307
113,137.0,j,0.9454427361488342,718,810,1513,1306
114,137.0,j,0.9482882618904114,703,807,1530,1306
115,137.0,j,0.9508890509605408,689,804,1539,1306
116,137.0,j,0.9509640336036682,676,802,1544,1306
117,137.0,j,0.9507326483726501,666,801,1546,1306
118,137.0,j,0.9512114524841309,665,800,1547,1306
119,137.0,j,0.9513678550720215,662,800,1547,1306
120,137.0,j,0.9512719511985779,660,799,1547,1306
121,137.0,j,0.9507802724838257,656,800,1547,1307
122,137.0,j,0.9507681131362915,655,800,1547,1307
123,137.0,j,0.9508392214775085,654,799,1547,1307
124,137.0,j,0.9510585069656372,654,800,1547,1307
125,137.0,j,0.9511317014694214,655,800,1547,1307
126,137.0,j,0.9509192109107971,655,801,1547,1307
127,137.0,j,0.9506276249885559,654,801,1546,1307
128,137.0,j,0.951073944568634,654,801,1546,1307
129,137.0,j,0.9511690139770508,655,801,1546,1307
130,137.0,j,0.9508906602859497,656,802,1545,1307
131,137.0,j,0.9511815309524536,658,802,1542,1307
132,137.0,j,0.9503154158592224,663,801,1533,1307
133,137.0,j,0.9520931243896484,667,801,1519,1307
134,137.0,j,0.9492128491401672,671,799,1492,1307
135,137.0,j,0.9487178921699524,675,795,1451,1306
136,137.0,j,0.9467533826828003,680,793,1422,1307
137,137.0,j,0.9464057087898254,683,791,1411,1307
138,137.0,j,0.9463933110237122,688,790,1406,1307
139,137.0,j,0.9462217688560486,690,790,1405,1307
140,137.0,j,0.9462429881095886,694,790,1405,1307
141,137.0,j,0.9467658996582031,699,790,1405,1307
142,137.0,j,0.9471524357795715,702,789,1406,1306
143,137.0,j,0.9478850960731506,704,789,1407,1306
144,137.0,j,0.9480561017990112,705,789,1408,1306
145,137.0,j,0.9483672380447388,706,790,1408,1306
146,137.0,j,0.948728621006012,707,790,1409,1306
147,137.0,j,0.9491685032844543,709,790,1409,1306
148,137.0,j,0.9497977495193481,710,790,1409,1306
149,137.0,j,0.9498204588890076,711,790,1411,1306
150,137.0,j,0.949295699596405,712,790,1411,1306
151,137.0,j,0.9421278238296509,719,790,1411,1307
152,137.0,j,0.9438633322715759,731,791,1411,1308
153,137.0,j,0.9444646239280701,742,796,1411,1308
154,137.0,j,0.9447809457778931,754,807,1410,1307
155,137.0,j,0.9440460205078125,762,817,1407,1307
156,137.0,j,0.9448404312133789,768,823,1401,1307
157,137.0,j,0.944001317024231,778,824,1393,1308
158,137.0,j,0.9379271268844604,787,813,1382,1308
159,137.0,j,0.9419727325439453,788,801,1360,1308
160,137.0,j,0.9430333375930786,780,795,1350,1307
161,137.0,j,0.9448934197425842,790,793,1350,1307
162,137.0,j,0.9456970691680908,817,794,1363,1306
163,137.0,j,0.9449182152748108,831,794,1373,1306
164,137.0,j,0.9437470436096191,845,794,1379,1306
165,137.0,j,0.9451294541358948,867,792,1381,1306
166,137.0,j,0.9423733353614807,884,791,1381,1306
167,137.0,j,0.9381980299949646,907,790,1378,1305
168,137.0,j,0.9388517737388611,927,789,1376,1304
169,137.0,j,0.9370829463005066,945,788,1374,1304
170,137.0,j,0.9357391595840454,971,788,1373,1303
171,137.0,j,0.9377126693725586,991,788,1372,1303
172,137.0,j,0.9363632798194885,1013,788,1372,1304
173,137.0,j,0.9376787543296814,1017,787,1371,1305
174,137.0,j,0.933317244052887,1011,776,1370,1306
175,137.0,j,0.9311957359313965,1009,769,1377,1307
176,137.0,j,0.9330129027366638,997,765,1391,1308
177,137.0,j,0.9389707446098328,983,765,1415,1307
178,137.0,j,0.9425548315048218,977,766,1444,1307
179,137.0,j,0.9416284561157227,971,766,1471,1307
180,137.0,j,0.9420740604400635,970,765,1498,1306
181,137.0,j,0.9477664828300476,972,764,1521,1305
182,137.0,j,0.9501633048057556,975,769,1542,1304
183,137.0,j,0.9521386623382568,945,764,1561,1305
184,137.0,j,0.9518486857414246,920,761,1581,1305
185,137.0,j,0.9499301314353943,907,760,1610,1305
186,137.0,j,0.9509589076042175,899,758,1626,1305
187,137.0,j,0.9520706534385681,895,758,1641,1305
188,137.0,j,0.9525354504585266,893,758,1653,1305
189,137.0,j,0.9523380994796753,893,757,1663,1305
190,137.0,j,0.951328694820404,892,757,1670,1305
191,137.0,j,0.9504649639129639,894,758,1678,1305
192,137.0,j,0.9464496970176697,907,760,1690,1306
193,137.0,j,0.9481620788574219,925,762,1699,1306
194,137.0,j,0.949928343296051,929,768,1711,1306
195,137.0,j,0.9499529600143433,929,772,1710,1306
196,137.0,j,0.9504957795143127,929,773,1710,1306
197,137.0,j,0.9499024748802185,929,772,1709,1306
198,137.0,j,0.9498752951622009,929,772,1707,1306
199,137.0,j,0.9506412744522095,929,772,1706,1306
200,137.0,j,0.9512695670127869,928,772,1707,1306
201,137.0,j,0.9510704874992371,927,772,1706,1306
202,137.0,j,0.950951337814331,927,772,1706,1306
203,137.0,j,0.9510470628738403,928,774,1706,1306
204,137.0,j,0.9507813453674316,928,777,1706,1307
205,137.0,j,0.9499870538711548,936,782,1707,1306
206,137.0,j,0.9482983350753784,947,793,1713,1306
207,137.0,j,0.947850227355957,957,809,1708,1306
208,137.0,j,0.945623517036438,969,829,1708,1306
209,137.0,j,0.9453126192092896,974,843,1708,1306
210,137.0,j,0.9464739561080933,976,852,1707,1306
211,137.0,j,0.9467216730117798,977,858,1706,1306
212,137.0,j,0.9449208974838257,977,861,1709,1305
213,137.0,j,0.9473780393600464,981,862,1707,1305
214,137.0,j,0.9479066729545593,983,860,1714,1304
215,137.0,j,0.9465376138687134,986,859,1714,1304
216,137.0,j,0.9445106387138367,988,859,1701,1304
217,137.0,j,0.9462738633155823,989,858,1690,1304
218,137.0,j,0.9455329775810242,989,858,1686,1305
219,137.0,j,0.9451429843902588,989,858,1687,1305
220,137.0,j,0.9451619386672974,988,859,1686,1305
221,137.0,j,0.9472010731697083,987,844,1687,1305
222,137.0,j,0.9482188820838928,986,826,1691,1305
223,137.0,j,0.9437649846076965,981,809,1699,1305
224,137.0,j,0.9476839303970337,974,795,1707,1305
225,137.0,j,0.9478358626365662,967,788,1713,1305
226,137.0,j,0.945946991443634,964,784,1724,1306
227,137.0,j,0.9456422328948975,963,783,1731,1306
228,137.0,j,0.9456008672714233,963,782,1734,1307
229,137.0,j,0.9454232454299927,963,782,1735,1307
230,137.0,j,0.9455414414405823,963,782,1734,1307
231,137.0,j,0.945557713508606,963,782,1734,1307
232,137.0,j,0.9453887343406677,964,782,1733,1306
233,137.0,j,0.9453350305557251,964,784,1734,1307
234,137.0,j,0.9445474147796631,959,787,1736,1307
235,137.0,j,0.943996012210846,951,795,1739,1307
236,137.0,j,0.9453324675559998,947,806,1743,1307
237,137.0,j,0.9450007081031799,945,813,1745,1306
238,137.0,j,0.9453012347221375,944,817,1740,1306
239,137.0,j,0.9457697868347168,943,817,1736,1306
240,137.0,j,0.9454385638237,943,818,1737,1306
241,137.0,j,0.9454297423362732,943,818,1736,1306
242,137.0,j,0.9451617002487183,943,819,1736,1306
243,137.0,j,0.9445411562919617,945,825,1740,1307
244,137.0,j,0.9436543583869934,949,840,1739,1307
245,137.0,j,0.9468057155609131,960,852,1733,1306
246,137.0,j,0.9459977746009827,974,862,1735,1307
247,137.0,j,0.9467746615409851,981,871,1741,1307
248,137.0,j,0.9481541514396667,985,876,1744,1307
249,137.0,j,0.9472343325614929,986,878,1741,1307
250,137.0,j,0.9480023980140686,987,877,1738,1306
251,137.0,j,0.9471498727798462,987,874,1732,1306
252,137.0,j,0.9476184844970703,987,873,1730,1306
253,137.0,j,0.9489991664886475,986,870,1715,1306
254,137.0,j,0.9490835666656494,986,867,1708,1306
255,137.0,j,0.9472184181213379,984,867,1707,1306
256,137.0,j,0.9480971097946167,980,866,1709,1306
257,137.0,j,0.9485538601875305,978,866,1709,1305
258,137.0,j,0.9484670758247375,977,866,1709,1305
259,137.0,j,0.9487726092338562,976,866,1707,1305
260,137.0,j,0.9491939544677734,975,866,1706,1306
261,137.0,j,0.9494848251342773,975,867,1705,1306
262,137.0,j,0.9489156603813171,975,867,1703,1306
263,137.0,j,0.9482994079589844,976,867,1700,1306
264,137.0,j,0.9473649859428406,978,864,1700,1306
265,137.0,j,0.9491447806358337,977,865,1699,1306
266,137.0,j,0.9512938261032104,970,867,1702,1306
267,137.0,j,0.9517718553543091,962,870,1708,1306
268,137.0,j,0.9504769444465637,958,872,1714,1307
269,137.0,j,0.950685977935791,952,872,1713,1306
270,137.0,j,0.9499779343605042,936,871,1721,1306
271,137.0,j,0.9509766697883606,909,871,1733,1305
272,137.0,j,0.9539105296134949,885,853,1739,1305
273,137.0,j,0.9565646648406982,875,827,1739,1305
274,137.0,j,0.9531075954437256,885,814,1744,1305
275,137.0,j,0.950873851776123,875,796,1751,1305
276,137.0,j,0.9421790242195129,851,786,1769,1303
277,137.0,j,0.937069833278656,839,782,1784,1303
278,137.0,j,0.9354846477508545,835,780,1792,1303
279,137.0,j,0.9351534843444824,834,777,1798,1303
280,137.0,j,0.9360947608947754,834,776,1800,1303
281,137.0,j,0.9359464049339294,834,778,1806,1303
282,137.0,j,0.9460921883583069,834,783,1812,1303
283,137.0,j,0.9451311826705933,847,788,1814,1304
284,137.0,j,0.944081723690033,855,793,1825,1305
285,137.0,j,0.9424469470977783,855,797,1831,1304
286,137.0,j,0.9438881874084473,855,799,1832,1304
287,137.0,j,0.9441156387329102,855,800,1833,1304
288,137.0,j,0.9444235563278198,855,800,1832,1304
289,137.0,j,0.9438573718070984,855,800,1833,1304
290,137.0,j,0.9440442323684692,855,800,1833,1304
291,137.0,j,0.9443368911743164,855,800,1833,1304
292,137.0,j,0.9440693259239197,855,800,1834,1304
293,137.0,j,0.9434491991996765,855,800,1834,1304
294,137.0,j,0.9416294693946838,859,800,1834,1306
295,137.0,j,0.9425545334815979,864,807,1834,1306
296,137.0,j,0.9441361427307129,866,811,1832,1305
297,137.0,j,0.9447025060653687,864,812,1832,1305
298,137.0,j,0.9404516816139221,848,812,1829,1304
299,137.0,j,0.9441273212432861,819,808,1831,1304
300,137.0,j,0.9231023788452148,787,809,1833,1305
301,137.0,j,0.919191300868988,731,815,1823,1307
302,137.0,j,0.8958917260169983,659,798,1784,1309
303,137.0,j,0.8976318836212158,588,778,1718,1217
304,137.0,j,0.8903365135192871,533,765,1651,1212
305,137.0,j,0.8884591460227966,490,747,1552,1273
306,137.0,j,0.8996191620826721,416,754,1447,1316
307,137.0,j,0.8987930417060852,343,785,1292,1334
308,137.0,j,0.8369796276092529,344,826,1090,1377
309,137.0,lt,0.9660829901695251,333,947,872,1395
310,,lt,0.8365476727485657,529,1271,690,1396
311,,feeder,0.9447531700134277,775,989,1960,1382
312,326.0,feeder,0.9443762302398682,775,989,1960,1382
313,326.0,feeder,0.9443640112876892,775,989,1960,1382
314,326.0,feeder,0.9444657564163208,775,989,1960,1382
315,326.0,feeder,0.9450821876525879,775,989,1960,1382
316,326.0,feeder,0.945501983165741,775,989,1960,1382
317,326.0,feeder,0.9455597400665283,775,988,1960,1382
318,326.0,feeder,0.9456073045730591,775,989,1960,1382
319,326.0,feeder,0.9452745914459229,775,989,1960,1382
320,326.0,feeder,0.9453201293945312,775,989,1960,1382
321,326.0,feeder,0.9454830288887024,775,989,1960,1382
322,326.0,feeder,0.9452341198921204,775,988,1960,1382
323,326.0,feeder,0.9451223015785217,775,988,1960,1381
324,326.0,feeder,0.9456748962402344,775,988,1960,1381
325,326.0,feeder,0.9458329081535339,775,988,1960,1381
326,326.0,feeder,0.9457746744155884,775,988,1960,1381
327,326.0,feeder,0.9455990791320801,775,988,1960,1381
328,326.0,feeder,0.9455952644348145,775,988,1960,1381
329,326.0,feeder,0.9454721212387085,776,988,1960,1381
330,326.0,feeder,0.9453541040420532,776,988,1960,1381
331,326.0,feeder,0.9445964694023132,776,988,1960,1382
332,326.0,feeder,0.9448897242546082,776,988,1960,1382
333,326.0,feeder,0.9450235962867737,776,988,1960,1382
334,326.0,feeder,0.9451636672019958,776,988,1960,1382
335,326.0,feeder,0.9449333548545837,776,988,1960,1382
336,326.0,feeder,0.9452528953552246,776,988,1960,1381
337,326.0,feeder,0.9450809955596924,776,988,1960,1381
338,326.0,feeder,0.9451770782470703,776,988,1960,1381
339,326.0,feeder,0.944711446762085,776,988,1960,1381
340,326.0,feeder,0.9423415660858154,777,988,1960,1381
341,326.0,feeder,0.9447935819625854,777,988,1960,1381
341,327.0,lt,0.8425148725509644,52,1043,252,1237
342,326.0,feeder,0.9445210695266724,777,988,1960,1381
343,326.0,feeder,0.9405485987663269,777,988,1960,1381
344,326.0,feeder,0.9453891515731812,777,988,1960,1381
345,326.0,feeder,0.9447757601737976,776,988,1960,1381
346,326.0,feeder,0.9444453716278076,776,988,1960,1381
347,326.0,feeder,0.9443844556808472,776,988,1960,1381
348,326.0,feeder,0.9440861940383911,776,988,1960,1381
349,326.0,feeder,0.8734970688819885,776,990,1959,1380
350,326.0,feeder,0.8804478049278259,776,990,1958,1379
351,326.0,feeder,0.9344162344932556,776,989,1959,1380
352,326.0,feeder,0.9376356601715088,776,989,1960,1380
353,326.0,feeder,0.9016057252883911,776,990,1958,1379
353,341.0,j,0.7178117632865906,433,712,558,829
354,326.0,feeder,0.9453244805335999,776,989,1959,1380
354,341.0,j,0.7771556973457336,435,697,550,798
355,326.0,feeder,0.9455889463424683,776,989,1959,1381
355,341.0,j,0.526623547077179,445,666,540,773
356,326.0,feeder,0.9453611969947815,777,989,1959,1381
356,341.0,j,0.6098491549491882,403,666,532,754
357,326.0,feeder,0.9454842805862427,776,989,1959,1381
357,341.0,j,0.7361893057823181,390,656,524,730
358,326.0,feeder,0.9456693530082703,776,989,1959,1381
358,341.0,j,0.7565473318099976,396,628,521,727
359,326.0,feeder,0.9457175135612488,776,989,1959,1381
359,341.0,j,0.7702216506004333,412,601,503,720
360,326.0,feeder,0.9454855918884277,776,989,1960,1381
360,341.0,j,0.8026614785194397,418,579,499,706
361,326.0,feeder,0.9450234174728394,776,989,1960,1381
361,341.0,j,0.6933144330978394,394,565,517,683
362,326.0,feeder,0.9450159668922424,776,989,1960,1381
362,341.0,j,0.7620602250099182,381,563,503,677
363,326.0,feeder,0.9454665184020996,776,989,1960,1381
363,341.0,j,0.7902913689613342,383,560,502,668
364,326.0,feeder,0.9452850818634033,776,989,1960,1381
364,341.0,j,0.8130497336387634,398,556,493,663
365,326.0,feeder,0.945073664188385,776,989,1960,1381
365,341.0,j,0.7876016497612,396,555,494,665
366,326.0,feeder,0.9449548721313477,776,989,1960,1382
366,341.0,j,0.7490314841270447,398,553,490,663
367,326.0,feeder,0.944904088973999,776,989,1960,1381
367,341.0,j,0.6840569376945496,410,556,482,661
368,326.0,feeder,0.944973349571228,776,989,1960,1382
368,341.0,j,0.5207686424255371,416,561,488,656
369,326.0,feeder,0.9449745416641235,775,989,1960,1382
369,341.0,j,0.19041244685649872,422,566,486,639
370,326.0,feeder,0.9448816180229187,775,989,1960,1382
371,326.0,feeder,0.9445632696151733,775,989,1960,1381
372,326.0,feeder,0.9446914792060852,775,989,1960,1381
373,326.0,feeder,0.9450452327728271,776,989,1960,1381
374,326.0,feeder,0.9449833631515503,776,989,1960,1382
375,326.0,feeder,0.9451748132705688,776,989,1960,1382
376,326.0,feeder,0.9457334280014038,775,989,1960,1381
377,326.0,feeder,0.9453357458114624,775,989,1960,1381
378,326.0,feeder,0.9455258846282959,775,988,1960,1381
379,326.0,feeder,0.9458627700805664,775,988,1960,1381
380,326.0,feeder,0.9455831050872803,776,988,1960,1381
381,326.0,feeder,0.9457587003707886,776,988,1960,1381
382,326.0,feeder,0.9453687071800232,776,988,1960,1381
383,326.0,feeder,0.9450564384460449,775,988,1960,1381
384,326.0,feeder,0.9451278448104858,775,988,1960,1381
385,326.0,feeder,0.9452097415924072,775,988,1960,1381
386,326.0,feeder,0.9451980590820312,775,988,1960,1381
387,326.0,feeder,0.9453805088996887,775,989,1960,1381
388,326.0,feeder,0.945106029510498,775,989,1960,1381
389,326.0,feeder,0.9449620842933655,775,989,1960,1381
390,326.0,feeder,0.9454444646835327,775,989,1960,1381
391,326.0,feeder,0.944688081741333,776,989,1960,1381
392,326.0,feeder,0.9449754953384399,776,989,1960,1381
393,326.0,feeder,0.944987952709198,776,989,1960,1381
394,326.0,feeder,0.9449019432067871,776,989,1960,1381
395,326.0,feeder,0.9450836777687073,776,989,1961,1381
396,326.0,feeder,0.9451438188552856,775,989,1960,1381
397,326.0,feeder,0.9451318979263306,775,989,1960,1381
398,326.0,feeder,0.945245087146759,775,989,1960,1381
399,326.0,feeder,0.9454960227012634,776,989,1960,1381
400,326.0,feeder,0.9451220035552979,776,989,1960,1381
401,326.0,feeder,0.9451424479484558,776,989,1960,1381
402,326.0,feeder,0.9450284242630005,776,989,1960,1381
403,326.0,feeder,0.9452039003372192,776,989,1960,1381
404,326.0,feeder,0.9452951550483704,776,989,1960,1381
405,326.0,feeder,0.9455097913742065,776,989,1960,1381
406,326.0,feeder,0.944832980632782,776,989,1960,1381
407,326.0,feeder,0.9446614384651184,775,989,1960,1382
408,326.0,feeder,0.9449974298477173,775,989,1960,1382
409,326.0,feeder,0.9450486302375793,775,989,1960,1382
410,326.0,feeder,0.9449349641799927,775,989,1960,1382
411,326.0,feeder,0.9449738264083862,775,989,1960,1382
412,326.0,feeder,0.9450103044509888,775,989,1960,1382
413,326.0,feeder,0.9451137781143188,775,989,1960,1382
414,326.0,feeder,0.9452102780342102,775,989,1960,1382
415,326.0,feeder,0.945427417755127,775,988,1960,1382
416,326.0,feeder,0.9456784129142761,775,989,1960,1382
417,326.0,feeder,0.9453719854354858,775,989,1960,1382
418,326.0,feeder,0.9454010725021362,775,989,1960,1382
419,326.0,feeder,0.9449012279510498,775,989,1960,1382
420,326.0,feeder,0.94499671459198,775,989,1960,1382
421,326.0,feeder,0.9447675347328186,775,988,1960,1381
422,326.0,feeder,0.9449077248573303,775,988,1960,1381
423,326.0,feeder,0.9450017809867859,775,988,1960,1381
424,326.0,feeder,0.9450697302818298,775,989,1960,1381
425,326.0,feeder,0.9452527761459351,775,989,1960,1381
426,326.0,feeder,0.9456053376197815,775,989,1960,1381
427,326.0,feeder,0.9454098343849182,775,989,1960,1381
428,326.0,feeder,0.9454551935195923,775,989,1960,1381
429,326.0,feeder,0.9448975920677185,775,989,1960,1381
430,326.0,feeder,0.9447669982910156,775,989,1960,1381
431,326.0,feeder,0.9448655247688293,775,989,1960,1381
432,326.0,feeder,0.944793164730072,775,989,1960,1381
433,326.0,feeder,0.945212185382843,775,989,1960,1381
434,326.0,feeder,0.9451705813407898,775,989,1960,1382
435,326.0,feeder,0.944839596748352,775,989,1960,1381
436,326.0,feeder,0.9453194737434387,775,989,1960,1382
437,326.0,feeder,0.9452186822891235,776,989,1960,1382
438,326.0,feeder,0.9450696110725403,776,988,1960,1382
439,326.0,feeder,0.9446943402290344,776,988,1960,1381
440,326.0,feeder,0.9447393417358398,776,988,1960,1381
441,326.0,feeder,0.9449338912963867,776,989,1960,1381
442,326.0,feeder,0.9448272585868835,776,989,1960,1381
443,326.0,feeder,0.9449584484100342,776,989,1960,1381
444,326.0,feeder,0.9451297521591187,776,989,1960,1381
445,326.0,feeder,0.9451321363449097,775,989,1960,1381
446,326.0,feeder,0.944806694984436,776,988,1960,1381
447,326.0,feeder,0.944663405418396,776,988,1960,1381
448,326.0,feeder,0.9451035857200623,776,989,1960,1382
449,326.0,feeder,0.9451971054077148,776,989,1960,1382
449,342.0,j,0.43136054277420044,428,580,480,658
450,326.0,feeder,0.9454439878463745,776,989,1960,1381
450,342.0,j,0.13214734196662903,429,580,479,661
451,326.0,feeder,0.9449917674064636,776,989,1960,1382
452,326.0,feeder,0.9447821974754333,775,988,1960,1382
452,342.0,j,0.3033364415168762,430,580,483,664
453,326.0,feeder,0.9445928335189819,775,989,1960,1382
454,326.0,feeder,0.9446418881416321,775,989,1960,1382
454,342.0,j,0.43830054998397827,430,580,485,675
455,326.0,feeder,0.9446451663970947,775,989,1960,1382
455,342.0,j,0.11048231273889542,431,580,483,675
456,326.0,feeder,0.944783627986908,775,988,1960,1382
457,326.0,feeder,0.9444462060928345,775,988,1960,1382
458,326.0,feeder,0.944983184337616,775,988,1960,1382
459,326.0,feeder,0.9453548192977905,775,988,1960,1382
459,342.0,j,0.40377143025398254,432,578,487,663
460,326.0,feeder,0.9456894993782043,775,988,1960,1382
460,342.0,j,0.44926968216896057,432,578,487,664
461,326.0,feeder,0.9455996155738831,775,988,1960,1382
461,342.0,j,0.6476863622665405,431,579,488,666
462,326.0,feeder,0.9454605579376221,776,988,1960,1381
462,342.0,j,0.67205411195755,431,579,488,667
463,326.0,feeder,0.9453690052032471,776,988,1960,1381
463,342.0,j,0.7283050417900085,430,579,488,669
464,326.0,feeder,0.9450843930244446,775,988,1960,1381
464,342.0,j,0.6206067800521851,429,578,488,671
465,326.0,feeder,0.9448312520980835,775,988,1960,1381
465,342.0,j,0.5160114765167236,429,578,488,679
466,326.0,feeder,0.9446817636489868,775,988,1960,1381
466,342.0,j,0.2214728444814682,431,579,486,677
467,326.0,feeder,0.945173978805542,775,988,1960,1381
468,326.0,feeder,0.9450989961624146,775,988,1960,1381
469,326.0,feeder,0.9454329013824463,775,988,1960,1381
470,326.0,feeder,0.9453446865081787,776,988,1960,1381
471,326.0,feeder,0.9451601505279541,776,989,1960,1381
472,326.0,feeder,0.9449727535247803,776,989,1960,1382
472,342.0,j,0.4454944431781769,429,578,483,676
473,326.0,feeder,0.9450538754463196,776,989,1960,1382
473,342.0,j,0.4253816604614258,429,578,483,674
474,326.0,feeder,0.9451213479042053,776,989,1960,1382
474,342.0,j,0.41171541810035706,428,578,483,674
475,326.0,feeder,0.9452341198921204,776,988,1960,1381
475,342.0,j,0.5239655375480652,428,579,483,671
476,326.0,feeder,0.9453045725822449,776,988,1960,1381
476,342.0,j,0.4351421296596527,430,579,483,668
477,326.0,feeder,0.9453366994857788,776,988,1960,1381
477,342.0,j,0.2724922299385071,432,578,483,683
478,326.0,feeder,0.9453486800193787,776,988,1960,1381
479,326.0,feeder,0.9454568028450012,776,988,1960,1381
480,326.0,feeder,0.9451838731765747,776,988,1960,1381
481,326.0,feeder,0.9447788000106812,776,988,1960,1381
482,326.0,feeder,0.9448805451393127,776,988,1960,1381
483,326.0,feeder,0.9451849460601807,776,988,1960,1381
484,326.0,feeder,0.9451392292976379,776,988,1961,1381
485,326.0,feeder,0.9451575875282288,776,988,1961,1381
486,326.0,feeder,0.9454178810119629,776,988,1961,1381
487,326.0,feeder,0.9452843070030212,776,988,1961,1381
488,326.0,feeder,0.9449688196182251,776,988,1961,1381
489,326.0,feeder,0.9450235366821289,776,988,1960,1381
490,326.0,feeder,0.9447733163833618,776,988,1960,1381
491,326.0,feeder,0.9451146721839905,776,988,1960,1381
492,326.0,feeder,0.9450897574424744,776,988,1960,1381
493,326.0,feeder,0.9449667930603027,776,988,1960,1381
494,326.0,feeder,0.9448314905166626,776,988,1960,1381
494,342.0,j,0.3104403614997864,432,578,483,685
495,326.0,feeder,0.9449096918106079,776,988,1960,1381
495,342.0,j,0.31090888381004333,432,578,483,685
496,326.0,feeder,0.9448667168617249,776,989,1960,1381
496,342.0,j,0.3444451689720154,432,578,483,680
497,326.0,feeder,0.9448119401931763,776,989,1961,1381
497,342.0,j,0.3580632209777832,431,578,484,680
498,326.0,feeder,0.9448150992393494,776,989,1961,1381
498,342.0,j,0.29414883255958557,432,578,483,679
499,326.0,feeder,0.9451876282691956,776,988,1961,1381
499,342.0,j,0.22482405602931976,433,579,482,677
500,326.0,feeder,0.9450303316116333,776,989,1961,1381
500,342.0,j,0.1088440790772438,434,579,482,672
501,326.0,feeder,0.9454342126846313,776,989,1961,1381
501,342.0,j,0.11424247920513153,434,579,482,670
502,326.0,feeder,0.9452416896820068,776,989,1961,1381
502,342.0,j,0.10520024597644806,434,579,482,669
503,326.0,feeder,0.9448709487915039,776,989,1961,1381
503,342.0,j,0.15836124122142792,434,579,483,671
504,326.0,feeder,0.944787323474884,776,989,1961,1381
504,342.0,j,0.1524190753698349,434,580,483,669
505,326.0,feeder,0.944980800151825,776,989,1961,1381
505,342.0,j,0.16641277074813843,434,579,482,668
506,326.0,feeder,0.9449086785316467,776,989,1961,1381
506,342.0,j,0.29217976331710815,434,579,483,670
507,326.0,feeder,0.9451576471328735,776,989,1961,1381
507,342.0,j,0.33357319235801697,434,579,483,674
508,326.0,feeder,0.9451749324798584,775,988,1961,1381
508,342.0,j,0.4785369336605072,433,578,484,684
509,326.0,feeder,0.9452131390571594,776,988,1961,1381
509,342.0,j,0.5632033944129944,432,578,484,687
510,326.0,feeder,0.9453198909759521,775,988,1960,1381
510,342.0,j,0.5835744142532349,432,578,484,693
511,326.0,feeder,0.944391667842865,776,989,1960,1381
511,342.0,j,0.5304405689239502,433,578,486,688
512,326.0,feeder,0.9442970156669617,776,989,1960,1381
512,342.0,j,0.5375264883041382,433,578,486,690
513,326.0,feeder,0.9439519047737122,776,988,1960,1381
513,342.0,j,0.49235761165618896,433,578,486,691
514,326.0,feeder,0.9440272450447083,775,988,1960,1381
514,342.0,j,0.4087848663330078,433,579,485,690
515,326.0,feeder,0.944831907749176,775,989,1960,1381
515,342.0,j,0.3062639832496643,433,579,484,687
516,326.0,feeder,0.9453195929527283,775,989,1960,1381
516,342.0,j,0.22948360443115234,434,579,483,689
517,326.0,feeder,0.9449641108512878,776,989,1960,1381
517,342.0,j,0.21386146545410156,434,579,482,692
518,326.0,feeder,0.9449599385261536,776,989,1960,1381
518,342.0,j,0.17166760563850403,434,579,483,693
519,326.0,feeder,0.9447276592254639,776,989,1960,1381
519,342.0,j,0.15648844838142395,433,578,483,696
520,326.0,feeder,0.944675087928772,776,989,1960,1381
520,342.0,j,0.10426416993141174,434,577,483,700
521,326.0,feeder,0.944934070110321,776,989,1960,1381
521,342.0,j,0.10937438160181046,434,577,483,697
522,326.0,feeder,0.9449449777603149,775,989,1960,1381
523,326.0,feeder,0.9451180696487427,775,989,1960,1381
524,326.0,feeder,0.9454623460769653,776,989,1960,1381
525,326.0,feeder,0.945541501045227,776,989,1960,1381
526,326.0,feeder,0.945273756980896,776,989,1960,1382
527,326.0,feeder,0.9453732371330261,776,989,1960,1382
528,326.0,feeder,0.9455283880233765,776,989,1960,1382
529,326.0,feeder,0.9457204937934875,776,989,1960,1382
530,326.0,feeder,0.9457325339317322,776,989,1960,1382
530,342.0,j,0.34146648645401,433,577,483,697
531,326.0,feeder,0.9455286264419556,776,989,1960,1382
531,342.0,j,0.2819212079048157,434,578,483,692
532,326.0,feeder,0.9456267952919006,776,989,1960,1381
532,342.0,j,0.418800950050354,434,577,484,692
533,326.0,feeder,0.9455316066741943,776,989,1960,1382
533,342.0,j,0.4507194459438324,434,576,484,693
534,326.0,feeder,0.9454951882362366,776,989,1960,1382
534,342.0,j,0.22646671533584595,434,577,484,685
535,326.0,feeder,0.9456292390823364,776,989,1960,1382
535,342.0,j,0.32613852620124817,434,577,485,687
536,326.0,feeder,0.9455153942108154,776,988,1960,1382
536,342.0,j,0.2431907206773758,435,577,485,677
537,326.0,feeder,0.9454124569892883,776,988,1960,1381
537,342.0,j,0.19607558846473694,435,577,485,672
538,326.0,feeder,0.9454346299171448,775,988,1960,1382
538,342.0,j,0.23576809465885162,435,577,485,673
539,326.0,feeder,0.9453387260437012,776,988,1960,1381
539,342.0,j,0.21869772672653198,435,577,485,673
540,326.0,feeder,0.9452520608901978,776,988,1960,1381
540,342.0,j,0.2559695839881897,435,577,485,673
541,326.0,feeder,0.9449170827865601,776,989,1960,1381
541,342.0,j,0.22888904809951782,435,578,485,672
542,326.0,feeder,0.9452592730522156,775,989,1960,1381
542,342.0,j,0.2669445276260376,435,578,485,675
543,326.0,feeder,0.9452100992202759,775,989,1960,1381
543,342.0,j,0.2642083466053009,435,578,485,673
544,326.0,feeder,0.9450077414512634,775,989,1960,1381
544,342.0,j,0.3226380944252014,434,578,485,673
545,326.0,feeder,0.9449504017829895,776,989,1960,1381
545,342.0,j,0.26972517371177673,434,578,485,670
546,326.0,feeder,0.9450341463088989,776,989,1960,1381
546,342.0,j,0.3394569456577301,434,578,484,669
547,326.0,feeder,0.9448373317718506,776,989,1960,1381
547,342.0,j,0.3416063189506531,434,578,484,670
548,326.0,feeder,0.9450765252113342,776,989,1960,1381
548,342.0,j,0.30575624108314514,434,577,484,669
549,326.0,feeder,0.9446417689323425,776,989,1960,1381
549,342.0,j,0.315819650888443,434,577,483,669
550,326.0,feeder,0.9449039697647095,776,989,1960,1381
550,342.0,j,0.3067397475242615,433,577,483,670
551,326.0,feeder,0.9448118209838867,776,989,1960,1381
551,342.0,j,0.2899056077003479,433,577,483,670
552,326.0,feeder,0.9447827339172363,776,989,1960,1381
552,342.0,j,0.31100183725357056,434,577,483,670
553,326.0,feeder,0.9447824358940125,776,989,1960,1381
553,342.0,j,0.25940200686454773,434,577,483,669
554,326.0,feeder,0.9447564482688904,776,989,1960,1381
554,342.0,j,0.28538402915000916,434,577,483,669
555,326.0,feeder,0.9447469115257263,776,989,1960,1381
555,342.0,j,0.23244723677635193,433,577,483,671
556,326.0,feeder,0.9452301859855652,776,989,1960,1381
556,342.0,j,0.4135095179080963,433,576,485,675
557,326.0,feeder,0.9452404379844666,776,989,1960,1381
557,342.0,j,0.39319610595703125,433,576,486,676
558,326.0,feeder,0.9454140663146973,776,989,1960,1381
558,342.0,j,0.24972088634967804,433,576,486,668
559,326.0,feeder,0.9453395009040833,776,989,1960,1381
560,326.0,feeder,0.9454009532928467,776,989,1960,1381
561,326.0,feeder,0.9458186030387878,776,989,1960,1381
562,326.0,feeder,0.9456968307495117,776,989,1960,1381
563,326.0,feeder,0.946069598197937,776,988,1960,1381
564,326.0,feeder,0.9460289478302002,776,988,1960,1381
565,326.0,feeder,0.9461395740509033,776,988,1960,1381
566,326.0,feeder,0.9461738467216492,776,988,1960,1381
567,326.0,feeder,0.9461644887924194,776,988,1960,1381
568,326.0,feeder,0.9460883736610413,775,988,1960,1381
569,326.0,feeder,0.9460017681121826,775,988,1960,1381
570,326.0,feeder,0.9458092451095581,775,988,1960,1381
571,326.0,feeder,0.9451317191123962,775,988,1960,1381
572,326.0,feeder,0.945180356502533,775,988,1960,1381
573,326.0,feeder,0.94534832239151,775,988,1960,1381
574,326.0,feeder,0.9449669718742371,775,988,1960,1381
575,326.0,feeder,0.944891095161438,775,988,1960,1381
576,326.0,feeder,0.9448208808898926,775,988,1960,1381
577,326.0,feeder,0.9450453519821167,775,989,1960,1381
578,326.0,feeder,0.9452522397041321,775,989,1960,1381
579,326.0,feeder,0.9454261064529419,775,988,1960,1381
580,326.0,feeder,0.9453305602073669,775,988,1960,1382
581,326.0,feeder,0.9450111389160156,775,988,1960,1382
582,326.0,feeder,0.9450326561927795,775,988,1960,1381
583,326.0,feeder,0.9449908137321472,775,988,1960,1381
584,326.0,feeder,0.9451079368591309,775,988,1960,1382
585,326.0,feeder,0.9455593228340149,775,988,1960,1381
586,326.0,feeder,0.9455649852752686,775,988,1960,1382
587,326.0,feeder,0.9456285834312439,775,989,1960,1382
587,342.0,j,0.3966381549835205,433,576,488,674
588,326.0,feeder,0.945259690284729,775,989,1960,1381
588,342.0,j,0.17852135002613068,434,577,485,677
589,326.0,feeder,0.945253849029541,775,988,1960,1381
589,342.0,j,0.234463632106781,434,577,486,668
590,326.0,feeder,0.9453722238540649,775,988,1960,1381
590,342.0,j,0.30274850130081177,434,577,486,668
591,326.0,feeder,0.9454861283302307,775,988,1960,1381
591,342.0,j,0.26211002469062805,434,577,486,666
592,326.0,feeder,0.9453253149986267,775,989,1960,1381
592,342.0,j,0.2761646509170532,434,577,486,665
593,326.0,feeder,0.9455509781837463,775,988,1960,1381
593,342.0,j,0.31865036487579346,435,576,487,667
594,326.0,feeder,0.9456897974014282,775,988,1960,1381
594,342.0,j,0.3322729468345642,435,576,487,666
595,326.0,feeder,0.9457641243934631,775,988,1960,1381
595,342.0,j,0.37195897102355957,435,576,487,673
596,326.0,feeder,0.9452704787254333,775,989,1960,1381
596,342.0,j,0.428756982088089,435,576,488,683
597,326.0,feeder,0.9454454779624939,775,988,1960,1381
597,342.0,j,0.3758049011230469,436,576,488,689
598,326.0,feeder,0.9452126026153564,775,989,1960,1381
598,342.0,j,0.32649579644203186,436,576,488,689
599,326.0,feeder,0.9455150961875916,775,989,1960,1381
599,342.0,j,0.3215304911136627,436,576,487,693
600,326.0,feeder,0.9456998109817505,775,989,1960,1381
600,342.0,j,0.41920486092567444,435,576,488,692
601,326.0,feeder,0.945113480091095,775,989,1960,1381
601,342.0,j,0.3982722759246826,436,576,487,689
602,326.0,feeder,0.9450682401657104,775,989,1960,1381
602,342.0,j,0.4241182506084442,436,575,487,689
603,326.0,feeder,0.9453215003013611,775,989,1960,1382
603,342.0,j,0.5132958292961121,436,575,487,701
604,326.0,feeder,0.9456421136856079,776,989,1960,1382
604,342.0,j,0.5414725542068481,435,575,487,701
605,326.0,feeder,0.9456957578659058,776,989,1960,1381
605,342.0,j,0.5103997588157654,436,575,487,699
606,326.0,feeder,0.9457538723945618,776,989,1960,1381
606,342.0,j,0.5009162425994873,436,575,487,698
607,326.0,feeder,0.9453331232070923,776,989,1960,1381
607,342.0,j,0.49671751260757446,435,575,486,697
608,326.0,feeder,0.9453672170639038,776,989,1960,1381
608,342.0,j,0.4865761697292328,435,575,486,697
609,326.0,feeder,0.9455498456954956,776,988,1960,1381
609,342.0,j,0.49187421798706055,435,575,486,697
610,326.0,feeder,0.9451791048049927,776,988,1960,1381
610,342.0,j,0.5494815111160278,435,575,486,701
611,326.0,feeder,0.9453036189079285,776,988,1960,1381
611,342.0,j,0.5446169376373291,436,574,486,705
612,326.0,feeder,0.944962203502655,776,989,1960,1381
612,342.0,j,0.5848298072814941,435,574,486,707
613,326.0,feeder,0.9448422193527222,776,989,1960,1381
613,342.0,j,0.5468853712081909,435,575,486,707
614,326.0,feeder,0.9449326992034912,776,989,1960,1381
614,342.0,j,0.5620245933532715,435,575,486,708
615,326.0,feeder,0.9446145296096802,776,989,1960,1381
615,342.0,j,0.5652715563774109,435,575,486,708
616,326.0,feeder,0.94489586353302,776,989,1960,1381
616,342.0,j,0.4539201557636261,437,575,484,707
617,326.0,feeder,0.9448309540748596,776,989,1960,1381
617,342.0,j,0.3534022867679596,438,577,482,707
618,326.0,feeder,0.9445009827613831,776,989,1960,1381
618,342.0,j,0.42788806557655334,438,576,482,706
619,326.0,feeder,0.9447070956230164,776,989,1960,1381
619,342.0,j,0.4197954535484314,438,576,482,706
620,326.0,feeder,0.9449123740196228,776,989,1960,1381
620,342.0,j,0.37056365609169006,438,576,482,705
621,326.0,feeder,0.9448450207710266,776,989,1960,1381
621,342.0,j,0.36558517813682556,438,576,483,706
622,326.0,feeder,0.9447280764579773,776,989,1960,1381
622,342.0,j,0.39474472403526306,438,576,483,703
623,326.0,feeder,0.9450005292892456,776,988,1960,1381
623,342.0,j,0.3893238306045532,438,576,483,702
624,326.0,feeder,0.9450534582138062,776,988,1960,1381
624,342.0,j,0.383051335811615,438,576,483,699
625,326.0,feeder,0.9449117183685303,776,988,1960,1381
625,342.0,j,0.3785380721092224,438,576,483,700
626,326.0,feeder,0.9451051950454712,776,988,1960,1381
626,342.0,j,0.3850523829460144,438,576,483,701
627,326.0,feeder,0.9451549053192139,776,988,1960,1381
627,342.0,j,0.37417125701904297,438,576,483,701
628,326.0,feeder,0.9451358318328857,776,988,1960,1381
628,342.0,j,0.34743309020996094,438,576,483,699
629,326.0,feeder,0.9450393915176392,776,988,1960,1381
629,342.0,j,0.41582077741622925,437,576,484,698
630,326.0,feeder,0.9450029730796814,776,988,1960,1381
630,342.0,j,0.18895643949508667,438,578,483,696
631,326.0,feeder,0.9440582394599915,775,989,1960,1382
632,326.0,feeder,0.944476842880249,775,988,1960,1382
633,326.0,feeder,0.9445449113845825,775,988,1960,1382
634,326.0,feeder,0.9447386860847473,775,989,1960,1382
635,326.0,feeder,0.9445219039916992,775,989,1960,1382
636,326.0,feeder,0.9446632862091064,775,988,1960,1382
637,326.0,feeder,0.9449852108955383,775,988,1960,1382
638,326.0,feeder,0.944851815700531,775,989,1960,1382
639,326.0,feeder,0.9451845288276672,775,989,1960,1382
640,326.0,feeder,0.9452320337295532,775,989,1960,1382
641,326.0,feeder,0.9449897408485413,775,989,1960,1382
642,326.0,feeder,0.9452764391899109,775,989,1960,1382
643,326.0,feeder,0.9454860091209412,776,989,1960,1381
644,326.0,feeder,0.9456096291542053,776,989,1960,1381
645,326.0,feeder,0.9459191560745239,775,989,1960,1381
646,326.0,feeder,0.9449446201324463,775,989,1960,1381
647,326.0,feeder,0.9450373649597168,775,989,1960,1381
648,326.0,feeder,0.9451701045036316,775,989,1960,1381
649,326.0,feeder,0.9452357292175293,775,989,1960,1381
650,326.0,feeder,0.9452680945396423,775,989,1960,1381
651,326.0,feeder,0.9453677535057068,775,989,1960,1381
652,326.0,feeder,0.9455145597457886,775,989,1960,1381
653,326.0,feeder,0.9450059533119202,775,989,1960,1381
654,326.0,feeder,0.945141077041626,775,989,1960,1381
655,326.0,feeder,0.9452327489852905,775,989,1960,1381
656,326.0,feeder,0.9451899528503418,775,989,1960,1381
657,326.0,feeder,0.9451998472213745,775,989,1960,1381
658,326.0,feeder,0.945080041885376,775,989,1960,1381
659,326.0,feeder,0.9448672533035278,775,989,1960,1381
660,326.0,feeder,0.9449399709701538,775,989,1960,1381
661,326.0,feeder,0.945151686668396,775,988,1960,1381
662,326.0,feeder,0.9451854825019836,775,988,1961,1381
663,326.0,feeder,0.9453582167625427,775,988,1961,1381
664,326.0,feeder,0.9454918503761292,775,988,1960,1381
665,326.0,feeder,0.9453163743019104,775,988,1960,1381
666,326.0,feeder,0.9453263878822327,775,989,1960,1381
667,326.0,feeder,0.9452316761016846,775,989,1960,1381
668,326.0,feeder,0.9450986981391907,775,989,1960,1381
669,326.0,feeder,0.9452027082443237,775,989,1960,1381
670,326.0,feeder,0.9451906681060791,775,989,1960,1381
671,326.0,feeder,0.9455709457397461,775,988,1960,1381
672,326.0,feeder,0.9453616738319397,775,988,1960,1381
673,326.0,feeder,0.9452652335166931,775,988,1960,1381
674,326.0,feeder,0.9447991251945496,775,988,1960,1381
675,326.0,feeder,0.9450098872184753,775,988,1960,1381
676,326.0,feeder,0.9454963207244873,775,988,1960,1381
677,326.0,feeder,0.9456349015235901,775,988,1960,1381
678,326.0,feeder,0.9456592202186584,776,988,1960,1381
679,326.0,feeder,0.9456846714019775,775,989,1960,1381
680,326.0,feeder,0.9454408288002014,775,989,1960,1381
681,326.0,feeder,0.9454911351203918,775,989,1960,1382
682,326.0,feeder,0.9456326365470886,775,989,1960,1382
683,326.0,feeder,0.9456760287284851,775,989,1960,1382
684,326.0,feeder,0.9456427693367004,775,989,1960,1382
685,326.0,feeder,0.9452213644981384,775,989,1960,1382
686,326.0,feeder,0.9451481103897095,775,989,1960,1382
687,326.0,feeder,0.9447827339172363,775,989,1960,1382
688,326.0,feeder,0.9445658326148987,775,989,1960,1382
689,326.0,feeder,0.9444114565849304,775,989,1960,1382
690,326.0,feeder,0.9445462822914124,775,989,1960,1382
691,326.0,feeder,0.9449290633201599,775,989,1960,1382
692,326.0,feeder,0.9449666738510132,775,989,1960,1382
693,326.0,feeder,0.9447927474975586,775,989,1960,1381
694,326.0,feeder,0.9449266195297241,775,989,1960,1381
695,326.0,feeder,0.9446036219596863,774,989,1960,1381
696,326.0,feeder,0.9445931911468506,774,989,1960,1381
697,326.0,feeder,0.9450598955154419,775,989,1960,1381
698,326.0,feeder,0.944489061832428,774,989,1960,1382
698,346.0,j,0.3668688237667084,438,579,486,703
699,326.0,feeder,0.9445531964302063,774,989,1960,1382
699,346.0,j,0.39302369952201843,437,579,488,699
700,326.0,feeder,0.9446978569030762,774,989,1960,1382
700,346.0,j,0.20079569518566132,437,581,487,690
701,326.0,feeder,0.9447168111801147,774,989,1960,1382
701,346.0,j,0.15196071565151215,437,582,486,684
702,326.0,feeder,0.944585919380188,774,989,1960,1382
702,346.0,j,0.19673755764961243,437,581,485,688
703,326.0,feeder,0.9446431994438171,774,989,1960,1382
703,346.0,j,0.2125810980796814,437,580,486,690
704,326.0,feeder,0.9445168972015381,774,989,1960,1381
704,346.0,j,0.18003711104393005,437,580,486,688
705,326.0,feeder,0.9451085925102234,775,989,1960,1381
705,346.0,j,0.16384628415107727,437,580,485,688
706,326.0,feeder,0.9451472163200378,775,988,1960,1382
707,326.0,feeder,0.9450328946113586,775,989,1960,1382
708,326.0,feeder,0.9448881149291992,775,989,1960,1382
709,326.0,feeder,0.9452369213104248,775,989,1960,1382
710,326.0,feeder,0.9449461102485657,775,989,1960,1382
711,326.0,feeder,0.9448283910751343,775,989,1960,1382
712,326.0,feeder,0.9448496103286743,775,989,1960,1382
713,326.0,feeder,0.9448818564414978,775,989,1960,1382
714,326.0,feeder,0.9451557397842407,775,989,1960,1382
715,326.0,feeder,0.9449160099029541,775,989,1960,1382
715,346.0,j,0.26444998383522034,435,579,487,698
716,326.0,feeder,0.9450922012329102,775,988,1960,1382
716,346.0,j,0.3318765461444855,435,579,487,696
717,326.0,feeder,0.945377767086029,775,989,1960,1382
717,346.0,j,0.37271586060523987,434,579,488,696
718,326.0,feeder,0.9455732703208923,775,989,1960,1382
718,346.0,j,0.41121819615364075,435,579,489,694
719,326.0,feeder,0.9451858997344971,775,989,1960,1382
719,346.0,j,0.41050976514816284,435,578,488,697
720,326.0,feeder,0.9452504515647888,775,989,1960,1382
720,346.0,j,0.4385642111301422,435,578,488,698
721,326.0,feeder,0.9444464445114136,775,988,1960,1382
721,346.0,j,0.41500696539878845,434,579,488,698
722,326.0,feeder,0.9445316791534424,775,988,1960,1382
722,346.0,j,0.3681643009185791,434,578,489,700
723,326.0,feeder,0.9448525905609131,775,988,1960,1382
723,346.0,j,0.10386431217193604,435,578,486,695
724,326.0,feeder,0.9446912407875061,775,988,1960,1381
725,326.0,feeder,0.9446151852607727,775,988,1960,1381
726,326.0,feeder,0.9447171092033386,775,988,1960,1381
727,326.0,feeder,0.9447084665298462,775,988,1960,1381
728,326.0,feeder,0.9449279308319092,775,988,1960,1381
729,326.0,feeder,0.9450485110282898,775,988,1960,1381
730,326.0,feeder,0.9451791048049927,775,988,1960,1381
731,326.0,feeder,0.94486004114151,775,988,1960,1382
731,346.0,j,0.5369828343391418,431,578,480,690
732,326.0,feeder,0.944489061832428,775,988,1960,1381
732,346.0,j,0.10061044245958328,437,583,487,684
733,326.0,feeder,0.9449059963226318,775,988,1960,1381
733,346.0,j,0.7422373294830322,434,581,489,679
734,326.0,feeder,0.9447494745254517,775,988,1960,1381
734,346.0,j,0.8143582344055176,432,579,493,675
735,326.0,feeder,0.9443696737289429,775,988,1960,1381
735,346.0,j,0.8122738599777222,430,580,500,672
736,326.0,feeder,0.9447293281555176,775,988,1960,1382
736,346.0,j,0.8417890667915344,430,570,497,675
737,326.0,feeder,0.9448131918907166,775,988,1960,1382
737,346.0,j,0.810721755027771,409,575,504,664
738,326.0,feeder,0.9447739124298096,775,988,1960,1382
739,326.0,feeder,0.94516521692276,775,988,1960,1382
739,346.0,j,0.7721956968307495,392,563,496,654
740,326.0,feeder,0.9449476003646851,775,988,1960,1382
740,346.0,j,0.8230151534080505,368,552,487,639
741,326.0,feeder,0.9450350403785706,775,988,1960,1382
742,326.0,feeder,0.9449931979179382,775,988,1960,1382
743,326.0,feeder,0.9451117515563965,775,988,1960,1382
743,346.0,j,0.7950502038002014,340,523,457,596
744,326.0,feeder,0.9455634951591492,775,988,1960,1382
745,326.0,feeder,0.945522665977478,775,988,1960,1382
746,326.0,feeder,0.9455310702323914,775,988,1960,1382
747,326.0,feeder,0.9456179738044739,776,988,1960,1382
748,326.0,feeder,0.9454572200775146,776,988,1960,1382
749,326.0,feeder,0.9454193115234375,775,988,1960,1382
750,326.0,feeder,0.9451041221618652,775,988,1960,1382
751,326.0,feeder,0.9376499056816101,775,989,1960,1382
752,326.0,feeder,0.9450440406799316,775,989,1960,1382
753,326.0,feeder,0.9448928833007812,775,989,1960,1382
754,326.0,feeder,0.9335625171661377,775,989,1960,1382
755,326.0,feeder,0.9442342519760132,775,989,1960,1382
756,326.0,feeder,0.9280102849006653,775,989,1960,1382
757,326.0,feeder,0.9445945620536804,775,989,1961,1382
757,356.0,j,0.65912926197052,79,491,200,575
758,326.0,feeder,0.9444831013679504,775,989,1961,1382
758,356.0,j,0.6386508941650391,108,497,197,581
759,326.0,feeder,0.9445518255233765,775,989,1961,1382
759,356.0,j,0.4961434006690979,117,497,194,580
760,326.0,feeder,0.9445832967758179,775,989,1961,1381
760,356.0,j,0.1961551308631897,114,496,188,578
761,326.0,feeder,0.9444113373756409,775,989,1961,1381
761,356.0,j,0.6657402515411377,90,485,185,576
762,326.0,feeder,0.9443052411079407,775,989,1961,1381
763,326.0,feeder,0.9443088173866272,775,989,1960,1381
764,326.0,feeder,0.9441962838172913,775,989,1960,1382
765,326.0,feeder,0.9439678192138672,775,989,1960,1382
766,326.0,feeder,0.94532310962677,775,989,1960,1382
767,326.0,feeder,0.9453476071357727,775,988,1960,1382
768,326.0,feeder,0.9455064535140991,775,988,1960,1382
769,326.0,feeder,0.9454206824302673,775,988,1960,1382
770,326.0,feeder,0.9452915787696838,775,988,1960,1382
771,326.0,feeder,0.945067822933197,775,989,1960,1382
772,326.0,feeder,0.9449688792228699,775,989,1960,1382
773,326.0,feeder,0.9447461366653442,774,989,1960,1382
774,326.0,feeder,0.945045530796051,775,989,1960,1382
775,326.0,feeder,0.9449483752250671,775,989,1960,1382
776,326.0,feeder,0.9449699521064758,775,989,1960,1382
777,326.0,feeder,0.9451746344566345,775,989,1960,1382
778,326.0,feeder,0.9452921748161316,775,989,1960,1382
779,326.0,feeder,0.9452454447746277,775,989,1960,1382
780,326.0,feeder,0.9455510973930359,775,989,1960,1382
781,326.0,feeder,0.9444035887718201,775,989,1960,1382
782,326.0,feeder,0.9447247385978699,775,988,1960,1382
783,326.0,feeder,0.9447484016418457,775,988,1960,1382
784,326.0,feeder,0.9449260830879211,775,989,1960,1382
785,326.0,feeder,0.9450352191925049,775,989,1960,1382
786,326.0,feeder,0.9451687335968018,775,989,1960,1382
787,326.0,feeder,0.9451059103012085,775,989,1960,1382
788,326.0,feeder,0.945281982421875,775,989,1960,1382
789,326.0,feeder,0.9453906416893005,775,989,1960,1382
790,326.0,feeder,0.945502758026123,775,989,1960,1382
791,326.0,feeder,0.9452807903289795,775,989,1960,1382
792,326.0,feeder,0.9454032182693481,775,989,1960,1382
793,326.0,feeder,0.9451903700828552,775,989,1960,1382
794,326.0,feeder,0.945087194442749,775,989,1960,1382
795,326.0,feeder,0.9449095129966736,775,989,1960,1382
796,326.0,feeder,0.9450897574424744,775,988,1960,1382
797,326.0,feeder,0.9455605149269104,775,988,1960,1382
798,326.0,feeder,0.9456900954246521,775,988,1960,1382
799,326.0,feeder,0.94559246301651,775,988,1960,1382
800,326.0,feeder,0.9454068541526794,775,989,1960,1382
801,326.0,feeder,0.9451565146446228,775,989,1960,1382
802,326.0,feeder,0.9450778365135193,775,989,1960,1382
803,326.0,feeder,0.9452879428863525,775,989,1960,1382
804,326.0,feeder,0.9456589818000793,775,989,1960,1382
805,326.0,feeder,0.9452624917030334,775,989,1960,1382
806,326.0,feeder,0.9450605511665344,775,989,1960,1382
807,326.0,feeder,0.9450992345809937,775,989,1960,1382
808,326.0,feeder,0.9450896382331848,775,989,1960,1382
809,326.0,feeder,0.9448425769805908,775,989,1960,1381
810,326.0,feeder,0.9447511434555054,775,989,1960,1381
811,326.0,feeder,0.9441642165184021,774,988,1960,1382
812,326.0,feeder,0.9444611668586731,774,989,1960,1382
813,326.0,feeder,0.944354772567749,774,989,1960,1382
814,326.0,feeder,0.9447192549705505,774,989,1960,1382
815,326.0,feeder,0.9446343183517456,774,989,1960,1382
816,326.0,feeder,0.9445406198501587,774,989,1960,1382
817,326.0,feeder,0.9446062445640564,774,989,1960,1382
818,326.0,feeder,0.9445019364356995,774,989,1960,1382
819,326.0,feeder,0.9444370865821838,774,989,1960,1382
820,326.0,feeder,0.9447124004364014,774,989,1960,1382
821,326.0,feeder,0.9447447657585144,774,989,1960,1382
822,326.0,feeder,0.9448352456092834,774,988,1960,1382
823,326.0,feeder,0.9448127746582031,774,988,1960,1382
824,326.0,feeder,0.9449295401573181,774,988,1960,1382
825,326.0,feeder,0.9446955323219299,774,988,1960,1382
826,326.0,feeder,0.9452779293060303,774,989,1960,1382
827,326.0,feeder,0.9452519416809082,775,989,1960,1382
828,326.0,feeder,0.9449996948242188,775,989,1960,1381
829,326.0,feeder,0.9450230002403259,775,989,1960,1381
830,326.0,feeder,0.9452612996101379,775,989,1960,1382
831,326.0,feeder,0.9453482031822205,774,989,1960,1382
832,326.0,feeder,0.9457334876060486,774,989,1960,1382
833,326.0,feeder,0.945837676525116,774,989,1960,1382
834,326.0,feeder,0.9454284310340881,774,989,1960,1382
835,326.0,feeder,0.9455938339233398,775,989,1960,1382
836,326.0,feeder,0.9456160068511963,775,989,1960,1382
837,326.0,feeder,0.9456519484519958,774,989,1960,1382
838,326.0,feeder,0.9454572200775146,774,989,1960,1382
839,326.0,feeder,0.9448630809783936,775,989,1960,1382
840,326.0,feeder,0.9448840618133545,775,989,1960,1381
841,326.0,feeder,0.945107102394104,775,988,1960,1381
842,326.0,feeder,0.9450574517250061,775,988,1960,1381
843,326.0,feeder,0.9451497793197632,775,988,1960,1381
844,326.0,feeder,0.9447810649871826,775,988,1960,1381
845,326.0,feeder,0.9450573921203613,775,988,1960,1381
846,326.0,feeder,0.9451417922973633,775,988,1960,1381
847,326.0,feeder,0.9452019929885864,775,989,1960,1381
848,326.0,feeder,0.9451229572296143,775,989,1960,1382
849,326.0,feeder,0.9450339674949646,775,989,1960,1381
850,326.0,feeder,0.9448509812355042,775,989,1960,1382
851,326.0,feeder,0.9450427889823914,775,989,1960,1382
852,326.0,feeder,0.9451954960823059,775,989,1960,1382
853,326.0,feeder,0.9452225565910339,775,989,1960,1382
854,326.0,feeder,0.9453858137130737,775,989,1960,1382
855,326.0,feeder,0.9452829360961914,775,988,1960,1382
856,326.0,feeder,0.944712221622467,775,988,1960,1381
857,326.0,feeder,0.9451735615730286,775,988,1960,1381
858,326.0,feeder,0.9454889893531799,775,988,1960,1381
859,326.0,feeder,0.9454162120819092,776,988,1960,1381
860,326.0,feeder,0.9457201957702637,776,988,1960,1381
861,326.0,feeder,0.9455670118331909,776,988,1960,1381
862,326.0,feeder,0.9460211396217346,776,988,1960,1381
863,326.0,feeder,0.9458401203155518,776,988,1960,1381
864,326.0,feeder,0.9457079172134399,776,988,1960,1381
865,326.0,feeder,0.9454758763313293,776,989,1960,1381
866,326.0,feeder,0.945679783821106,775,988,1960,1381
867,326.0,feeder,0.9455162882804871,775,989,1960,1381
868,326.0,feeder,0.9451573491096497,775,989,1960,1381
869,326.0,feeder,0.9453135132789612,775,989,1960,1381
870,326.0,feeder,0.9455545544624329,776,989,1960,1381
871,326.0,feeder,0.9451669454574585,776,989,1960,1381
872,326.0,feeder,0.945328950881958,775,989,1960,1381
873,326.0,feeder,0.9452595114707947,776,989,1960,1381
874,326.0,feeder,0.9455370306968689,776,988,1960,1381
875,326.0,feeder,0.9453790187835693,776,988,1960,1381
876,326.0,feeder,0.9453813433647156,776,988,1960,1381
877,326.0,feeder,0.9454219341278076,776,988,1960,1381
878,326.0,feeder,0.9453858137130737,776,989,1960,1381
879,326.0,feeder,0.9451780915260315,775,989,1960,1381
880,326.0,feeder,0.9454048275947571,775,989,1960,1381
881,326.0,feeder,0.9452230930328369,775,989,1960,1381
882,326.0,feeder,0.9451691508293152,775,989,1960,1381
883,326.0,feeder,0.9451030492782593,775,989,1960,1381
884,326.0,feeder,0.9450433254241943,775,989,1960,1381
885,326.0,feeder,0.9451884627342224,775,989,1960,1381
886,326.0,feeder,0.9456644058227539,775,989,1960,1382
887,326.0,feeder,0.9457611441612244,775,989,1960,1382
888,326.0,feeder,0.9457849264144897,775,989,1960,1382
889,326.0,feeder,0.945612907409668,775,989,1960,1382
890,326.0,feeder,0.9458006620407104,775,988,1960,1382
891,326.0,feeder,0.9458042979240417,775,989,1960,1382
892,326.0,feeder,0.9460960626602173,775,989,1960,1382
893,326.0,feeder,0.9459916949272156,775,988,1960,1382
894,326.0,feeder,0.9459512829780579,775,988,1960,1382
895,326.0,feeder,0.9460901021957397,775,988,1960,1381
896,326.0,feeder,0.9458821415901184,775,988,1960,1381
897,326.0,feeder,0.9460806846618652,775,988,1960,1381
898,326.0,feeder,0.9461349844932556,775,988,1960,1381
899,326.0,feeder,0.9458260536193848,775,988,1960,1381
900,326.0,feeder,0.9453659057617188,775,988,1960,1381
901,326.0,feeder,0.9452695846557617,776,988,1960,1381
902,326.0,feeder,0.945347785949707,776,988,1960,1381
903,326.0,feeder,0.9455102682113647,776,988,1960,1381
904,326.0,feeder,0.9455181956291199,776,988,1960,1381
905,326.0,feeder,0.9456350803375244,776,988,1960,1381
906,326.0,feeder,0.945815920829773,776,988,1960,1381
907,326.0,feeder,0.9456668496131897,776,988,1960,1381
908,326.0,feeder,0.945652186870575,776,988,1960,1381
909,326.0,feeder,0.9458553791046143,776,988,1960,1381
910,326.0,feeder,0.9457899332046509,776,989,1960,1381
911,326.0,feeder,0.945883572101593,776,989,1960,1381
912,326.0,feeder,0.9458234906196594,776,989,1960,1381
913,326.0,feeder,0.9457950592041016,776,989,1960,1381
914,326.0,feeder,0.9456896781921387,776,989,1960,1381
915,326.0,feeder,0.9458691477775574,776,989,1960,1381
916,326.0,feeder,0.9457945823669434,776,988,1960,1381
917,326.0,feeder,0.9459091424942017,775,988,1961,1381
918,326.0,feeder,0.9459081888198853,775,988,1961,1381
919,326.0,feeder,0.9458059072494507,775,989,1960,1381
920,326.0,feeder,0.9459812641143799,775,989,1960,1381
921,326.0,feeder,0.9458847045898438,776,989,1960,1381
922,326.0,feeder,0.9455291628837585,776,989,1960,1381
923,326.0,feeder,0.9453362822532654,776,989,1960,1381
924,326.0,feeder,0.945213258266449,776,989,1960,1381
925,326.0,feeder,0.9451586604118347,776,989,1960,1381
926,326.0,feeder,0.9449326992034912,776,989,1960,1381
927,326.0,feeder,0.9452205896377563,776,989,1960,1381
928,326.0,feeder,0.9454334378242493,776,989,1960,1381
929,326.0,feeder,0.9452604651451111,776,989,1960,1381
930,326.0,feeder,0.9450883269309998,776,988,1960,1381
931,326.0,feeder,0.9436087012290955,776,988,1960,1381
932,326.0,feeder,0.9439488053321838,776,988,1960,1382
933,326.0,feeder,0.9440730214118958,776,988,1960,1382
934,326.0,feeder,0.9440669417381287,776,988,1960,1382
935,326.0,feeder,0.9442964196205139,776,989,1960,1382
936,326.0,feeder,0.944227933883667,776,989,1960,1382
937,326.0,feeder,0.9442555904388428,776,989,1960,1382
938,326.0,feeder,0.9445334076881409,775,989,1960,1382
939,326.0,feeder,0.9446731805801392,775,989,1960,1381
940,326.0,feeder,0.9444006085395813,775,989,1960,1382
941,326.0,feeder,0.9444563984870911,775,989,1960,1382
942,326.0,feeder,0.9444273710250854,775,989,1960,1381
943,326.0,feeder,0.9446086287498474,775,989,1960,1381
944,326.0,feeder,0.944538950920105,775,989,1960,1381
945,326.0,feeder,0.9449519515037537,775,989,1960,1381
946,326.0,feeder,0.9447924494743347,775,988,1960,1381
947,326.0,feeder,0.9447585940361023,775,989,1960,1381
948,326.0,feeder,0.944679319858551,775,988,1959,1381
949,326.0,feeder,0.9446133971214294,775,988,1959,1381
950,326.0,feeder,0.9448732137680054,775,988,1959,1381
951,326.0,feeder,0.9450328946113586,775,988,1959,1381
952,326.0,feeder,0.9449067115783691,775,988,1959,1381
953,326.0,feeder,0.944682240486145,775,988,1960,1381
954,326.0,feeder,0.9445298910140991,775,988,1960,1381
955,326.0,feeder,0.9444992542266846,775,988,1960,1381
956,326.0,feeder,0.9443234205245972,775,988,1960,1381
957,326.0,feeder,0.9443697333335876,776,988,1960,1381
958,326.0,feeder,0.9443815350532532,776,988,1959,1382
959,326.0,feeder,0.9442789554595947,776,988,1960,1382
960,326.0,feeder,0.944344162940979,776,988,1960,1381
961,326.0,feeder,0.9452250599861145,776,988,1960,1381
962,326.0,feeder,0.9453331232070923,776,988,1960,1381
963,326.0,feeder,0.9456005692481995,776,989,1960,1381
964,326.0,feeder,0.9454148411750793,776,989,1960,1381
965,326.0,feeder,0.9455965161323547,776,989,1960,1381
966,326.0,feeder,0.9453263878822327,776,989,1960,1381
967,326.0,feeder,0.9453443884849548,776,989,1960,1381
968,326.0,feeder,0.9454736113548279,776,989,1960,1381
969,326.0,feeder,0.945530891418457,776,989,1960,1381
970,326.0,feeder,0.9456335306167603,776,988,1960,1381
971,326.0,feeder,0.9453175663948059,776,988,1960,1381
972,326.0,feeder,0.945127010345459,776,988,1960,1381
973,326.0,feeder,0.9450047612190247,776,988,1960,1381
974,326.0,feeder,0.9452633261680603,776,988,1960,1382
975,326.0,feeder,0.9450470209121704,776,988,1960,1381
976,326.0,feeder,0.9444501399993896,776,989,1960,1381
977,326.0,feeder,0.9444599151611328,776,989,1960,1381
978,326.0,feeder,0.9444504380226135,775,989,1960,1381
979,326.0,feeder,0.9443365931510925,775,989,1960,1381
980,326.0,feeder,0.944034993648529,775,989,1960,1382
981,326.0,feeder,0.9441322088241577,776,989,1960,1382
982,326.0,feeder,0.944105863571167,776,989,1960,1382
983,326.0,feeder,0.9444500207901001,776,989,1960,1382
984,326.0,feeder,0.9440661072731018,776,988,1960,1382
985,326.0,feeder,0.9441123604774475,776,988,1960,1381
986,326.0,feeder,0.9444141983985901,776,989,1960,1381
987,326.0,feeder,0.9444851279258728,776,988,1960,1381
988,326.0,feeder,0.9445606470108032,776,988,1959,1381
989,326.0,feeder,0.9447184801101685,776,988,1960,1381
990,326.0,feeder,0.9445970058441162,776,988,1960,1382
991,326.0,feeder,0.9445697665214539,776,989,1960,1382
992,326.0,feeder,0.9448618292808533,776,989,1960,1381
993,326.0,feeder,0.9445602297782898,776,988,1960,1381
994,326.0,feeder,0.9446410536766052,776,988,1960,1381
995,326.0,feeder,0.9443556070327759,776,988,1960,1381
996,326.0,feeder,0.9445173144340515,776,988,1960,1382
997,326.0,feeder,0.9446091055870056,776,989,1960,1382
998,326.0,feeder,0.9446271061897278,776,989,1960,1382
999,326.0,feeder,0.9445671439170837,776,989,1960,1382
1000,326.0,feeder,0.9449964761734009,776,989,1960,1382
1001,326.0,feeder,0.9448540806770325,776,989,1960,1381
1002,326.0,feeder,0.9451594948768616,776,989,1960,1382
1003,326.0,feeder,0.945301353931427,776,989,1960,1382
1004,326.0,feeder,0.9451022744178772,776,988,1960,1382
1005,326.0,feeder,0.9452992081642151,776,988,1960,1382
1006,326.0,feeder,0.9450663924217224,776,989,1960,1382
1007,326.0,feeder,0.9452999830245972,776,988,1961,1381
1008,326.0,feeder,0.9452898502349854,776,989,1960,1382
1009,326.0,feeder,0.9451583027839661,776,989,1960,1382
1010,326.0,feeder,0.9451941251754761,776,989,1961,1382
1011,326.0,feeder,0.9449954032897949,776,988,1960,1381
1012,326.0,feeder,0.9448415040969849,776,988,1961,1381
1013,326.0,feeder,0.9447358250617981,776,988,1960,1381
1014,326.0,feeder,0.9448997974395752,776,988,1960,1381
1015,326.0,feeder,0.9448305368423462,776,989,1960,1381
1016,326.0,feeder,0.9446797370910645,776,988,1960,1381
1017,326.0,feeder,0.9447569251060486,776,989,1960,1381
1018,326.0,feeder,0.9451580047607422,776,989,1960,1381
1019,326.0,feeder,0.9449814558029175,776,989,1960,1381
1020,326.0,feeder,0.9448057413101196,776,989,1960,1381
1021,326.0,feeder,0.944069504737854,776,989,1960,1381
1022,326.0,feeder,0.9444509744644165,775,989,1960,1381
1023,326.0,feeder,0.9443250894546509,775,988,1960,1381
1024,326.0,feeder,0.9440718293190002,775,988,1960,1381
1025,326.0,feeder,0.9445710778236389,775,988,1960,1381
1026,326.0,feeder,0.944811999797821,775,988,1960,1381
1027,326.0,feeder,0.9447234869003296,775,988,1960,1381
1028,326.0,feeder,0.9445375204086304,775,988,1961,1381
1029,326.0,feeder,0.9444735050201416,775,988,1961,1381
1030,326.0,feeder,0.9443213939666748,775,988,1961,1381
1031,326.0,feeder,0.9442312717437744,775,988,1961,1381
1032,326.0,feeder,0.9442923665046692,775,988,1960,1381
1033,326.0,feeder,0.9442788362503052,775,988,1960,1381
1034,326.0,feeder,0.9442847967147827,775,988,1960,1381
1035,326.0,feeder,0.9441927671432495,775,988,1960,1381
1036,326.0,feeder,0.9442683458328247,776,988,1960,1381
1037,326.0,feeder,0.9445106387138367,776,988,1960,1381
1038,326.0,feeder,0.9447912573814392,776,988,1961,1381
1039,326.0,feeder,0.9449037313461304,776,988,1960,1381
1040,326.0,feeder,0.9451931118965149,776,988,1960,1381
1041,326.0,feeder,0.9448039531707764,776,988,1960,1381
1042,326.0,feeder,0.945185661315918,776,988,1960,1381
1043,326.0,feeder,0.9453534483909607,776,988,1960,1381
1044,326.0,feeder,0.9455936551094055,776,988,1960,1381
1045,326.0,feeder,0.9454519748687744,776,988,1960,1381
1046,326.0,feeder,0.9454240798950195,776,988,1960,1381
1047,326.0,feeder,0.9453461766242981,776,988,1960,1381
1048,326.0,feeder,0.9453802108764648,776,988,1960,1381
1049,326.0,feeder,0.9450511932373047,776,989,1960,1381
1050,326.0,feeder,0.9447970986366272,776,989,1960,1381
1051,326.0,feeder,0.9438002705574036,776,988,1960,1381
1052,326.0,feeder,0.9439458847045898,776,988,1960,1381
1053,326.0,feeder,0.9445221424102783,775,988,1960,1381
1054,326.0,feeder,0.9446224570274353,776,988,1960,1381
1055,326.0,feeder,0.9443559050559998,776,988,1960,1381
1056,326.0,feeder,0.9444706439971924,776,988,1960,1381
1057,326.0,feeder,0.9447645545005798,776,988,1960,1381
1058,326.0,feeder,0.9448913931846619,776,988,1960,1381
1059,326.0,feeder,0.9447142481803894,776,988,1960,1381
1060,326.0,feeder,0.944681704044342,776,988,1960,1381
1061,326.0,feeder,0.9447827339172363,776,988,1960,1381
1062,326.0,feeder,0.9446080923080444,776,988,1960,1381
1063,326.0,feeder,0.9448107481002808,776,988,1960,1381
1064,326.0,feeder,0.9447733759880066,776,988,1960,1381
1065,326.0,feeder,0.9449827671051025,776,988,1960,1381
1066,326.0,feeder,0.9443641304969788,776,988,1960,1381
1067,326.0,feeder,0.9447276592254639,776,988,1960,1381
1068,326.0,feeder,0.944896399974823,775,988,1960,1381
1069,326.0,feeder,0.9445756077766418,776,988,1960,1381
1070,326.0,feeder,0.944821834564209,776,988,1960,1381
1071,326.0,feeder,0.9448292851448059,776,988,1960,1381
1072,326.0,feeder,0.9445818066596985,776,988,1960,1381
1073,326.0,feeder,0.9445726275444031,776,989,1960,1381
1074,326.0,feeder,0.9443511366844177,775,989,1960,1381
1075,326.0,feeder,0.9443854689598083,775,989,1960,1381
1076,326.0,feeder,0.9441896677017212,775,989,1960,1381
1077,326.0,feeder,0.9442365765571594,775,989,1960,1381
1078,326.0,feeder,0.9442516565322876,775,989,1960,1381
1079,326.0,feeder,0.9440701603889465,775,988,1960,1381
1080,326.0,feeder,0.9443562626838684,775,988,1960,1381
1081,326.0,feeder,0.9441691637039185,776,988,1960,1381
1082,326.0,feeder,0.9443336129188538,776,988,1960,1381
1083,326.0,feeder,0.9447606205940247,776,988,1960,1381
1084,326.0,feeder,0.9447135925292969,776,988,1960,1381
1085,326.0,feeder,0.9442775845527649,776,988,1960,1381
1086,326.0,feeder,0.9439687728881836,776,988,1960,1381
1087,326.0,feeder,0.9441097974777222,776,988,1960,1381
1088,326.0,feeder,0.9439507126808167,776,989,1960,1381
1089,326.0,feeder,0.9441593885421753,776,988,1960,1381
1090,326.0,feeder,0.9444019794464111,776,988,1960,1381
1091,326.0,feeder,0.9443063735961914,776,988,1960,1381
1092,326.0,feeder,0.9443796277046204,776,988,1960,1381
1093,326.0,feeder,0.9445726275444031,776,988,1960,1381
1094,326.0,feeder,0.9445826411247253,776,988,1960,1381
1095,326.0,feeder,0.9446845650672913,776,988,1960,1381
1096,326.0,feeder,0.9452548027038574,775,988,1960,1381
1097,326.0,feeder,0.9455610513687134,775,988,1960,1381
1098,326.0,feeder,0.9456191062927246,775,988,1960,1381
1099,326.0,feeder,0.9455758333206177,775,988,1960,1381
1100,326.0,feeder,0.945418655872345,775,988,1960,1381
1101,326.0,feeder,0.9457945227622986,775,988,1960,1381
1102,326.0,feeder,0.9455456733703613,775,988,1960,1381
1103,326.0,feeder,0.9452080726623535,775,988,1960,1381
1104,326.0,feeder,0.9452821612358093,775,988,1960,1381
1105,326.0,feeder,0.9450080990791321,775,988,1960,1381
1106,326.0,feeder,0.9450639486312866,775,988,1960,1381
1107,326.0,feeder,0.9450620412826538,775,988,1960,1381
1108,326.0,feeder,0.9451263546943665,775,988,1960,1381
1109,326.0,feeder,0.9451619386672974,775,988,1960,1381
1110,326.0,feeder,0.9450016021728516,775,988,1960,1381
1111,326.0,feeder,0.9457765817642212,776,988,1960,1381
1112,326.0,feeder,0.9455460906028748,776,988,1960,1381
1113,326.0,feeder,0.9455409049987793,776,988,1960,1381
1114,326.0,feeder,0.9457330703735352,776,988,1960,1381
1115,326.0,feeder,0.9456430077552795,776,988,1960,1381
1116,326.0,feeder,0.9453600645065308,776,988,1960,1381
1117,326.0,feeder,0.9454680681228638,776,988,1960,1381
1118,326.0,feeder,0.9453575015068054,776,988,1960,1381
1119,326.0,feeder,0.945396363735199,776,988,1960,1381
1120,326.0,feeder,0.9453868865966797,776,989,1960,1381
1121,326.0,feeder,0.9453351497650146,776,989,1960,1381
1122,326.0,feeder,0.9454548954963684,776,989,1960,1381
1123,326.0,feeder,0.9455927610397339,776,989,1960,1381
1124,326.0,feeder,0.9455865025520325,776,988,1960,1381
1125,326.0,feeder,0.9453822374343872,776,988,1960,1381
1126,326.0,feeder,0.9453647136688232,776,988,1960,1381
1127,326.0,feeder,0.9456248879432678,776,988,1960,1381
1128,326.0,feeder,0.9454302787780762,776,988,1960,1381
1129,326.0,feeder,0.945524275302887,776,988,1960,1381
1130,326.0,feeder,0.9456385374069214,776,988,1960,1381
1131,326.0,feeder,0.945425271987915,776,988,1960,1381
1132,326.0,feeder,0.945502758026123,776,988,1960,1381
1133,326.0,feeder,0.945742666721344,776,988,1960,1381
1134,326.0,feeder,0.9455879926681519,776,988,1960,1381
1135,326.0,feeder,0.9456201791763306,776,988,1960,1381
1136,326.0,feeder,0.9457691311836243,776,988,1960,1381
1137,326.0,feeder,0.9454949498176575,776,988,1960,1381
1138,326.0,feeder,0.9458063244819641,776,988,1960,1381
1139,326.0,feeder,0.9457607269287109,776,988,1960,1381
1140,326.0,feeder,0.9460737705230713,776,988,1960,1381
1141,326.0,feeder,0.9455728530883789,776,988,1960,1381
1142,326.0,feeder,0.9455625414848328,776,988,1960,1381
1143,326.0,feeder,0.9453762769699097,776,988,1960,1381
1144,326.0,feeder,0.9450766444206238,776,988,1960,1381
1145,326.0,feeder,0.9450435042381287,776,988,1960,1381
1146,326.0,feeder,0.9446201920509338,776,988,1960,1381
1147,326.0,feeder,0.9447476267814636,776,988,1960,1381
1148,326.0,feeder,0.9447252750396729,776,988,1960,1381
1149,326.0,feeder,0.9445799589157104,776,988,1960,1381
1150,326.0,feeder,0.9444646835327148,776,988,1960,1381
1151,326.0,feeder,0.944482684135437,776,988,1960,1381
1152,326.0,feeder,0.9447662830352783,776,988,1960,1381
1153,326.0,feeder,0.9450942277908325,776,988,1960,1381
1154,326.0,feeder,0.9449390769004822,776,988,1960,1381
1155,326.0,feeder,0.9450110793113708,775,988,1960,1381
1156,326.0,feeder,0.9450168013572693,776,988,1960,1381
1157,326.0,feeder,0.9448343515396118,775,988,1960,1381
1158,326.0,feeder,0.9445531964302063,776,988,1960,1381
1159,326.0,feeder,0.9445271492004395,776,988,1960,1381
1160,326.0,feeder,0.9446768760681152,776,989,1960,1381
1161,326.0,feeder,0.9449100494384766,776,988,1960,1381
1162,326.0,feeder,0.9443925023078918,776,988,1960,1381
1163,326.0,feeder,0.9446030855178833,776,988,1960,1381
1164,326.0,feeder,0.9445910453796387,776,988,1960,1381
1165,326.0,feeder,0.9446841478347778,776,988,1960,1381
1166,326.0,feeder,0.945045530796051,776,988,1960,1381
1167,326.0,feeder,0.9452289342880249,776,988,1960,1381
1168,326.0,feeder,0.9452595710754395,776,988,1960,1381
1169,326.0,feeder,0.9453673958778381,776,988,1960,1381
1170,326.0,feeder,0.945245623588562,776,988,1960,1381
1171,326.0,feeder,0.9455041289329529,776,988,1960,1381
1172,326.0,feeder,0.9454382658004761,776,988,1960,1381
1173,326.0,feeder,0.9451549053192139,776,988,1960,1381
1174,326.0,feeder,0.9453418254852295,775,988,1960,1381
1175,326.0,feeder,0.945427417755127,775,988,1960,1382
1176,326.0,feeder,0.9454876184463501,775,988,1960,1382
1177,326.0,feeder,0.9454025626182556,775,988,1960,1382
1178,326.0,feeder,0.9448093771934509,775,988,1960,1382
1179,326.0,feeder,0.9448925852775574,776,988,1960,1382
1180,326.0,feeder,0.945035994052887,776,988,1960,1381
1181,326.0,feeder,0.9447386860847473,776,988,1960,1381
1182,326.0,feeder,0.9449019432067871,776,988,1960,1381
1183,326.0,feeder,0.9447574615478516,776,988,1960,1382
1184,326.0,feeder,0.9449973106384277,776,988,1960,1382
1185,326.0,feeder,0.9448652267456055,776,988,1960,1381
1186,326.0,feeder,0.9447855353355408,776,988,1960,1381
1187,326.0,feeder,0.945068359375,776,988,1960,1381
1188,326.0,feeder,0.9449628591537476,776,988,1960,1381
1189,326.0,feeder,0.9449560046195984,776,988,1960,1381
1190,326.0,feeder,0.9449381232261658,776,988,1960,1381
1191,326.0,feeder,0.9447610378265381,776,988,1960,1381
1192,326.0,feeder,0.9451473355293274,776,988,1960,1381
1193,326.0,feeder,0.9451147317886353,776,988,1960,1381
1194,326.0,feeder,0.9453293681144714,776,988,1960,1381
1195,326.0,feeder,0.9453537464141846,776,988,1960,1381
1196,326.0,feeder,0.9452826976776123,776,988,1960,1381
1197,326.0,feeder,0.945172131061554,776,988,1960,1381
1198,326.0,feeder,0.9450523853302002,776,988,1960,1381
1199,326.0,feeder,0.9450893998146057,776,988,1960,1381
1200,326.0,feeder,0.9450758099555969,776,988,1960,1381
1201,326.0,feeder,0.9452320337295532,776,988,1960,1381
1202,326.0,feeder,0.9452967643737793,776,988,1960,1381
1203,326.0,feeder,0.945202112197876,776,988,1960,1381
1204,326.0,feeder,0.9455474019050598,776,988,1960,1381
1205,326.0,feeder,0.9454782009124756,776,988,1960,1381
1206,326.0,feeder,0.9452713131904602,776,988,1960,1381
1207,326.0,feeder,0.9453933238983154,776,988,1960,1381
1208,326.0,feeder,0.945919930934906,776,988,1960,1381
1209,326.0,feeder,0.9456032514572144,776,988,1960,1381
1210,326.0,feeder,0.9454328417778015,776,988,1960,1381
1211,326.0,feeder,0.9453797340393066,776,988,1960,1381
1212,326.0,feeder,0.9453768730163574,776,988,1960,1381
1213,326.0,feeder,0.9454551935195923,776,988,1960,1381
1214,326.0,feeder,0.9456092119216919,776,988,1960,1381
1215,326.0,feeder,0.9456496834754944,776,988,1960,1381
1216,326.0,feeder,0.9452066421508789,776,988,1960,1381
1217,326.0,feeder,0.9456654787063599,776,988,1960,1381
1218,326.0,feeder,0.945837676525116,776,988,1960,1381
1219,326.0,feeder,0.9458233118057251,776,988,1960,1381
1220,326.0,feeder,0.9457957744598389,776,988,1960,1381
1221,326.0,feeder,0.9455745816230774,776,988,1960,1381
1222,326.0,feeder,0.9457105994224548,776,988,1960,1381
1223,326.0,feeder,0.945685863494873,776,988,1960,1381
1224,326.0,feeder,0.945436418056488,776,988,1960,1381
1225,326.0,feeder,0.9458091259002686,776,988,1960,1381
1226,326.0,feeder,0.9459489583969116,776,988,1960,1381
1227,326.0,feeder,0.945722758769989,776,988,1960,1381
1228,326.0,feeder,0.9457771182060242,776,988,1960,1381
1229,326.0,feeder,0.9456163644790649,776,988,1960,1381
1230,326.0,feeder,0.9455649852752686,776,988,1960,1381
1231,326.0,feeder,0.9451780915260315,776,988,1960,1381
1232,326.0,feeder,0.9454837441444397,776,988,1960,1381
1233,326.0,feeder,0.9455429315567017,776,988,1960,1381
1234,326.0,feeder,0.945385217666626,776,988,1960,1381
1235,326.0,feeder,0.945678174495697,776,988,1960,1381
1236,326.0,feeder,0.9457074999809265,776,988,1959,1381
1237,326.0,feeder,0.9456648230552673,776,988,1959,1381
1238,326.0,feeder,0.9454087615013123,776,988,1959,1381
1239,326.0,feeder,0.945656418800354,776,988,1959,1381
1240,326.0,feeder,0.9455191493034363,776,988,1960,1381
1241,326.0,feeder,0.9453522562980652,776,988,1960,1381
1242,326.0,feeder,0.9453737139701843,776,988,1960,1381
1243,326.0,feeder,0.9450125694274902,776,988,1960,1381
1244,326.0,feeder,0.9447557330131531,776,988,1960,1381
1245,326.0,feeder,0.9450328946113586,776,988,1960,1381
1246,326.0,feeder,0.9452260732650757,776,988,1960,1381
1247,326.0,feeder,0.9451813101768494,776,988,1960,1381
1248,326.0,feeder,0.9452006220817566,776,988,1960,1381
1249,326.0,feeder,0.9447506070137024,776,989,1960,1381
1250,326.0,feeder,0.9450317025184631,776,989,1960,1381
1251,326.0,feeder,0.9454915523529053,776,989,1960,1381
1252,326.0,feeder,0.9454978108406067,776,989,1960,1381
1253,326.0,feeder,0.9457423686981201,776,989,1960,1381
1254,326.0,feeder,0.9455600380897522,776,988,1960,1381
1255,326.0,feeder,0.9456098675727844,776,988,1960,1381
1256,326.0,feeder,0.9456957578659058,776,988,1960,1381
1257,326.0,feeder,0.9455090165138245,776,988,1960,1381
1258,326.0,feeder,0.9452207088470459,776,988,1960,1381
1259,326.0,feeder,0.9453275799751282,776,988,1960,1381
1260,326.0,feeder,0.9454953670501709,776,988,1960,1381
1261,326.0,feeder,0.9448356628417969,776,988,1960,1381
1262,326.0,feeder,0.944611132144928,776,988,1960,1381
1263,326.0,feeder,0.9445557594299316,776,988,1960,1381
1264,326.0,feeder,0.9446725249290466,775,988,1960,1381
1265,326.0,feeder,0.9448039531707764,775,988,1960,1381
1266,326.0,feeder,0.944976806640625,776,988,1960,1381
1267,326.0,feeder,0.9448472261428833,776,988,1960,1381
1268,326.0,feeder,0.9447752237319946,776,988,1960,1381
1269,326.0,feeder,0.944757342338562,776,988,1960,1381
1270,326.0,feeder,0.9447713494300842,776,988,1960,1381
1271,326.0,feeder,0.9448248744010925,776,988,1960,1381
1272,326.0,feeder,0.9448821544647217,775,988,1960,1381
1273,326.0,feeder,0.9449251294136047,775,988,1960,1381
1274,326.0,feeder,0.9446461200714111,775,988,1960,1381
1275,326.0,feeder,0.9444631934165955,775,988,1960,1381
1276,326.0,feeder,0.9437116980552673,775,988,1960,1381
1277,326.0,feeder,0.9436558485031128,775,989,1960,1381
1278,326.0,feeder,0.9440354108810425,775,989,1960,1382
1279,326.0,feeder,0.9444853067398071,775,989,1960,1382
1280,326.0,feeder,0.9443883895874023,775,988,1960,1382
1281,326.0,feeder,0.9440886378288269,775,989,1960,1381
1282,326.0,feeder,0.9440805315971375,776,988,1960,1382
1283,326.0,feeder,0.9439454078674316,776,988,1960,1381
1284,326.0,feeder,0.9444689750671387,776,988,1960,1382
1285,326.0,feeder,0.9441455006599426,776,988,1960,1382
1286,326.0,feeder,0.9444394111633301,776,988,1960,1381
1287,326.0,feeder,0.9445894360542297,776,988,1960,1382
1288,326.0,feeder,0.9441654682159424,776,989,1960,1381
1289,326.0,feeder,0.9442386031150818,776,988,1960,1381
1290,326.0,feeder,0.9439301490783691,776,989,1960,1381
1291,326.0,feeder,0.9438610076904297,776,988,1960,1381
1292,326.0,feeder,0.9438713788986206,776,988,1960,1381
1293,326.0,feeder,0.9442871809005737,776,988,1960,1381
1294,326.0,feeder,0.944415807723999,776,988,1960,1381
1295,326.0,feeder,0.9450904726982117,776,988,1960,1381
1296,326.0,feeder,0.9449997544288635,776,988,1960,1381
1297,326.0,feeder,0.9450950622558594,776,988,1960,1381
1298,326.0,feeder,0.9452975988388062,776,988,1960,1381
1299,326.0,feeder,0.9450069069862366,776,988,1960,1381
1300,326.0,feeder,0.9450454711914062,776,988,1960,1381
1301,326.0,feeder,0.9449774026870728,776,988,1960,1381
1302,326.0,feeder,0.9447044730186462,776,988,1960,1381
1303,326.0,feeder,0.9446200728416443,776,988,1960,1381
1304,326.0,feeder,0.9447467923164368,776,988,1960,1381
1305,326.0,feeder,0.9450578093528748,776,988,1960,1381
1306,326.0,feeder,0.9442663192749023,776,988,1959,1381
1307,326.0,feeder,0.9447965025901794,776,988,1959,1381
1308,326.0,feeder,0.9448565244674683,776,988,1959,1381
1309,326.0,feeder,0.9449114203453064,776,988,1959,1381
1310,326.0,feeder,0.9451069831848145,776,988,1959,1381
1311,326.0,feeder,0.9452432990074158,776,988,1959,1381
1312,326.0,feeder,0.9454002976417542,776,988,1959,1381
1313,326.0,feeder,0.9454638361930847,776,988,1959,1381
1314,326.0,feeder,0.9452296495437622,776,988,1959,1381
1315,326.0,feeder,0.9449891448020935,776,988,1959,1381
1316,326.0,feeder,0.9449478387832642,776,988,1959,1381
1317,326.0,feeder,0.944982647895813,776,988,1959,1381
1318,326.0,feeder,0.9450430870056152,776,988,1959,1381
1319,326.0,feeder,0.9451837539672852,776,988,1959,1381
1320,326.0,feeder,0.9452337026596069,776,988,1959,1381
1321,326.0,feeder,0.9449160099029541,776,988,1960,1381
1322,326.0,feeder,0.9449557065963745,776,988,1960,1381
1323,326.0,feeder,0.9454473257064819,776,988,1960,1381
1324,326.0,feeder,0.9453107118606567,776,988,1961,1381
1325,326.0,feeder,0.9454408288002014,776,988,1961,1381
1326,326.0,feeder,0.9454362392425537,776,988,1960,1381
1327,326.0,feeder,0.9456372261047363,776,988,1960,1381
1328,326.0,feeder,0.9455623030662537,776,988,1960,1381
1329,326.0,feeder,0.9455851316452026,776,988,1960,1381
1330,326.0,feeder,0.9454010725021362,776,988,1960,1381
1331,326.0,feeder,0.945389449596405,776,988,1961,1381
1332,326.0,feeder,0.945334792137146,776,988,1961,1381
1333,326.0,feeder,0.9457504749298096,776,988,1961,1381
1334,326.0,feeder,0.9455167055130005,776,989,1961,1381
1335,326.0,feeder,0.9450386166572571,776,989,1961,1381
1336,326.0,feeder,0.9449294209480286,776,989,1960,1381
1337,326.0,feeder,0.945081353187561,776,989,1960,1382
1338,326.0,feeder,0.9453177452087402,776,989,1960,1382
1339,326.0,feeder,0.9452094435691833,776,988,1960,1382
1340,326.0,feeder,0.9447047710418701,776,988,1960,1382
1341,326.0,feeder,0.945086658000946,776,988,1960,1382
1342,326.0,feeder,0.9450808763504028,776,988,1961,1382
1343,326.0,feeder,0.9450280070304871,776,988,1961,1382
1344,326.0,feeder,0.944808840751648,776,988,1960,1382
1345,326.0,feeder,0.9450223445892334,776,988,1960,1382
1346,326.0,feeder,0.9451271295547485,776,988,1960,1382
1347,326.0,feeder,0.9451299905776978,776,988,1960,1382
1348,326.0,feeder,0.945356547832489,776,988,1960,1382
1349,326.0,feeder,0.9453151822090149,776,988,1960,1382
1350,326.0,feeder,0.9450826048851013,776,988,1960,1382
1351,326.0,feeder,0.944844663143158,776,988,1960,1381
1352,326.0,feeder,0.9450674653053284,776,988,1960,1381
1353,326.0,feeder,0.9446719884872437,776,988,1960,1381
1354,326.0,feeder,0.9448536038398743,776,988,1960,1381
1355,326.0,feeder,0.9450797438621521,776,988,1960,1381
1356,326.0,feeder,0.9451034665107727,776,988,1960,1381
1357,326.0,feeder,0.9448531270027161,776,989,1960,1381
1358,326.0,feeder,0.944994330406189,776,988,1960,1381
1359,326.0,feeder,0.9447812438011169,776,988,1960,1381
1360,326.0,feeder,0.9447493553161621,776,988,1960,1381
1361,326.0,feeder,0.9448289275169373,776,989,1960,1381
1362,326.0,feeder,0.9447553157806396,776,989,1960,1381
1363,326.0,feeder,0.9450657963752747,776,988,1960,1381
1364,326.0,feeder,0.945159912109375,776,988,1960,1381
1365,326.0,feeder,0.9452175498008728,776,988,1960,1381
1366,326.0,feeder,0.9449345469474792,776,988,1960,1381
1367,326.0,feeder,0.9451512694358826,776,988,1960,1381
1368,326.0,feeder,0.945258617401123,776,988,1960,1381
1369,326.0,feeder,0.9449561238288879,776,988,1960,1381
1370,326.0,feeder,0.9449687004089355,776,988,1960,1381
1371,326.0,feeder,0.9451731443405151,776,988,1960,1381
1372,326.0,feeder,0.9448503255844116,776,988,1960,1381
1373,326.0,feeder,0.9447407126426697,776,988,1960,1381
1374,326.0,feeder,0.9450634121894836,776,988,1960,1381
1375,326.0,feeder,0.9448667168617249,776,988,1960,1381
1376,326.0,feeder,0.9447190165519714,776,988,1960,1381
1377,326.0,feeder,0.9448898434638977,776,988,1960,1381
1378,326.0,feeder,0.94528728723526,776,988,1960,1381
1379,326.0,feeder,0.9452852606773376,776,988,1960,1381
1380,326.0,feeder,0.945356011390686,776,988,1960,1381
1381,326.0,feeder,0.9446211457252502,776,988,1960,1381
1382,326.0,feeder,0.945025622844696,776,988,1960,1381
1383,326.0,feeder,0.9450619220733643,776,988,1960,1381
1384,326.0,feeder,0.9450246691703796,775,988,1960,1381
1385,326.0,feeder,0.9452636241912842,776,988,1960,1381
1386,326.0,feeder,0.9452061057090759,776,988,1960,1381
1387,326.0,feeder,0.9453303217887878,776,988,1960,1381
1388,326.0,feeder,0.9453387260437012,776,988,1960,1381
1389,326.0,feeder,0.9455459713935852,776,988,1960,1381
1390,326.0,feeder,0.9453907608985901,776,988,1960,1381
1391,326.0,feeder,0.9451169967651367,776,988,1960,1381
1392,326.0,feeder,0.9452517032623291,776,988,1960,1381
1393,326.0,feeder,0.9453178644180298,776,988,1960,1381
1394,326.0,feeder,0.9455536603927612,776,988,1960,1381
1395,326.0,feeder,0.9455812573432922,776,988,1960,1381
1396,326.0,feeder,0.9451236128807068,776,988,1960,1381
1397,326.0,feeder,0.9453189373016357,776,988,1960,1381
1398,326.0,feeder,0.9453588724136353,776,988,1960,1381
1399,326.0,feeder,0.9454750418663025,776,988,1960,1381
1400,326.0,feeder,0.9454224109649658,776,988,1960,1381
1401,326.0,feeder,0.9455890655517578,776,988,1960,1381
1402,326.0,feeder,0.9456620812416077,776,988,1960,1381
1403,326.0,feeder,0.9455877542495728,776,988,1960,1381
1404,326.0,feeder,0.9457619786262512,776,988,1960,1381
1405,326.0,feeder,0.9458684921264648,776,988,1960,1381
1406,326.0,feeder,0.9458338618278503,776,988,1960,1381
1407,326.0,feeder,0.9456480145454407,776,988,1960,1381
1408,326.0,feeder,0.945469081401825,776,988,1960,1381
1409,326.0,feeder,0.9453132748603821,776,989,1960,1381
1410,326.0,feeder,0.9453049898147583,776,988,1960,1381
1411,326.0,feeder,0.9440475106239319,776,988,1960,1381
1412,326.0,feeder,0.9444444179534912,776,988,1960,1381
1413,326.0,feeder,0.9447900056838989,776,989,1960,1381
1414,326.0,feeder,0.9447751045227051,776,988,1960,1381
1415,326.0,feeder,0.9448476433753967,776,988,1960,1381
1416,326.0,feeder,0.9448618292808533,776,988,1960,1381
1417,326.0,feeder,0.9447137117385864,776,988,1960,1381
1418,326.0,feeder,0.9448662996292114,776,988,1960,1381
1419,326.0,feeder,0.9450199007987976,776,988,1960,1381
1420,326.0,feeder,0.9451720714569092,776,988,1960,1381
1421,326.0,feeder,0.9449836015701294,776,989,1960,1381
1422,326.0,feeder,0.9451025128364563,776,988,1960,1381
1423,326.0,feeder,0.9449774026870728,776,988,1960,1381
1424,326.0,feeder,0.9448730945587158,776,989,1960,1381
1425,326.0,feeder,0.9447931051254272,776,988,1960,1381
1426,326.0,feeder,0.9454138875007629,776,988,1960,1381
1427,326.0,feeder,0.9456462860107422,776,988,1960,1381
1428,326.0,feeder,0.9458815455436707,776,988,1960,1381
1429,326.0,feeder,0.9456061124801636,776,988,1960,1381
1430,326.0,feeder,0.945389986038208,776,988,1960,1381
1431,326.0,feeder,0.9453312754631042,776,988,1960,1381
1432,326.0,feeder,0.9454721212387085,776,988,1960,1381
1433,326.0,feeder,0.9455693364143372,776,988,1960,1381
1434,326.0,feeder,0.9455615878105164,776,988,1960,1381
1435,326.0,feeder,0.9452167749404907,776,988,1960,1381
1436,326.0,feeder,0.9452860355377197,776,988,1960,1381
1437,326.0,feeder,0.9454230070114136,776,988,1960,1381
1438,326.0,feeder,0.945147693157196,776,988,1960,1381
1439,326.0,feeder,0.9451658725738525,776,988,1960,1381
1440,326.0,feeder,0.9451526403427124,776,988,1960,1381
1441,326.0,feeder,0.9448819160461426,776,988,1960,1381
1442,326.0,feeder,0.9450322389602661,776,988,1960,1381
1443,326.0,feeder,0.945067822933197,776,988,1960,1381
1444,326.0,feeder,0.9450568556785583,776,988,1960,1382
1445,326.0,feeder,0.9452492594718933,776,988,1960,1382
1446,326.0,feeder,0.9451856017112732,776,988,1960,1381
1447,326.0,feeder,0.9453767538070679,776,988,1960,1381
1448,326.0,feeder,0.9452454447746277,776,988,1960,1381
1449,326.0,feeder,0.9453940391540527,776,988,1960,1381
1450,326.0,feeder,0.9451445937156677,776,988,1960,1381
1451,326.0,feeder,0.9452148675918579,776,988,1960,1381
1452,326.0,feeder,0.9449936747550964,776,988,1960,1381
1453,326.0,feeder,0.9450434446334839,776,988,1960,1381
1454,326.0,feeder,0.945253312587738,776,988,1960,1381
1455,326.0,feeder,0.9453396797180176,776,988,1960,1381
1456,326.0,feeder,0.9448364973068237,776,988,1960,1381
1457,326.0,feeder,0.9450013637542725,776,988,1960,1381
1458,326.0,feeder,0.9452409744262695,776,988,1960,1381
1459,326.0,feeder,0.945146918296814,776,988,1960,1381
1460,326.0,feeder,0.945016086101532,776,988,1960,1381
1461,326.0,feeder,0.9452688694000244,776,988,1960,1381
1462,326.0,feeder,0.9449782967567444,776,988,1960,1381
1463,326.0,feeder,0.9452356100082397,776,988,1960,1381
1464,326.0,feeder,0.9450300335884094,776,988,1960,1381
1465,326.0,feeder,0.945206344127655,776,988,1960,1381
1466,326.0,feeder,0.9451445937156677,776,988,1960,1381
1467,326.0,feeder,0.9452550411224365,776,988,1960,1381
1468,326.0,feeder,0.9457138776779175,776,988,1960,1381
1469,326.0,feeder,0.9455217123031616,776,988,1960,1381
1470,326.0,feeder,0.9455007910728455,776,988,1960,1381
1471,326.0,feeder,0.9455580711364746,776,988,1960,1381
1472,326.0,feeder,0.9454171657562256,776,988,1960,1381
1473,326.0,feeder,0.945094645023346,776,989,1960,1381
1474,326.0,feeder,0.9449504613876343,776,989,1960,1381
1475,326.0,feeder,0.9451044201850891,776,989,1960,1381
1476,326.0,feeder,0.9450482130050659,776,989,1960,1381
1477,326.0,feeder,0.9451018571853638,776,989,1960,1381
1478,326.0,feeder,0.9450682401657104,776,989,1960,1381
1479,326.0,feeder,0.945007860660553,776,989,1960,1381
1480,326.0,feeder,0.9447721242904663,776,989,1960,1381
1481,326.0,feeder,0.9449829459190369,776,989,1960,1381
1482,326.0,feeder,0.945099949836731,776,989,1960,1381
1483,326.0,feeder,0.9451903700828552,776,989,1960,1381
1484,326.0,feeder,0.9454267621040344,776,989,1960,1381
1485,326.0,feeder,0.9453166127204895,776,989,1960,1381
1486,326.0,feeder,0.9447558522224426,776,988,1960,1381
1487,326.0,feeder,0.9446505308151245,776,988,1960,1381
1488,326.0,feeder,0.9448044896125793,776,988,1960,1381
1489,326.0,feeder,0.9446860551834106,776,988,1960,1381
1490,326.0,feeder,0.9447861909866333,776,988,1960,1381
1491,326.0,feeder,0.9446625113487244,776,988,1960,1381
1492,326.0,feeder,0.9446002840995789,776,988,1960,1381
1493,326.0,feeder,0.944500207901001,776,988,1960,1381
1494,326.0,feeder,0.9445986151695251,776,988,1960,1381
1495,326.0,feeder,0.9449135661125183,776,988,1960,1381
1496,326.0,feeder,0.944930374622345,776,988,1960,1381
1497,326.0,feeder,0.9451280832290649,776,988,1960,1381
1498,326.0,feeder,0.9453922510147095,776,988,1960,1381
1499,326.0,feeder,0.9451871514320374,776,988,1960,1381
1500,326.0,feeder,0.9454609751701355,776,988,1960,1381
1501,326.0,feeder,0.9458922147750854,776,988,1960,1381
1502,326.0,feeder,0.9458569884300232,775,988,1960,1381
1503,326.0,feeder,0.945898711681366,775,988,1960,1381
1504,326.0,feeder,0.9458253383636475,775,988,1960,1381
1505,326.0,feeder,0.9461725950241089,775,988,1960,1381
1506,326.0,feeder,0.9457637071609497,776,988,1960,1381
1507,326.0,feeder,0.9455810785293579,776,988,1960,1381
1508,326.0,feeder,0.9457384347915649,776,988,1960,1381
1509,326.0,feeder,0.9455369114875793,776,988,1960,1381
1510,326.0,feeder,0.9459205865859985,776,988,1960,1381
1511,326.0,feeder,0.9460113644599915,776,988,1960,1381
1512,326.0,feeder,0.946162760257721,776,988,1960,1381
1513,326.0,feeder,0.9462595582008362,776,988,1960,1381
1514,326.0,feeder,0.9460227489471436,776,988,1960,1381
1515,326.0,feeder,0.9458917379379272,776,988,1960,1381
1516,326.0,feeder,0.9455878734588623,776,988,1960,1381
1517,326.0,feeder,0.9456627368927002,776,988,1960,1381
1518,326.0,feeder,0.9455228447914124,776,988,1960,1381
1519,326.0,feeder,0.945356011390686,776,988,1960,1381
1520,326.0,feeder,0.9455769062042236,776,988,1960,1381
1521,326.0,feeder,0.9454304575920105,776,988,1960,1381
1522,326.0,feeder,0.9453603625297546,776,988,1960,1381
1523,326.0,feeder,0.9453791379928589,776,988,1960,1381
1524,326.0,feeder,0.9451661109924316,776,988,1960,1381
1525,326.0,feeder,0.9451752305030823,776,988,1960,1381
1526,326.0,feeder,0.9450370073318481,776,988,1960,1381
1527,326.0,feeder,0.9453681707382202,776,988,1960,1381
1528,326.0,feeder,0.9453811645507812,776,988,1960,1381
1529,326.0,feeder,0.9452092051506042,777,988,1960,1381
1530,326.0,feeder,0.9450780153274536,777,988,1960,1381
1531,326.0,feeder,0.945133626461029,776,988,1960,1381
1532,326.0,feeder,0.9453657865524292,776,988,1960,1381
1533,326.0,feeder,0.9452071785926819,776,988,1960,1381
1534,326.0,feeder,0.9450640678405762,776,988,1960,1381
1535,326.0,feeder,0.9452476501464844,776,988,1960,1381
1536,326.0,feeder,0.9453282952308655,776,988,1960,1381
1537,326.0,feeder,0.9452235698699951,776,988,1960,1381
1538,326.0,feeder,0.9450557827949524,776,988,1960,1381
1539,326.0,feeder,0.9453193545341492,776,988,1960,1381
1540,326.0,feeder,0.9452576637268066,776,988,1960,1381
1541,326.0,feeder,0.945492684841156,776,988,1960,1381
1542,326.0,feeder,0.9454655647277832,776,988,1960,1381
1543,326.0,feeder,0.945266604423523,776,988,1960,1381
1544,326.0,feeder,0.9450442790985107,776,988,1960,1381
1545,326.0,feeder,0.9449357986450195,776,988,1960,1381
1546,326.0,feeder,0.9450845122337341,776,988,1960,1381
1547,326.0,feeder,0.9448434114456177,776,988,1960,1381
1548,326.0,feeder,0.9448952674865723,776,988,1960,1381
1549,326.0,feeder,0.9451983571052551,776,988,1960,1381
1550,326.0,feeder,0.9450870752334595,776,988,1960,1381
1551,326.0,feeder,0.9450958967208862,776,988,1960,1381
1552,326.0,feeder,0.9453099966049194,776,988,1960,1381
1553,326.0,feeder,0.9454131126403809,776,988,1960,1381
1554,326.0,feeder,0.9453221559524536,776,988,1960,1381
1555,326.0,feeder,0.9452190399169922,776,988,1960,1381
1556,326.0,feeder,0.945404052734375,776,988,1960,1381
1557,326.0,feeder,0.945460855960846,776,988,1960,1381
1558,326.0,feeder,0.9455954432487488,776,988,1960,1381
1559,326.0,feeder,0.9454993009567261,776,988,1960,1381
1560,326.0,feeder,0.9454090595245361,776,988,1960,1381
1561,326.0,feeder,0.9448094367980957,776,988,1960,1381
1562,326.0,feeder,0.9450250267982483,776,989,1960,1382
1563,326.0,feeder,0.9446994662284851,776,988,1960,1382
1564,326.0,feeder,0.9448881149291992,776,988,1960,1381
1565,326.0,feeder,0.9448161721229553,776,988,1960,1381
1566,326.0,feeder,0.9449133276939392,776,989,1960,1382
1567,326.0,feeder,0.9448983073234558,776,988,1960,1382
1568,326.0,feeder,0.94465571641922,776,989,1960,1382
1569,326.0,feeder,0.9446010589599609,776,989,1960,1382
1570,326.0,feeder,0.9447793364524841,776,989,1960,1382
1571,326.0,feeder,0.9446617960929871,776,989,1960,1382
1572,326.0,feeder,0.9447924494743347,776,989,1960,1382
1573,326.0,feeder,0.9448492527008057,776,988,1960,1382
1574,326.0,feeder,0.9450373649597168,776,988,1960,1382
1575,326.0,feeder,0.9449069499969482,776,988,1960,1382
1576,326.0,feeder,0.944459080696106,776,988,1960,1381
1577,326.0,feeder,0.9445412755012512,776,988,1960,1381
1578,326.0,feeder,0.9448649883270264,776,988,1960,1381
1579,326.0,feeder,0.944719135761261,776,988,1960,1381
1580,326.0,feeder,0.9446516633033752,776,988,1960,1381
1581,326.0,feeder,0.9446292519569397,776,988,1960,1381
1582,326.0,feeder,0.9447579383850098,776,988,1960,1382
1583,326.0,feeder,0.9448801279067993,776,988,1960,1382
1584,326.0,feeder,0.9449379444122314,776,988,1960,1382
1585,326.0,feeder,0.9453583359718323,776,988,1960,1382
1586,326.0,feeder,0.9454339146614075,776,988,1960,1381
1587,326.0,feeder,0.9452341198921204,776,988,1960,1381
1588,326.0,feeder,0.9448573589324951,776,988,1960,1381
1589,326.0,feeder,0.945054829120636,776,988,1960,1381
1590,326.0,feeder,0.94512540102005,776,988,1960,1381
1591,326.0,feeder,0.9448429942131042,776,988,1960,1381
1592,326.0,feeder,0.9450828433036804,776,988,1960,1381
1593,326.0,feeder,0.9450287222862244,776,988,1960,1381
1594,326.0,feeder,0.9452945590019226,776,988,1960,1381
1595,326.0,feeder,0.94504714012146,776,988,1960,1381
1596,326.0,feeder,0.9450879096984863,776,988,1960,1381
1597,326.0,feeder,0.9448973536491394,776,988,1960,1381
1598,326.0,feeder,0.9446972012519836,776,988,1960,1381
1599,326.0,feeder,0.944961428642273,776,988,1960,1381
1600,326.0,feeder,0.9450836777687073,776,988,1960,1381
1601,326.0,feeder,0.9449111223220825,776,988,1960,1381
1602,326.0,feeder,0.9452365040779114,776,988,1960,1381
1603,326.0,feeder,0.9446694254875183,776,988,1960,1381
1604,326.0,feeder,0.944563090801239,776,988,1960,1382
1605,326.0,feeder,0.9445996880531311,776,988,1960,1382
1606,326.0,feeder,0.9457607865333557,775,988,1960,1382
1607,326.0,feeder,0.9456837177276611,775,988,1961,1382
1608,326.0,feeder,0.9455228447914124,775,988,1960,1382
1609,326.0,feeder,0.9453063607215881,775,988,1960,1381
1610,326.0,feeder,0.945261538028717,775,988,1960,1381
1611,326.0,feeder,0.9454254508018494,775,988,1960,1382
1612,326.0,feeder,0.945487380027771,775,988,1960,1382
1613,326.0,feeder,0.9450816512107849,775,988,1960,1381
1614,326.0,feeder,0.9450969696044922,775,988,1960,1381
1615,326.0,feeder,0.9453389644622803,776,988,1960,1381
1616,326.0,feeder,0.9455678462982178,776,988,1960,1381
1617,326.0,feeder,0.9456985592842102,776,988,1960,1381
1618,326.0,feeder,0.9455939531326294,776,988,1960,1381
1619,326.0,feeder,0.9456620812416077,776,988,1960,1381
1620,326.0,feeder,0.9456258416175842,776,988,1960,1381
1621,326.0,feeder,0.9454374313354492,776,988,1960,1381
1622,326.0,feeder,0.945637047290802,776,988,1960,1381
1623,326.0,feeder,0.9453827738761902,776,988,1960,1381
1624,326.0,feeder,0.9453200101852417,776,988,1960,1381
1625,326.0,feeder,0.9452379941940308,776,988,1960,1381
1626,326.0,feeder,0.9453809261322021,776,988,1960,1381
1627,326.0,feeder,0.9455103874206543,776,988,1960,1381
1628,326.0,feeder,0.9456644058227539,776,987,1960,1381
1629,326.0,feeder,0.945409893989563,776,988,1960,1381
1630,326.0,feeder,0.9457175135612488,776,987,1960,1381
1631,326.0,feeder,0.9456089735031128,776,988,1960,1381
1632,326.0,feeder,0.9454048275947571,776,988,1960,1381
1633,326.0,feeder,0.9456127285957336,776,988,1960,1381
1634,326.0,feeder,0.9452469348907471,776,988,1960,1381
1635,326.0,feeder,0.9452771544456482,776,988,1960,1381
1636,326.0,feeder,0.9441701173782349,776,988,1960,1381
1637,326.0,feeder,0.9444571733474731,776,988,1960,1381
1638,326.0,feeder,0.9446761608123779,776,988,1960,1381
1639,326.0,feeder,0.9447197914123535,776,988,1960,1382
1640,326.0,feeder,0.9446430802345276,776,988,1960,1382
1641,326.0,feeder,0.9443436861038208,775,988,1960,1382
1642,326.0,feeder,0.9445910453796387,775,988,1960,1382
1643,326.0,feeder,0.9443575143814087,775,988,1960,1381
1644,326.0,feeder,0.9444653391838074,775,988,1960,1381
1645,326.0,feeder,0.9446688294410706,775,988,1960,1381
1646,326.0,feeder,0.9446048736572266,775,988,1960,1381
1647,326.0,feeder,0.9445552825927734,775,988,1960,1381
1648,326.0,feeder,0.9444818496704102,776,988,1960,1381
1649,326.0,feeder,0.9442846179008484,776,988,1960,1381
1650,326.0,feeder,0.9443992972373962,776,988,1960,1381
1651,326.0,feeder,0.9457518458366394,776,988,1960,1381
1652,326.0,feeder,0.945529580116272,776,988,1960,1381
1653,326.0,feeder,0.9455414414405823,776,988,1960,1381
1654,326.0,feeder,0.9455035924911499,776,988,1960,1381
1655,326.0,feeder,0.9455958604812622,776,988,1960,1381
1656,326.0,feeder,0.9455000758171082,776,988,1960,1381
1657,326.0,feeder,0.9452028274536133,776,988,1960,1381
1658,326.0,feeder,0.9455920457839966,776,988,1960,1381
1659,326.0,feeder,0.9456800818443298,776,988,1960,1381
1660,326.0,feeder,0.9455639123916626,776,988,1960,1381
1661,326.0,feeder,0.9454855918884277,776,988,1960,1381
1662,326.0,feeder,0.9452721476554871,776,988,1960,1381
1663,326.0,feeder,0.9455235004425049,776,988,1960,1381
1664,326.0,feeder,0.9453268051147461,776,988,1960,1381
1665,326.0,feeder,0.9456727504730225,776,988,1960,1381
1666,326.0,feeder,0.9452975392341614,776,988,1960,1381
1667,326.0,feeder,0.9454182386398315,776,988,1960,1381
1668,326.0,feeder,0.9454213976860046,776,988,1960,1381
1669,326.0,feeder,0.9452276229858398,776,988,1960,1381
1670,326.0,feeder,0.9455041289329529,776,988,1960,1381
1671,326.0,feeder,0.9454511404037476,776,988,1960,1381
1672,326.0,feeder,0.9452415108680725,777,988,1960,1381
1673,326.0,feeder,0.9455152153968811,776,988,1960,1381
1674,326.0,feeder,0.9455482363700867,776,988,1960,1381
1675,326.0,feeder,0.9454901814460754,776,988,1960,1381
1676,326.0,feeder,0.9456617832183838,776,988,1960,1381
1677,326.0,feeder,0.9458369612693787,776,988,1960,1381
1678,326.0,feeder,0.9458038806915283,776,988,1960,1382
1679,326.0,feeder,0.9456492066383362,776,988,1960,1382
1680,326.0,feeder,0.9454845190048218,776,988,1960,1381
1681,326.0,feeder,0.9447011351585388,776,988,1960,1381
1682,326.0,feeder,0.9444037675857544,776,988,1960,1381
1683,326.0,feeder,0.9440364837646484,776,988,1960,1381
1684,326.0,feeder,0.94413822889328,776,988,1960,1381
1685,326.0,feeder,0.9441418647766113,776,988,1960,1381
1686,326.0,feeder,0.9441835284233093,776,988,1960,1381
1687,326.0,feeder,0.9444378018379211,776,988,1960,1381
1688,326.0,feeder,0.9447025060653687,776,988,1960,1381
1689,326.0,feeder,0.9446657299995422,776,988,1960,1381
1690,326.0,feeder,0.9445679783821106,776,988,1960,1381
1691,326.0,feeder,0.9448153972625732,776,988,1960,1381
1692,326.0,feeder,0.9448408484458923,776,988,1960,1381
1693,326.0,feeder,0.9449270963668823,776,988,1960,1381
1694,326.0,feeder,0.9447428584098816,776,988,1960,1381
1695,326.0,feeder,0.9445609450340271,776,988,1960,1381
1696,326.0,feeder,0.945105254650116,776,988,1960,1381
1697,326.0,feeder,0.9447896480560303,776,988,1960,1381
1698,326.0,feeder,0.9451925158500671,776,988,1960,1381
1699,326.0,feeder,0.9454808831214905,776,988,1960,1381
1700,326.0,feeder,0.9453532099723816,776,988,1960,1381
1701,326.0,feeder,0.9452760219573975,776,988,1960,1381
1702,326.0,feeder,0.945515513420105,776,988,1960,1381
1703,326.0,feeder,0.9454108476638794,776,988,1960,1381
1704,326.0,feeder,0.9453641176223755,776,988,1960,1381
1705,326.0,feeder,0.9453898668289185,776,988,1960,1381
1706,326.0,feeder,0.9452043175697327,776,988,1960,1381
1707,326.0,feeder,0.9451220035552979,776,988,1960,1381
1708,326.0,feeder,0.945160984992981,776,988,1960,1381
1709,326.0,feeder,0.9452368021011353,776,988,1960,1381
1710,326.0,feeder,0.9451473355293274,776,988,1960,1381
1711,326.0,feeder,0.9442400932312012,776,988,1960,1381
1712,326.0,feeder,0.9445526599884033,776,988,1960,1381
1713,326.0,feeder,0.9448469281196594,776,988,1960,1381
1714,326.0,feeder,0.9449204802513123,776,988,1960,1381
1715,326.0,feeder,0.9449144005775452,776,988,1960,1381
1716,326.0,feeder,0.9444820284843445,776,988,1960,1381
1717,326.0,feeder,0.9450829029083252,775,988,1960,1381
1718,326.0,feeder,0.9452250599861145,775,988,1960,1381
1719,326.0,feeder,0.9453177452087402,775,988,1960,1381
1720,326.0,feeder,0.9455971717834473,776,988,1960,1381
1721,326.0,feeder,0.9455364942550659,776,988,1960,1381
1722,326.0,feeder,0.9455217123031616,776,988,1960,1381
1723,326.0,feeder,0.9457611441612244,776,988,1960,1381
1724,326.0,feeder,0.945713996887207,776,988,1960,1381
1725,326.0,feeder,0.945530116558075,776,988,1960,1381
1726,326.0,feeder,0.9451665282249451,776,988,1960,1381
1727,326.0,feeder,0.9450700283050537,776,988,1960,1381
1728,326.0,feeder,0.944993257522583,776,988,1960,1381
1729,326.0,feeder,0.9447872042655945,776,989,1960,1381
1730,326.0,feeder,0.9447341561317444,775,989,1960,1381
1731,326.0,feeder,0.9451191425323486,775,989,1960,1381
1732,326.0,feeder,0.9453972578048706,775,989,1960,1381
1733,326.0,feeder,0.945188045501709,775,989,1960,1382
1734,326.0,feeder,0.9455721974372864,775,989,1960,1382
1735,326.0,feeder,0.945736825466156,775,989,1960,1382
1736,326.0,feeder,0.9456063508987427,775,989,1960,1382
1737,326.0,feeder,0.9453880786895752,775,989,1960,1382
1738,326.0,feeder,0.9453722238540649,775,989,1960,1382
1739,326.0,feeder,0.9457479119300842,775,989,1960,1381
1740,326.0,feeder,0.945665180683136,775,989,1960,1381
1741,326.0,feeder,0.9452047348022461,776,988,1960,1381
1742,326.0,feeder,0.9450422525405884,776,988,1960,1381
1743,326.0,feeder,0.9454944133758545,776,988,1960,1381
1744,326.0,feeder,0.9455704092979431,776,988,1960,1381
1745,326.0,feeder,0.9453563094139099,776,988,1960,1381
1746,326.0,feeder,0.9450172185897827,776,988,1960,1381
1747,326.0,feeder,0.9448891878128052,776,988,1960,1381
1748,326.0,feeder,0.9453040361404419,776,988,1960,1381
1749,326.0,feeder,0.9451016783714294,776,988,1960,1381
1750,326.0,feeder,0.9453381299972534,776,988,1960,1381
1751,326.0,feeder,0.9453253149986267,776,988,1960,1381
1752,326.0,feeder,0.945166289806366,776,988,1960,1381
1753,326.0,feeder,0.9451289176940918,776,988,1960,1381
1754,326.0,feeder,0.9449967741966248,776,988,1960,1381
1755,326.0,feeder,0.9451945424079895,776,988,1960,1381
1756,326.0,feeder,0.9450157284736633,776,988,1960,1381
1757,326.0,feeder,0.9445831775665283,776,988,1960,1381
1758,326.0,feeder,0.9446868896484375,776,988,1960,1381
1759,326.0,feeder,0.9445286989212036,776,988,1960,1381
1760,326.0,feeder,0.9449208974838257,776,988,1960,1381
1761,326.0,feeder,0.9446295499801636,776,988,1960,1381
1762,326.0,feeder,0.9447968006134033,776,988,1960,1381
1763,326.0,feeder,0.945389449596405,776,988,1960,1381
1764,326.0,feeder,0.9452590942382812,776,988,1960,1381
1765,326.0,feeder,0.9449730515480042,776,988,1960,1381
1766,326.0,feeder,0.9447648525238037,776,988,1960,1381
1767,326.0,feeder,0.9449211955070496,776,988,1960,1381
1768,326.0,feeder,0.9454335570335388,776,988,1960,1381
1769,326.0,feeder,0.9453622698783875,776,988,1960,1381
1770,326.0,feeder,0.9449489116668701,776,988,1960,1381
1771,326.0,feeder,0.944525420665741,776,988,1960,1381
1772,326.0,feeder,0.9447582960128784,776,988,1960,1381
1773,326.0,feeder,0.9448201060295105,776,988,1960,1381
1774,326.0,feeder,0.944743812084198,776,989,1960,1381
1775,326.0,feeder,0.9450297951698303,776,988,1960,1381
1776,326.0,feeder,0.9444321393966675,776,988,1960,1381
1777,326.0,feeder,0.9443876147270203,776,988,1960,1381
1778,326.0,feeder,0.9445726275444031,775,988,1960,1381
1779,326.0,feeder,0.9445754289627075,775,988,1960,1381
1780,326.0,feeder,0.9444584250450134,775,988,1960,1381
1781,326.0,feeder,0.9445558190345764,775,988,1960,1381
1782,326.0,feeder,0.9446821212768555,775,988,1960,1381
1783,326.0,feeder,0.9445534944534302,776,988,1960,1381
1784,326.0,feeder,0.9443284273147583,776,988,1960,1381
1785,326.0,feeder,0.9445309638977051,776,988,1960,1381
1786,326.0,feeder,0.9446695446968079,775,988,1960,1381
1787,326.0,feeder,0.9447436928749084,775,989,1960,1381
1788,326.0,feeder,0.9448069930076599,775,988,1960,1381
1789,326.0,feeder,0.9447730779647827,775,988,1960,1381
1790,326.0,feeder,0.944585919380188,775,988,1960,1381
1791,326.0,feeder,0.9451227188110352,775,988,1960,1381
1792,326.0,feeder,0.9450992345809937,775,988,1960,1381
1793,326.0,feeder,0.945559024810791,775,988,1960,1381
1794,326.0,feeder,0.9455409049987793,775,988,1960,1381
1795,326.0,feeder,0.9456742405891418,775,988,1960,1381
1796,326.0,feeder,0.9456030130386353,775,988,1960,1381
1797,326.0,feeder,0.9453194737434387,775,988,1960,1381
1798,326.0,feeder,0.9454067349433899,776,988,1960,1381
1799,326.0,feeder,0.9453670978546143,776,988,1960,1381
1800,326.0,feeder,0.9453245997428894,776,988,1960,1381
1801,326.0,feeder,0.9446797370910645,776,988,1960,1381
1802,326.0,feeder,0.9450486302375793,776,988,1960,1381
1803,326.0,feeder,0.944819986820221,775,988,1960,1381
1804,326.0,feeder,0.9447171092033386,775,988,1960,1381
1805,326.0,feeder,0.9449278116226196,775,988,1960,1381
1806,326.0,feeder,0.9450185298919678,775,988,1960,1381
1807,326.0,feeder,0.9450830221176147,776,988,1960,1381
1808,326.0,feeder,0.9448705315589905,776,988,1960,1381
1809,326.0,feeder,0.9445275664329529,776,988,1960,1381
1810,326.0,feeder,0.9447383880615234,776,988,1960,1381
1811,326.0,feeder,0.9446669220924377,776,988,1960,1381
1812,326.0,feeder,0.9444147348403931,776,988,1960,1381
1813,326.0,feeder,0.9444185495376587,776,988,1960,1381
1814,326.0,feeder,0.9443802833557129,776,988,1960,1381
1815,326.0,feeder,0.9444918036460876,776,988,1960,1381
1816,326.0,feeder,0.944827675819397,776,988,1960,1381
1817,326.0,feeder,0.9449366331100464,776,988,1960,1381
1818,326.0,feeder,0.9451183676719666,776,988,1960,1381
1819,326.0,feeder,0.9449495077133179,776,988,1960,1381
1820,326.0,feeder,0.9448447823524475,776,988,1960,1381
1821,326.0,feeder,0.9448374509811401,776,988,1960,1381
1822,326.0,feeder,0.9446352124214172,776,988,1960,1381
1823,326.0,feeder,0.9447683691978455,776,988,1960,1381
1824,326.0,feeder,0.9447526335716248,776,988,1960,1381
1825,326.0,feeder,0.9445106387138367,776,988,1960,1381
1826,326.0,feeder,0.9446471929550171,776,988,1960,1381
1827,326.0,feeder,0.9445120096206665,776,988,1960,1381
1828,326.0,feeder,0.9443466663360596,776,988,1960,1381
1829,326.0,feeder,0.9441823363304138,776,988,1960,1381
1830,326.0,feeder,0.9440159797668457,776,988,1960,1381
1831,326.0,feeder,0.9439472556114197,776,988,1960,1381
1832,326.0,feeder,0.9441394209861755,776,988,1960,1381
1833,326.0,feeder,0.9444981217384338,776,988,1960,1381
1834,326.0,feeder,0.9446414709091187,776,988,1960,1381
1835,326.0,feeder,0.9445004463195801,776,988,1960,1382
1836,326.0,feeder,0.9440869092941284,776,988,1960,1381
1837,326.0,feeder,0.944215714931488,776,988,1960,1382
1838,326.0,feeder,0.9442844986915588,776,988,1960,1381
1839,326.0,feeder,0.9445043802261353,776,988,1960,1381
1840,326.0,feeder,0.9440602660179138,776,988,1960,1381
1841,326.0,feeder,0.9441574811935425,776,988,1960,1381
1842,326.0,feeder,0.9438768029212952,776,989,1960,1381
1843,326.0,feeder,0.9442322850227356,776,989,1960,1381
1844,326.0,feeder,0.9439411759376526,776,988,1960,1381
1845,326.0,feeder,0.944123387336731,776,988,1960,1381
1846,326.0,feeder,0.9434307813644409,776,988,1960,1382
1847,326.0,feeder,0.9438876509666443,776,989,1960,1382
1848,326.0,feeder,0.9440287351608276,776,989,1960,1382
1849,326.0,feeder,0.9442998170852661,776,989,1960,1382
1850,326.0,feeder,0.943738579750061,776,989,1960,1382
1851,326.0,feeder,0.9441198706626892,775,989,1960,1382
1852,326.0,feeder,0.9441817402839661,775,988,1960,1382
1853,326.0,feeder,0.9439710378646851,775,988,1960,1382
1854,326.0,feeder,0.9436540603637695,775,988,1960,1382
1855,326.0,feeder,0.944074809551239,775,989,1960,1382
1856,326.0,feeder,0.9438682198524475,775,989,1960,1382
1857,326.0,feeder,0.9436652064323425,776,989,1960,1382
1858,326.0,feeder,0.9440585970878601,776,988,1960,1382
1859,326.0,feeder,0.9442527294158936,776,988,1960,1381
1860,326.0,feeder,0.9441889524459839,776,988,1960,1381
1861,326.0,feeder,0.9442327618598938,776,988,1960,1381
1862,326.0,feeder,0.9437835812568665,776,988,1960,1381
1863,326.0,feeder,0.9441563487052917,776,988,1960,1381
1864,326.0,feeder,0.9439926147460938,776,988,1960,1381
1865,326.0,feeder,0.9439908862113953,776,988,1960,1381
1866,326.0,feeder,0.9440428614616394,776,988,1960,1381
1867,326.0,feeder,0.9444310069084167,776,988,1960,1381
1868,326.0,feeder,0.944398045539856,776,988,1960,1381
1869,326.0,feeder,0.9444502592086792,776,988,1960,1381
1870,326.0,feeder,0.9445476531982422,776,988,1960,1381
1871,326.0,feeder,0.9443752765655518,776,988,1960,1381
1872,326.0,feeder,0.9441370964050293,776,988,1960,1381
1873,326.0,feeder,0.944229781627655,776,988,1960,1381
1874,326.0,feeder,0.9444689750671387,776,988,1960,1381
1875,326.0,feeder,0.9445621967315674,776,988,1960,1381
1876,326.0,feeder,0.9444178938865662,776,988,1960,1381
1877,326.0,feeder,0.9439101815223694,776,988,1960,1381
1878,326.0,feeder,0.9443257451057434,776,988,1960,1381
1879,326.0,feeder,0.9441139101982117,776,988,1960,1381
1880,326.0,feeder,0.9440760016441345,776,988,1960,1381
1881,326.0,feeder,0.9440848231315613,776,988,1960,1381
1882,326.0,feeder,0.9444689750671387,776,988,1960,1381
1883,326.0,feeder,0.9444693922996521,776,988,1960,1381
1884,326.0,feeder,0.944537341594696,776,988,1960,1381
1885,326.0,feeder,0.9447641372680664,776,988,1960,1381
1886,326.0,feeder,0.944872260093689,776,989,1960,1381
1887,326.0,feeder,0.9445831775665283,776,988,1960,1381
1888,326.0,feeder,0.9445761442184448,776,988,1960,1381
1889,326.0,feeder,0.9448489546775818,776,988,1960,1381
1890,326.0,feeder,0.9448065161705017,776,988,1960,1381
1891,326.0,feeder,0.9448978900909424,775,988,1960,1381
1892,326.0,feeder,0.9448245763778687,775,988,1960,1381
1893,326.0,feeder,0.9446331858634949,775,988,1960,1381
1894,326.0,feeder,0.9447073340415955,775,988,1960,1381
1895,326.0,feeder,0.9446017742156982,775,988,1960,1381
1896,326.0,feeder,0.9446540474891663,775,988,1960,1381
1897,326.0,feeder,0.9447005391120911,775,988,1960,1381
1898,326.0,feeder,0.9447119832038879,775,988,1960,1381
1899,326.0,feeder,0.9444016218185425,775,988,1960,1381
1900,326.0,feeder,0.9443211555480957,775,988,1960,1381
1901,326.0,feeder,0.9443627595901489,775,988,1960,1381
1902,326.0,feeder,0.9444015622138977,775,988,1960,1381
1903,326.0,feeder,0.9445366859436035,775,988,1960,1381
1904,326.0,feeder,0.9446528553962708,775,988,1960,1381
1905,326.0,feeder,0.9447012543678284,775,988,1960,1381
1906,326.0,feeder,0.9444528222084045,776,988,1960,1381
1907,326.0,feeder,0.9447062611579895,776,988,1960,1381
1908,326.0,feeder,0.9448649883270264,776,988,1960,1381
1909,326.0,feeder,0.9449232220649719,776,988,1960,1381
1910,326.0,feeder,0.9449340105056763,776,988,1960,1381
1911,326.0,feeder,0.9448078870773315,776,988,1960,1381
1912,326.0,feeder,0.944712221622467,776,988,1960,1381
1913,326.0,feeder,0.9443536996841431,776,988,1960,1381
1914,326.0,feeder,0.9445978403091431,776,988,1960,1381
1915,326.0,feeder,0.9447049498558044,776,988,1960,1381
1916,326.0,feeder,0.944355845451355,776,988,1960,1381
1917,326.0,feeder,0.9445221424102783,776,988,1960,1381
1918,326.0,feeder,0.9443029761314392,776,988,1960,1381
1919,326.0,feeder,0.9446673393249512,776,988,1960,1381
1920,326.0,feeder,0.9449416399002075,776,988,1960,1381
1921,326.0,feeder,0.9451635479927063,776,988,1960,1381
1922,326.0,feeder,0.9450749158859253,776,988,1960,1381
1923,326.0,feeder,0.9450002908706665,776,988,1960,1381
1924,326.0,feeder,0.9448719620704651,776,988,1960,1381
1925,326.0,feeder,0.9448884129524231,776,988,1960,1381
1926,326.0,feeder,0.9449085593223572,776,988,1960,1381
1927,326.0,feeder,0.9449829459190369,776,988,1960,1381
1928,326.0,feeder,0.9448481202125549,776,988,1960,1381
1929,326.0,feeder,0.9447823166847229,776,988,1960,1381
1930,326.0,feeder,0.945132315158844,776,988,1960,1381
1931,326.0,feeder,0.9450516104698181,776,988,1960,1381
1932,326.0,feeder,0.9449062943458557,776,988,1960,1381
1933,326.0,feeder,0.9447593688964844,776,988,1960,1381
1934,326.0,feeder,0.9444488883018494,776,988,1960,1381
1935,326.0,feeder,0.9448123574256897,776,988,1960,1381
1936,326.0,feeder,0.9448175430297852,776,988,1960,1381
1937,326.0,feeder,0.9452863335609436,776,989,1960,1381
1938,326.0,feeder,0.945180356502533,776,989,1960,1381
1939,326.0,feeder,0.9453315138816833,776,989,1960,1381
1940,326.0,feeder,0.9451282620429993,776,989,1960,1381
1941,326.0,feeder,0.944896936416626,776,989,1960,1381
1942,326.0,feeder,0.9451473355293274,776,989,1960,1381
1943,326.0,feeder,0.9451581239700317,776,989,1960,1381
1944,326.0,feeder,0.9448950290679932,776,989,1960,1381
1945,326.0,feeder,0.9450727105140686,776,989,1960,1381
1946,326.0,feeder,0.9449714422225952,776,988,1960,1381
1947,326.0,feeder,0.945041835308075,776,988,1960,1381
1948,326.0,feeder,0.9448897242546082,775,989,1960,1381
1949,326.0,feeder,0.9448375701904297,775,989,1960,1381
1950,326.0,feeder,0.9452080726623535,776,989,1960,1381
1951,326.0,feeder,0.9446683526039124,776,988,1960,1381
1952,326.0,feeder,0.9444065690040588,776,988,1960,1381
1953,326.0,feeder,0.9438397288322449,775,988,1960,1381
1954,326.0,feeder,0.9440320134162903,775,988,1960,1381
1955,326.0,feeder,0.9443621039390564,775,988,1960,1381
1956,326.0,feeder,0.9444668292999268,775,988,1960,1381
1957,326.0,feeder,0.9446086883544922,775,988,1960,1381
1958,326.0,feeder,0.944711446762085,775,988,1960,1381
1959,326.0,feeder,0.9450523853302002,775,988,1960,1381
1960,326.0,feeder,0.9451765418052673,775,988,1960,1381
1961,326.0,feeder,0.944837212562561,775,988,1960,1381
1962,326.0,feeder,0.9448925852775574,775,988,1960,1381
1963,326.0,feeder,0.9450918436050415,775,988,1960,1381
1964,326.0,feeder,0.9447426199913025,775,988,1960,1381
1965,326.0,feeder,0.9450158476829529,775,988,1960,1381
1966,326.0,feeder,0.9443674087524414,776,988,1960,1381
1967,326.0,feeder,0.9441779255867004,776,988,1960,1382
1968,326.0,feeder,0.9443864226341248,776,988,1960,1382
1969,326.0,feeder,0.9448803663253784,776,989,1960,1382
1970,326.0,feeder,0.9448246955871582,776,989,1960,1382
1971,326.0,feeder,0.9449615478515625,775,989,1960,1382
1972,326.0,feeder,0.9449598789215088,776,988,1960,1381
1973,326.0,feeder,0.9446572065353394,776,988,1960,1381
1974,326.0,feeder,0.9449365139007568,776,988,1960,1381
1975,326.0,feeder,0.9449281096458435,776,988,1960,1382
1976,326.0,feeder,0.9450806975364685,775,988,1960,1381
1977,326.0,feeder,0.9446406960487366,776,988,1960,1381
1978,326.0,feeder,0.9447181820869446,776,988,1960,1381
1979,326.0,feeder,0.9448730945587158,776,988,1960,1381
1980,326.0,feeder,0.9445939064025879,776,988,1960,1381
1981,326.0,feeder,0.9445045590400696,775,988,1960,1381
1982,326.0,feeder,0.9447628855705261,775,988,1960,1382
1983,326.0,feeder,0.9445250034332275,775,989,1960,1382
1984,326.0,feeder,0.944544792175293,775,989,1960,1382
1985,326.0,feeder,0.9446993470191956,775,989,1960,1382
1986,326.0,feeder,0.9446957111358643,775,989,1960,1382
1987,326.0,feeder,0.9443575143814087,775,989,1960,1382
1988,326.0,feeder,0.9443315863609314,775,989,1960,1381
1989,326.0,feeder,0.9445822238922119,775,989,1960,1381
1990,326.0,feeder,0.9449746608734131,775,989,1960,1381
1991,326.0,feeder,0.9452285766601562,775,989,1960,1381
1992,326.0,feeder,0.9451314806938171,775,989,1960,1381
1993,326.0,feeder,0.9450153112411499,775,989,1960,1381
1994,326.0,feeder,0.9449792504310608,775,989,1960,1381
1995,326.0,feeder,0.944889485836029,775,989,1960,1381
1996,326.0,feeder,0.945105791091919,775,988,1960,1381
1997,326.0,feeder,0.9454535245895386,775,988,1960,1381
1998,326.0,feeder,0.945074200630188,775,988,1960,1381
1999,326.0,feeder,0.9450777173042297,775,988,1960,1381
2000,326.0,feeder,0.9452952742576599,775,988,1960,1381
2001,326.0,feeder,0.9453433156013489,775,989,1960,1381
2002,326.0,feeder,0.9455255270004272,775,989,1960,1381
2003,326.0,feeder,0.9453140497207642,775,989,1960,1381
2004,326.0,feeder,0.9450086355209351,775,989,1960,1381
2005,326.0,feeder,0.9447135925292969,775,989,1960,1381
2006,326.0,feeder,0.944732129573822,775,989,1960,1381
2007,326.0,feeder,0.9447228312492371,775,989,1960,1381
2008,326.0,feeder,0.9445942640304565,775,989,1960,1381
2009,326.0,feeder,0.9447869062423706,775,989,1960,1381
2010,326.0,feeder,0.9446253180503845,775,989,1960,1381
2011,326.0,feeder,0.9447177648544312,775,989,1960,1381
2012,326.0,feeder,0.9447768926620483,775,988,1960,1381
2013,326.0,feeder,0.9448273181915283,775,988,1959,1381
2014,326.0,feeder,0.9445170164108276,775,989,1959,1381
2015,326.0,feeder,0.9443525075912476,775,989,1959,1381
2016,326.0,feeder,0.9443245530128479,775,989,1959,1381
2017,326.0,feeder,0.9449141621589661,775,989,1959,1381
2018,326.0,feeder,0.9450949430465698,775,989,1959,1381
2019,326.0,feeder,0.9449260830879211,775,989,1959,1381
2020,326.0,feeder,0.9447841644287109,775,988,1959,1381
2021,326.0,feeder,0.9449906945228577,775,988,1959,1381
2022,326.0,feeder,0.9449930787086487,776,988,1959,1381
2023,326.0,feeder,0.9448202252388,776,988,1959,1381
2024,326.0,feeder,0.9445734024047852,776,988,1959,1381
2025,326.0,feeder,0.944916844367981,776,989,1959,1381
2026,326.0,feeder,0.9448094367980957,776,989,1960,1381
2027,326.0,feeder,0.9451309442520142,776,989,1960,1381
2028,326.0,feeder,0.9452916383743286,776,989,1960,1381
2029,326.0,feeder,0.9452569484710693,776,989,1960,1381
2030,326.0,feeder,0.9452785849571228,776,989,1960,1381
2031,326.0,feeder,0.9453622698783875,775,989,1960,1381
2032,326.0,feeder,0.9455229640007019,775,989,1960,1381
2033,326.0,feeder,0.9451072216033936,776,988,1960,1381
2034,326.0,feeder,0.9453132748603821,776,988,1960,1381
2035,326.0,feeder,0.9456063508987427,776,988,1960,1381
2036,326.0,feeder,0.9456357359886169,776,988,1960,1381
2037,326.0,feeder,0.9454984664916992,776,988,1960,1381
2038,326.0,feeder,0.9452720880508423,776,988,1960,1381
2039,326.0,feeder,0.945280909538269,776,988,1960,1381
2040,326.0,feeder,0.9450792074203491,776,988,1960,1381
2041,326.0,feeder,0.9442620873451233,776,989,1960,1381
2042,326.0,feeder,0.9441884160041809,776,989,1960,1381
2043,326.0,feeder,0.9441577196121216,776,989,1960,1381
2044,326.0,feeder,0.9443881511688232,776,989,1960,1382
2045,326.0,feeder,0.9442645311355591,776,989,1960,1381
2046,326.0,feeder,0.9444572329521179,776,989,1960,1381
2047,326.0,feeder,0.9442650675773621,776,989,1960,1381
2048,326.0,feeder,0.9442445039749146,776,989,1960,1381
2049,326.0,feeder,0.9447828531265259,776,989,1960,1381
2050,326.0,feeder,0.944462776184082,776,989,1960,1381
2051,326.0,feeder,0.9446617960929871,776,989,1960,1381
2052,326.0,feeder,0.9447988271713257,775,989,1960,1381
2053,326.0,feeder,0.9445995688438416,776,989,1960,1381
2054,326.0,feeder,0.944612443447113,776,989,1960,1381
2055,326.0,feeder,0.9446002840995789,776,989,1960,1381
2056,326.0,feeder,0.9446813464164734,775,989,1960,1381
2057,326.0,feeder,0.9444296360015869,775,989,1960,1381
2058,326.0,feeder,0.9445009827613831,775,989,1960,1381
2059,326.0,feeder,0.9448744654655457,775,989,1960,1382
2060,326.0,feeder,0.944654643535614,775,989,1960,1381
2061,326.0,feeder,0.9448803663253784,775,989,1960,1381
2062,326.0,feeder,0.9450979232788086,775,989,1960,1381
2063,326.0,feeder,0.944877028465271,775,989,1960,1381
2064,326.0,feeder,0.9452161192893982,775,989,1960,1381
2065,326.0,feeder,0.9451098442077637,775,989,1960,1381
2066,326.0,feeder,0.9451408386230469,775,989,1960,1381
2067,326.0,feeder,0.9451230764389038,775,989,1960,1381
2068,326.0,feeder,0.9448450207710266,775,989,1960,1381
2069,326.0,feeder,0.9448965191841125,775,988,1960,1381
2070,326.0,feeder,0.9449872970581055,775,988,1960,1381
2071,326.0,feeder,0.9450287222862244,775,988,1960,1381
2072,326.0,feeder,0.9453116059303284,775,988,1960,1381
2073,326.0,feeder,0.9455716609954834,776,988,1960,1381
2074,326.0,feeder,0.9453585743904114,775,988,1960,1381
2075,326.0,feeder,0.945499837398529,775,988,1960,1381
2076,326.0,feeder,0.9457287192344666,775,988,1960,1381
2077,326.0,feeder,0.9454748034477234,775,988,1960,1381
2078,326.0,feeder,0.9453469514846802,775,988,1960,1381
2079,326.0,feeder,0.9454068541526794,775,988,1960,1381
2080,326.0,feeder,0.9450491666793823,775,988,1960,1381
2081,326.0,feeder,0.9448341727256775,775,988,1960,1381
2082,326.0,feeder,0.9449869990348816,775,988,1960,1381
2083,326.0,feeder,0.9450704455375671,775,988,1960,1381
2084,326.0,feeder,0.9451013207435608,775,988,1960,1381
2085,326.0,feeder,0.9447709321975708,775,988,1960,1381
2086,326.0,feeder,0.9435744285583496,776,988,1960,1381
2087,326.0,feeder,0.9442652463912964,775,988,1960,1381
2088,326.0,feeder,0.9440023899078369,775,988,1960,1382
2089,326.0,feeder,0.9441593885421753,775,988,1960,1382
2090,326.0,feeder,0.9441216588020325,776,988,1960,1382
2091,326.0,feeder,0.9440574049949646,776,988,1960,1381
2092,326.0,feeder,0.9436342120170593,776,988,1960,1381
2093,326.0,feeder,0.9437093734741211,776,988,1960,1381
2094,326.0,feeder,0.9439385533332825,776,988,1960,1381
2095,326.0,feeder,0.9440937638282776,776,988,1960,1381
2096,326.0,feeder,0.9441199898719788,776,988,1960,1381
2097,326.0,feeder,0.943794310092926,776,988,1960,1381
2098,326.0,feeder,0.9438195824623108,776,988,1960,1381
2099,326.0,feeder,0.9438380599021912,776,988,1960,1381
2100,326.0,feeder,0.944169819355011,776,988,1960,1381
2101,326.0,feeder,0.9449317455291748,776,988,1960,1381
2102,326.0,feeder,0.9449790120124817,776,988,1960,1381
2103,326.0,feeder,0.9447832107543945,776,988,1960,1381
2104,326.0,feeder,0.9449806213378906,776,988,1960,1382
2105,326.0,feeder,0.9447488188743591,775,989,1960,1382
2106,326.0,feeder,0.9449265599250793,775,989,1960,1382
2107,326.0,feeder,0.9451056122779846,775,989,1960,1382
2108,326.0,feeder,0.9448720216751099,775,988,1960,1382
2109,326.0,feeder,0.9445076584815979,775,989,1960,1382
2110,326.0,feeder,0.9444231390953064,775,989,1960,1382
2111,326.0,feeder,0.9441847205162048,775,989,1960,1382
2112,326.0,feeder,0.9444334506988525,775,989,1960,1382
2113,326.0,feeder,0.94417405128479,775,989,1960,1382
2114,326.0,feeder,0.9442044496536255,775,989,1960,1382
2115,326.0,feeder,0.9444840550422668,775,989,1960,1382
2116,326.0,feeder,0.9442751407623291,775,988,1960,1382
2117,326.0,feeder,0.9446162581443787,776,988,1960,1382
2118,326.0,feeder,0.9445465803146362,776,989,1960,1382
2119,326.0,feeder,0.9445018172264099,776,988,1960,1382
2120,326.0,feeder,0.9446952939033508,776,988,1960,1382
2121,326.0,feeder,0.9447613954544067,775,988,1960,1382
2122,326.0,feeder,0.9445900917053223,776,988,1960,1381
2123,326.0,feeder,0.9446529746055603,776,989,1960,1381
2124,326.0,feeder,0.9447026252746582,776,989,1960,1381
2125,326.0,feeder,0.944438636302948,776,989,1960,1381
2126,326.0,feeder,0.9448848366737366,776,989,1960,1381
2127,326.0,feeder,0.9448356628417969,776,989,1960,1381
2128,326.0,feeder,0.9446574449539185,775,988,1960,1381
2129,326.0,feeder,0.9444905519485474,776,988,1960,1381
2130,326.0,feeder,0.9445606470108032,776,988,1960,1381
2131,326.0,feeder,0.9440545439720154,776,988,1960,1381
2132,326.0,feeder,0.9444634318351746,776,988,1960,1381
2133,326.0,feeder,0.9445712566375732,776,988,1960,1381
2134,326.0,feeder,0.9444800019264221,776,988,1960,1381
2135,326.0,feeder,0.9446228742599487,776,988,1960,1381
2136,326.0,feeder,0.9445540308952332,776,988,1960,1381
2137,326.0,feeder,0.9446120858192444,776,988,1960,1381
2138,326.0,feeder,0.9445990324020386,776,988,1960,1381
2139,326.0,feeder,0.9446179866790771,776,988,1960,1381
2140,326.0,feeder,0.9446955919265747,776,988,1960,1381
2141,326.0,feeder,0.9445680975914001,776,989,1960,1381
2142,326.0,feeder,0.9446810483932495,776,989,1960,1381
2143,326.0,feeder,0.9445297718048096,776,989,1960,1381
2144,326.0,feeder,0.9443590044975281,776,988,1960,1381
2145,326.0,feeder,0.9446148872375488,776,988,1960,1381
2146,326.0,feeder,0.944963276386261,776,988,1959,1381
2147,326.0,feeder,0.9448618292808533,776,989,1959,1382
2148,326.0,feeder,0.9450920820236206,776,988,1959,1381
2149,326.0,feeder,0.9452891945838928,776,989,1959,1381
2150,326.0,feeder,0.9451770782470703,776,989,1959,1381
2151,326.0,feeder,0.9452223181724548,776,989,1959,1381
2152,326.0,feeder,0.9452322125434875,776,989,1959,1381
2153,326.0,feeder,0.9451946020126343,776,989,1959,1381
2154,326.0,feeder,0.9452499151229858,776,989,1959,1381
2155,326.0,feeder,0.9450470209121704,776,989,1959,1381
2156,326.0,feeder,0.9451948404312134,776,989,1959,1381
2157,326.0,feeder,0.945321798324585,776,989,1959,1381
2158,326.0,feeder,0.9452065825462341,776,988,1959,1381
2159,326.0,feeder,0.9453550577163696,776,988,1959,1381
2160,326.0,feeder,0.945245623588562,776,988,1959,1381
2161,326.0,feeder,0.944263219833374,776,988,1960,1381
2162,326.0,feeder,0.9446417093276978,776,988,1960,1381
2163,326.0,feeder,0.9449192881584167,776,988,1960,1381
2164,326.0,feeder,0.9451477527618408,776,988,1960,1381
2165,326.0,feeder,0.9452760219573975,776,988,1960,1381
2166,326.0,feeder,0.9452893137931824,776,988,1960,1381
2167,326.0,feeder,0.9452108144760132,776,988,1960,1381
2168,326.0,feeder,0.9450972080230713,776,989,1960,1381
2169,326.0,feeder,0.9451227188110352,776,989,1960,1381
2170,326.0,feeder,0.9453092217445374,776,989,1960,1381
2171,326.0,feeder,0.9450737833976746,776,989,1960,1381
2172,326.0,feeder,0.9445784687995911,776,989,1960,1381
2173,326.0,feeder,0.9445400834083557,776,988,1960,1381
2174,326.0,feeder,0.9446545243263245,776,988,1960,1381
2175,326.0,feeder,0.9446672201156616,776,989,1960,1381
2176,326.0,feeder,0.9439824223518372,776,988,1960,1381
2177,326.0,feeder,0.94395512342453,775,989,1960,1381
2178,326.0,feeder,0.9436248540878296,775,989,1960,1382
2179,326.0,feeder,0.9433576464653015,775,989,1960,1382
2180,326.0,feeder,0.9438421130180359,775,988,1960,1382
2181,326.0,feeder,0.943838357925415,775,989,1960,1382
2182,326.0,feeder,0.9441278576850891,775,989,1960,1382
2183,326.0,feeder,0.944304883480072,775,989,1960,1382
2184,326.0,feeder,0.9446963667869568,775,988,1960,1382
2185,326.0,feeder,0.9442805647850037,775,989,1960,1381
2186,326.0,feeder,0.9443337321281433,775,989,1960,1381
2187,326.0,feeder,0.9442713260650635,775,989,1960,1381
2188,326.0,feeder,0.9443953633308411,775,989,1960,1381
2189,326.0,feeder,0.9446306228637695,775,989,1960,1381
2190,326.0,feeder,0.9442905783653259,775,989,1960,1381
2191,326.0,feeder,0.9437186121940613,775,989,1960,1381
2192,326.0,feeder,0.9442018270492554,775,989,1960,1381
2193,326.0,feeder,0.944524884223938,775,988,1960,1381
2194,326.0,feeder,0.9443917870521545,776,989,1960,1381
2195,326.0,feeder,0.9446253180503845,776,989,1960,1381
2196,326.0,feeder,0.9447145462036133,776,989,1960,1381
2197,326.0,feeder,0.9447165727615356,776,989,1960,1381
2198,326.0,feeder,0.9448359608650208,776,989,1960,1381
2199,326.0,feeder,0.9448867440223694,776,989,1960,1381
2200,326.0,feeder,0.9446779489517212,776,989,1960,1381
2201,326.0,feeder,0.9445477724075317,776,989,1960,1381
2202,326.0,feeder,0.9445172548294067,776,989,1960,1381
2203,326.0,feeder,0.9448211789131165,776,989,1960,1381
2204,326.0,feeder,0.9446961283683777,776,989,1960,1381
2205,326.0,feeder,0.9445691108703613,776,989,1960,1381
2206,326.0,feeder,0.9444792866706848,776,989,1960,1381
2207,326.0,feeder,0.9447256326675415,776,989,1960,1381
2208,326.0,feeder,0.9446688890457153,776,988,1960,1381
2209,326.0,feeder,0.9443041682243347,776,988,1960,1381
2210,326.0,feeder,0.9440782070159912,776,988,1960,1381
2211,326.0,feeder,0.9441470503807068,776,988,1960,1381
2212,326.0,feeder,0.9441918134689331,776,988,1960,1381
2213,326.0,feeder,0.9441614151000977,776,988,1960,1381
2214,326.0,feeder,0.9442041516304016,776,988,1960,1381
2215,326.0,feeder,0.944195032119751,776,988,1960,1381
2216,326.0,feeder,0.9441235065460205,776,988,1960,1381
2217,326.0,feeder,0.9442263841629028,776,988,1960,1381
2218,326.0,feeder,0.9442855715751648,776,988,1960,1381
2219,326.0,feeder,0.9445031881332397,776,988,1960,1381
2220,326.0,feeder,0.944282591342926,776,988,1960,1381
2221,326.0,feeder,0.9446521997451782,775,988,1960,1381
2222,326.0,feeder,0.9447057247161865,775,988,1960,1381
2223,326.0,feeder,0.9448170065879822,775,988,1960,1381
2224,326.0,feeder,0.9450437426567078,775,988,1960,1381
2225,326.0,feeder,0.9449925422668457,775,988,1960,1381
2226,326.0,feeder,0.9451472163200378,775,988,1960,1381
2227,326.0,feeder,0.945275604724884,775,988,1960,1381
2228,326.0,feeder,0.9452365040779114,775,988,1960,1381
2229,326.0,feeder,0.9451601505279541,775,988,1960,1381
2230,326.0,feeder,0.9450504779815674,775,988,1960,1381
2231,326.0,feeder,0.9451010227203369,775,988,1960,1381
2232,326.0,feeder,0.9449593424797058,775,988,1960,1381
2233,326.0,feeder,0.9448661804199219,775,988,1960,1381
2234,326.0,feeder,0.9449470639228821,775,988,1960,1381
2235,326.0,feeder,0.944863498210907,775,988,1960,1381
2236,326.0,feeder,0.9446206092834473,775,988,1960,1381
2237,326.0,feeder,0.944517970085144,775,988,1960,1381
2238,326.0,feeder,0.9446604251861572,775,988,1960,1381
2239,326.0,feeder,0.9445781707763672,775,988,1960,1381
2240,326.0,feeder,0.9445750117301941,776,988,1960,1381
2241,326.0,feeder,0.944673478603363,776,988,1960,1381
2242,326.0,feeder,0.9444252848625183,776,988,1960,1381
2243,326.0,feeder,0.9444472789764404,776,988,1960,1381
2244,326.0,feeder,0.9448843002319336,776,988,1960,1381
2245,326.0,feeder,0.9449836015701294,776,988,1960,1381
2246,326.0,feeder,0.9451174139976501,775,988,1960,1381
2247,326.0,feeder,0.9451608657836914,775,988,1960,1381
2248,326.0,feeder,0.9452243447303772,775,988,1960,1381
2249,326.0,feeder,0.9449464678764343,775,988,1960,1381
2250,326.0,feeder,0.9448273181915283,775,988,1960,1381
2251,326.0,feeder,0.9439899325370789,776,988,1960,1381
2252,326.0,feeder,0.9440364837646484,775,988,1960,1381
2253,326.0,feeder,0.9441011548042297,776,988,1960,1381
2254,326.0,feeder,0.9439798593521118,776,988,1960,1381
2255,326.0,feeder,0.943790078163147,776,988,1960,1381
2256,326.0,feeder,0.9439823031425476,776,988,1960,1381
2257,326.0,feeder,0.9442705512046814,776,988,1960,1381
2258,326.0,feeder,0.9447336792945862,775,989,1960,1381
2259,326.0,feeder,0.9446547627449036,775,989,1960,1381
2260,326.0,feeder,0.9448973536491394,775,989,1960,1381
2261,326.0,feeder,0.944629430770874,775,988,1960,1381
2262,326.0,feeder,0.9449400305747986,775,988,1960,1381
2263,326.0,feeder,0.944851815700531,775,988,1960,1381
2264,326.0,feeder,0.9447607398033142,775,988,1960,1381
2265,326.0,feeder,0.9448481202125549,775,988,1960,1381
2266,326.0,feeder,0.9443869590759277,775,988,1960,1381
2267,326.0,feeder,0.9445925354957581,775,988,1960,1381
2268,326.0,feeder,0.9447782039642334,775,988,1960,1381
2269,326.0,feeder,0.9446637034416199,775,988,1960,1381
2270,326.0,feeder,0.9450227618217468,775,988,1960,1381
2271,326.0,feeder,0.9448357224464417,775,988,1960,1381
2272,326.0,feeder,0.9447035789489746,775,988,1960,1381
2273,326.0,feeder,0.9446883797645569,775,988,1960,1381
2274,326.0,feeder,0.9447881579399109,775,988,1960,1381
2275,326.0,feeder,0.9446337819099426,775,988,1960,1381
2276,326.0,feeder,0.9442726969718933,775,988,1960,1381
2277,326.0,feeder,0.9442757964134216,775,988,1960,1381
2278,326.0,feeder,0.9445494413375854,775,988,1960,1381
2279,326.0,feeder,0.9448053240776062,775,988,1960,1381
2280,326.0,feeder,0.9447557330131531,775,988,1960,1381
2281,326.0,feeder,0.9444667100906372,775,988,1960,1381
2282,326.0,feeder,0.94416344165802,775,988,1960,1381
2283,326.0,feeder,0.9440685510635376,776,988,1960,1381
2284,326.0,feeder,0.9442951083183289,776,988,1960,1381
2285,326.0,feeder,0.944512128829956,776,988,1960,1381
2286,326.0,feeder,0.9440619945526123,776,988,1960,1381
2287,326.0,feeder,0.9442405104637146,776,988,1960,1381
2288,326.0,feeder,0.9445838928222656,775,988,1960,1381
2289,326.0,feeder,0.9446250796318054,776,988,1960,1381
2290,326.0,feeder,0.9448150992393494,776,988,1960,1381
2291,326.0,feeder,0.9446516633033752,775,988,1960,1381
2292,326.0,feeder,0.9445168375968933,776,988,1960,1381
2293,326.0,feeder,0.9443519115447998,776,988,1960,1381
2294,326.0,feeder,0.9442856907844543,775,988,1960,1381
2295,326.0,feeder,0.9445799589157104,775,988,1960,1381
2296,326.0,feeder,0.9449430108070374,775,988,1960,1381
2297,326.0,feeder,0.9447553157806396,775,988,1960,1381
2298,326.0,feeder,0.9446418881416321,776,988,1960,1381
2299,326.0,feeder,0.9446225166320801,776,988,1960,1381
2300,326.0,feeder,0.9444078207015991,776,988,1960,1381
2301,326.0,feeder,0.944694995880127,776,988,1960,1381
2302,326.0,feeder,0.9441770315170288,775,988,1960,1381
2303,326.0,feeder,0.9441069960594177,775,988,1960,1381
2304,326.0,feeder,0.9438804388046265,775,988,1960,1381
2305,326.0,feeder,0.9443150162696838,776,988,1960,1381
2306,326.0,feeder,0.9442060589790344,775,988,1960,1381
2307,326.0,feeder,0.9440478086471558,775,988,1960,1381
2308,326.0,feeder,0.9438685178756714,776,988,1960,1381
2309,326.0,feeder,0.9438122510910034,775,988,1960,1381
2310,326.0,feeder,0.9439012408256531,775,988,1960,1381
2311,326.0,feeder,0.9431560039520264,775,988,1960,1381
2312,326.0,feeder,0.9435416460037231,775,988,1960,1381
2313,326.0,feeder,0.9437702298164368,775,988,1960,1381
2314,326.0,feeder,0.9437955021858215,775,988,1960,1381
2315,326.0,feeder,0.9437813758850098,775,988,1960,1381
2316,326.0,feeder,0.9435275197029114,775,988,1960,1381
2317,326.0,feeder,0.9434899687767029,775,988,1960,1381
2318,326.0,feeder,0.9437459707260132,775,988,1960,1381
2319,326.0,feeder,0.94350665807724,775,989,1960,1382
2320,326.0,feeder,0.9438198804855347,775,989,1960,1382
2321,326.0,feeder,0.9438611268997192,775,989,1960,1381
2322,326.0,feeder,0.9438406229019165,775,989,1960,1381
2323,326.0,feeder,0.94425368309021,775,989,1960,1381
2324,326.0,feeder,0.9443915486335754,775,989,1960,1381
2325,326.0,feeder,0.9442432522773743,775,989,1960,1381
2326,326.0,feeder,0.9433850049972534,775,988,1960,1381
2327,326.0,feeder,0.943504810333252,775,988,1960,1381
2328,326.0,feeder,0.9439881443977356,775,988,1960,1381
2329,326.0,feeder,0.9442511200904846,775,988,1960,1381
2330,326.0,feeder,0.9444037675857544,775,988,1960,1382
2331,326.0,feeder,0.9446520805358887,775,988,1960,1382
2332,326.0,feeder,0.9446266889572144,775,988,1960,1382
2333,326.0,feeder,0.9446499943733215,775,988,1960,1381
2334,326.0,feeder,0.9442823529243469,775,988,1960,1381
2335,326.0,feeder,0.9445049166679382,776,988,1960,1381
2336,326.0,feeder,0.9440151453018188,776,989,1960,1381
2337,326.0,feeder,0.9440780878067017,776,989,1960,1381
2338,326.0,feeder,0.9439237713813782,776,989,1960,1381
2339,326.0,feeder,0.9440351128578186,776,989,1960,1381
2340,326.0,feeder,0.9442142248153687,776,988,1960,1381
2341,326.0,feeder,0.9446830749511719,775,988,1960,1381
2342,326.0,feeder,0.9449025988578796,775,988,1961,1381
2343,326.0,feeder,0.9444011449813843,775,988,1961,1381
2344,326.0,feeder,0.9442431330680847,775,989,1960,1381
2345,326.0,feeder,0.9445072412490845,775,988,1960,1381
2346,326.0,feeder,0.9441091418266296,775,988,1960,1381
2347,326.0,feeder,0.9440386891365051,775,988,1960,1381
2348,326.0,feeder,0.9441024661064148,775,988,1960,1381
2349,326.0,feeder,0.9445402026176453,775,988,1960,1381
2350,326.0,feeder,0.9445831775665283,775,988,1960,1381
2351,326.0,feeder,0.944731593132019,775,988,1960,1381
2352,326.0,feeder,0.9444108009338379,775,988,1960,1381
2353,326.0,feeder,0.9444547891616821,775,988,1960,1381
2354,326.0,feeder,0.9440571665763855,775,988,1960,1381
2355,326.0,feeder,0.9438358545303345,775,988,1960,1381
2356,326.0,feeder,0.9441863894462585,775,988,1960,1381
2357,326.0,feeder,0.9442435503005981,776,988,1961,1382
2358,326.0,feeder,0.9443683624267578,775,988,1961,1382
2359,326.0,feeder,0.9442670941352844,775,988,1961,1382
2360,326.0,feeder,0.9443446397781372,775,988,1961,1382
2361,326.0,feeder,0.9444129467010498,775,988,1961,1381
2362,326.0,feeder,0.9443732500076294,775,988,1961,1381
2363,326.0,feeder,0.9445585012435913,775,988,1961,1381
2364,326.0,feeder,0.9441747069358826,776,988,1961,1381
2365,326.0,feeder,0.9438998699188232,776,988,1961,1381
2366,326.0,feeder,0.9443512558937073,776,988,1961,1381
2367,326.0,feeder,0.9442833065986633,776,988,1961,1381
2368,326.0,feeder,0.9442747235298157,776,988,1961,1381
2369,326.0,feeder,0.9446226358413696,776,988,1961,1381
2370,326.0,feeder,0.9445134997367859,776,988,1960,1381
2371,326.0,feeder,0.9449442028999329,775,988,1960,1381
2372,326.0,feeder,0.9447618126869202,775,988,1960,1382
2373,326.0,feeder,0.9449703097343445,775,988,1960,1382
2374,326.0,feeder,0.9450358748435974,775,988,1960,1382
2375,326.0,feeder,0.9448930025100708,775,988,1960,1382
2376,326.0,feeder,0.9448919296264648,775,988,1960,1381
2377,326.0,feeder,0.9444283246994019,775,988,1960,1381
2378,326.0,feeder,0.944819450378418,775,988,1960,1381
2379,326.0,feeder,0.9449436664581299,775,988,1960,1381
2380,326.0,feeder,0.9449161887168884,775,988,1960,1381
2381,326.0,feeder,0.9448612928390503,775,988,1960,1381
2382,326.0,feeder,0.9450510740280151,776,988,1960,1381
2383,326.0,feeder,0.9445931911468506,776,988,1960,1381
2384,326.0,feeder,0.9446414709091187,776,988,1960,1381
2385,326.0,feeder,0.9445199966430664,775,988,1960,1381
2386,326.0,feeder,0.9434261918067932,775,988,1960,1381
2387,326.0,feeder,0.9439661502838135,775,988,1960,1382
2388,326.0,feeder,0.9438591003417969,775,988,1960,1382
2389,326.0,feeder,0.9436330199241638,775,988,1960,1382
2390,326.0,feeder,0.9441465735435486,775,988,1960,1382
2391,326.0,feeder,0.9442505836486816,775,989,1960,1382
2392,326.0,feeder,0.9443097710609436,775,989,1960,1382
2393,326.0,feeder,0.9443694353103638,775,989,1960,1382
2394,326.0,feeder,0.9444097280502319,775,988,1960,1382
2395,326.0,feeder,0.9446260333061218,775,988,1960,1382
2396,326.0,feeder,0.9442348480224609,775,989,1960,1382
2397,326.0,feeder,0.9443358182907104,775,989,1960,1382
2398,326.0,feeder,0.9444692730903625,775,989,1960,1382
2399,326.0,feeder,0.9446281790733337,775,989,1960,1381
2400,326.0,feeder,0.9445310831069946,775,989,1960,1381
2401,326.0,feeder,0.9447686076164246,775,988,1960,1381
2402,326.0,feeder,0.9450663924217224,775,988,1960,1381
2403,326.0,feeder,0.9449787139892578,776,988,1960,1381
2404,326.0,feeder,0.9450769424438477,775,988,1960,1381
2405,326.0,feeder,0.94517982006073,775,988,1960,1381
2406,326.0,feeder,0.9449211359024048,775,988,1960,1381
2407,326.0,feeder,0.945306122303009,775,988,1960,1381
2408,326.0,feeder,0.9455081820487976,775,988,1960,1381
2409,326.0,feeder,0.9454326033592224,775,988,1960,1381
2410,326.0,feeder,0.9453446269035339,776,988,1960,1381
2411,326.0,feeder,0.9450775980949402,776,988,1960,1381
2412,326.0,feeder,0.9451192617416382,776,988,1960,1381
2413,326.0,feeder,0.944776713848114,775,988,1960,1381
2414,326.0,feeder,0.9451296925544739,775,988,1960,1381
2415,326.0,feeder,0.945160448551178,775,988,1960,1381
2416,326.0,feeder,0.9444054961204529,775,988,1960,1381
2417,326.0,feeder,0.9443346858024597,775,988,1961,1381
2418,326.0,feeder,0.9441893696784973,776,988,1960,1381
2419,326.0,feeder,0.944384753704071,776,988,1960,1381
2420,326.0,feeder,0.9444723725318909,776,988,1961,1381
2421,326.0,feeder,0.9442740678787231,776,988,1961,1381
2422,326.0,feeder,0.9441555738449097,776,988,1961,1381
2423,326.0,feeder,0.9445719122886658,776,988,1961,1381
2424,326.0,feeder,0.9448228478431702,776,988,1961,1381
2425,326.0,feeder,0.9448258280754089,776,988,1961,1381
2426,326.0,feeder,0.9448735117912292,776,988,1960,1381
2427,326.0,feeder,0.9449596405029297,776,988,1960,1381
2428,326.0,feeder,0.9446821212768555,776,988,1960,1381
2429,326.0,feeder,0.9447596669197083,776,988,1960,1381
2430,326.0,feeder,0.9449576139450073,776,988,1960,1381
2431,326.0,feeder,0.9438048005104065,775,988,1960,1381
2432,326.0,feeder,0.9443984627723694,775,988,1960,1381
2433,326.0,feeder,0.9444482326507568,775,988,1960,1381
2434,326.0,feeder,0.9442185163497925,775,988,1960,1381
2435,326.0,feeder,0.9445574283599854,775,988,1960,1381
2436,326.0,feeder,0.9445659518241882,775,988,1960,1381
2437,326.0,feeder,0.9442383646965027,775,988,1960,1381
2438,326.0,feeder,0.9443002343177795,775,988,1960,1381
2439,326.0,feeder,0.9442390203475952,775,988,1960,1381
2440,326.0,feeder,0.9442402720451355,775,988,1960,1381
2441,326.0,feeder,0.9443398714065552,775,988,1960,1381
2442,326.0,feeder,0.9440057873725891,776,988,1960,1381
2443,326.0,feeder,0.9441654682159424,776,988,1960,1381
2444,326.0,feeder,0.9443124532699585,776,988,1960,1381
2445,326.0,feeder,0.9445835947990417,776,988,1960,1381
2446,326.0,feeder,0.9442799091339111,775,988,1960,1381
2447,326.0,feeder,0.9445317983627319,775,988,1960,1381
2448,326.0,feeder,0.9449142813682556,775,988,1960,1381
2449,326.0,feeder,0.9446619153022766,775,988,1960,1381
2450,326.0,feeder,0.9448099732398987,775,988,1960,1382
2451,326.0,feeder,0.9446596503257751,775,989,1960,1382
2452,326.0,feeder,0.9446940422058105,775,989,1960,1382
2453,326.0,feeder,0.9448366165161133,775,989,1960,1381
2454,326.0,feeder,0.9446099996566772,775,989,1960,1381
2455,326.0,feeder,0.944313108921051,775,989,1960,1382
2456,326.0,feeder,0.944483757019043,775,989,1960,1382
2457,326.0,feeder,0.9445528388023376,775,988,1960,1381
2458,326.0,feeder,0.9444968104362488,775,988,1960,1381
2459,326.0,feeder,0.9449119567871094,776,988,1960,1381
2460,326.0,feeder,0.9449886083602905,776,988,1960,1381
2461,326.0,feeder,0.945112943649292,776,988,1960,1381
2462,326.0,feeder,0.945593535900116,776,988,1960,1381
2463,326.0,feeder,0.9453355669975281,776,988,1960,1381
2464,326.0,feeder,0.9449803829193115,776,988,1960,1381
2465,326.0,feeder,0.9452126026153564,776,988,1960,1381
2466,326.0,feeder,0.9452080726623535,776,988,1960,1381
2467,326.0,feeder,0.9449107050895691,776,988,1960,1381
2468,326.0,feeder,0.944611668586731,776,987,1960,1381
2469,326.0,feeder,0.9444354772567749,776,987,1960,1381
2470,326.0,feeder,0.944348931312561,776,987,1960,1381
2471,326.0,feeder,0.9444922208786011,776,987,1960,1381
2472,326.0,feeder,0.944692850112915,776,987,1960,1381
2473,326.0,feeder,0.9447057247161865,776,987,1960,1381
2474,326.0,feeder,0.9449372887611389,776,987,1960,1381
2475,326.0,feeder,0.9446160197257996,776,988,1960,1381
2476,326.0,feeder,0.9438106417655945,776,988,1960,1381
2477,326.0,feeder,0.9439437389373779,776,988,1960,1381
2478,326.0,feeder,0.943993330001831,776,988,1960,1381
2479,326.0,feeder,0.9441605806350708,776,988,1960,1381
2480,326.0,feeder,0.9443367123603821,776,988,1960,1381
2481,326.0,feeder,0.9443082809448242,776,988,1960,1381
2482,326.0,feeder,0.94486403465271,776,988,1960,1381
2483,326.0,feeder,0.9444295167922974,776,988,1960,1381
2484,326.0,feeder,0.9443682432174683,776,988,1960,1381
2485,326.0,feeder,0.9445680975914001,776,988,1960,1381
2486,326.0,feeder,0.9447768926620483,776,988,1960,1381
2487,326.0,feeder,0.9450996518135071,776,988,1960,1381
2488,326.0,feeder,0.9449598789215088,776,988,1960,1381
2489,326.0,feeder,0.9447506070137024,776,988,1960,1381
2490,326.0,feeder,0.9447095394134521,776,988,1960,1381
2491,326.0,feeder,0.9440086483955383,776,988,1960,1381
2492,326.0,feeder,0.9446669816970825,776,988,1960,1381
2493,326.0,feeder,0.9446517825126648,775,988,1960,1381
2494,326.0,feeder,0.944371223449707,775,988,1960,1381
2495,326.0,feeder,0.9442799091339111,775,988,1960,1381
2496,326.0,feeder,0.9445165991783142,775,988,1960,1381
2497,326.0,feeder,0.9447108507156372,775,988,1960,1381
2498,326.0,feeder,0.9445486068725586,775,988,1960,1381
2499,326.0,feeder,0.9447116851806641,775,988,1960,1381
2500,326.0,feeder,0.9445392489433289,775,988,1960,1381
2501,326.0,feeder,0.944530189037323,775,988,1960,1381
2502,326.0,feeder,0.944587767124176,775,988,1960,1381
2503,326.0,feeder,0.9443748593330383,775,988,1960,1381
2504,326.0,feeder,0.9445545673370361,775,988,1960,1381
2505,326.0,feeder,0.9444737434387207,775,988,1960,1381
2506,326.0,feeder,0.9446894526481628,776,988,1960,1381
2507,326.0,feeder,0.9443539381027222,776,988,1960,1381
2508,326.0,feeder,0.9444877505302429,776,988,1960,1381
2509,326.0,feeder,0.9443760514259338,776,988,1960,1381
2510,326.0,feeder,0.944593608379364,776,988,1960,1381
2511,326.0,feeder,0.9448060393333435,776,988,1960,1381
2512,326.0,feeder,0.9452716112136841,776,988,1960,1381
2513,326.0,feeder,0.9447901248931885,776,988,1960,1381
2514,326.0,feeder,0.9447402954101562,776,988,1960,1381
2515,326.0,feeder,0.9444199204444885,776,989,1960,1381
2516,326.0,feeder,0.944314181804657,776,989,1960,1381
2517,326.0,feeder,0.9443177580833435,776,988,1960,1381
2518,326.0,feeder,0.944610595703125,776,988,1960,1381
2519,326.0,feeder,0.9447812438011169,776,988,1960,1381
2520,326.0,feeder,0.9449996948242188,776,988,1960,1381
2521,326.0,feeder,0.9441667199134827,776,988,1960,1381
2522,326.0,feeder,0.9444448351860046,776,988,1960,1381
2523,326.0,feeder,0.9445670247077942,776,989,1960,1381
2524,326.0,feeder,0.9441695213317871,775,989,1960,1381
2525,326.0,feeder,0.944355309009552,775,989,1960,1381
2526,326.0,feeder,0.944704532623291,776,989,1960,1381
2527,326.0,feeder,0.9447420239448547,776,988,1960,1381
2528,326.0,feeder,0.9445233941078186,776,988,1960,1381
2529,326.0,feeder,0.9447828531265259,776,988,1960,1381
2530,326.0,feeder,0.9445644617080688,776,988,1960,1381
2531,326.0,feeder,0.9446555972099304,775,988,1960,1381
2532,326.0,feeder,0.944564700126648,775,988,1960,1381
2533,326.0,feeder,0.9449895620346069,775,988,1960,1381
2534,326.0,feeder,0.9451286196708679,775,988,1960,1381
2535,326.0,feeder,0.9450778961181641,776,988,1960,1381
2536,326.0,feeder,0.9446117877960205,776,988,1960,1381
2537,326.0,feeder,0.9446980357170105,776,988,1960,1381
2538,326.0,feeder,0.9450863003730774,776,988,1960,1381
2539,326.0,feeder,0.9452986717224121,776,988,1960,1381
2540,326.0,feeder,0.9454562664031982,776,988,1960,1381
2541,326.0,feeder,0.945219099521637,776,988,1960,1381
2542,326.0,feeder,0.9448714852333069,776,988,1960,1381
2543,326.0,feeder,0.9448118209838867,776,988,1960,1381
2544,326.0,feeder,0.9449926614761353,776,989,1960,1381
2545,326.0,feeder,0.9449440836906433,776,989,1960,1381
2546,326.0,feeder,0.9449459910392761,776,989,1960,1381
2547,326.0,feeder,0.9451808929443359,776,989,1960,1381
2548,326.0,feeder,0.9454167485237122,776,989,1960,1381
2549,326.0,feeder,0.945320725440979,776,989,1960,1381
2550,326.0,feeder,0.9453030824661255,776,989,1960,1381
2551,326.0,feeder,0.9447157382965088,776,989,1960,1381
2552,326.0,feeder,0.9447531700134277,776,989,1960,1381
2553,326.0,feeder,0.9446212649345398,776,988,1960,1381
2554,326.0,feeder,0.9446049928665161,775,988,1960,1381
2555,326.0,feeder,0.9445968866348267,776,988,1960,1381
2556,326.0,feeder,0.9447476267814636,776,988,1960,1381
2557,326.0,feeder,0.9447851777076721,776,988,1960,1381
2558,326.0,feeder,0.9448456764221191,776,988,1960,1381
2559,326.0,feeder,0.9448800086975098,776,989,1960,1382
2560,326.0,feeder,0.9444502592086792,776,989,1960,1381
2561,326.0,feeder,0.9443495273590088,776,989,1960,1382
2562,326.0,feeder,0.9440674781799316,776,989,1960,1381
2563,326.0,feeder,0.9437494874000549,776,988,1960,1381
2564,326.0,feeder,0.9435622692108154,776,988,1960,1381
2565,326.0,feeder,0.9441037178039551,776,988,1960,1381
2566,326.0,feeder,0.9448749423027039,776,988,1960,1381
2567,326.0,feeder,0.9452450275421143,775,988,1960,1381
2568,326.0,feeder,0.9450112581253052,775,988,1960,1381
2569,326.0,feeder,0.945220947265625,775,988,1960,1381
2570,326.0,feeder,0.9452201724052429,775,988,1960,1381
2571,326.0,feeder,0.9449761509895325,775,988,1960,1381
2572,326.0,feeder,0.9453423619270325,775,988,1960,1381
2573,326.0,feeder,0.9453234076499939,775,988,1960,1381
2574,326.0,feeder,0.9454459547996521,775,988,1960,1381
2575,326.0,feeder,0.9455470442771912,776,988,1960,1381
2576,326.0,feeder,0.9457729458808899,776,988,1960,1381
2577,326.0,feeder,0.9456561207771301,776,988,1960,1381
2578,326.0,feeder,0.945472776889801,776,988,1960,1381
2579,326.0,feeder,0.9454668164253235,776,988,1960,1381
2580,326.0,feeder,0.9454171657562256,775,988,1960,1381
2581,326.0,feeder,0.9448075294494629,776,988,1960,1381
2582,326.0,feeder,0.9445157647132874,776,989,1960,1382
2583,326.0,feeder,0.9447858333587646,776,989,1960,1381
2584,326.0,feeder,0.9452263712882996,776,989,1960,1382
2585,326.0,feeder,0.9455259442329407,776,989,1960,1382
2586,326.0,feeder,0.9452962279319763,776,989,1960,1381
2587,326.0,feeder,0.9451934695243835,776,989,1960,1381
2588,326.0,feeder,0.9450852870941162,776,989,1960,1381
2589,326.0,feeder,0.9448461532592773,776,989,1960,1381
2590,326.0,feeder,0.944875955581665,776,989,1960,1381
2591,326.0,feeder,0.9450254440307617,776,989,1960,1381
2592,326.0,feeder,0.9450157284736633,776,989,1960,1381
2593,326.0,feeder,0.944526731967926,776,988,1960,1381
2594,326.0,feeder,0.9448375701904297,776,988,1960,1381
2595,326.0,feeder,0.9449745416641235,776,988,1960,1381
2596,326.0,feeder,0.9447888135910034,775,988,1960,1381
2597,326.0,feeder,0.9449275732040405,775,988,1960,1381
2598,326.0,feeder,0.9449334740638733,775,988,1960,1381
2599,326.0,feeder,0.9450508952140808,775,988,1960,1381
2600,326.0,feeder,0.9444370865821838,775,988,1960,1381
2601,326.0,feeder,0.9445127844810486,775,988,1960,1381
2602,326.0,feeder,0.9442865252494812,776,988,1960,1381
2603,326.0,feeder,0.9447881579399109,776,988,1960,1381
2604,326.0,feeder,0.9445583820343018,776,988,1960,1381
2605,326.0,feeder,0.9441930651664734,776,988,1960,1381
2606,326.0,feeder,0.9444048404693604,776,989,1960,1381
2607,326.0,feeder,0.9443445801734924,776,988,1960,1381
2608,326.0,feeder,0.944693922996521,776,988,1960,1381
2609,326.0,feeder,0.9452221989631653,776,988,1960,1381
2610,326.0,feeder,0.94496750831604,776,988,1960,1381
2611,326.0,feeder,0.9446510672569275,776,989,1960,1381
2612,326.0,feeder,0.9443378448486328,776,989,1960,1381
2613,326.0,feeder,0.9446215629577637,776,989,1960,1381
2614,326.0,feeder,0.944453775882721,776,989,1960,1381
2615,326.0,feeder,0.944182813167572,776,989,1960,1381
2616,326.0,feeder,0.9444077014923096,776,989,1960,1381
2617,326.0,feeder,0.9445891380310059,776,989,1960,1381
2618,326.0,feeder,0.944859504699707,776,988,1960,1381
2619,326.0,feeder,0.9452834725379944,776,988,1960,1381
2620,326.0,feeder,0.9450829029083252,776,988,1960,1381
2621,326.0,feeder,0.9448817372322083,776,988,1960,1381
2622,326.0,feeder,0.9448293447494507,776,988,1960,1381
2623,326.0,feeder,0.944474458694458,776,988,1960,1381
2624,326.0,feeder,0.9446965456008911,776,988,1960,1381
2625,326.0,feeder,0.9447988271713257,776,988,1960,1381
2626,326.0,feeder,0.9445788264274597,776,988,1960,1381
2627,326.0,feeder,0.9443203210830688,776,988,1960,1381
2628,326.0,feeder,0.9442433714866638,776,988,1960,1381
2629,326.0,feeder,0.9439982175827026,776,988,1960,1381
2630,326.0,feeder,0.944586992263794,776,988,1960,1381
2631,326.0,feeder,0.944914698600769,776,988,1960,1381
2632,326.0,feeder,0.9449468851089478,776,988,1960,1381
2633,326.0,feeder,0.9451279640197754,776,988,1960,1381
2634,326.0,feeder,0.9453722834587097,776,988,1960,1381
2635,326.0,feeder,0.9452787637710571,776,988,1960,1381
2636,326.0,feeder,0.9451258182525635,776,988,1960,1381
2637,326.0,feeder,0.9453446865081787,777,988,1960,1381
2638,326.0,feeder,0.9388415217399597,777,989,1960,1381
2639,326.0,feeder,0.9456923604011536,778,989,1960,1381
2639,359.0,lt,0.9236680269241333,90,967,386,1391
2640,326.0,feeder,0.9237802028656006,778,989,1960,1382
2640,359.0,lt,0.8557506799697876,144,1025,340,1296
2641,326.0,feeder,0.9405247569084167,777,989,1960,1382
2642,326.0,feeder,0.9288074374198914,775,989,1961,1381
2643,326.0,feeder,0.9308522939682007,775,989,1961,1381
2644,326.0,feeder,0.9437983632087708,776,988,1960,1381
2645,326.0,feeder,0.9069092869758606,776,989,1960,1380
2646,326.0,feeder,0.9216216802597046,777,989,1960,1381
2647,326.0,feeder,0.9214932918548584,776,989,1959,1381
2648,326.0,feeder,0.9377699494361877,776,989,1960,1381
2649,326.0,feeder,0.9437077641487122,776,989,1960,1381
2650,326.0,feeder,0.9438099265098572,776,989,1960,1381
2651,326.0,feeder,0.945015013217926,776,988,1960,1381
2652,326.0,feeder,0.9441624879837036,776,988,1960,1381
2653,326.0,feeder,0.9453263878822327,776,988,1960,1381
2654,326.0,feeder,0.9450404644012451,776,988,1960,1381
2655,326.0,feeder,0.9447270035743713,776,988,1960,1381
2656,326.0,feeder,0.9438338875770569,776,988,1960,1381
2657,326.0,feeder,0.9444512128829956,775,988,1960,1381
2658,326.0,feeder,0.9442849159240723,775,988,1960,1381
2659,326.0,feeder,0.9445275664329529,775,988,1960,1381
2660,326.0,feeder,0.9448225498199463,775,988,1960,1381
2661,326.0,feeder,0.9446329474449158,775,988,1960,1381
2662,326.0,feeder,0.9447677731513977,775,988,1960,1381
2663,326.0,feeder,0.9447922110557556,775,988,1960,1381
2664,326.0,feeder,0.944195032119751,775,988,1960,1381
2665,326.0,feeder,0.9443063139915466,775,988,1960,1381
2666,326.0,feeder,0.9446886777877808,775,988,1960,1381
2667,326.0,feeder,0.9443850517272949,775,988,1960,1381
2668,326.0,feeder,0.9443839192390442,775,988,1960,1381
2669,326.0,feeder,0.9446632862091064,775,989,1960,1381
2670,326.0,feeder,0.9448176622390747,775,989,1960,1381
2671,326.0,feeder,0.9443477392196655,776,989,1960,1381
2672,326.0,feeder,0.9448806643486023,776,988,1960,1381
2673,326.0,feeder,0.9446076154708862,776,988,1960,1381
2674,326.0,feeder,0.944878876209259,776,988,1960,1381
2675,326.0,feeder,0.9451366066932678,776,988,1960,1381
2676,326.0,feeder,0.9450135231018066,775,988,1960,1381
2677,326.0,feeder,0.9446592330932617,775,988,1960,1381
2678,326.0,feeder,0.9446485042572021,775,988,1960,1381
2679,326.0,feeder,0.9445592761039734,775,988,1960,1381
2680,326.0,feeder,0.9442123174667358,775,988,1960,1381
2681,326.0,feeder,0.9443797469139099,775,988,1960,1381
2682,326.0,feeder,0.9440488219261169,775,988,1960,1381
2683,326.0,feeder,0.9443264603614807,775,988,1960,1381
2684,326.0,feeder,0.944613516330719,775,988,1960,1381
2685,326.0,feeder,0.9446268677711487,775,988,1960,1381
2686,326.0,feeder,0.9448177814483643,776,988,1960,1381
2687,326.0,feeder,0.945245087146759,776,988,1960,1381
2688,326.0,feeder,0.9448268413543701,776,989,1960,1381
2689,326.0,feeder,0.9448660016059875,775,989,1960,1381
2690,326.0,feeder,0.9449529051780701,775,989,1960,1381
2691,326.0,feeder,0.944780707359314,775,988,1960,1381
2692,326.0,feeder,0.9449003338813782,775,988,1960,1381
2693,326.0,feeder,0.944688618183136,775,988,1960,1381
2694,326.0,feeder,0.9448056221008301,775,988,1960,1381
2695,326.0,feeder,0.944606602191925,776,988,1960,1381
2696,326.0,feeder,0.9446352124214172,775,988,1960,1381
2697,326.0,feeder,0.944262683391571,775,988,1960,1381
2698,326.0,feeder,0.9442299604415894,775,988,1960,1381
2699,326.0,feeder,0.9442048668861389,775,988,1960,1381
2700,326.0,feeder,0.9441201686859131,775,988,1960,1381
2701,326.0,feeder,0.9436131715774536,775,988,1960,1381
