frame,id,class,confidence,x1,y1,x2,y2
1,,feeder,0.9390008449554443,907,801,1882,1067
1,,gt,0.9119240641593933,1191,717,1572,957
2,21.0,feeder,0.9390969276428223,907,801,1882,1067
2,22.0,gt,0.9073910713195801,1193,720,1570,956
3,21.0,feeder,0.9350258708000183,907,801,1881,1067
3,22.0,gt,0.7239965796470642,1201,601,1551,928
4,21.0,feeder,0.9397484064102173,906,801,1882,1068
4,22.0,gt,0.8694072365760803,1206,648,1540,925
5,21.0,feeder,0.9397138953208923,906,802,1882,1068
5,22.0,gt,0.8683834075927734,1256,674,1537,938
6,21.0,feeder,0.939740777015686,905,802,1882,1068
6,22.0,gt,0.8666709065437317,1277,686,1539,942
7,21.0,feeder,0.9400537014007568,905,803,1883,1068
7,22.0,gt,0.863347589969635,1289,689,1540,944
8,21.0,feeder,0.9401717185974121,905,803,1883,1068
8,22.0,gt,0.8689330220222473,1298,690,1540,946
9,21.0,feeder,0.9396010637283325,906,803,1882,1068
9,22.0,gt,0.8786888718605042,1306,697,1539,946
10,21.0,feeder,0.9397414922714233,906,803,1882,1068
10,22.0,gt,0.885534942150116,1310,703,1539,946
11,21.0,feeder,0.9398677349090576,906,803,1882,1068
11,22.0,gt,0.8744956254959106,1309,708,1539,946
12,21.0,feeder,0.9397158026695251,906,803,1882,1068
12,22.0,gt,0.8724451661109924,1307,713,1539,945
13,21.0,feeder,0.9396836757659912,906,803,1882,1068
13,22.0,gt,0.8735379576683044,1311,718,1540,944
14,21.0,feeder,0.9397390484809875,906,803,1882,1068
14,22.0,gt,0.8667423129081726,1314,721,1541,944
15,21.0,feeder,0.9395217299461365,906,803,1882,1068
15,22.0,gt,0.8728525638580322,1318,724,1542,944
16,21.0,feeder,0.9406182169914246,906,803,1882,1068
16,22.0,gt,0.8658086657524109,1312,732,1541,946
17,21.0,feeder,0.940436065196991,907,803,1883,1068
17,22.0,gt,0.8690211176872253,1312,736,1541,947
18,21.0,feeder,0.9405460357666016,907,803,1883,1068
18,22.0,gt,0.8641408085823059,1305,736,1540,946
19,21.0,feeder,0.940913200378418,907,803,1883,1068
19,22.0,gt,0.864616870880127,1304,737,1540,946
20,21.0,feeder,0.9406660795211792,907,803,1883,1068
20,22.0,gt,0.8594723343849182,1303,739,1541,946
21,21.0,feeder,0.9407777786254883,907,803,1883,1068
21,22.0,gt,0.8567459583282471,1300,739,1541,946
22,21.0,feeder,0.9406813979148865,907,803,1883,1068
22,22.0,gt,0.8554787039756775,1303,741,1541,947
23,21.0,feeder,0.9405524730682373,907,803,1883,1068
23,22.0,gt,0.8608227372169495,1309,742,1541,949
24,21.0,feeder,0.9407384395599365,907,803,1883,1067
24,22.0,gt,0.8652920126914978,1313,744,1541,949
25,21.0,feeder,0.9406833648681641,907,803,1883,1067
25,22.0,gt,0.865105152130127,1315,744,1541,950
26,21.0,feeder,0.9406993985176086,907,804,1883,1068
26,22.0,gt,0.8594227433204651,1315,747,1542,949
27,21.0,feeder,0.9390878677368164,906,804,1883,1067
27,22.0,gt,0.8507579565048218,1337,740,1543,948
28,21.0,feeder,0.9398133158683777,907,803,1883,1067
28,22.0,gt,0.8399487137794495,1348,743,1544,947
29,21.0,feeder,0.9400215148925781,907,803,1883,1067
29,22.0,gt,0.8417167663574219,1349,744,1545,945
30,21.0,feeder,0.9393424391746521,907,804,1883,1067
30,22.0,gt,0.843792200088501,1356,742,1545,945
31,21.0,feeder,0.939448893070221,907,804,1883,1067
31,22.0,gt,0.8607707023620605,1357,729,1548,946
32,21.0,feeder,0.9393547773361206,907,804,1883,1067
32,22.0,gt,0.8614352941513062,1358,724,1548,947
33,21.0,feeder,0.9393206834793091,907,804,1883,1067
33,22.0,gt,0.8611335754394531,1357,723,1548,947
34,21.0,feeder,0.939659595489502,906,804,1883,1068
34,22.0,gt,0.8564274907112122,1355,723,1548,947
35,21.0,feeder,0.9398940801620483,906,804,1883,1068
35,22.0,gt,0.8557137250900269,1355,728,1548,947
36,21.0,feeder,0.940281331539154,907,804,1885,1067
36,22.0,gt,0.8419536352157593,1355,738,1544,941
37,21.0,feeder,0.9402304291725159,907,803,1883,1068
37,22.0,gt,0.8427712321281433,1356,741,1546,941
38,21.0,feeder,0.9402297139167786,907,803,1882,1068
38,22.0,gt,0.8112018704414368,1362,751,1546,940
39,21.0,feeder,0.9402022957801819,907,803,1882,1068
39,22.0,gt,0.7715904712677002,1365,757,1546,940
40,21.0,feeder,0.9400363564491272,907,803,1882,1068
40,22.0,gt,0.7072311639785767,1366,758,1546,940
40,23.0,bt,0.6084820628166199,1372,759,1547,941
41,21.0,feeder,0.9402568936347961,907,803,1882,1068
41,22.0,gt,0.750056803226471,1369,758,1546,940
41,23.0,bt,0.4970712959766388,1375,759,1547,941
42,21.0,feeder,0.9409096837043762,907,804,1884,1067
43,21.0,feeder,0.9412064552307129,908,804,1885,1067
43,22.0,gt,0.8443815112113953,1388,770,1544,935
44,21.0,feeder,0.9410079717636108,907,802,1883,1067
44,22.0,gt,0.6653326153755188,1391,778,1543,934
45,21.0,feeder,0.9407721161842346,907,801,1882,1067
45,22.0,bt,0.7520991563796997,1389,779,1544,934
46,21.0,feeder,0.9389019012451172,907,801,1881,1068
46,22.0,bt,0.8819474577903748,1388,775,1541,937
47,21.0,feeder,0.9402174353599548,906,801,1881,1068
47,22.0,bt,0.8651759028434753,1386,775,1542,938
48,21.0,feeder,0.9400184154510498,906,801,1881,1068
48,22.0,bt,0.8685092926025391,1386,774,1543,938
49,21.0,feeder,0.9411370754241943,906,802,1881,1068
49,22.0,bt,0.8036994338035583,1385,775,1544,939
50,21.0,feeder,0.9413170218467712,906,802,1881,1068
50,22.0,bt,0.8448660373687744,1386,776,1545,941
51,21.0,feeder,0.8995821475982666,907,799,1881,1069
51,22.0,bt,0.8675710558891296,1338,728,1562,943
52,21.0,feeder,0.936278223991394,906,802,1881,1069
52,22.0,bt,0.8584275245666504,1338,723,1554,938
53,21.0,feeder,0.9421710968017578,906,802,1881,1068
53,22.0,gt,0.8294770121574402,1318,707,1509,905
54,21.0,feeder,0.943124532699585,907,803,1883,1068
54,22.0,gt,0.765873908996582,1288,706,1478,876
55,21.0,feeder,0.9247239232063293,907,801,1881,1068
55,22.0,gt,0.714241623878479,1237,693,1451,872
56,21.0,feeder,0.9379735589027405,907,803,1881,1069
56,22.0,bt,0.7636303305625916,1219,724,1382,875
57,21.0,feeder,0.9419787526130676,908,804,1883,1069
57,22.0,gt,0.71852707862854,1137,742,1348,873
58,21.0,feeder,0.938150942325592,908,802,1883,1069
58,22.0,bt,0.797797679901123,1122,743,1328,872
59,21.0,feeder,0.938559353351593,907,804,1884,1070
59,22.0,bt,0.5234400629997253,1074,735,1261,869
60,21.0,feeder,0.9496400356292725,904,812,1886,1070
61,21.0,feeder,0.9534029364585876,900,817,1887,1071
62,21.0,feeder,0.9386833906173706,907,807,1884,1069
63,21.0,feeder,0.9367589354515076,910,802,1883,1067
64,21.0,feeder,0.9364559054374695,911,800,1882,1066
65,21.0,feeder,0.9375954270362854,911,800,1882,1066
66,21.0,feeder,0.9396404027938843,910,802,1883,1067
67,21.0,feeder,0.9512757062911987,905,812,1885,1069
68,21.0,feeder,0.9545610547065735,898,818,1887,1070
69,21.0,feeder,0.954557478427887,895,820,1887,1070
70,21.0,feeder,0.954595148563385,894,821,1888,1070
71,21.0,feeder,0.9546031951904297,894,821,1888,1070
72,21.0,feeder,0.9545783996582031,894,821,1888,1071
73,21.0,feeder,0.9545674324035645,894,821,1888,1071
74,21.0,feeder,0.954616129398346,894,821,1888,1071
75,21.0,feeder,0.9546384811401367,894,821,1888,1071
76,21.0,feeder,0.9543360471725464,894,821,1888,1071
77,21.0,feeder,0.9544032216072083,894,821,1888,1071
78,21.0,feeder,0.9544181227684021,894,821,1888,1071
79,21.0,feeder,0.9544081091880798,894,821,1888,1071
80,21.0,feeder,0.9544672966003418,894,821,1888,1071
81,21.0,feeder,0.9544872045516968,894,821,1888,1071
82,21.0,feeder,0.9545390009880066,894,821,1888,1071
83,21.0,feeder,0.954531729221344,894,821,1888,1071
84,21.0,feeder,0.954529881477356,894,821,1888,1071
85,21.0,feeder,0.9545500874519348,894,821,1888,1071
86,21.0,feeder,0.9545502662658691,894,821,1888,1071
87,21.0,feeder,0.954530656337738,893,821,1888,1071
88,21.0,feeder,0.9545451998710632,893,821,1888,1071
89,21.0,feeder,0.9545484185218811,893,821,1888,1070
90,21.0,feeder,0.9545597434043884,893,821,1888,1070
91,21.0,feeder,0.9546250104904175,894,821,1887,1071
92,21.0,feeder,0.954596221446991,894,821,1887,1071
93,21.0,feeder,0.9545942544937134,894,821,1887,1071
94,21.0,feeder,0.9545869827270508,894,821,1887,1071
95,21.0,feeder,0.9545547366142273,894,821,1887,1071
96,21.0,feeder,0.9546296000480652,894,821,1887,1071
97,21.0,feeder,0.9546384811401367,894,821,1887,1071
98,21.0,feeder,0.9546022415161133,894,821,1887,1071
99,21.0,feeder,0.9546255469322205,894,821,1887,1071
100,21.0,feeder,0.9546051621437073,894,821,1887,1071
101,21.0,feeder,0.9545288681983948,894,821,1887,1071
102,21.0,feeder,0.9546164274215698,894,821,1887,1071
103,21.0,feeder,0.9546422958374023,894,821,1887,1071
104,21.0,feeder,0.9546169638633728,894,821,1887,1071
105,21.0,feeder,0.9546053409576416,894,821,1887,1071
106,21.0,feeder,0.9546241760253906,894,821,1887,1070
107,21.0,feeder,0.9545824527740479,894,821,1887,1070
108,21.0,feeder,0.954587996006012,894,821,1887,1070
109,21.0,feeder,0.9545963406562805,894,821,1887,1070
110,21.0,feeder,0.9546443819999695,894,821,1887,1070
111,21.0,feeder,0.954617440700531,894,821,1887,1070
112,21.0,feeder,0.9546169638633728,894,821,1887,1070
113,21.0,feeder,0.9546189308166504,894,821,1887,1070
114,21.0,feeder,0.9546137452125549,894,821,1887,1070
115,21.0,feeder,0.9546138644218445,894,821,1887,1070
116,21.0,feeder,0.9546310305595398,894,821,1887,1070
117,21.0,feeder,0.954649806022644,894,821,1887,1070
118,21.0,feeder,0.9546800255775452,894,821,1887,1070
119,21.0,feeder,0.9546620845794678,894,821,1887,1070
120,21.0,feeder,0.9546309113502502,894,821,1887,1070
121,21.0,feeder,0.9546582698822021,894,821,1887,1070
122,21.0,feeder,0.9546099305152893,895,821,1887,1070
123,21.0,feeder,0.954590380191803,895,821,1887,1070
124,21.0,feeder,0.9545781016349792,895,821,1887,1070
125,21.0,feeder,0.9546126127243042,895,821,1887,1070
126,21.0,feeder,0.9546655416488647,895,821,1887,1070
127,21.0,feeder,0.9546893239021301,895,821,1887,1070
128,21.0,feeder,0.9546193480491638,895,821,1887,1070
129,21.0,feeder,0.9545865654945374,895,821,1887,1070
130,21.0,feeder,0.9546608924865723,895,821,1887,1070
131,21.0,feeder,0.954653799533844,895,821,1887,1070
132,21.0,feeder,0.9546473026275635,895,821,1887,1070
133,21.0,feeder,0.9546236991882324,895,821,1887,1070
134,21.0,feeder,0.9546417593955994,895,821,1887,1070
135,21.0,feeder,0.9546372890472412,895,821,1887,1070
136,21.0,feeder,0.954556941986084,894,821,1887,1070
137,21.0,feeder,0.9545535445213318,894,821,1888,1071
138,21.0,feeder,0.954557478427887,894,822,1888,1071
139,21.0,feeder,0.9545618891716003,894,821,1888,1071
140,21.0,feeder,0.9545482397079468,894,821,1887,1071
141,21.0,feeder,0.9545283317565918,894,821,1887,1071
142,21.0,feeder,0.9545687437057495,894,821,1887,1071
143,21.0,feeder,0.9545665979385376,894,821,1887,1071
144,21.0,feeder,0.9545280337333679,894,822,1887,1071
145,21.0,feeder,0.9544692635536194,894,822,1887,1071
146,21.0,feeder,0.9544779658317566,894,822,1887,1071
147,21.0,feeder,0.9545047879219055,894,822,1887,1071
148,21.0,feeder,0.9545190334320068,894,822,1887,1071
149,21.0,feeder,0.9544693827629089,894,822,1887,1070
150,21.0,feeder,0.9544610977172852,894,822,1887,1070
151,21.0,feeder,0.9547111988067627,894,821,1887,1070
152,21.0,feeder,0.9546984434127808,894,821,1887,1070
153,21.0,feeder,0.9546593427658081,894,821,1887,1070
154,21.0,feeder,0.9546732902526855,894,821,1887,1070
155,21.0,feeder,0.9546920657157898,894,821,1887,1070
156,21.0,feeder,0.954672634601593,894,821,1887,1070
157,21.0,feeder,0.9546501040458679,894,821,1887,1070
158,21.0,feeder,0.9547043442726135,894,821,1887,1070
159,21.0,feeder,0.9546598792076111,894,821,1887,1070
160,21.0,feeder,0.9546842575073242,894,821,1887,1070
161,21.0,feeder,0.9546812176704407,894,821,1887,1070
162,21.0,feeder,0.9547011852264404,894,821,1887,1070
163,21.0,feeder,0.9546783566474915,894,821,1887,1070
164,21.0,feeder,0.9547345638275146,894,821,1887,1070
165,21.0,feeder,0.9546326398849487,894,821,1887,1070
166,21.0,feeder,0.9542140364646912,894,821,1887,1070
167,21.0,feeder,0.954348623752594,894,821,1887,1070
168,21.0,feeder,0.9543570876121521,894,821,1887,1070
169,21.0,feeder,0.9543542861938477,894,821,1887,1070
170,21.0,feeder,0.9543310403823853,894,821,1887,1070
171,21.0,feeder,0.9543861746788025,894,821,1887,1070
172,21.0,feeder,0.9543841481208801,894,821,1887,1070
173,21.0,feeder,0.9544028043746948,894,821,1888,1070
174,21.0,feeder,0.9543655514717102,894,821,1887,1070
175,21.0,feeder,0.9543015360832214,894,821,1887,1070
176,21.0,feeder,0.9543101787567139,894,821,1887,1070
177,21.0,feeder,0.9543976187705994,894,821,1887,1070
178,21.0,feeder,0.954414963722229,894,821,1887,1070
179,21.0,feeder,0.954420268535614,894,821,1887,1070
180,21.0,feeder,0.9544059634208679,894,821,1887,1070
181,21.0,feeder,0.9547919034957886,895,821,1887,1070
182,21.0,feeder,0.9548059701919556,895,821,1887,1070
183,21.0,feeder,0.9547745585441589,895,821,1887,1070
184,21.0,feeder,0.9547463059425354,894,821,1887,1070
185,21.0,feeder,0.9547165036201477,894,821,1887,1070
186,21.0,feeder,0.9547523856163025,894,821,1887,1070
187,21.0,feeder,0.9547160863876343,894,821,1887,1070
188,21.0,feeder,0.9547924399375916,894,821,1887,1070
189,21.0,feeder,0.9547081589698792,894,821,1887,1070
190,21.0,feeder,0.9548050761222839,894,821,1888,1070
191,21.0,feeder,0.9547778964042664,894,821,1888,1070
192,21.0,feeder,0.9547209739685059,894,821,1888,1070
193,21.0,feeder,0.9547396302223206,894,821,1888,1070
194,21.0,feeder,0.9547637701034546,894,821,1888,1070
195,21.0,feeder,0.9547382593154907,894,821,1888,1070
196,21.0,feeder,0.9546083807945251,894,821,1888,1070
197,21.0,feeder,0.9546263217926025,894,821,1888,1070
198,21.0,feeder,0.9546670913696289,894,821,1888,1070
199,21.0,feeder,0.9547046422958374,894,821,1887,1070
200,21.0,feeder,0.9546598792076111,894,821,1887,1070
201,21.0,feeder,0.9546980261802673,894,821,1887,1071
202,21.0,feeder,0.9547234773635864,894,821,1887,1071
203,21.0,feeder,0.9546331763267517,894,821,1887,1071
204,21.0,feeder,0.9546127319335938,894,821,1887,1071
205,21.0,feeder,0.9546647071838379,894,821,1887,1070
206,21.0,feeder,0.9546152353286743,894,821,1887,1070
207,21.0,feeder,0.9545655846595764,894,821,1888,1070
208,21.0,feeder,0.9545730948448181,894,821,1888,1070
209,21.0,feeder,0.9546095728874207,894,821,1888,1070
210,21.0,feeder,0.9546990990638733,894,821,1887,1070
211,21.0,feeder,0.9543474316596985,894,821,1887,1071
212,21.0,feeder,0.9543779492378235,894,821,1887,1071
213,21.0,feeder,0.9543924927711487,894,821,1887,1071
214,21.0,feeder,0.954419732093811,894,821,1887,1071
215,21.0,feeder,0.9544310569763184,894,822,1887,1071
216,21.0,feeder,0.9543593525886536,894,822,1887,1071
217,21.0,feeder,0.9544817805290222,894,822,1887,1071
218,21.0,feeder,0.954444944858551,895,822,1887,1071
219,21.0,feeder,0.9543991088867188,895,822,1887,1071
220,21.0,feeder,0.9543906450271606,895,822,1887,1071
221,21.0,feeder,0.9543754458427429,895,822,1887,1071
222,21.0,feeder,0.9544124603271484,894,822,1887,1071
223,21.0,feeder,0.954474925994873,894,822,1887,1071
224,21.0,feeder,0.9544482231140137,894,822,1887,1071
225,21.0,feeder,0.9545202851295471,895,822,1887,1071
226,21.0,feeder,0.9545029401779175,895,821,1887,1070
227,21.0,feeder,0.9545609354972839,894,821,1888,1070
228,21.0,feeder,0.9545809030532837,894,821,1888,1070
229,21.0,feeder,0.9545829892158508,894,821,1888,1070
230,21.0,feeder,0.9545507431030273,894,821,1887,1070
231,21.0,feeder,0.9544906616210938,894,821,1888,1070
232,21.0,feeder,0.9544947743415833,894,821,1888,1070
233,21.0,feeder,0.9544716477394104,894,821,1888,1070
234,21.0,feeder,0.9545469284057617,894,821,1888,1070
235,21.0,feeder,0.9545612335205078,894,821,1888,1070
236,21.0,feeder,0.9545688629150391,895,821,1888,1070
237,21.0,feeder,0.9545527696609497,895,821,1888,1070
238,21.0,feeder,0.954646110534668,895,821,1888,1070
239,21.0,feeder,0.9545589685440063,895,821,1888,1070
240,21.0,feeder,0.9546015858650208,895,821,1888,1071
241,21.0,feeder,0.9546585083007812,895,821,1887,1071
242,21.0,feeder,0.954731285572052,895,822,1887,1070
243,21.0,feeder,0.9547278881072998,895,822,1887,1070
244,21.0,feeder,0.9548011422157288,895,822,1887,1070
245,21.0,feeder,0.954763650894165,894,822,1887,1070
246,21.0,feeder,0.9548342823982239,894,822,1887,1070
247,21.0,feeder,0.9547756314277649,894,821,1887,1070
248,21.0,feeder,0.9547045826911926,894,821,1887,1070
249,21.0,feeder,0.954595685005188,895,821,1887,1070
250,21.0,feeder,0.9546852111816406,895,822,1887,1070
251,21.0,feeder,0.9546578526496887,895,821,1887,1070
252,21.0,feeder,0.9547101855278015,895,821,1887,1070
253,21.0,feeder,0.9546670913696289,895,821,1887,1070
254,21.0,feeder,0.9546384811401367,895,821,1887,1070
255,21.0,feeder,0.9546270966529846,895,821,1887,1070
256,21.0,feeder,0.9544317722320557,894,821,1887,1071
257,21.0,feeder,0.9544315934181213,894,821,1887,1071
258,21.0,feeder,0.9544520974159241,894,821,1887,1071
259,21.0,feeder,0.9544516801834106,894,821,1887,1071
260,21.0,feeder,0.9543660879135132,894,821,1887,1070
261,21.0,feeder,0.9543637037277222,894,821,1887,1070
262,21.0,feeder,0.954378068447113,894,821,1887,1070
263,21.0,feeder,0.9543784856796265,894,821,1887,1070
264,21.0,feeder,0.9544950127601624,894,821,1887,1070
265,21.0,feeder,0.9544732570648193,894,821,1887,1070
266,21.0,feeder,0.9545283317565918,894,821,1887,1070
267,21.0,feeder,0.9545561671257019,894,821,1887,1070
268,21.0,feeder,0.9545783996582031,894,821,1887,1070
269,21.0,feeder,0.9545334577560425,894,821,1887,1070
270,21.0,feeder,0.9545638561248779,894,821,1887,1071
271,21.0,feeder,0.9548267126083374,894,821,1887,1071
272,21.0,feeder,0.9547691941261292,894,821,1887,1071
273,21.0,feeder,0.954778790473938,894,821,1887,1071
274,21.0,feeder,0.9548007249832153,894,821,1887,1071
275,21.0,feeder,0.9548444151878357,895,821,1887,1071
276,21.0,feeder,0.9548535346984863,895,821,1887,1071
277,21.0,feeder,0.9547994136810303,894,821,1887,1071
278,21.0,feeder,0.9547476768493652,894,821,1887,1071
279,21.0,feeder,0.9547043442726135,894,821,1887,1071
280,21.0,feeder,0.9546571969985962,894,821,1887,1071
281,21.0,feeder,0.9546603560447693,895,821,1887,1071
282,21.0,feeder,0.9546482563018799,895,821,1887,1071
283,21.0,feeder,0.9546866416931152,895,821,1887,1071
284,21.0,feeder,0.9547715187072754,894,821,1887,1071
285,21.0,feeder,0.9548293948173523,894,821,1887,1071
286,21.0,feeder,0.954422116279602,895,821,1887,1071
287,21.0,feeder,0.9543803334236145,894,821,1887,1071
288,21.0,feeder,0.9544269442558289,894,821,1888,1071
289,21.0,feeder,0.9543660879135132,894,821,1888,1071
290,21.0,feeder,0.9543986916542053,894,821,1888,1071
291,21.0,feeder,0.9543749094009399,894,821,1888,1071
292,21.0,feeder,0.9543652534484863,894,821,1888,1071
293,21.0,feeder,0.9543049931526184,894,821,1888,1070
294,21.0,feeder,0.9543632864952087,894,821,1888,1070
295,21.0,feeder,0.954450786113739,894,821,1888,1070
296,21.0,feeder,0.9544514417648315,894,821,1888,1070
297,21.0,feeder,0.9544310569763184,894,821,1888,1070
298,21.0,feeder,0.9543740153312683,894,821,1888,1070
299,21.0,feeder,0.954376220703125,894,821,1888,1070
300,21.0,feeder,0.9543952941894531,894,821,1888,1070
301,21.0,feeder,0.9546189308166504,894,821,1888,1071
302,21.0,feeder,0.954600989818573,894,821,1888,1071
303,21.0,feeder,0.9545758962631226,894,821,1888,1071
304,21.0,feeder,0.954592227935791,894,821,1888,1071
305,21.0,feeder,0.9545912146568298,894,821,1888,1071
306,21.0,feeder,0.9546502232551575,894,821,1888,1071
307,21.0,feeder,0.9546847939491272,894,821,1888,1070
308,21.0,feeder,0.9546654224395752,894,821,1888,1070
309,21.0,feeder,0.9546496868133545,894,821,1888,1070
310,21.0,feeder,0.9546694755554199,894,821,1888,1070
311,21.0,feeder,0.9546645879745483,894,821,1888,1070
312,21.0,feeder,0.9546193480491638,894,821,1888,1070
313,21.0,feeder,0.9546409845352173,894,821,1888,1070
314,21.0,feeder,0.954600989818573,894,821,1888,1070
315,21.0,feeder,0.9545451998710632,894,821,1888,1070
316,21.0,feeder,0.9545072913169861,894,821,1887,1070
317,21.0,feeder,0.9545668959617615,894,821,1887,1070
318,21.0,feeder,0.9546188116073608,894,821,1887,1070
319,21.0,feeder,0.9546036124229431,894,821,1887,1070
320,21.0,feeder,0.9546939134597778,894,821,1887,1070
321,21.0,feeder,0.954678475856781,894,821,1887,1070
322,21.0,feeder,0.9547191262245178,894,821,1887,1070
323,21.0,feeder,0.9547140002250671,894,821,1887,1070
324,21.0,feeder,0.9546758532524109,894,821,1887,1070
325,21.0,feeder,0.9546495676040649,894,821,1887,1070
326,21.0,feeder,0.9546928405761719,894,821,1887,1070
327,21.0,feeder,0.9546622633934021,894,821,1887,1070
328,21.0,feeder,0.9545770287513733,894,821,1887,1070
329,21.0,feeder,0.9545851349830627,894,821,1887,1070
330,21.0,feeder,0.9545637369155884,894,821,1887,1070
331,21.0,feeder,0.9548028111457825,894,821,1887,1070
332,21.0,feeder,0.9547456502914429,894,821,1887,1071
333,21.0,feeder,0.9547922611236572,894,820,1887,1071
334,21.0,feeder,0.9547852873802185,894,820,1887,1071
335,21.0,feeder,0.9547997713088989,894,820,1887,1071
336,21.0,feeder,0.9548446536064148,894,820,1887,1071
337,21.0,feeder,0.9547945261001587,894,820,1887,1071
338,21.0,feeder,0.9547576904296875,894,821,1887,1071
339,21.0,feeder,0.9547709226608276,894,821,1887,1070
340,21.0,feeder,0.9547711610794067,894,821,1887,1070
341,21.0,feeder,0.9547116160392761,894,820,1887,1070
342,21.0,feeder,0.9547905921936035,894,820,1887,1070
343,21.0,feeder,0.9547929167747498,894,820,1887,1070
344,21.0,feeder,0.9547777771949768,894,820,1887,1071
345,21.0,feeder,0.9547362923622131,894,820,1887,1071
346,21.0,feeder,0.9543182253837585,894,821,1887,1071
347,21.0,feeder,0.9543348550796509,894,821,1887,1071
348,21.0,feeder,0.9542892575263977,894,821,1887,1071
349,21.0,feeder,0.95432049036026,894,821,1887,1071
350,21.0,feeder,0.9543429613113403,894,821,1887,1071
351,21.0,feeder,0.9543642401695251,894,822,1887,1071
352,21.0,feeder,0.9544034600257874,894,822,1887,1071
353,21.0,feeder,0.9543934464454651,894,822,1887,1071
354,21.0,feeder,0.9543818235397339,894,821,1887,1071
355,21.0,feeder,0.954438328742981,894,821,1887,1071
356,21.0,feeder,0.9544474482536316,894,821,1887,1070
357,21.0,feeder,0.9544231295585632,894,821,1887,1070
358,21.0,feeder,0.9544525146484375,894,821,1887,1070
359,21.0,feeder,0.9544252753257751,894,821,1887,1070
360,21.0,feeder,0.9544110894203186,894,821,1887,1071
361,21.0,feeder,0.9546117782592773,895,821,1887,1071
362,21.0,feeder,0.9544839262962341,895,821,1887,1071
363,21.0,feeder,0.9544702172279358,895,821,1887,1071
364,21.0,feeder,0.9544517993927002,895,821,1887,1071
365,21.0,feeder,0.9544379711151123,895,821,1887,1071
366,21.0,feeder,0.954503059387207,895,821,1887,1071
367,21.0,feeder,0.9544713497161865,895,821,1887,1071
368,21.0,feeder,0.9544525146484375,895,821,1887,1071
369,21.0,feeder,0.9543871879577637,894,821,1887,1071
370,21.0,feeder,0.9543671011924744,894,821,1887,1071
371,21.0,feeder,0.9544124603271484,894,821,1887,1071
372,21.0,feeder,0.9544581770896912,894,821,1887,1071
373,21.0,feeder,0.9544560313224792,894,821,1887,1071
374,21.0,feeder,0.9544423222541809,894,821,1887,1071
375,21.0,feeder,0.9544615745544434,894,821,1887,1071
376,21.0,feeder,0.9544808864593506,895,821,1887,1071
377,21.0,feeder,0.9543966054916382,895,820,1887,1071
378,21.0,feeder,0.9544188976287842,895,820,1887,1071
379,21.0,feeder,0.9544256925582886,895,820,1887,1071
380,21.0,feeder,0.9545087814331055,894,821,1887,1071
381,21.0,feeder,0.954479992389679,894,821,1887,1070
382,21.0,feeder,0.9545037746429443,894,821,1887,1070
383,21.0,feeder,0.9545383453369141,894,821,1887,1070
384,21.0,feeder,0.9545575976371765,894,821,1887,1070
385,21.0,feeder,0.954587459564209,895,821,1887,1070
386,21.0,feeder,0.9545938372612,895,821,1887,1070
387,21.0,feeder,0.9547106623649597,895,821,1887,1070
388,21.0,feeder,0.954617440700531,895,821,1887,1070
389,21.0,feeder,0.9546091556549072,895,821,1887,1070
390,21.0,feeder,0.9545443058013916,895,821,1887,1070
391,21.0,feeder,0.9544175863265991,894,821,1887,1071
392,21.0,feeder,0.9543964266777039,894,821,1887,1071
393,21.0,feeder,0.954358696937561,894,821,1887,1071
394,21.0,feeder,0.9544082283973694,894,821,1887,1071
395,21.0,feeder,0.9544032216072083,894,821,1887,1071
396,21.0,feeder,0.9544577598571777,894,821,1887,1071
397,21.0,feeder,0.9544194340705872,894,821,1887,1071
398,21.0,feeder,0.9544755816459656,894,821,1887,1071
399,21.0,feeder,0.9544988870620728,894,821,1887,1071
400,21.0,feeder,0.9545199871063232,894,821,1887,1071
401,21.0,feeder,0.9545193314552307,894,821,1887,1071
402,21.0,feeder,0.9544875025749207,894,821,1887,1071
403,21.0,feeder,0.9545771479606628,894,821,1887,1071
404,21.0,feeder,0.9545292258262634,894,821,1887,1071
405,21.0,feeder,0.954558789730072,894,821,1887,1071
406,21.0,feeder,0.9546177387237549,894,821,1887,1070
407,21.0,feeder,0.9546402096748352,894,821,1887,1070
408,21.0,feeder,0.9547059535980225,894,821,1888,1070
409,21.0,feeder,0.9547063112258911,894,821,1888,1070
410,21.0,feeder,0.9546564221382141,894,820,1887,1070
411,21.0,feeder,0.9545900225639343,894,820,1888,1070
412,21.0,feeder,0.9546240568161011,894,820,1888,1070
413,21.0,feeder,0.9546202421188354,894,820,1888,1070
414,21.0,feeder,0.9546432495117188,894,820,1888,1070
415,21.0,feeder,0.954651415348053,894,820,1888,1070
416,21.0,feeder,0.9545857906341553,894,820,1888,1070
417,21.0,feeder,0.9545942544937134,894,820,1888,1070
418,21.0,feeder,0.9546112418174744,894,820,1888,1070
419,21.0,feeder,0.9546228647232056,894,820,1888,1070
420,21.0,feeder,0.9545561671257019,894,820,1888,1070
421,21.0,feeder,0.9544042348861694,894,821,1887,1070
422,21.0,feeder,0.954437792301178,894,821,1887,1070
423,21.0,feeder,0.9544806480407715,894,821,1887,1070
424,21.0,feeder,0.954561710357666,894,821,1887,1070
425,21.0,feeder,0.9545425772666931,894,821,1887,1070
426,21.0,feeder,0.9545592069625854,894,821,1887,1070
427,21.0,feeder,0.9545161724090576,894,821,1887,1070
428,21.0,feeder,0.954500675201416,894,821,1887,1070
429,21.0,feeder,0.9545080661773682,894,821,1887,1070
430,21.0,feeder,0.9544650316238403,894,821,1887,1070
431,21.0,feeder,0.9544579982757568,894,821,1887,1071
432,21.0,feeder,0.9545500874519348,894,821,1887,1071
433,21.0,feeder,0.9545363783836365,894,821,1887,1071
434,21.0,feeder,0.9544875025749207,894,821,1887,1071
435,21.0,feeder,0.9544842839241028,894,821,1887,1070
436,21.0,feeder,0.9547613859176636,894,821,1887,1070
437,21.0,feeder,0.9547381401062012,894,821,1887,1070
438,21.0,feeder,0.9547694325447083,894,821,1887,1070
439,21.0,feeder,0.954650342464447,894,821,1887,1070
440,21.0,feeder,0.9546831250190735,894,821,1887,1070
441,21.0,feeder,0.9547035694122314,894,821,1887,1070
442,21.0,feeder,0.954696536064148,894,821,1887,1070
443,21.0,feeder,0.9546697735786438,894,821,1887,1070
444,21.0,feeder,0.9546446800231934,895,821,1887,1070
445,21.0,feeder,0.9548033475875854,895,821,1887,1070
446,21.0,feeder,0.9548299312591553,895,821,1887,1070
447,21.0,feeder,0.954806387424469,895,821,1887,1070
448,21.0,feeder,0.9547880291938782,895,821,1887,1070
449,21.0,feeder,0.9547632336616516,895,821,1887,1070
450,21.0,feeder,0.9547693133354187,895,821,1887,1070
451,21.0,feeder,0.9546635746955872,895,821,1887,1070
452,21.0,feeder,0.9547211527824402,895,821,1887,1070
453,21.0,feeder,0.9547925591468811,895,821,1887,1070
454,21.0,feeder,0.9547551870346069,895,821,1887,1070
455,21.0,feeder,0.9547756314277649,895,821,1887,1070
456,21.0,feeder,0.9547282457351685,895,821,1887,1070
457,21.0,feeder,0.9546881318092346,895,821,1887,1070
458,21.0,feeder,0.9546725153923035,895,821,1887,1070
459,21.0,feeder,0.9547162652015686,895,821,1887,1070
460,21.0,feeder,0.9547528028488159,895,821,1887,1070
461,21.0,feeder,0.9547547698020935,895,821,1887,1070
462,21.0,feeder,0.9547250866889954,895,821,1887,1070
463,21.0,feeder,0.954766035079956,894,821,1887,1070
464,21.0,feeder,0.95475172996521,894,821,1887,1070
465,21.0,feeder,0.9547411799430847,894,821,1887,1070
466,21.0,feeder,0.9545292258262634,894,821,1887,1070
467,21.0,feeder,0.9545750617980957,894,821,1887,1070
468,21.0,feeder,0.9545965790748596,894,821,1887,1070
469,21.0,feeder,0.9545772075653076,894,821,1887,1070
470,21.0,feeder,0.9544945955276489,895,821,1887,1070
471,21.0,feeder,0.9545042514801025,895,821,1887,1070
472,21.0,feeder,0.954555094242096,895,821,1887,1070
473,21.0,feeder,0.9545498490333557,895,821,1887,1070
474,21.0,feeder,0.9545606374740601,895,821,1887,1070
475,21.0,feeder,0.9545610547065735,895,820,1887,1070
476,21.0,feeder,0.9545457363128662,895,820,1887,1070
477,21.0,feeder,0.9545884132385254,895,820,1887,1070
478,21.0,feeder,0.9546270966529846,895,820,1887,1070
479,21.0,feeder,0.9545770287513733,894,821,1887,1070
480,21.0,feeder,0.9545247554779053,894,820,1887,1070
481,21.0,feeder,0.9545645117759705,895,821,1887,1070
482,21.0,feeder,0.9545785188674927,895,821,1887,1070
483,21.0,feeder,0.9546100497245789,895,821,1887,1070
484,21.0,feeder,0.9546276330947876,895,821,1887,1070
485,21.0,feeder,0.9545889496803284,895,821,1887,1070
486,21.0,feeder,0.9546366333961487,895,821,1887,1070
487,21.0,feeder,0.9546400308609009,895,821,1887,1070
488,21.0,feeder,0.9546495676040649,895,821,1887,1070
489,21.0,feeder,0.9545853734016418,895,821,1887,1070
490,21.0,feeder,0.9545777440071106,895,821,1887,1070
491,21.0,feeder,0.954538881778717,895,821,1887,1070
492,21.0,feeder,0.9545896053314209,895,821,1887,1070
493,21.0,feeder,0.9545906186103821,895,821,1887,1070
494,21.0,feeder,0.9545803666114807,894,821,1887,1070
495,21.0,feeder,0.9545062780380249,894,821,1887,1070
496,21.0,feeder,0.9549530148506165,894,821,1887,1070
497,21.0,feeder,0.9549446105957031,894,821,1887,1070
498,21.0,feeder,0.9548808336257935,893,821,1887,1070
499,21.0,feeder,0.9548874497413635,893,821,1887,1070
500,21.0,feeder,0.9547837972640991,893,821,1887,1070
501,21.0,feeder,0.9548078775405884,893,821,1887,1070
502,21.0,feeder,0.9548921585083008,893,821,1887,1071
503,21.0,feeder,0.9549360275268555,893,821,1887,1071
504,21.0,feeder,0.9548660516738892,893,821,1887,1071
505,21.0,feeder,0.9549184441566467,893,821,1887,1070
506,21.0,feeder,0.9549363851547241,893,821,1887,1070
507,21.0,feeder,0.9549412727355957,893,821,1887,1070
508,21.0,feeder,0.9549273252487183,894,821,1887,1070
509,21.0,feeder,0.9549515843391418,894,821,1887,1070
510,21.0,feeder,0.9549621343612671,894,821,1887,1070
511,21.0,feeder,0.9549236297607422,894,821,1887,1071
512,21.0,feeder,0.954910159111023,894,822,1887,1071
513,21.0,feeder,0.954928457736969,894,822,1887,1071
514,21.0,feeder,0.9549212455749512,894,822,1887,1071
515,21.0,feeder,0.9548958539962769,894,822,1887,1071
516,21.0,feeder,0.9549336433410645,893,822,1887,1071
517,21.0,feeder,0.9548795223236084,893,822,1887,1071
518,21.0,feeder,0.9549316167831421,893,822,1887,1071
519,21.0,feeder,0.9548903107643127,893,822,1887,1071
520,21.0,feeder,0.9549146294593811,893,822,1887,1071
521,21.0,feeder,0.9548572301864624,893,822,1887,1071
522,21.0,feeder,0.9547836780548096,894,822,1887,1071
523,21.0,feeder,0.9547865986824036,894,822,1887,1071
524,21.0,feeder,0.9547740817070007,894,822,1887,1071
525,21.0,feeder,0.9547364115715027,894,822,1887,1070
526,21.0,feeder,0.9548653960227966,894,822,1887,1070
527,21.0,feeder,0.9548895359039307,894,822,1887,1070
528,21.0,feeder,0.9548834562301636,894,822,1887,1070
529,21.0,feeder,0.9548507332801819,893,822,1887,1070
530,21.0,feeder,0.9548931121826172,893,822,1887,1070
531,21.0,feeder,0.9548664689064026,894,822,1887,1070
532,21.0,feeder,0.9549524784088135,894,822,1887,1070
533,21.0,feeder,0.9549028873443604,894,822,1887,1070
534,21.0,feeder,0.954929769039154,894,822,1887,1070
535,21.0,feeder,0.9548743963241577,894,822,1887,1070
536,21.0,feeder,0.9548656344413757,893,822,1887,1070
537,21.0,feeder,0.9549039602279663,894,821,1887,1070
538,21.0,feeder,0.9549068212509155,894,821,1887,1070
539,21.0,feeder,0.9549130797386169,894,821,1887,1070
540,21.0,feeder,0.9548944234848022,893,821,1887,1070
541,21.0,feeder,0.9549790024757385,894,822,1887,1070
542,21.0,feeder,0.9549257159233093,894,822,1887,1070
543,21.0,feeder,0.9548998475074768,894,822,1888,1071
544,21.0,feeder,0.9549861550331116,893,822,1888,1071
545,21.0,feeder,0.9549948573112488,893,822,1888,1071
546,21.0,feeder,0.9549833536148071,893,822,1888,1071
547,21.0,feeder,0.9549390077590942,894,822,1888,1071
548,21.0,feeder,0.9549959301948547,894,821,1888,1071
549,21.0,feeder,0.9549560546875,894,821,1888,1070
550,21.0,feeder,0.9548780918121338,894,821,1888,1070
551,21.0,feeder,0.9548541903495789,894,821,1888,1070
552,21.0,feeder,0.9548580050468445,894,821,1887,1070
553,21.0,feeder,0.954857587814331,894,821,1887,1071
554,21.0,feeder,0.9548651576042175,894,821,1887,1071
555,21.0,feeder,0.9549245238304138,894,821,1887,1070
556,21.0,feeder,0.9549309611320496,895,821,1887,1071
557,21.0,feeder,0.9549211263656616,895,821,1887,1071
558,21.0,feeder,0.954958438873291,895,821,1887,1071
559,21.0,feeder,0.9549878835678101,895,821,1887,1070
560,21.0,feeder,0.9549131989479065,895,821,1887,1070
561,21.0,feeder,0.9549663662910461,895,820,1887,1070
562,21.0,feeder,0.9549635648727417,895,820,1887,1070
563,21.0,feeder,0.9549810290336609,895,821,1887,1070
564,21.0,feeder,0.9549737572669983,895,821,1887,1070
565,21.0,feeder,0.9549877643585205,895,821,1887,1070
566,21.0,feeder,0.9549787640571594,895,821,1887,1070
567,21.0,feeder,0.9549808502197266,895,820,1887,1070
568,21.0,feeder,0.954984188079834,895,821,1887,1070
569,21.0,feeder,0.9550613164901733,895,821,1887,1071
570,21.0,feeder,0.9551059603691101,895,821,1887,1071
571,21.0,feeder,0.9548134207725525,894,821,1887,1070
572,21.0,feeder,0.9548366069793701,894,822,1887,1070
573,21.0,feeder,0.9548490643501282,894,822,1887,1070
574,21.0,feeder,0.9548670053482056,894,822,1887,1070
575,21.0,feeder,0.9548364877700806,894,822,1887,1070
576,21.0,feeder,0.9549102783203125,894,822,1887,1070
577,21.0,feeder,0.9548985362052917,894,822,1887,1070
578,21.0,feeder,0.9549475908279419,894,822,1887,1070
579,21.0,feeder,0.9549763798713684,893,822,1887,1070
580,21.0,feeder,0.9549034237861633,893,822,1887,1070
581,21.0,feeder,0.9549224376678467,894,822,1887,1070
582,21.0,feeder,0.9549028873443604,894,822,1887,1070
583,21.0,feeder,0.9549083113670349,894,822,1887,1070
584,21.0,feeder,0.9549556374549866,894,822,1887,1070
585,21.0,feeder,0.9548311829566956,894,822,1887,1070
586,21.0,feeder,0.9551142454147339,894,821,1887,1070
587,21.0,feeder,0.9551437497138977,894,821,1887,1070
588,21.0,feeder,0.9551529884338379,894,821,1887,1071
589,21.0,feeder,0.9550651907920837,894,821,1887,1071
590,21.0,feeder,0.9550830125808716,894,821,1887,1070
591,21.0,feeder,0.9550707340240479,894,821,1887,1070
592,21.0,feeder,0.9550298452377319,894,821,1887,1070
593,21.0,feeder,0.9550580382347107,894,821,1887,1070
594,21.0,feeder,0.9550829529762268,894,821,1887,1070
595,21.0,feeder,0.9550631642341614,894,821,1887,1070
596,21.0,feeder,0.9550371766090393,894,821,1887,1070
597,21.0,feeder,0.9550178050994873,894,821,1887,1070
598,21.0,feeder,0.9549813866615295,894,821,1887,1070
599,21.0,feeder,0.9549696445465088,894,821,1887,1070
600,21.0,feeder,0.9549734592437744,894,821,1887,1070
601,21.0,feeder,0.9549254179000854,894,821,1887,1070
602,21.0,feeder,0.9548357129096985,894,821,1887,1070
603,21.0,feeder,0.9548193216323853,894,821,1887,1070
604,21.0,feeder,0.9547920227050781,894,821,1887,1070
605,21.0,feeder,0.954831600189209,894,821,1887,1070
606,21.0,feeder,0.9548859596252441,894,821,1887,1070
607,21.0,feeder,0.9547973275184631,894,821,1887,1070
608,21.0,feeder,0.9547995328903198,894,821,1887,1070
609,21.0,feeder,0.9548690915107727,894,821,1887,1070
610,21.0,feeder,0.9548478126525879,894,821,1887,1070
611,21.0,feeder,0.954858124256134,894,821,1887,1070
612,21.0,feeder,0.9549406170845032,894,821,1887,1070
613,21.0,feeder,0.9549661874771118,894,821,1887,1070
614,21.0,feeder,0.9550423622131348,894,821,1887,1070
615,21.0,feeder,0.9551194906234741,894,821,1887,1071
616,21.0,feeder,0.954905092716217,894,821,1887,1071
617,21.0,feeder,0.954907238483429,894,821,1887,1071
618,21.0,feeder,0.9550250768661499,894,821,1887,1070
619,21.0,feeder,0.9550394415855408,894,821,1887,1070
620,21.0,feeder,0.9549336433410645,894,821,1887,1070
621,21.0,feeder,0.9549171328544617,894,821,1887,1070
622,21.0,feeder,0.9550307393074036,894,821,1887,1070
623,21.0,feeder,0.9549900889396667,894,821,1887,1070
624,21.0,feeder,0.9549758434295654,894,821,1887,1070
625,21.0,feeder,0.9549720287322998,894,821,1887,1070
626,21.0,feeder,0.9549563527107239,894,821,1887,1070
627,21.0,feeder,0.9548773765563965,894,821,1887,1070
628,21.0,feeder,0.9548931121826172,894,822,1887,1070
629,21.0,feeder,0.9549005031585693,894,822,1887,1070
630,21.0,feeder,0.9548949599266052,894,822,1887,1070
631,21.0,feeder,0.9549254179000854,894,821,1887,1071
632,21.0,feeder,0.9549320340156555,894,821,1887,1070
633,21.0,feeder,0.9549466967582703,894,821,1887,1070
634,21.0,feeder,0.955003023147583,894,821,1887,1070
635,21.0,feeder,0.9550188779830933,894,821,1887,1070
636,21.0,feeder,0.9550150632858276,894,821,1887,1070
637,21.0,feeder,0.9550267457962036,894,821,1887,1070
638,21.0,feeder,0.9550084471702576,894,821,1887,1070
639,21.0,feeder,0.9550320506095886,894,821,1887,1070
640,21.0,feeder,0.9551296830177307,894,821,1887,1070
641,21.0,feeder,0.9550584554672241,894,821,1887,1070
642,21.0,feeder,0.9551416635513306,894,821,1887,1070
643,21.0,feeder,0.9551068544387817,894,821,1887,1070
644,21.0,feeder,0.9550793170928955,894,821,1887,1070
645,21.0,feeder,0.9551512002944946,894,820,1887,1070
646,21.0,feeder,0.9551050066947937,894,821,1888,1071
647,21.0,feeder,0.955165445804596,894,821,1888,1071
648,21.0,feeder,0.9551171660423279,894,822,1888,1071
649,21.0,feeder,0.9550754427909851,894,822,1888,1071
650,21.0,feeder,0.9550100564956665,894,822,1888,1071
651,21.0,feeder,0.9550229907035828,894,822,1888,1071
652,21.0,feeder,0.9550768136978149,894,822,1888,1071
653,21.0,feeder,0.9550362825393677,894,822,1888,1071
654,21.0,feeder,0.9550406336784363,893,822,1888,1071
655,21.0,feeder,0.9550411701202393,894,822,1888,1071
656,21.0,feeder,0.9549522399902344,894,822,1888,1071
657,21.0,feeder,0.954936146736145,894,822,1888,1071
658,21.0,feeder,0.9548752903938293,894,822,1887,1071
659,21.0,feeder,0.9548388719558716,894,822,1887,1071
660,21.0,feeder,0.9549964070320129,894,822,1887,1071
661,21.0,feeder,0.9548981189727783,894,821,1887,1070
662,21.0,feeder,0.9548788666725159,894,821,1887,1071
663,21.0,feeder,0.9549461603164673,894,821,1887,1070
664,21.0,feeder,0.9550071358680725,895,821,1887,1070
665,21.0,feeder,0.9549747705459595,894,821,1887,1070
666,21.0,feeder,0.9549713730812073,894,822,1887,1070
667,21.0,feeder,0.9550364017486572,894,821,1887,1070
668,21.0,feeder,0.9549914002418518,894,821,1887,1070
669,21.0,feeder,0.9548990726470947,894,821,1887,1070
670,21.0,feeder,0.9549262523651123,894,821,1887,1070
671,21.0,feeder,0.9548516869544983,894,821,1887,1070
672,21.0,feeder,0.9548401832580566,894,821,1887,1070
673,21.0,feeder,0.9549071192741394,894,821,1887,1070
674,21.0,feeder,0.9548903107643127,894,821,1887,1070
675,21.0,feeder,0.9548974633216858,894,821,1887,1070
676,21.0,feeder,0.9550560712814331,894,822,1887,1071
677,21.0,feeder,0.9549971222877502,894,822,1887,1070
678,21.0,feeder,0.9550021290779114,894,822,1887,1070
679,21.0,feeder,0.954912543296814,894,822,1887,1070
680,21.0,feeder,0.9549686312675476,894,822,1887,1071
681,21.0,feeder,0.9549957513809204,894,822,1887,1071
682,21.0,feeder,0.9550266265869141,894,822,1887,1071
683,21.0,feeder,0.9551292657852173,894,822,1887,1071
684,21.0,feeder,0.9550650715827942,894,822,1887,1071
685,21.0,feeder,0.9549885392189026,894,821,1887,1071
686,21.0,feeder,0.9549720287322998,894,822,1887,1071
687,21.0,feeder,0.9549473524093628,894,822,1887,1071
688,21.0,feeder,0.9549374580383301,894,822,1887,1071
689,21.0,feeder,0.9549528956413269,894,822,1887,1071
690,21.0,feeder,0.9549465775489807,894,821,1887,1071
691,21.0,feeder,0.9547914862632751,894,821,1887,1071
692,21.0,feeder,0.9547747373580933,894,821,1887,1071
693,21.0,feeder,0.9548153877258301,894,821,1887,1071
694,21.0,feeder,0.9548293948173523,894,821,1887,1071
695,21.0,feeder,0.954886257648468,894,821,1887,1071
696,21.0,feeder,0.9548675417900085,894,822,1887,1071
697,21.0,feeder,0.9549247622489929,893,822,1887,1071
698,21.0,feeder,0.954928457736969,893,822,1887,1071
699,21.0,feeder,0.9549408555030823,893,822,1887,1071
700,21.0,feeder,0.9549359083175659,893,822,1887,1071
701,21.0,feeder,0.9549173712730408,894,822,1887,1071
702,21.0,feeder,0.9549346566200256,894,822,1887,1071
703,21.0,feeder,0.9549714922904968,894,822,1887,1070
704,21.0,feeder,0.9549548625946045,894,821,1887,1070
705,21.0,feeder,0.9550127983093262,894,821,1887,1070
706,21.0,feeder,0.9549437761306763,894,822,1887,1071
707,21.0,feeder,0.954904317855835,893,822,1887,1071
708,21.0,feeder,0.9549550414085388,893,822,1887,1071
709,21.0,feeder,0.9548993110656738,893,822,1887,1071
710,21.0,feeder,0.9549271464347839,893,822,1887,1071
711,21.0,feeder,0.9549503922462463,893,822,1887,1071
712,21.0,feeder,0.9550072550773621,893,822,1887,1071
713,21.0,feeder,0.9549919366836548,893,822,1887,1071
714,21.0,feeder,0.9550082087516785,893,822,1887,1071
715,21.0,feeder,0.9549862742424011,894,822,1887,1071
716,21.0,feeder,0.9550137519836426,894,821,1887,1071
717,21.0,feeder,0.9548994302749634,894,821,1887,1071
718,21.0,feeder,0.9548256993293762,893,821,1887,1071
719,21.0,feeder,0.9549220204353333,893,821,1887,1071
720,21.0,feeder,0.9550186991691589,893,821,1887,1071
721,21.0,feeder,0.9548028111457825,894,821,1887,1071
722,21.0,feeder,0.9547941088676453,894,821,1887,1071
723,21.0,feeder,0.9547954797744751,894,821,1887,1071
724,21.0,feeder,0.9547854065895081,894,821,1887,1071
725,21.0,feeder,0.954811692237854,894,821,1887,1071
726,21.0,feeder,0.9549068212509155,894,821,1887,1071
727,21.0,feeder,0.9549184441566467,894,821,1887,1071
728,21.0,feeder,0.9549089670181274,894,821,1887,1071
729,21.0,feeder,0.9550088047981262,893,821,1887,1071
730,21.0,feeder,0.9550567269325256,894,821,1887,1071
731,21.0,feeder,0.9550151824951172,894,821,1887,1071
732,21.0,feeder,0.9549604058265686,894,821,1887,1071
733,21.0,feeder,0.954980731010437,893,821,1887,1070
734,21.0,feeder,0.9549751877784729,894,821,1887,1070
735,21.0,feeder,0.9549523591995239,893,821,1887,1071
736,21.0,feeder,0.9549596309661865,894,821,1887,1071
737,21.0,feeder,0.954887866973877,894,821,1888,1071
738,21.0,feeder,0.9549244046211243,894,821,1888,1071
739,21.0,feeder,0.9548707008361816,894,821,1888,1071
740,21.0,feeder,0.9549350738525391,894,821,1888,1071
741,21.0,feeder,0.9549716114997864,894,821,1888,1070
742,21.0,feeder,0.9549813866615295,894,821,1888,1070
743,21.0,feeder,0.9550442099571228,894,821,1888,1070
744,21.0,feeder,0.9550768136978149,894,821,1888,1070
745,21.0,feeder,0.9550696611404419,894,821,1887,1070
746,21.0,feeder,0.9550576210021973,894,822,1887,1070
747,21.0,feeder,0.9550346732139587,894,821,1888,1070
748,21.0,feeder,0.9550302028656006,894,821,1887,1070
749,21.0,feeder,0.9550633430480957,894,821,1887,1070
750,21.0,feeder,0.9550740122795105,894,821,1887,1070
751,21.0,feeder,0.9549670219421387,894,821,1887,1070
752,21.0,feeder,0.9549076557159424,894,822,1887,1071
753,21.0,feeder,0.9549248218536377,894,822,1887,1071
754,21.0,feeder,0.9549411535263062,894,822,1887,1071
755,21.0,feeder,0.9550345540046692,894,822,1887,1070
756,21.0,feeder,0.9551406502723694,894,821,1887,1070
757,21.0,feeder,0.9550968408584595,894,821,1887,1070
758,21.0,feeder,0.9550524950027466,894,821,1887,1070
759,21.0,feeder,0.9550856351852417,894,821,1887,1070
760,21.0,feeder,0.9550533294677734,894,821,1887,1070
761,21.0,feeder,0.9550884962081909,894,821,1887,1071
762,21.0,feeder,0.9551068544387817,894,821,1887,1071
763,21.0,feeder,0.9550389051437378,894,821,1887,1071
764,21.0,feeder,0.9549630284309387,894,821,1887,1071
765,21.0,feeder,0.955010175704956,894,821,1887,1070
766,21.0,feeder,0.9548766016960144,894,821,1888,1070
767,21.0,feeder,0.9549294114112854,894,821,1888,1071
768,21.0,feeder,0.9549195170402527,894,821,1888,1071
769,21.0,feeder,0.9549099802970886,894,821,1888,1071
770,21.0,feeder,0.9548024535179138,894,821,1888,1071
771,21.0,feeder,0.9547670483589172,894,821,1888,1071
772,21.0,feeder,0.9548354744911194,894,821,1888,1071
773,21.0,feeder,0.9548749327659607,894,821,1887,1071
774,21.0,feeder,0.9548826813697815,894,821,1887,1071
775,21.0,feeder,0.9549287557601929,894,822,1887,1071
776,21.0,feeder,0.9549784660339355,894,822,1887,1071
777,21.0,feeder,0.954939067363739,894,822,1888,1071
778,21.0,feeder,0.9548730850219727,894,822,1888,1071
779,21.0,feeder,0.9548198580741882,894,822,1888,1071
780,21.0,feeder,0.9548388719558716,894,822,1887,1071
781,21.0,feeder,0.9548763632774353,894,822,1887,1071
782,21.0,feeder,0.9548847675323486,894,822,1887,1071
783,21.0,feeder,0.9550039768218994,894,822,1887,1071
784,21.0,feeder,0.9550824761390686,894,822,1887,1071
785,21.0,feeder,0.9550972580909729,894,822,1887,1071
786,21.0,feeder,0.954985499382019,894,822,1887,1071
787,21.0,feeder,0.9549461603164673,894,822,1887,1071
788,21.0,feeder,0.954888105392456,894,822,1887,1071
789,21.0,feeder,0.9549056887626648,894,821,1887,1071
790,21.0,feeder,0.9549151659011841,894,822,1887,1071
791,21.0,feeder,0.9549388885498047,894,822,1887,1071
792,21.0,feeder,0.954935610294342,894,822,1887,1071
793,21.0,feeder,0.9549897313117981,894,821,1887,1070
794,21.0,feeder,0.9549925923347473,894,821,1887,1071
795,21.0,feeder,0.9550817608833313,894,822,1887,1071
796,21.0,feeder,0.9551771283149719,894,821,1887,1070
797,21.0,feeder,0.9551717638969421,894,821,1887,1070
798,21.0,feeder,0.9551892876625061,894,821,1887,1070
799,21.0,feeder,0.9551188349723816,894,821,1887,1070
800,21.0,feeder,0.9550484418869019,894,822,1887,1070
801,21.0,feeder,0.9551239013671875,894,822,1887,1070
802,21.0,feeder,0.9550935626029968,894,821,1887,1070
803,21.0,feeder,0.9549872279167175,894,821,1887,1070
804,21.0,feeder,0.955022394657135,894,821,1887,1070
805,21.0,feeder,0.9549547433853149,894,821,1887,1070
806,21.0,feeder,0.9549972414970398,894,821,1887,1070
807,21.0,feeder,0.9550178050994873,894,822,1887,1070
808,21.0,feeder,0.9550697803497314,894,821,1887,1070
809,21.0,feeder,0.9549971222877502,894,821,1887,1070
810,21.0,feeder,0.9550170302391052,894,821,1887,1070
811,21.0,feeder,0.9547927975654602,894,821,1887,1071
812,21.0,feeder,0.9548977017402649,894,821,1887,1071
813,21.0,feeder,0.9550144076347351,894,821,1887,1071
814,21.0,feeder,0.9549097418785095,895,821,1887,1071
815,21.0,feeder,0.9548738598823547,894,821,1887,1071
816,21.0,feeder,0.9548022747039795,894,821,1887,1071
817,21.0,feeder,0.952540934085846,899,819,1886,1071
818,21.0,feeder,0.9540245532989502,899,819,1886,1071
819,21.0,feeder,0.9442436695098877,906,811,1884,1069
820,21.0,feeder,0.9414244890213013,910,805,1885,1069
821,21.0,feeder,0.9372935891151428,912,800,1883,1067
822,21.0,feeder,0.9386942982673645,912,798,1883,1067
822,38.0,gt,0.9213552474975586,519,817,839,1127
823,21.0,feeder,0.9372623562812805,911,798,1883,1067
823,38.0,gt,0.8753607273101807,588,792,899,1108
824,21.0,feeder,0.9389873743057251,909,798,1883,1066
825,21.0,feeder,0.9434203505516052,909,799,1883,1067
826,21.0,feeder,0.9427192211151123,909,800,1883,1067
826,40.0,gt,0.8262002468109131,814,743,1079,898
827,21.0,feeder,0.9415430426597595,909,800,1884,1067
827,40.0,gt,0.7787389159202576,814,737,1089,879
828,21.0,feeder,0.9404199719429016,910,799,1883,1067
828,40.0,bt,0.5988264083862305,813,735,1093,883
828,41.0,gt,0.4948045611381531,813,735,1093,889
829,21.0,feeder,0.9403146505355835,911,798,1883,1067
830,21.0,feeder,0.9403208494186401,911,798,1883,1066
830,40.0,bt,0.809661328792572,823,736,1093,885
831,21.0,feeder,0.9404534697532654,911,798,1883,1066
831,40.0,bt,0.8213541507720947,824,735,1091,884
832,21.0,feeder,0.941332995891571,910,799,1883,1066
832,40.0,gt,0.8166735172271729,820,734,1091,890
833,21.0,feeder,0.9412290453910828,911,799,1883,1067
833,40.0,gt,0.7256205081939697,833,727,1095,892
833,38.0,bt,0.6195551156997681,839,726,1099,888
834,21.0,feeder,0.9411168098449707,911,800,1883,1067
834,40.0,gt,0.6284000873565674,837,724,1096,900
834,38.0,bt,0.49268582463264465,845,722,1103,887
835,21.0,feeder,0.9411379098892212,911,800,1883,1067
835,40.0,gt,0.6868229508399963,839,722,1096,898
835,38.0,bt,0.4503282308578491,847,721,1105,884
836,21.0,feeder,0.9413220286369324,911,800,1883,1067
836,40.0,gt,0.6517009139060974,839,722,1096,900
836,38.0,bt,0.502234935760498,847,721,1105,880
837,21.0,feeder,0.9414709806442261,911,800,1883,1067
837,40.0,gt,0.6585532426834106,839,721,1096,901
837,38.0,bt,0.5208601951599121,847,720,1105,879
838,21.0,feeder,0.9415430426597595,911,800,1883,1067
838,40.0,gt,0.694678008556366,838,721,1096,902
838,38.0,bt,0.45670244097709656,845,720,1104,881
839,21.0,feeder,0.9415515661239624,910,801,1883,1067
839,40.0,gt,0.6891775131225586,839,721,1096,902
839,38.0,bt,0.46954166889190674,845,720,1103,882
840,21.0,feeder,0.9415957927703857,910,801,1883,1067
840,40.0,gt,0.6717738509178162,838,721,1095,903
840,38.0,bt,0.5309675931930542,843,720,1102,883
841,21.0,feeder,0.9419301748275757,910,801,1883,1067
841,40.0,gt,0.7243789434432983,840,721,1096,899
841,38.0,bt,0.40822333097457886,843,721,1101,887
842,21.0,feeder,0.9418503642082214,910,802,1883,1067
842,40.0,gt,0.6287291646003723,840,722,1094,902
842,38.0,bt,0.48328283429145813,844,723,1098,895
843,21.0,feeder,0.9416958689689636,908,803,1883,1067
843,40.0,gt,0.5744737982749939,857,741,1105,901
843,38.0,gt,0.5773380994796753,935,681,1105,897
844,21.0,feeder,0.9412053227424622,910,803,1883,1067
844,40.0,gt,0.7311515808105469,855,750,1126,900
845,21.0,feeder,0.9406330585479736,910,803,1883,1067
845,38.0,gt,0.8398809432983398,964,719,1183,896
846,21.0,feeder,0.9418102502822876,908,803,1883,1068
846,38.0,gt,0.855709433555603,979,734,1226,883
847,21.0,feeder,0.9388279318809509,908,804,1884,1068
847,38.0,gt,0.851066529750824,993,761,1278,904
848,21.0,feeder,0.9369454979896545,908,804,1881,1067
848,38.0,gt,0.861296534538269,1035,800,1346,913
849,21.0,feeder,0.9376899600028992,908,806,1882,1067
849,38.0,gt,0.8707018494606018,1056,806,1395,918
850,21.0,feeder,0.9390279650688171,908,806,1881,1067
850,38.0,gt,0.8853039145469666,1066,803,1421,920
851,21.0,feeder,0.9388697743415833,907,805,1880,1067
851,38.0,gt,0.8862326145172119,1067,800,1430,922
852,21.0,feeder,0.9386355876922607,907,805,1880,1067
852,38.0,gt,0.8811290860176086,1066,799,1432,921
853,21.0,feeder,0.9387514591217041,907,805,1880,1067
853,38.0,gt,0.8782320022583008,1067,798,1434,922
854,21.0,feeder,0.9389128684997559,907,805,1880,1067
854,38.0,gt,0.8821606636047363,1070,798,1434,921
855,21.0,feeder,0.938996434211731,907,804,1880,1067
855,38.0,gt,0.889926016330719,1070,796,1434,922
856,21.0,feeder,0.9390754699707031,907,804,1881,1067
856,38.0,gt,0.8947250843048096,1072,796,1434,921
857,21.0,feeder,0.9390026330947876,907,804,1881,1067
857,38.0,gt,0.8948642611503601,1073,796,1433,921
858,21.0,feeder,0.939182698726654,907,804,1881,1067
858,38.0,gt,0.8903747797012329,1072,796,1432,920
859,21.0,feeder,0.9391734600067139,908,803,1881,1067
859,38.0,gt,0.8577712178230286,1087,802,1441,918
860,21.0,feeder,0.9395977258682251,910,804,1883,1067
860,38.0,gt,0.8553104996681213,1087,821,1455,920
861,21.0,feeder,0.939521074295044,911,804,1883,1067
861,38.0,gt,0.7505831122398376,1097,838,1466,921
862,21.0,feeder,0.9377996921539307,910,801,1881,1067
862,38.0,bt,0.4404746890068054,1109,846,1462,922
863,21.0,feeder,0.9384735822677612,909,800,1881,1067
863,38.0,gt,0.5001378059387207,1128,846,1470,922
864,21.0,feeder,0.9402114748954773,910,802,1883,1067
864,38.0,gt,0.865286111831665,1125,835,1473,921
865,21.0,feeder,0.9396869540214539,909,802,1881,1067
865,38.0,gt,0.8819734454154968,1132,820,1470,920
866,21.0,feeder,0.9397867321968079,908,802,1881,1067
866,38.0,gt,0.8811237215995789,1126,813,1468,920
867,21.0,feeder,0.939740777015686,908,802,1881,1068
867,38.0,gt,0.8832645416259766,1120,810,1468,920
868,21.0,feeder,0.939559817314148,908,802,1881,1067
868,38.0,gt,0.883845329284668,1118,808,1468,920
869,21.0,feeder,0.9395260214805603,908,802,1881,1067
869,38.0,gt,0.8865393400192261,1116,808,1470,921
870,21.0,feeder,0.9397460222244263,907,802,1881,1067
870,38.0,gt,0.8822221159934998,1115,806,1467,921
871,21.0,feeder,0.9404503107070923,908,801,1881,1068
871,38.0,gt,0.8795170783996582,1123,802,1468,921
872,21.0,feeder,0.9403682947158813,908,801,1881,1068
872,38.0,gt,0.8784533143043518,1123,800,1468,922
873,21.0,feeder,0.9401490688323975,908,801,1881,1068
873,38.0,gt,0.8801788687705994,1123,800,1468,921
874,21.0,feeder,0.939911961555481,908,801,1881,1068
874,38.0,gt,0.8812278509140015,1124,801,1467,921
875,21.0,feeder,0.9398548603057861,908,801,1881,1068
875,38.0,gt,0.8844500184059143,1126,801,1467,921
876,21.0,feeder,0.9398874044418335,908,801,1881,1068
876,38.0,gt,0.8836526274681091,1128,801,1466,921
877,21.0,feeder,0.9397584199905396,909,801,1881,1068
877,38.0,gt,0.8752667307853699,1134,812,1468,921
878,21.0,feeder,0.9389399886131287,909,800,1881,1067
878,38.0,gt,0.8267138004302979,1134,832,1476,921
879,21.0,feeder,0.9385930895805359,911,802,1882,1067
879,38.0,gt,0.64272141456604,1144,841,1478,922
880,21.0,feeder,0.9395442605018616,911,803,1883,1067
880,38.0,gt,0.8356753587722778,1140,843,1474,922
881,21.0,feeder,0.9402458071708679,909,803,1882,1067
881,38.0,gt,0.8668142557144165,1130,829,1471,921
882,21.0,feeder,0.9402115345001221,909,803,1881,1067
882,38.0,gt,0.8655291199684143,1128,823,1472,921
883,21.0,feeder,0.9404405951499939,908,803,1881,1068
883,38.0,gt,0.8639451861381531,1128,820,1473,920
884,21.0,feeder,0.9406279921531677,908,803,1881,1068
884,38.0,gt,0.8644405603408813,1129,816,1468,920
885,21.0,feeder,0.9404217600822449,908,802,1881,1068
885,38.0,gt,0.8781736493110657,1130,818,1470,921
886,21.0,feeder,0.9396955966949463,907,803,1881,1067
886,38.0,gt,0.8685399293899536,1128,824,1469,921
887,21.0,feeder,0.9397907853126526,907,802,1881,1067
887,38.0,gt,0.8600178360939026,1132,827,1468,921
887,53.0,gt,0.5176449418067932,1397,831,1465,923
888,21.0,feeder,0.9395025968551636,907,802,1881,1067
888,38.0,gt,0.8611752390861511,1132,829,1468,921
888,53.0,gt,0.403610497713089,1401,834,1466,922
889,21.0,feeder,0.938341498374939,908,800,1881,1067
889,38.0,gt,0.6779690980911255,1134,839,1473,923
889,53.0,gt,0.3988986909389496,1396,853,1473,925
890,21.0,feeder,0.9386630058288574,908,799,1881,1067
890,38.0,gt,0.4804205596446991,1133,842,1474,922
890,53.0,gt,0.3858446180820465,1400,857,1475,925
891,21.0,feeder,0.9388964772224426,909,799,1881,1067
891,38.0,gt,0.6739813089370728,1132,842,1469,921
892,21.0,feeder,0.9385721683502197,909,800,1881,1067
892,38.0,gt,0.693672776222229,1133,842,1462,920
893,21.0,feeder,0.9384278059005737,909,800,1881,1067
893,38.0,gt,0.8031549453735352,1135,843,1459,920
894,21.0,feeder,0.9393939971923828,909,803,1881,1067
894,38.0,gt,0.8493622541427612,1142,793,1455,920
895,21.0,feeder,0.9404784440994263,907,802,1881,1068
895,38.0,gt,0.78104567527771,1210,762,1460,920
896,21.0,feeder,0.9413994550704956,907,803,1881,1068
896,38.0,gt,0.8151059746742249,1266,756,1467,908
897,21.0,feeder,0.9413594007492065,907,804,1882,1068
897,38.0,gt,0.8068357110023499,1326,759,1485,897
898,21.0,feeder,0.9424583911895752,907,807,1883,1068
898,38.0,gt,0.7973266839981079,1386,761,1498,897
899,21.0,feeder,0.9446360468864441,907,809,1884,1068
899,38.0,gt,0.7886130809783936,1402,755,1501,889
900,21.0,feeder,0.9449557065963745,906,810,1885,1068
900,38.0,gt,0.779674232006073,1405,752,1503,886
901,21.0,feeder,0.9464442729949951,906,812,1885,1068
901,38.0,gt,0.771230936050415,1407,753,1506,882
902,21.0,feeder,0.9471024870872498,905,814,1885,1069
902,38.0,gt,0.7647308707237244,1405,750,1506,881
903,21.0,feeder,0.945097804069519,906,812,1885,1068
903,38.0,gt,0.8068719506263733,1399,741,1506,882
904,21.0,feeder,0.9318372011184692,909,805,1884,1068
904,38.0,gt,0.7579562664031982,1368,707,1568,885
905,21.0,feeder,0.9174877405166626,908,803,1882,1068
906,21.0,feeder,0.9114143252372742,908,802,1881,1068
907,21.0,feeder,0.9384503960609436,909,807,1883,1068
908,21.0,feeder,0.9226310849189758,908,812,1886,1069
909,21.0,feeder,0.9494003057479858,907,817,1887,1070
910,21.0,feeder,0.9431156516075134,909,814,1887,1069
911,21.0,feeder,0.9549598693847656,900,819,1887,1070
912,21.0,feeder,0.9298238158226013,907,814,1887,1070
913,21.0,feeder,0.9427144527435303,910,809,1886,1070
914,21.0,feeder,0.9551138281822205,900,817,1887,1070
915,21.0,feeder,0.955024003982544,896,820,1887,1071
916,21.0,feeder,0.9549455046653748,894,821,1887,1070
917,21.0,feeder,0.9549976587295532,893,822,1887,1070
918,21.0,feeder,0.9549027681350708,893,822,1887,1070
919,21.0,feeder,0.9549365639686584,893,822,1887,1070
920,21.0,feeder,0.9549235701560974,893,822,1887,1070
921,21.0,feeder,0.9549760222434998,893,822,1887,1070
922,21.0,feeder,0.9549496173858643,893,822,1888,1070
923,21.0,feeder,0.9549311399459839,893,822,1888,1070
924,21.0,feeder,0.9549216032028198,893,822,1887,1070
925,21.0,feeder,0.9549378752708435,893,822,1887,1070
926,21.0,feeder,0.9548726677894592,893,822,1887,1070
927,21.0,feeder,0.9548161625862122,893,822,1888,1070
928,21.0,feeder,0.9549167156219482,893,822,1888,1070
929,21.0,feeder,0.954910159111023,893,822,1888,1070
930,21.0,feeder,0.9549441933631897,893,822,1887,1070
931,21.0,feeder,0.9546718597412109,893,821,1888,1070
932,21.0,feeder,0.9546812176704407,893,821,1888,1070
933,21.0,feeder,0.9547253251075745,893,821,1888,1070
934,21.0,feeder,0.9547991752624512,893,821,1888,1070
935,21.0,feeder,0.9548656344413757,893,821,1888,1070
936,21.0,feeder,0.9548036456108093,893,821,1888,1070
937,21.0,feeder,0.9548876881599426,893,821,1888,1070
938,21.0,feeder,0.954960286617279,893,821,1888,1070
939,21.0,feeder,0.9549756050109863,894,821,1888,1070
940,21.0,feeder,0.9549713730812073,893,821,1888,1070
941,21.0,feeder,0.9548585414886475,893,821,1888,1070
942,21.0,feeder,0.9548155069351196,893,821,1888,1070
943,21.0,feeder,0.9548337459564209,893,821,1888,1070
944,21.0,feeder,0.9548697471618652,893,821,1888,1070
945,21.0,feeder,0.9548569321632385,893,821,1888,1070
946,21.0,feeder,0.9548635482788086,894,821,1888,1071
947,21.0,feeder,0.9548715949058533,894,821,1888,1071
948,21.0,feeder,0.9548921585083008,894,821,1888,1070
949,21.0,feeder,0.9548021554946899,894,821,1888,1070
950,21.0,feeder,0.9549210667610168,894,821,1888,1070
951,21.0,feeder,0.9547739028930664,894,821,1888,1070
952,21.0,feeder,0.9548508524894714,894,821,1888,1070
953,21.0,feeder,0.9548479914665222,894,821,1888,1070
954,21.0,feeder,0.9549022316932678,894,821,1888,1070
955,21.0,feeder,0.9548887610435486,894,821,1888,1070
956,21.0,feeder,0.9548883438110352,894,821,1888,1070
957,21.0,feeder,0.9548927545547485,894,821,1887,1070
958,21.0,feeder,0.954953670501709,894,821,1887,1070
959,21.0,feeder,0.9549910426139832,894,821,1888,1070
960,21.0,feeder,0.9549890756607056,894,821,1887,1070
961,21.0,feeder,0.9551077485084534,894,821,1887,1070
962,21.0,feeder,0.9551458954811096,894,821,1887,1070
963,21.0,feeder,0.9551275968551636,894,822,1887,1070
964,21.0,feeder,0.9551118612289429,894,821,1887,1070
965,21.0,feeder,0.9551904797554016,894,821,1887,1070
966,21.0,feeder,0.9551790952682495,894,821,1887,1070
967,21.0,feeder,0.955180287361145,894,821,1887,1070
968,21.0,feeder,0.955122172832489,894,821,1887,1070
969,21.0,feeder,0.9550759792327881,894,821,1887,1070
970,21.0,feeder,0.9550774693489075,894,821,1887,1070
971,21.0,feeder,0.9550511837005615,894,821,1887,1071
972,21.0,feeder,0.9550381302833557,893,821,1888,1071
973,21.0,feeder,0.9550321698188782,893,821,1887,1071
974,21.0,feeder,0.9550509452819824,894,821,1887,1071
975,21.0,feeder,0.9550662040710449,894,821,1887,1070
976,21.0,feeder,0.9549211263656616,895,821,1887,1071
977,21.0,feeder,0.9548879861831665,895,821,1887,1071
978,21.0,feeder,0.9549455046653748,895,821,1887,1071
979,21.0,feeder,0.9549192786216736,895,821,1887,1071
980,21.0,feeder,0.954908013343811,895,821,1887,1071
981,21.0,feeder,0.9548908472061157,895,821,1887,1071
982,21.0,feeder,0.9548361301422119,895,821,1887,1071
983,21.0,feeder,0.9548829197883606,895,821,1887,1071
984,21.0,feeder,0.9548748731613159,895,821,1887,1071
985,21.0,feeder,0.9547989964485168,895,822,1887,1071
986,21.0,feeder,0.9548237919807434,895,822,1887,1071
987,21.0,feeder,0.9548213481903076,895,822,1887,1070
988,21.0,feeder,0.954856812953949,895,822,1887,1070
989,21.0,feeder,0.9548912644386292,895,822,1887,1070
990,21.0,feeder,0.9548242092132568,895,822,1887,1070
991,21.0,feeder,0.9547275900840759,895,821,1887,1070
992,21.0,feeder,0.9547609686851501,895,821,1887,1070
993,21.0,feeder,0.9546820521354675,894,821,1887,1070
994,21.0,feeder,0.9547023773193359,894,821,1887,1071
995,21.0,feeder,0.9546923637390137,894,821,1887,1071
996,21.0,feeder,0.9547925591468811,894,821,1887,1071
997,21.0,feeder,0.9547728896141052,894,821,1887,1071
998,21.0,feeder,0.9548725485801697,894,821,1888,1071
999,21.0,feeder,0.9548804759979248,894,821,1888,1070
1000,21.0,feeder,0.9548783302307129,893,821,1888,1070
1001,21.0,feeder,0.9548924565315247,893,821,1887,1070
1002,21.0,feeder,0.9548923373222351,893,821,1887,1070
1003,21.0,feeder,0.954903244972229,893,821,1887,1070
1004,21.0,feeder,0.9548541903495789,893,821,1887,1070
1005,21.0,feeder,0.9547587633132935,893,821,1887,1070
1006,21.0,feeder,0.9548094272613525,893,821,1887,1071
1007,21.0,feeder,0.9547895193099976,894,821,1887,1071
1008,21.0,feeder,0.9548667073249817,894,821,1887,1071
1009,21.0,feeder,0.954854428768158,894,821,1887,1071
1010,21.0,feeder,0.9548043012619019,894,821,1887,1071
1011,21.0,feeder,0.9548493027687073,894,821,1888,1071
1012,21.0,feeder,0.9548180103302002,894,821,1888,1071
1013,21.0,feeder,0.9548061490058899,894,821,1887,1071
1014,21.0,feeder,0.9548072218894958,894,821,1887,1071
1015,21.0,feeder,0.9548360705375671,894,821,1887,1071
1016,21.0,feeder,0.9548132419586182,894,821,1887,1071
1017,21.0,feeder,0.9548783302307129,894,821,1887,1071
1018,21.0,feeder,0.9549421072006226,894,821,1887,1071
1019,21.0,feeder,0.9548934102058411,894,821,1887,1071
1020,21.0,feeder,0.9548488855361938,894,821,1887,1071
1021,21.0,feeder,0.9547085762023926,894,821,1888,1071
1022,21.0,feeder,0.9547346830368042,894,821,1888,1071
1023,21.0,feeder,0.9547686576843262,895,821,1887,1071
1024,21.0,feeder,0.95481276512146,895,821,1888,1071
1025,21.0,feeder,0.9548460245132446,895,821,1887,1071
1026,21.0,feeder,0.9547856450080872,894,821,1888,1071
1027,21.0,feeder,0.9547233581542969,895,821,1888,1071
1028,21.0,feeder,0.9546958804130554,895,821,1888,1071
1029,21.0,feeder,0.954706609249115,895,821,1888,1071
1030,21.0,feeder,0.9546807408332825,895,821,1888,1071
1031,21.0,feeder,0.9546871781349182,895,821,1888,1071
1032,21.0,feeder,0.9547739028930664,894,821,1888,1071
1033,21.0,feeder,0.9548190832138062,894,821,1888,1071
1034,21.0,feeder,0.9547353982925415,894,821,1888,1071
1035,21.0,feeder,0.9548215866088867,894,821,1888,1071
1036,21.0,feeder,0.9546463489532471,894,821,1887,1071
1037,21.0,feeder,0.954649031162262,894,821,1887,1071
1038,21.0,feeder,0.9546376466751099,894,821,1887,1071
1039,21.0,feeder,0.9547358751296997,894,821,1887,1071
1040,21.0,feeder,0.9548065662384033,894,821,1887,1071
1041,21.0,feeder,0.9548998475074768,894,821,1887,1071
1042,21.0,feeder,0.9548391699790955,894,821,1887,1071
1043,21.0,feeder,0.9548491835594177,894,821,1887,1071
1044,21.0,feeder,0.9548625946044922,894,821,1887,1071
1045,21.0,feeder,0.9548476934432983,894,821,1887,1071
1046,21.0,feeder,0.9548406004905701,893,821,1887,1071
1047,21.0,feeder,0.9548021554946899,893,821,1887,1071
1048,21.0,feeder,0.9548031091690063,894,821,1887,1071
1049,21.0,feeder,0.9548487663269043,894,821,1887,1071
1050,21.0,feeder,0.9548197388648987,894,821,1887,1071
1051,21.0,feeder,0.9547093510627747,895,822,1887,1071
1052,21.0,feeder,0.9548407196998596,895,822,1887,1071
1053,21.0,feeder,0.9549713730812073,895,822,1887,1071
1054,21.0,feeder,0.9550055265426636,895,822,1887,1071
1055,21.0,feeder,0.9549914002418518,895,822,1887,1071
1056,21.0,feeder,0.9549900889396667,895,821,1887,1071
1057,21.0,feeder,0.9549100399017334,895,821,1887,1071
1058,21.0,feeder,0.9548416137695312,895,821,1887,1071
1059,21.0,feeder,0.9548338651657104,895,821,1887,1071
1060,21.0,feeder,0.954778254032135,895,821,1887,1071
1061,21.0,feeder,0.9547720551490784,895,821,1887,1071
1062,21.0,feeder,0.9548181295394897,894,821,1887,1071
1063,21.0,feeder,0.954788327217102,894,821,1887,1071
1064,21.0,feeder,0.9548033475875854,894,821,1887,1071
1065,21.0,feeder,0.9548371434211731,894,821,1887,1071
1066,21.0,feeder,0.9551515579223633,894,821,1887,1071
1067,21.0,feeder,0.9550530314445496,894,821,1887,1071
1068,21.0,feeder,0.9550328850746155,894,821,1887,1071
1069,21.0,feeder,0.9549749493598938,893,821,1887,1071
1070,21.0,feeder,0.9550270438194275,893,821,1887,1071
1071,21.0,feeder,0.9550200700759888,893,821,1887,1071
1072,21.0,feeder,0.9550902247428894,894,821,1887,1071
1073,21.0,feeder,0.9550768136978149,894,821,1887,1071
1074,21.0,feeder,0.9550619721412659,893,821,1887,1071
1075,21.0,feeder,0.9550080299377441,893,821,1887,1071
1076,21.0,feeder,0.9550906419754028,894,821,1887,1071
1077,21.0,feeder,0.9551254510879517,893,821,1887,1070
1078,21.0,feeder,0.9550509452819824,893,821,1887,1070
1079,21.0,feeder,0.9550844430923462,893,821,1887,1070
1080,21.0,feeder,0.9550782442092896,893,821,1887,1070
1081,21.0,feeder,0.9547162055969238,894,821,1888,1071
1082,21.0,feeder,0.9548834562301636,894,820,1888,1071
1083,21.0,feeder,0.954829216003418,894,820,1888,1071
1084,21.0,feeder,0.954804003238678,894,820,1888,1071
1085,21.0,feeder,0.9548637866973877,894,821,1888,1071
1086,21.0,feeder,0.954888641834259,894,821,1888,1071
1087,21.0,feeder,0.954853355884552,893,821,1888,1071
1088,21.0,feeder,0.9549168944358826,894,821,1888,1071
1089,21.0,feeder,0.9548578858375549,894,821,1888,1071
1090,21.0,feeder,0.9548420310020447,894,821,1888,1071
1091,21.0,feeder,0.9549071192741394,894,821,1888,1071
1092,21.0,feeder,0.9548794031143188,894,821,1888,1071
1093,21.0,feeder,0.9548309445381165,894,821,1888,1071
1094,21.0,feeder,0.9547555446624756,894,821,1888,1071
1095,21.0,feeder,0.9547495245933533,893,821,1888,1071
1096,21.0,feeder,0.9543039202690125,894,822,1888,1071
1097,21.0,feeder,0.9544262886047363,894,822,1887,1071
1098,21.0,feeder,0.9544918537139893,894,821,1887,1071
1099,21.0,feeder,0.9545480012893677,894,821,1887,1071
1100,21.0,feeder,0.9545274972915649,893,821,1887,1071
1101,21.0,feeder,0.9545187950134277,893,821,1887,1070
1102,21.0,feeder,0.9545400738716125,893,821,1887,1070
1103,21.0,feeder,0.9545813798904419,893,821,1887,1070
1104,21.0,feeder,0.9545960426330566,893,821,1887,1070
1105,21.0,feeder,0.954562246799469,893,821,1887,1070
1106,21.0,feeder,0.9545624852180481,894,821,1887,1070
1107,21.0,feeder,0.9546473026275635,894,821,1887,1070
1108,21.0,feeder,0.954649806022644,894,822,1887,1070
1109,21.0,feeder,0.9546376466751099,894,822,1887,1070
1110,21.0,feeder,0.9545288681983948,894,821,1887,1070
1111,21.0,feeder,0.95473712682724,895,821,1887,1070
1112,21.0,feeder,0.9547474980354309,895,821,1888,1071
1113,21.0,feeder,0.9547181129455566,895,821,1888,1071
1114,21.0,feeder,0.9546999931335449,895,821,1887,1071
1115,21.0,feeder,0.9547332525253296,894,821,1887,1071
1116,21.0,feeder,0.9547734260559082,895,821,1887,1070
1117,21.0,feeder,0.9548073410987854,895,821,1887,1070
1118,21.0,feeder,0.9549303650856018,895,821,1887,1070
1119,21.0,feeder,0.9549062848091125,895,821,1887,1070
1120,21.0,feeder,0.9549273252487183,895,821,1887,1070
1121,21.0,feeder,0.9548936486244202,895,821,1887,1070
1122,21.0,feeder,0.9549155235290527,895,821,1887,1070
1123,21.0,feeder,0.9549208283424377,895,821,1887,1070
1124,21.0,feeder,0.9548674821853638,894,821,1887,1070
1125,21.0,feeder,0.9548977017402649,894,821,1887,1070
1126,21.0,feeder,0.9548836350440979,894,821,1888,1070
1127,21.0,feeder,0.95488440990448,894,821,1888,1070
1128,21.0,feeder,0.9548290967941284,894,821,1888,1070
1129,21.0,feeder,0.9548431038856506,894,821,1888,1070
1130,21.0,feeder,0.954833984375,894,821,1888,1070
1131,21.0,feeder,0.9547477960586548,894,821,1888,1070
1132,21.0,feeder,0.954807460308075,894,822,1888,1070
1133,21.0,feeder,0.9548704028129578,894,822,1888,1070
1134,21.0,feeder,0.9547682404518127,894,822,1888,1070
1135,21.0,feeder,0.9547665119171143,894,822,1888,1070
1136,21.0,feeder,0.9547133445739746,894,822,1888,1070
1137,21.0,feeder,0.9547550678253174,894,821,1888,1071
1138,21.0,feeder,0.9548282027244568,894,821,1888,1071
1139,21.0,feeder,0.9548559188842773,894,821,1888,1071
1140,21.0,feeder,0.9548213481903076,894,821,1888,1071
1141,21.0,feeder,0.9547929167747498,894,822,1888,1071
1142,21.0,feeder,0.9547537565231323,894,822,1888,1071
1143,21.0,feeder,0.9547285437583923,894,822,1888,1071
1144,21.0,feeder,0.9546948671340942,894,822,1888,1071
1145,21.0,feeder,0.9546868205070496,894,822,1888,1071
1146,21.0,feeder,0.9547469615936279,893,822,1888,1071
1147,21.0,feeder,0.9547064304351807,893,822,1888,1071
1148,21.0,feeder,0.954779863357544,894,822,1888,1071
1149,21.0,feeder,0.9548348784446716,894,822,1888,1070
1150,21.0,feeder,0.9547874927520752,894,821,1888,1070
1151,21.0,feeder,0.9548660516738892,894,821,1888,1070
1152,21.0,feeder,0.9548451900482178,894,821,1888,1070
1153,21.0,feeder,0.9548770189285278,894,821,1888,1070
1154,21.0,feeder,0.9548474550247192,894,821,1888,1070
1155,21.0,feeder,0.9548364877700806,894,821,1888,1070
1156,21.0,feeder,0.9549829959869385,894,822,1888,1070
1157,21.0,feeder,0.9549793004989624,894,822,1888,1071
1158,21.0,feeder,0.9549474716186523,894,822,1888,1070
1159,21.0,feeder,0.9549564719200134,894,822,1887,1071
1160,21.0,feeder,0.9550133347511292,894,822,1887,1071
1161,21.0,feeder,0.9550182223320007,894,822,1888,1070
1162,21.0,feeder,0.9549556970596313,894,821,1888,1070
1163,21.0,feeder,0.9548690915107727,894,821,1888,1070
1164,21.0,feeder,0.9548775553703308,894,821,1888,1071
1165,21.0,feeder,0.9549225568771362,894,821,1887,1071
1166,21.0,feeder,0.9549196362495422,894,821,1888,1071
1167,21.0,feeder,0.9549647569656372,894,822,1888,1071
1168,21.0,feeder,0.9548346400260925,894,822,1888,1071
1169,21.0,feeder,0.9548322558403015,894,821,1888,1071
1170,21.0,feeder,0.954907238483429,894,821,1888,1071
1171,21.0,feeder,0.9550522565841675,894,821,1888,1070
1172,21.0,feeder,0.9550362825393677,894,821,1888,1070
1173,21.0,feeder,0.9550634622573853,894,821,1888,1070
1174,21.0,feeder,0.9550771713256836,894,821,1888,1070
1175,21.0,feeder,0.9551230669021606,894,821,1888,1070
1176,21.0,feeder,0.9550646543502808,894,821,1888,1070
1177,21.0,feeder,0.9550365209579468,894,821,1888,1070
1178,21.0,feeder,0.9549861550331116,894,821,1888,1070
1179,21.0,feeder,0.954933226108551,894,821,1888,1070
1180,21.0,feeder,0.9548697471618652,894,821,1888,1070
1181,21.0,feeder,0.9548961520195007,894,821,1888,1070
1182,21.0,feeder,0.9548652768135071,894,821,1888,1070
1183,21.0,feeder,0.954887330532074,894,821,1888,1070
1184,21.0,feeder,0.9549776911735535,894,821,1888,1070
1185,21.0,feeder,0.9550297856330872,894,821,1888,1070
1186,21.0,feeder,0.9549731016159058,894,821,1888,1070
1187,21.0,feeder,0.9549294114112854,894,821,1888,1070
1188,21.0,feeder,0.9549493193626404,894,821,1888,1070
1189,21.0,feeder,0.9549309611320496,894,821,1888,1070
1190,21.0,feeder,0.9548826813697815,894,822,1888,1070
1191,21.0,feeder,0.9549118876457214,894,822,1888,1070
1192,21.0,feeder,0.9549213647842407,894,822,1888,1070
1193,21.0,feeder,0.9548940062522888,894,821,1888,1070
1194,21.0,feeder,0.9549005031585693,894,821,1888,1070
1195,21.0,feeder,0.9549122452735901,894,821,1888,1070
1196,21.0,feeder,0.9549433588981628,894,821,1888,1070
1197,21.0,feeder,0.9550368189811707,894,821,1888,1070
1198,21.0,feeder,0.9550750851631165,894,821,1888,1070
1199,21.0,feeder,0.9550778269767761,894,821,1888,1070
1200,21.0,feeder,0.9550212621688843,894,821,1888,1070
1201,21.0,feeder,0.9547979831695557,894,821,1888,1070
1202,21.0,feeder,0.954788327217102,894,821,1887,1070
1203,21.0,feeder,0.9547662734985352,894,821,1887,1070
1204,21.0,feeder,0.9547635316848755,894,821,1887,1070
1205,21.0,feeder,0.9547492265701294,894,821,1887,1070
1206,21.0,feeder,0.9547847509384155,894,822,1887,1071
1207,21.0,feeder,0.9549229145050049,894,822,1887,1071
1208,21.0,feeder,0.9549607038497925,894,822,1887,1071
1209,21.0,feeder,0.9548841714859009,894,822,1888,1071
1210,21.0,feeder,0.9548247456550598,894,822,1888,1071
1211,21.0,feeder,0.954906165599823,894,821,1887,1071
1212,21.0,feeder,0.9549514651298523,894,821,1887,1071
1213,21.0,feeder,0.9550484418869019,894,821,1887,1071
1214,21.0,feeder,0.955048680305481,894,821,1887,1071
1215,21.0,feeder,0.9550055265426636,894,821,1887,1071
1216,21.0,feeder,0.9551357626914978,894,822,1887,1071
1217,21.0,feeder,0.9552043080329895,894,822,1887,1071
1218,21.0,feeder,0.955165684223175,894,822,1887,1071
1219,21.0,feeder,0.9551159739494324,894,822,1887,1071
1220,21.0,feeder,0.9550799131393433,894,822,1887,1071
1221,21.0,feeder,0.9550582766532898,894,822,1887,1071
1222,21.0,feeder,0.9551699161529541,894,822,1887,1071
1223,21.0,feeder,0.9551129341125488,894,822,1887,1070
1224,21.0,feeder,0.9551114439964294,894,822,1887,1070
1225,21.0,feeder,0.9550803303718567,894,822,1887,1071
1226,21.0,feeder,0.9551177024841309,894,822,1887,1070
1227,21.0,feeder,0.955242931842804,894,822,1887,1070
1228,21.0,feeder,0.9551716446876526,894,822,1887,1070
1229,21.0,feeder,0.9551878571510315,894,822,1887,1070
1230,21.0,feeder,0.9551104307174683,894,822,1887,1071
1231,21.0,feeder,0.9547745585441589,894,821,1888,1071
1232,21.0,feeder,0.9548920392990112,894,821,1888,1070
1233,21.0,feeder,0.9548904895782471,894,821,1888,1070
1234,21.0,feeder,0.9549931287765503,894,821,1888,1070
1235,21.0,feeder,0.9548848271369934,894,821,1887,1070
1236,21.0,feeder,0.9548528790473938,894,821,1887,1070
1237,21.0,feeder,0.9548166990280151,894,821,1887,1070
1238,21.0,feeder,0.9549363851547241,894,821,1887,1070
1239,21.0,feeder,0.954864501953125,894,821,1887,1070
1240,21.0,feeder,0.9549130797386169,894,821,1887,1070
1241,21.0,feeder,0.9549124836921692,894,821,1887,1070
1242,21.0,feeder,0.9549612402915955,894,821,1887,1070
1243,21.0,feeder,0.9549288749694824,893,821,1887,1070
1244,21.0,feeder,0.9549494981765747,894,821,1888,1070
1245,21.0,feeder,0.9549978971481323,894,821,1888,1070
1246,21.0,feeder,0.9548764824867249,894,821,1888,1071
1247,21.0,feeder,0.9548677802085876,894,821,1888,1071
1248,21.0,feeder,0.9547970294952393,894,821,1888,1071
1249,21.0,feeder,0.9548872113227844,894,821,1888,1071
1250,21.0,feeder,0.9548206329345703,894,821,1888,1071
1251,21.0,feeder,0.9548866152763367,894,821,1888,1071
1252,21.0,feeder,0.9548407196998596,894,821,1888,1071
1253,21.0,feeder,0.9548024535179138,893,821,1888,1071
1254,21.0,feeder,0.9548057317733765,893,821,1888,1071
1255,21.0,feeder,0.9547838568687439,893,821,1888,1071
1256,21.0,feeder,0.9548745155334473,893,821,1888,1071
1257,21.0,feeder,0.9548164010047913,893,821,1888,1071
1258,21.0,feeder,0.9547749757766724,893,821,1888,1071
1259,21.0,feeder,0.9547932147979736,893,821,1888,1071
1260,21.0,feeder,0.9547690749168396,893,821,1887,1071
1261,21.0,feeder,0.9549474716186523,894,821,1887,1071
1262,21.0,feeder,0.9549990892410278,894,821,1887,1071
1263,21.0,feeder,0.9549291729927063,894,821,1887,1071
1264,21.0,feeder,0.9549002647399902,894,821,1887,1071
1265,21.0,feeder,0.9549183249473572,894,821,1887,1070
1266,21.0,feeder,0.9550039768218994,894,821,1887,1070
1267,21.0,feeder,0.9550625085830688,894,821,1887,1070
1268,21.0,feeder,0.9550583362579346,894,821,1887,1070
1269,21.0,feeder,0.9550235867500305,894,821,1887,1070
1270,21.0,feeder,0.9549365639686584,894,821,1887,1070
1271,21.0,feeder,0.9548698663711548,894,821,1887,1070
1272,21.0,feeder,0.9549185633659363,894,821,1887,1070
1273,21.0,feeder,0.9549770355224609,894,821,1887,1070
1274,21.0,feeder,0.9549534320831299,894,821,1887,1070
1275,21.0,feeder,0.9549878835678101,894,821,1887,1070
1276,21.0,feeder,0.9551045894622803,894,821,1887,1071
1277,21.0,feeder,0.9551803469657898,894,821,1887,1071
1278,21.0,feeder,0.9551995992660522,894,821,1887,1071
1279,21.0,feeder,0.9552016854286194,894,821,1887,1071
1280,21.0,feeder,0.9551292657852173,894,821,1887,1071
1281,21.0,feeder,0.9551267623901367,894,821,1887,1071
1282,21.0,feeder,0.9551112055778503,894,821,1887,1071
1283,21.0,feeder,0.9552004933357239,894,821,1887,1071
1284,21.0,feeder,0.9551374316215515,894,821,1887,1071
1285,21.0,feeder,0.9551411271095276,894,821,1887,1071
1286,21.0,feeder,0.9551224112510681,894,822,1887,1071
1287,21.0,feeder,0.955154299736023,894,822,1887,1071
1288,21.0,feeder,0.9550328850746155,894,822,1887,1071
1289,21.0,feeder,0.9550563097000122,894,822,1887,1071
1290,21.0,feeder,0.9549744129180908,894,822,1887,1071
1291,21.0,feeder,0.9546412229537964,894,822,1887,1071
1292,21.0,feeder,0.9546917080879211,894,822,1888,1071
1293,21.0,feeder,0.9547891020774841,894,821,1888,1071
1294,21.0,feeder,0.9547739624977112,894,821,1888,1071
1295,21.0,feeder,0.9546906352043152,894,821,1888,1071
1296,21.0,feeder,0.9547155499458313,894,821,1887,1071
1297,21.0,feeder,0.9547637701034546,893,821,1887,1070
1298,21.0,feeder,0.9548454880714417,893,822,1888,1070
1299,21.0,feeder,0.9548197388648987,893,821,1887,1070
1300,21.0,feeder,0.9548406004905701,893,821,1888,1070
1301,21.0,feeder,0.954926073551178,893,821,1888,1070
1302,21.0,feeder,0.954856812953949,894,821,1888,1070
1303,21.0,feeder,0.9549106955528259,894,821,1888,1071
1304,21.0,feeder,0.9548987746238708,894,821,1888,1071
1305,21.0,feeder,0.9549263715744019,894,821,1888,1071
1306,21.0,feeder,0.9546783566474915,894,821,1887,1070
1307,21.0,feeder,0.9547909498214722,894,822,1887,1070
1308,21.0,feeder,0.954757809638977,894,822,1887,1070
1309,21.0,feeder,0.954731822013855,894,822,1887,1070
1310,21.0,feeder,0.9547934532165527,893,822,1887,1070
1311,21.0,feeder,0.9546912908554077,893,822,1887,1070
1312,21.0,feeder,0.9546982645988464,893,822,1887,1070
1313,21.0,feeder,0.9545508623123169,893,822,1887,1070
1314,21.0,feeder,0.9547017216682434,893,822,1887,1070
1315,21.0,feeder,0.9546770453453064,893,821,1887,1070
1316,21.0,feeder,0.9547715187072754,893,821,1887,1070
1317,21.0,feeder,0.9546908736228943,893,821,1887,1070
1318,21.0,feeder,0.9547662734985352,894,821,1887,1070
1319,21.0,feeder,0.9548060297966003,893,821,1887,1070
1320,21.0,feeder,0.9547935724258423,893,821,1887,1070
1321,21.0,feeder,0.9550856351852417,894,822,1887,1070
1322,21.0,feeder,0.9551905989646912,894,822,1887,1070
1323,21.0,feeder,0.9551531672477722,894,822,1887,1070
1324,21.0,feeder,0.9551035761833191,894,822,1887,1070
1325,21.0,feeder,0.955120861530304,894,822,1887,1070
1326,21.0,feeder,0.9551180601119995,893,822,1887,1071
1327,21.0,feeder,0.9551588296890259,893,822,1887,1071
1328,21.0,feeder,0.9550854563713074,893,822,1887,1071
1329,21.0,feeder,0.9550009369850159,893,822,1887,1071
1330,21.0,feeder,0.9550100564956665,893,822,1887,1071
1331,21.0,feeder,0.9550483822822571,893,822,1887,1071
1332,21.0,feeder,0.9550146460533142,893,822,1887,1071
1333,21.0,feeder,0.9550060629844666,893,822,1887,1071
1334,21.0,feeder,0.9550434350967407,893,822,1887,1071
1335,21.0,feeder,0.9550622701644897,893,822,1887,1071
1336,21.0,feeder,0.9547252058982849,894,821,1887,1070
1337,21.0,feeder,0.9548016786575317,894,821,1887,1070
1338,21.0,feeder,0.9547829031944275,894,821,1887,1070
1339,21.0,feeder,0.9547929167747498,894,821,1887,1070
1340,21.0,feeder,0.9548024535179138,895,821,1887,1070
1341,21.0,feeder,0.9548235535621643,895,821,1887,1070
1342,21.0,feeder,0.9548068046569824,895,821,1887,1070
1343,21.0,feeder,0.9547981023788452,895,821,1887,1070
1344,21.0,feeder,0.9547418355941772,895,821,1887,1070
1345,21.0,feeder,0.9547358751296997,895,821,1887,1070
1346,21.0,feeder,0.9548506140708923,894,821,1887,1070
1347,21.0,feeder,0.9547715187072754,895,822,1887,1070
1348,21.0,feeder,0.9547604322433472,895,821,1887,1071
1349,21.0,feeder,0.9548168182373047,895,821,1887,1071
1350,21.0,feeder,0.9548238515853882,894,821,1888,1071
1351,21.0,feeder,0.9547720551490784,894,822,1888,1071
1352,21.0,feeder,0.9547668099403381,894,822,1888,1071
1353,21.0,feeder,0.9548037648200989,894,822,1888,1071
1354,21.0,feeder,0.9548302888870239,894,822,1888,1071
1355,21.0,feeder,0.9547900557518005,894,822,1888,1071
1356,21.0,feeder,0.9548442959785461,894,822,1888,1070
1357,21.0,feeder,0.9548907279968262,894,822,1888,1070
1358,21.0,feeder,0.9548736810684204,894,822,1887,1070
1359,21.0,feeder,0.9548012614250183,894,822,1887,1070
1360,21.0,feeder,0.9547876715660095,894,822,1887,1070
1361,21.0,feeder,0.954833984375,894,822,1887,1070
1362,21.0,feeder,0.9548060297966003,894,822,1887,1070
1363,21.0,feeder,0.9547974467277527,894,821,1887,1070
1364,21.0,feeder,0.954838752746582,894,821,1887,1070
1365,21.0,feeder,0.9548761248588562,894,822,1887,1070
1366,21.0,feeder,0.9548009634017944,894,821,1887,1071
1367,21.0,feeder,0.9547959566116333,893,821,1887,1071
1368,21.0,feeder,0.9548267126083374,894,821,1887,1071
1369,21.0,feeder,0.9548289775848389,894,821,1887,1071
1370,21.0,feeder,0.9547674655914307,894,821,1887,1071
1371,21.0,feeder,0.9548065066337585,894,821,1887,1071
1372,21.0,feeder,0.9547441005706787,894,821,1887,1071
1373,21.0,feeder,0.9547027945518494,894,821,1887,1071
1374,21.0,feeder,0.9547374844551086,894,821,1887,1071
1375,21.0,feeder,0.9547473788261414,894,821,1888,1071
1376,21.0,feeder,0.9548776745796204,894,821,1887,1071
1377,21.0,feeder,0.9549012780189514,894,821,1887,1071
1378,21.0,feeder,0.9548861384391785,894,821,1887,1071
1379,21.0,feeder,0.9548607468605042,894,821,1887,1071
1380,21.0,feeder,0.9549853801727295,894,821,1887,1071
1381,21.0,feeder,0.9548925757408142,894,821,1887,1070
1382,21.0,feeder,0.9548541903495789,894,821,1887,1070
1383,21.0,feeder,0.9548733234405518,894,821,1887,1070
1384,21.0,feeder,0.9548309445381165,894,821,1887,1070
1385,21.0,feeder,0.9548853039741516,894,821,1887,1070
1386,21.0,feeder,0.954836368560791,894,821,1887,1071
1387,21.0,feeder,0.9549254179000854,894,821,1887,1071
1388,21.0,feeder,0.9549721479415894,894,821,1887,1071
1389,21.0,feeder,0.9550443291664124,894,821,1887,1071
1390,21.0,feeder,0.9549872279167175,894,821,1887,1071
1391,21.0,feeder,0.9550318121910095,894,821,1887,1071
1392,21.0,feeder,0.9550249576568604,894,821,1887,1071
1393,21.0,feeder,0.9550543427467346,895,821,1887,1070
1394,21.0,feeder,0.9550357460975647,895,821,1887,1070
1395,21.0,feeder,0.9550272822380066,895,821,1887,1070
1396,21.0,feeder,0.9545514583587646,894,821,1887,1071
1397,21.0,feeder,0.9546511173248291,894,821,1887,1071
1398,21.0,feeder,0.9546824097633362,894,821,1887,1071
1399,21.0,feeder,0.954682469367981,894,821,1887,1071
1400,21.0,feeder,0.9546413421630859,894,821,1887,1071
1401,21.0,feeder,0.9546183943748474,894,821,1887,1071
1402,21.0,feeder,0.9546257853507996,894,821,1887,1071
1403,21.0,feeder,0.9545732140541077,894,821,1887,1071
1404,21.0,feeder,0.954595685005188,894,821,1887,1070
1405,21.0,feeder,0.9546175599098206,894,821,1887,1070
1406,21.0,feeder,0.9545174837112427,895,821,1887,1071
1407,21.0,feeder,0.9545573592185974,895,821,1887,1071
1408,21.0,feeder,0.9545425772666931,894,821,1887,1071
1409,21.0,feeder,0.9545837640762329,894,821,1887,1071
1410,21.0,feeder,0.954656183719635,894,821,1887,1071
1411,21.0,feeder,0.9548599720001221,894,821,1887,1070
1412,21.0,feeder,0.9548935294151306,894,821,1887,1070
1413,21.0,feeder,0.9549703001976013,894,821,1887,1070
1414,21.0,feeder,0.9549895524978638,894,821,1887,1070
1415,21.0,feeder,0.9549834728240967,894,821,1887,1070
1416,21.0,feeder,0.9549705982208252,894,821,1887,1070
1417,21.0,feeder,0.9549680352210999,894,821,1887,1070
1418,21.0,feeder,0.9549816250801086,894,821,1887,1070
1419,21.0,feeder,0.9548794031143188,894,821,1887,1070
1420,21.0,feeder,0.9548709392547607,894,821,1887,1070
1421,21.0,feeder,0.9548060297966003,894,821,1887,1070
1422,21.0,feeder,0.954829752445221,894,821,1887,1070
1423,21.0,feeder,0.9548759460449219,894,821,1887,1070
1424,21.0,feeder,0.9548522233963013,894,821,1887,1070
1425,21.0,feeder,0.9549903869628906,894,821,1887,1070
1426,21.0,feeder,0.954754650592804,894,822,1887,1071
1427,21.0,feeder,0.9548251628875732,894,822,1887,1071
1428,21.0,feeder,0.9548527002334595,894,822,1887,1071
1429,21.0,feeder,0.9547818303108215,894,822,1887,1071
1430,21.0,feeder,0.9548187851905823,895,822,1887,1071
1431,21.0,feeder,0.9548180103302002,895,822,1887,1071
1432,21.0,feeder,0.9548471570014954,895,822,1887,1071
1433,21.0,feeder,0.9547939896583557,895,822,1887,1071
1434,21.0,feeder,0.9548773765563965,895,822,1887,1071
1435,21.0,feeder,0.9548322558403015,895,822,1887,1071
1436,21.0,feeder,0.9548273682594299,895,822,1887,1071
1437,21.0,feeder,0.9548539519309998,894,822,1888,1071
1438,21.0,feeder,0.9548677802085876,894,822,1888,1071
1439,21.0,feeder,0.9548449516296387,894,822,1888,1071
1440,21.0,feeder,0.9548437595367432,894,822,1888,1071
1441,21.0,feeder,0.9547174572944641,894,822,1887,1071
1442,21.0,feeder,0.9547686576843262,894,822,1887,1071
1443,21.0,feeder,0.9547406435012817,894,822,1887,1071
1444,21.0,feeder,0.9546893239021301,893,822,1887,1071
1445,21.0,feeder,0.954706609249115,893,822,1887,1071
1446,21.0,feeder,0.9547650814056396,893,822,1887,1071
1447,21.0,feeder,0.9547549486160278,893,822,1887,1071
1448,21.0,feeder,0.9547199606895447,893,821,1887,1071
1449,21.0,feeder,0.9547319412231445,893,821,1887,1071
1450,21.0,feeder,0.9547166228294373,894,821,1887,1071
1451,21.0,feeder,0.9546970725059509,893,821,1887,1071
1452,21.0,feeder,0.9547405242919922,893,821,1887,1071
1453,21.0,feeder,0.9548131227493286,894,821,1887,1071
1454,21.0,feeder,0.9547369480133057,894,821,1887,1071
1455,21.0,feeder,0.9546841382980347,894,821,1887,1071
1456,21.0,feeder,0.9546226263046265,894,822,1887,1071
1457,21.0,feeder,0.9546392560005188,893,822,1887,1071
1458,21.0,feeder,0.9546027779579163,894,822,1887,1071
1459,21.0,feeder,0.9546775221824646,894,822,1887,1071
1460,21.0,feeder,0.9546800255775452,894,822,1887,1071
1461,21.0,feeder,0.9547414779663086,894,822,1887,1071
1462,21.0,feeder,0.954757034778595,894,822,1887,1071
1463,21.0,feeder,0.954751193523407,894,821,1887,1071
1464,21.0,feeder,0.9548003077507019,894,821,1887,1071
1465,21.0,feeder,0.9546864032745361,894,821,1887,1071
1466,21.0,feeder,0.9546585083007812,894,821,1887,1071
1467,21.0,feeder,0.9546967148780823,894,821,1887,1071
1468,21.0,feeder,0.9546898603439331,894,821,1887,1071
1469,21.0,feeder,0.9547147750854492,894,821,1887,1071
1470,21.0,feeder,0.9546820521354675,894,821,1887,1071
1471,21.0,feeder,0.9549252986907959,894,821,1887,1071
1472,21.0,feeder,0.954950749874115,894,821,1887,1071
1473,21.0,feeder,0.95490962266922,894,821,1887,1070
1474,21.0,feeder,0.9548754096031189,894,821,1887,1070
1475,21.0,feeder,0.9548377990722656,894,821,1887,1070
1476,21.0,feeder,0.9548813700675964,894,821,1887,1070
1477,21.0,feeder,0.954883337020874,894,821,1887,1070
1478,21.0,feeder,0.9549129009246826,894,821,1887,1070
1479,21.0,feeder,0.9547971487045288,894,821,1887,1070
1480,21.0,feeder,0.954950749874115,894,821,1887,1070
1481,21.0,feeder,0.9548894166946411,894,821,1887,1070
1482,21.0,feeder,0.9548419117927551,894,821,1888,1071
1483,21.0,feeder,0.9548563957214355,894,821,1888,1070
1484,21.0,feeder,0.9549934267997742,894,821,1888,1070
1485,21.0,feeder,0.9550056457519531,894,821,1887,1070
1486,21.0,feeder,0.9548883438110352,894,821,1887,1071
1487,21.0,feeder,0.9549523591995239,894,821,1887,1071
1488,21.0,feeder,0.9550021290779114,894,821,1887,1071
1489,21.0,feeder,0.9549728035926819,894,821,1888,1071
1490,21.0,feeder,0.954936146736145,894,821,1888,1071
1491,21.0,feeder,0.9548446536064148,894,821,1888,1071
1492,21.0,feeder,0.9549255967140198,894,821,1888,1071
1493,21.0,feeder,0.9549696445465088,894,822,1887,1071
1494,21.0,feeder,0.9549942016601562,894,822,1887,1071
1495,21.0,feeder,0.9549211263656616,894,822,1887,1071
1496,21.0,feeder,0.9548665881156921,894,822,1887,1071
1497,21.0,feeder,0.9547722339630127,894,822,1887,1070
1498,21.0,feeder,0.9548462629318237,893,822,1887,1071
1499,21.0,feeder,0.9548825621604919,893,822,1887,1071
1500,21.0,feeder,0.9548643231391907,893,822,1887,1071
1501,21.0,feeder,0.9547743201255798,894,821,1888,1070
1502,21.0,feeder,0.9547243118286133,894,821,1887,1070
1503,21.0,feeder,0.9547905325889587,894,821,1887,1070
1504,21.0,feeder,0.954803466796875,894,821,1887,1070
1505,21.0,feeder,0.9548482298851013,895,821,1887,1070
1506,21.0,feeder,0.9548189640045166,895,821,1887,1070
1507,21.0,feeder,0.9548031091690063,895,821,1887,1070
1508,21.0,feeder,0.9547709226608276,895,821,1887,1070
1509,21.0,feeder,0.9547963738441467,895,821,1887,1070
1510,21.0,feeder,0.9548812508583069,895,821,1887,1070
1511,21.0,feeder,0.954885721206665,895,821,1887,1070
1512,21.0,feeder,0.9548721313476562,895,821,1887,1070
1513,21.0,feeder,0.9547891020774841,895,821,1887,1070
1514,21.0,feeder,0.9547884464263916,894,821,1887,1070
1515,21.0,feeder,0.9547797441482544,894,821,1887,1070
1516,21.0,feeder,0.9547513723373413,894,821,1887,1070
1517,21.0,feeder,0.9548308253288269,894,821,1887,1070
1518,21.0,feeder,0.9548903703689575,894,821,1888,1070
1519,21.0,feeder,0.9549238681793213,894,821,1888,1070
1520,21.0,feeder,0.9549272656440735,894,821,1887,1070
1521,21.0,feeder,0.9548920392990112,894,821,1887,1070
1522,21.0,feeder,0.9549049735069275,894,821,1887,1070
1523,21.0,feeder,0.9549287557601929,894,821,1887,1071
1524,21.0,feeder,0.9548424482345581,894,821,1887,1071
1525,21.0,feeder,0.9548320174217224,894,821,1887,1071
1526,21.0,feeder,0.9548274874687195,893,821,1887,1070
1527,21.0,feeder,0.9548119306564331,893,821,1887,1070
1528,21.0,feeder,0.9548771381378174,893,821,1887,1070
1529,21.0,feeder,0.9548636674880981,893,821,1887,1070
1530,21.0,feeder,0.9548391699790955,894,821,1887,1070
1531,21.0,feeder,0.9547926783561707,894,821,1887,1071
1532,21.0,feeder,0.9547732472419739,894,822,1887,1071
1533,21.0,feeder,0.9548349380493164,894,822,1887,1071
1534,21.0,feeder,0.9549009203910828,894,822,1887,1071
1535,21.0,feeder,0.9548993110656738,894,821,1887,1071
1536,21.0,feeder,0.9548073410987854,894,821,1887,1071
1537,21.0,feeder,0.9548729062080383,894,821,1887,1071
1538,21.0,feeder,0.9548518061637878,894,821,1887,1071
1539,21.0,feeder,0.9548193216323853,894,821,1887,1071
1540,21.0,feeder,0.9548795223236084,894,821,1887,1071
1541,21.0,feeder,0.9549064636230469,894,821,1887,1071
1542,21.0,feeder,0.9548821449279785,894,821,1887,1071
1543,21.0,feeder,0.9548453092575073,894,821,1887,1071
1544,21.0,feeder,0.9547635316848755,894,821,1887,1071
1545,21.0,feeder,0.9548420310020447,894,821,1887,1071
1546,21.0,feeder,0.9548985362052917,894,821,1887,1071
1547,21.0,feeder,0.9549537897109985,894,821,1888,1071
1548,21.0,feeder,0.9548646211624146,894,821,1888,1071
1549,21.0,feeder,0.9548659324645996,894,821,1888,1071
1550,21.0,feeder,0.9549575448036194,894,821,1888,1071
1551,21.0,feeder,0.9549347162246704,894,821,1888,1070
1552,21.0,feeder,0.9550143480300903,894,821,1888,1070
1553,21.0,feeder,0.9550194144248962,894,821,1887,1071
1554,21.0,feeder,0.955000638961792,894,821,1887,1071
1555,21.0,feeder,0.9550390243530273,894,821,1887,1071
1556,21.0,feeder,0.9549423456192017,894,821,1888,1071
1557,21.0,feeder,0.9550141096115112,894,821,1888,1071
1558,21.0,feeder,0.955069899559021,894,821,1888,1071
1559,21.0,feeder,0.9551088213920593,894,821,1888,1070
1560,21.0,feeder,0.9550812840461731,894,821,1888,1070
1561,21.0,feeder,0.9548422694206238,894,821,1887,1071
1562,21.0,feeder,0.9548853039741516,894,821,1887,1071
1563,21.0,feeder,0.9548569321632385,894,821,1887,1071
1564,21.0,feeder,0.9547581076622009,894,821,1887,1071
1565,21.0,feeder,0.9548552632331848,894,821,1887,1071
1566,21.0,feeder,0.9548555016517639,894,821,1887,1071
1567,21.0,feeder,0.9548206925392151,894,821,1887,1071
1568,21.0,feeder,0.9548712372779846,894,821,1887,1071
1569,21.0,feeder,0.9548593163490295,894,821,1887,1071
1570,21.0,feeder,0.9547401070594788,894,821,1887,1071
1571,21.0,feeder,0.9546732902526855,894,821,1887,1071
1572,21.0,feeder,0.954677939414978,894,821,1887,1071
1573,21.0,feeder,0.9547088742256165,894,821,1887,1071
1574,21.0,feeder,0.9547328352928162,894,821,1887,1071
1575,21.0,feeder,0.9547494053840637,894,821,1887,1071
1576,21.0,feeder,0.954862117767334,894,822,1887,1071
1577,21.0,feeder,0.9548874497413635,894,822,1887,1071
1578,21.0,feeder,0.9549980163574219,894,822,1887,1071
1579,21.0,feeder,0.955005943775177,894,822,1887,1071
1580,21.0,feeder,0.9549865126609802,894,822,1887,1071
1581,21.0,feeder,0.9550167322158813,894,822,1887,1071
1582,21.0,feeder,0.9550323486328125,894,822,1887,1071
1583,21.0,feeder,0.95502108335495,894,822,1887,1071
1584,21.0,feeder,0.9550149440765381,894,822,1887,1071
1585,21.0,feeder,0.9550368189811707,894,822,1887,1071
1586,21.0,feeder,0.955077588558197,894,821,1887,1071
1587,21.0,feeder,0.9551204442977905,894,821,1887,1071
1588,21.0,feeder,0.955029308795929,894,821,1887,1071
1589,21.0,feeder,0.9549694061279297,894,821,1887,1071
1590,21.0,feeder,0.955027163028717,894,821,1887,1071
1591,21.0,feeder,0.9549704790115356,894,822,1887,1071
1592,21.0,feeder,0.954952597618103,894,822,1887,1071
1593,21.0,feeder,0.9549294114112854,895,822,1887,1071
1594,21.0,feeder,0.9548794031143188,895,822,1887,1071
1595,21.0,feeder,0.9548474550247192,895,822,1887,1071
1596,21.0,feeder,0.9548705816268921,895,822,1887,1071
1597,21.0,feeder,0.954888105392456,895,822,1887,1071
1598,21.0,feeder,0.954913318157196,895,822,1887,1071
1599,21.0,feeder,0.9549933671951294,895,822,1887,1071
1600,21.0,feeder,0.9549684524536133,895,821,1887,1071
1601,21.0,feeder,0.9548948407173157,895,822,1887,1071
1602,21.0,feeder,0.9548972249031067,895,821,1887,1071
1603,21.0,feeder,0.9547789692878723,895,822,1887,1071
1604,21.0,feeder,0.9547764658927917,895,822,1887,1071
1605,21.0,feeder,0.9548115730285645,895,822,1887,1071
1606,21.0,feeder,0.9551354646682739,894,821,1887,1071
1607,21.0,feeder,0.9551557898521423,894,821,1887,1071
1608,21.0,feeder,0.9550288915634155,894,821,1887,1071
1609,21.0,feeder,0.9551272988319397,894,821,1887,1071
1610,21.0,feeder,0.9551666975021362,894,822,1887,1071
1611,21.0,feeder,0.9550970792770386,894,822,1887,1071
1612,21.0,feeder,0.9550840258598328,894,822,1887,1071
1613,21.0,feeder,0.9551104307174683,894,822,1887,1071
1614,21.0,feeder,0.9550318121910095,894,822,1887,1071
1615,21.0,feeder,0.9551022052764893,894,822,1887,1071
1616,21.0,feeder,0.9550878405570984,894,822,1887,1071
1617,21.0,feeder,0.9549610614776611,894,822,1887,1071
1618,21.0,feeder,0.9550297856330872,894,821,1887,1070
1619,21.0,feeder,0.9549522399902344,894,821,1887,1070
1620,21.0,feeder,0.9549745321273804,894,821,1887,1070
1621,21.0,feeder,0.9547020792961121,894,821,1887,1071
1622,21.0,feeder,0.9547609686851501,893,821,1887,1071
1623,21.0,feeder,0.9547219276428223,894,821,1887,1071
1624,21.0,feeder,0.9547562599182129,893,821,1887,1071
1625,21.0,feeder,0.9547669291496277,894,821,1887,1071
1626,21.0,feeder,0.9547584652900696,894,821,1887,1071
1627,21.0,feeder,0.9546923041343689,894,821,1887,1071
1628,21.0,feeder,0.954754650592804,894,821,1887,1071
1629,21.0,feeder,0.9548274874687195,894,821,1887,1071
1630,21.0,feeder,0.9548173546791077,894,821,1887,1071
1631,21.0,feeder,0.9548482298851013,894,821,1887,1071
1632,21.0,feeder,0.9547531008720398,894,821,1887,1071
1633,21.0,feeder,0.9547886848449707,894,821,1887,1071
1634,21.0,feeder,0.9547970294952393,894,821,1887,1071
1635,21.0,feeder,0.9547705054283142,894,821,1887,1071
1636,21.0,feeder,0.9546433687210083,894,821,1887,1071
1637,21.0,feeder,0.954754114151001,894,821,1887,1071
1638,21.0,feeder,0.9547420144081116,894,821,1887,1071
1639,21.0,feeder,0.9547505974769592,894,821,1887,1071
1640,21.0,feeder,0.9547073841094971,894,821,1887,1071
1641,21.0,feeder,0.9547429084777832,894,821,1887,1071
1642,21.0,feeder,0.9549353718757629,894,821,1887,1071
1643,21.0,feeder,0.9550393223762512,894,821,1887,1071
1644,21.0,feeder,0.9549751877784729,894,821,1887,1071
1645,21.0,feeder,0.9549163579940796,894,821,1887,1071
1646,21.0,feeder,0.9549710750579834,894,821,1887,1071
1647,21.0,feeder,0.9549195170402527,894,822,1887,1071
1648,21.0,feeder,0.9548504948616028,893,822,1887,1071
1649,21.0,feeder,0.9549205899238586,893,822,1887,1071
1650,21.0,feeder,0.9548846483230591,893,821,1887,1071
1651,21.0,feeder,0.9548181295394897,894,822,1887,1071
1652,21.0,feeder,0.9548963904380798,894,822,1887,1071
1653,21.0,feeder,0.9549413919448853,894,821,1887,1071
1654,21.0,feeder,0.9549158215522766,894,821,1887,1070
1655,21.0,feeder,0.954883873462677,895,821,1887,1071
1656,21.0,feeder,0.9548863768577576,895,821,1887,1071
1657,21.0,feeder,0.9549227952957153,895,821,1887,1071
1658,21.0,feeder,0.9549639821052551,895,821,1887,1071
1659,21.0,feeder,0.9549787640571594,895,821,1887,1071
1660,21.0,feeder,0.9550085663795471,895,821,1887,1071
1661,21.0,feeder,0.9550157189369202,895,821,1887,1071
1662,21.0,feeder,0.9550514221191406,895,821,1887,1071
1663,21.0,feeder,0.9550358653068542,895,821,1887,1071
1664,21.0,feeder,0.9550141096115112,895,821,1887,1071
1665,21.0,feeder,0.9550389051437378,895,821,1887,1071
1666,21.0,feeder,0.9548090696334839,895,821,1887,1070
1667,21.0,feeder,0.9548389911651611,895,821,1887,1070
1668,21.0,feeder,0.9549026489257812,895,821,1887,1071
1669,21.0,feeder,0.9550074934959412,895,821,1887,1071
1670,21.0,feeder,0.9549965858459473,894,821,1887,1071
1671,21.0,feeder,0.9550833702087402,895,821,1887,1071
1672,21.0,feeder,0.9551023840904236,895,821,1887,1071
1673,21.0,feeder,0.9550485610961914,895,821,1887,1071
1674,21.0,feeder,0.955051600933075,895,821,1887,1071
1675,21.0,feeder,0.954951822757721,895,821,1887,1071
1676,21.0,feeder,0.9549622535705566,895,821,1887,1071
1677,21.0,feeder,0.9550328850746155,895,821,1887,1071
1678,21.0,feeder,0.9550890326499939,895,821,1887,1070
1679,21.0,feeder,0.9550848007202148,895,821,1887,1071
1680,21.0,feeder,0.9551130533218384,895,821,1887,1071
1681,21.0,feeder,0.9550389051437378,895,822,1887,1070
1682,21.0,feeder,0.9550328254699707,894,822,1887,1071
1683,21.0,feeder,0.9550279974937439,895,822,1887,1071
1684,21.0,feeder,0.9550381302833557,894,822,1887,1070
1685,21.0,feeder,0.9550402164459229,894,822,1887,1070
1686,21.0,feeder,0.9549791812896729,894,822,1887,1071
1687,21.0,feeder,0.9549694061279297,894,822,1887,1070
1688,21.0,feeder,0.9549374580383301,894,822,1887,1070
1689,21.0,feeder,0.9548565745353699,894,822,1887,1070
1690,21.0,feeder,0.9548490643501282,894,822,1887,1070
1691,21.0,feeder,0.9548357129096985,894,822,1887,1070
1692,21.0,feeder,0.9548420310020447,894,822,1887,1070
1693,21.0,feeder,0.9548302888870239,894,822,1887,1070
1694,21.0,feeder,0.9548816084861755,894,822,1887,1070
1695,21.0,feeder,0.9547989964485168,894,822,1887,1070
1696,21.0,feeder,0.9546644687652588,894,821,1887,1071
1697,21.0,feeder,0.9546753168106079,894,821,1887,1071
1698,21.0,feeder,0.9547004103660583,894,821,1887,1071
1699,21.0,feeder,0.9546590447425842,894,821,1887,1071
1700,21.0,feeder,0.9547178149223328,894,821,1887,1071
1701,21.0,feeder,0.9547187089920044,894,821,1887,1071
1702,21.0,feeder,0.9547303915023804,894,821,1887,1071
1703,21.0,feeder,0.9546659588813782,894,821,1887,1071
1704,21.0,feeder,0.954668402671814,894,821,1887,1071
1705,21.0,feeder,0.9546667337417603,894,821,1887,1071
1706,21.0,feeder,0.9546807408332825,894,821,1887,1071
1707,21.0,feeder,0.9546939134597778,894,821,1887,1071
1708,21.0,feeder,0.9547063112258911,894,821,1887,1070
1709,21.0,feeder,0.954677164554596,894,821,1887,1070
1710,21.0,feeder,0.9546802043914795,893,821,1887,1070
1711,21.0,feeder,0.9550712704658508,894,821,1887,1070
1712,21.0,feeder,0.9550288915634155,894,821,1887,1070
1713,21.0,feeder,0.9550308585166931,894,821,1887,1070
1714,21.0,feeder,0.9550411701202393,894,821,1887,1070
1715,21.0,feeder,0.9550637006759644,894,821,1887,1070
1716,21.0,feeder,0.955055296421051,895,821,1887,1070
1717,21.0,feeder,0.955010175704956,895,821,1887,1070
1718,21.0,feeder,0.9550769329071045,894,821,1887,1070
1719,21.0,feeder,0.9550081491470337,894,821,1887,1070
1720,21.0,feeder,0.9550734758377075,894,821,1887,1070
1721,21.0,feeder,0.9550766348838806,894,821,1887,1070
1722,21.0,feeder,0.9550873041152954,894,821,1887,1070
1723,21.0,feeder,0.9550318121910095,894,821,1887,1070
1724,21.0,feeder,0.9549734592437744,894,821,1887,1070
1725,21.0,feeder,0.9549868106842041,894,821,1887,1070
1726,21.0,feeder,0.9548301696777344,894,821,1887,1070
1727,21.0,feeder,0.9547760486602783,894,821,1887,1070
1728,21.0,feeder,0.9548532366752625,894,821,1887,1071
1729,21.0,feeder,0.9548501968383789,894,821,1887,1071
1730,21.0,feeder,0.9548355937004089,894,821,1887,1071
1731,21.0,feeder,0.9548636674880981,894,821,1887,1071
1732,21.0,feeder,0.95473712682724,894,821,1887,1071
1733,21.0,feeder,0.954696536064148,894,821,1887,1071
1734,21.0,feeder,0.9547421336174011,894,821,1887,1070
1735,21.0,feeder,0.9547855257987976,894,821,1887,1070
1736,21.0,feeder,0.9547248482704163,894,822,1887,1070
1737,21.0,feeder,0.9547680020332336,894,822,1887,1070
1738,21.0,feeder,0.9548182487487793,894,822,1887,1070
1739,21.0,feeder,0.9548515677452087,894,822,1887,1070
1740,21.0,feeder,0.9548234343528748,894,822,1887,1070
1741,21.0,feeder,0.9548486471176147,894,822,1887,1071
1742,21.0,feeder,0.9548302888870239,894,822,1887,1071
1743,21.0,feeder,0.9547687768936157,894,822,1887,1071
1744,21.0,feeder,0.954710841178894,894,822,1887,1071
1745,21.0,feeder,0.9547182321548462,894,822,1887,1071
1746,21.0,feeder,0.9547320604324341,894,822,1887,1071
1747,21.0,feeder,0.9547469615936279,894,822,1887,1071
1748,21.0,feeder,0.954677939414978,894,822,1887,1071
1749,21.0,feeder,0.9546310901641846,894,822,1887,1071
1750,21.0,feeder,0.9547092318534851,894,822,1887,1071
1751,21.0,feeder,0.9547217488288879,894,822,1887,1071
1752,21.0,feeder,0.9547339081764221,894,822,1887,1071
1753,21.0,feeder,0.954764187335968,894,822,1887,1071
1754,21.0,feeder,0.9547886848449707,894,822,1887,1071
1755,21.0,feeder,0.9548233151435852,894,822,1887,1071
1756,21.0,feeder,0.9548651576042175,894,822,1887,1071
1757,21.0,feeder,0.9547566175460815,894,822,1887,1070
1758,21.0,feeder,0.9548590779304504,894,822,1887,1070
1759,21.0,feeder,0.954838216304779,895,822,1887,1070
1760,21.0,feeder,0.9549142122268677,895,822,1887,1071
1761,21.0,feeder,0.9548280239105225,895,822,1887,1070
1762,21.0,feeder,0.9548957347869873,895,822,1887,1070
1763,21.0,feeder,0.954839825630188,895,822,1887,1070
1764,21.0,feeder,0.9549254179000854,895,822,1887,1071
1765,21.0,feeder,0.9549035429954529,895,822,1887,1071
1766,21.0,feeder,0.9548813700675964,894,822,1887,1071
1767,21.0,feeder,0.9548940658569336,894,821,1887,1071
1768,21.0,feeder,0.9548540711402893,894,821,1887,1071
1769,21.0,feeder,0.9549490809440613,894,821,1887,1071
1770,21.0,feeder,0.9549440741539001,895,821,1887,1071
1771,21.0,feeder,0.9548743963241577,895,821,1887,1070
1772,21.0,feeder,0.9547989964485168,895,821,1888,1070
1773,21.0,feeder,0.9548105001449585,895,821,1888,1071
1774,21.0,feeder,0.954811692237854,895,821,1888,1070
1775,21.0,feeder,0.9548247456550598,895,821,1888,1070
1776,21.0,feeder,0.9548033475875854,895,821,1887,1070
1777,21.0,feeder,0.9547256231307983,894,821,1887,1070
1778,21.0,feeder,0.9547315239906311,894,822,1887,1070
1779,21.0,feeder,0.954735279083252,894,822,1887,1070
1780,21.0,feeder,0.9547658562660217,894,822,1887,1070
1781,21.0,feeder,0.9547126889228821,894,822,1887,1070
1782,21.0,feeder,0.9547744393348694,894,822,1887,1070
1783,21.0,feeder,0.9546657800674438,894,822,1887,1070
1784,21.0,feeder,0.9546443819999695,894,822,1887,1070
1785,21.0,feeder,0.9546732902526855,894,821,1887,1070
1786,21.0,feeder,0.9549408555030823,895,821,1887,1071
1787,21.0,feeder,0.954986572265625,895,821,1887,1071
1788,21.0,feeder,0.9549838900566101,895,821,1887,1071
1789,21.0,feeder,0.954960823059082,894,821,1887,1070
1790,21.0,feeder,0.9550815224647522,894,821,1887,1070
1791,21.0,feeder,0.9550946950912476,895,821,1887,1070
1792,21.0,feeder,0.955093502998352,895,821,1887,1070
1793,21.0,feeder,0.9551137089729309,895,821,1887,1070
1794,21.0,feeder,0.955094039440155,895,821,1887,1070
1795,21.0,feeder,0.9550328850746155,895,821,1887,1070
1796,21.0,feeder,0.9551014304161072,895,821,1887,1071
1797,21.0,feeder,0.9551607966423035,894,821,1887,1071
1798,21.0,feeder,0.9551286101341248,894,821,1887,1071
1799,21.0,feeder,0.9551151394844055,894,821,1887,1071
1800,21.0,feeder,0.9551775455474854,895,821,1887,1071
1801,21.0,feeder,0.9549154043197632,895,821,1887,1071
1802,21.0,feeder,0.9549550414085388,895,821,1887,1070
1803,21.0,feeder,0.9549340605735779,895,821,1887,1070
1804,21.0,feeder,0.9549279808998108,895,821,1887,1070
1805,21.0,feeder,0.9549412727355957,895,821,1887,1070
1806,21.0,feeder,0.9549217224121094,894,821,1887,1071
1807,21.0,feeder,0.9549528956413269,894,821,1887,1071
1808,21.0,feeder,0.9549285173416138,894,821,1887,1071
1809,21.0,feeder,0.9549217224121094,894,821,1887,1070
1810,21.0,feeder,0.9548853039741516,894,821,1887,1070
1811,21.0,feeder,0.9549264907836914,894,821,1887,1070
1812,21.0,feeder,0.9549441933631897,894,821,1887,1070
1813,21.0,feeder,0.9548984169960022,895,821,1888,1071
1814,21.0,feeder,0.9549255967140198,895,821,1888,1071
1815,21.0,feeder,0.9549376964569092,895,821,1888,1071
1816,21.0,feeder,0.9548527002334595,894,821,1887,1071
1817,21.0,feeder,0.9548485279083252,894,821,1887,1071
1818,21.0,feeder,0.9548613429069519,894,821,1887,1071
1819,21.0,feeder,0.9549209475517273,894,821,1887,1071
1820,21.0,feeder,0.9547720551490784,894,821,1887,1071
1821,21.0,feeder,0.9548107385635376,894,821,1887,1071
1822,21.0,feeder,0.9548075795173645,894,821,1887,1071
1823,21.0,feeder,0.9548710584640503,895,821,1887,1071
1824,21.0,feeder,0.9548407196998596,895,821,1887,1071
1825,21.0,feeder,0.9549475908279419,895,821,1887,1071
1826,21.0,feeder,0.9548879861831665,895,821,1887,1071
1827,21.0,feeder,0.9548066854476929,894,821,1887,1070
1828,21.0,feeder,0.9548236727714539,894,821,1887,1071
1829,21.0,feeder,0.9548794031143188,894,821,1887,1070
1830,21.0,feeder,0.9548413753509521,894,822,1887,1071
1831,21.0,feeder,0.9546949863433838,895,822,1887,1070
1832,21.0,feeder,0.9546756744384766,895,822,1887,1070
1833,21.0,feeder,0.9546202421188354,895,822,1887,1070
1834,21.0,feeder,0.9546111226081848,895,822,1887,1070
1835,21.0,feeder,0.9547035694122314,895,822,1887,1070
1836,21.0,feeder,0.9548404812812805,895,821,1887,1070
1837,21.0,feeder,0.9548399448394775,895,821,1888,1070
1838,21.0,feeder,0.9547724723815918,895,822,1887,1070
1839,21.0,feeder,0.9546997547149658,895,822,1887,1070
1840,21.0,feeder,0.9547707438468933,895,822,1887,1070
1841,21.0,feeder,0.9547187089920044,895,822,1887,1070
1842,21.0,feeder,0.954672634601593,894,822,1887,1070
1843,21.0,feeder,0.9546859860420227,894,822,1887,1070
1844,21.0,feeder,0.9546533823013306,894,822,1887,1070
1845,21.0,feeder,0.9546000361442566,894,822,1887,1070
1846,21.0,feeder,0.9545338749885559,894,822,1887,1071
1847,21.0,feeder,0.9546128511428833,894,822,1887,1071
1848,21.0,feeder,0.9546384811401367,894,821,1887,1071
1849,21.0,feeder,0.9546591639518738,894,821,1887,1071
1850,21.0,feeder,0.9547592401504517,894,821,1887,1070
1851,21.0,feeder,0.9548066854476929,894,821,1887,1071
1852,21.0,feeder,0.954723596572876,894,821,1887,1071
1853,21.0,feeder,0.9547858238220215,894,821,1887,1071
1854,21.0,feeder,0.9547847509384155,894,821,1887,1071
1855,21.0,feeder,0.9547834396362305,894,821,1887,1071
1856,21.0,feeder,0.9548139572143555,894,821,1887,1070
1857,21.0,feeder,0.9547258615493774,895,821,1887,1070
1858,21.0,feeder,0.9547446370124817,894,821,1887,1070
1859,21.0,feeder,0.9547574520111084,895,821,1887,1070
1860,21.0,feeder,0.9547014832496643,895,821,1887,1070
1861,21.0,feeder,0.954757034778595,894,822,1887,1071
1862,21.0,feeder,0.9548792243003845,894,822,1887,1071
1863,21.0,feeder,0.9549102783203125,894,822,1887,1071
1864,21.0,feeder,0.9548835158348083,894,822,1887,1071
1865,21.0,feeder,0.9548230171203613,894,821,1887,1071
1866,21.0,feeder,0.9548195004463196,894,822,1887,1071
1867,21.0,feeder,0.9548346400260925,894,822,1887,1071
1868,21.0,feeder,0.954788327217102,894,822,1887,1071
1869,21.0,feeder,0.9548143148422241,894,822,1887,1071
1870,21.0,feeder,0.9547742009162903,894,822,1887,1071
1871,21.0,feeder,0.9547925591468811,894,822,1887,1070
1872,21.0,feeder,0.9547922611236572,894,821,1887,1070
1873,21.0,feeder,0.9547681212425232,894,821,1887,1070
1874,21.0,feeder,0.9547464847564697,894,821,1887,1071
1875,21.0,feeder,0.9546921849250793,894,821,1887,1071
1876,21.0,feeder,0.9548423290252686,894,822,1887,1071
1877,21.0,feeder,0.9548933506011963,895,822,1887,1071
1878,21.0,feeder,0.9548956155776978,895,822,1887,1071
1879,21.0,feeder,0.9548782110214233,895,822,1887,1071
1880,21.0,feeder,0.954861581325531,895,822,1887,1071
1881,21.0,feeder,0.9548730254173279,895,822,1887,1070
1882,21.0,feeder,0.9548764824867249,895,822,1887,1070
1883,21.0,feeder,0.9548775553703308,895,822,1887,1070
1884,21.0,feeder,0.95488440990448,895,822,1887,1070
1885,21.0,feeder,0.9548425674438477,895,821,1887,1070
1886,21.0,feeder,0.954878568649292,895,821,1887,1070
1887,21.0,feeder,0.954835832118988,895,821,1887,1070
1888,21.0,feeder,0.9547764658927917,895,821,1887,1070
1889,21.0,feeder,0.9547735452651978,895,821,1887,1070
1890,21.0,feeder,0.9547529220581055,895,821,1887,1070
1891,21.0,feeder,0.9548851847648621,895,821,1887,1070
1892,21.0,feeder,0.9549432396888733,894,821,1887,1070
1893,21.0,feeder,0.9549264907836914,894,822,1887,1070
1894,21.0,feeder,0.9549100399017334,894,822,1887,1070
1895,21.0,feeder,0.9549267888069153,894,822,1887,1070
1896,21.0,feeder,0.9549158215522766,894,822,1887,1070
1897,21.0,feeder,0.9549167156219482,894,822,1887,1070
1898,21.0,feeder,0.954912006855011,894,822,1887,1070
1899,21.0,feeder,0.9547687768936157,894,822,1887,1070
1900,21.0,feeder,0.9548131227493286,894,822,1887,1070
1901,21.0,feeder,0.9547951817512512,894,822,1887,1070
1902,21.0,feeder,0.9549254775047302,894,822,1887,1070
1903,21.0,feeder,0.954963207244873,894,822,1887,1070
1904,21.0,feeder,0.954914391040802,894,822,1887,1070
1905,21.0,feeder,0.9549763798713684,894,822,1887,1070
1906,21.0,feeder,0.9548648595809937,894,821,1887,1070
1907,21.0,feeder,0.954831600189209,895,821,1887,1070
1908,21.0,feeder,0.9548175930976868,895,821,1887,1070
1909,21.0,feeder,0.9548537731170654,895,821,1887,1070
1910,21.0,feeder,0.9548444151878357,895,821,1887,1070
1911,21.0,feeder,0.9549438953399658,894,821,1887,1071
1912,21.0,feeder,0.9549270272254944,894,821,1887,1070
1913,21.0,feeder,0.9549224376678467,894,821,1887,1070
1914,21.0,feeder,0.9549340605735779,894,821,1887,1071
1915,21.0,feeder,0.954933762550354,894,821,1887,1071
1916,21.0,feeder,0.9549895524978638,894,821,1887,1071
1917,21.0,feeder,0.9549717903137207,894,821,1887,1070
1918,21.0,feeder,0.9550345540046692,894,821,1887,1070
1919,21.0,feeder,0.9550325870513916,894,821,1887,1070
1920,21.0,feeder,0.9550637006759644,894,821,1887,1071
1921,21.0,feeder,0.954804003238678,894,821,1887,1071
1922,21.0,feeder,0.9549483060836792,894,821,1887,1071
1923,21.0,feeder,0.9549007415771484,894,821,1887,1071
1924,21.0,feeder,0.9548734426498413,894,821,1888,1071
1925,21.0,feeder,0.9548665881156921,894,821,1887,1071
1926,21.0,feeder,0.9549095034599304,894,821,1887,1071
1927,21.0,feeder,0.9549063444137573,894,821,1887,1071
1928,21.0,feeder,0.9548702836036682,894,821,1887,1071
1929,21.0,feeder,0.9549953937530518,894,821,1887,1070
1930,21.0,feeder,0.9549219012260437,895,821,1887,1071
1931,21.0,feeder,0.9549721479415894,895,821,1887,1070
1932,21.0,feeder,0.9548674821853638,895,821,1887,1070
1933,21.0,feeder,0.9548887610435486,895,821,1887,1070
1934,21.0,feeder,0.9548474550247192,894,821,1887,1071
1935,21.0,feeder,0.9548133015632629,894,821,1887,1071
1936,21.0,feeder,0.9549769163131714,894,821,1887,1071
1937,21.0,feeder,0.9549328684806824,894,821,1887,1071
1938,21.0,feeder,0.9548889994621277,894,822,1887,1071
1939,21.0,feeder,0.9548789858818054,894,822,1887,1071
1940,21.0,feeder,0.9548819065093994,894,822,1887,1071
1941,21.0,feeder,0.9549145102500916,894,822,1887,1071
1942,21.0,feeder,0.9550519585609436,894,822,1887,1070
1943,21.0,feeder,0.9550790190696716,894,822,1887,1070
1944,21.0,feeder,0.9550551772117615,894,822,1887,1070
1945,21.0,feeder,0.9550909996032715,894,822,1887,1070
1946,21.0,feeder,0.9549649357795715,894,822,1887,1070
1947,21.0,feeder,0.9549460411071777,893,822,1887,1070
1948,21.0,feeder,0.9549517035484314,894,822,1887,1070
1949,21.0,feeder,0.9549907445907593,894,822,1887,1070
1950,21.0,feeder,0.9550004005432129,894,822,1887,1070
1951,21.0,feeder,0.9546334743499756,894,821,1887,1070
1952,21.0,feeder,0.9546418786048889,894,821,1887,1071
1953,21.0,feeder,0.9547284841537476,894,821,1887,1071
1954,21.0,feeder,0.9547258615493774,894,821,1887,1071
1955,21.0,feeder,0.9546985626220703,894,821,1887,1071
1956,21.0,feeder,0.9547473788261414,894,821,1887,1071
1957,21.0,feeder,0.9547654986381531,894,821,1887,1070
1958,21.0,feeder,0.9548205137252808,894,821,1887,1071
1959,21.0,feeder,0.9549106955528259,894,821,1887,1071
1960,21.0,feeder,0.95489102602005,894,821,1887,1071
1961,21.0,feeder,0.9548863768577576,894,821,1887,1071
1962,21.0,feeder,0.9549582004547119,894,821,1887,1071
1963,21.0,feeder,0.955052375793457,894,821,1887,1071
1964,21.0,feeder,0.954978883266449,894,821,1887,1071
1965,21.0,feeder,0.9549856185913086,894,821,1887,1071
1966,21.0,feeder,0.9549497365951538,895,821,1887,1070
1967,21.0,feeder,0.9549811482429504,895,821,1887,1070
1968,21.0,feeder,0.9550309777259827,895,821,1887,1070
1969,21.0,feeder,0.9550580382347107,895,821,1887,1070
1970,21.0,feeder,0.9550856351852417,895,821,1887,1070
1971,21.0,feeder,0.9550487995147705,894,821,1887,1070
1972,21.0,feeder,0.9550582766532898,894,821,1887,1070
1973,21.0,feeder,0.955043375492096,894,821,1887,1070
1974,21.0,feeder,0.9550743699073792,894,821,1887,1070
1975,21.0,feeder,0.9550616145133972,894,821,1887,1070
1976,21.0,feeder,0.9549965858459473,894,821,1887,1070
1977,21.0,feeder,0.9549838900566101,894,821,1887,1070
1978,21.0,feeder,0.955043375492096,894,821,1887,1070
1979,21.0,feeder,0.9550465941429138,894,821,1887,1070
1980,21.0,feeder,0.9551535248756409,894,821,1887,1070
1981,21.0,feeder,0.9551284909248352,895,821,1887,1070
1982,21.0,feeder,0.9550621509552002,895,821,1887,1070
1983,21.0,feeder,0.9550403356552124,895,821,1887,1070
1984,21.0,feeder,0.9550371766090393,895,821,1887,1070
1985,21.0,feeder,0.9549351930618286,895,821,1887,1070
1986,21.0,feeder,0.954908013343811,895,821,1887,1070
1987,21.0,feeder,0.954950749874115,895,821,1887,1070
1988,21.0,feeder,0.9548800587654114,895,821,1887,1070
1989,21.0,feeder,0.9547669291496277,895,821,1887,1070
1990,21.0,feeder,0.9548317790031433,895,821,1887,1070
1991,21.0,feeder,0.9548108577728271,895,822,1887,1070
1992,21.0,feeder,0.9548147320747375,894,822,1887,1070
1993,21.0,feeder,0.9548647403717041,894,822,1887,1071
1994,21.0,feeder,0.9549023509025574,895,822,1887,1071
1995,21.0,feeder,0.954926609992981,895,822,1887,1070
1996,21.0,feeder,0.9551476240158081,894,821,1887,1071
1997,21.0,feeder,0.9551284909248352,894,821,1887,1071
1998,21.0,feeder,0.9550873637199402,894,821,1887,1071
1999,21.0,feeder,0.9550081491470337,894,821,1887,1071
2000,21.0,feeder,0.9550267457962036,894,821,1887,1071
2001,21.0,feeder,0.9550829529762268,894,821,1887,1071
2002,21.0,feeder,0.9549791216850281,894,821,1887,1071
2003,21.0,feeder,0.954910159111023,894,821,1888,1070
2004,21.0,feeder,0.954956591129303,894,821,1887,1070
2005,21.0,feeder,0.9548926949501038,894,821,1887,1070
2006,21.0,feeder,0.9548640847206116,894,821,1887,1070
2007,21.0,feeder,0.9548661708831787,894,821,1888,1070
2008,21.0,feeder,0.954982340335846,894,821,1888,1070
2009,21.0,feeder,0.9550098776817322,894,821,1888,1071
2010,21.0,feeder,0.9549251794815063,894,821,1888,1070
2011,21.0,feeder,0.9548115730285645,894,821,1888,1071
2012,21.0,feeder,0.9547719359397888,894,821,1888,1071
2013,21.0,feeder,0.9548313617706299,894,821,1888,1071
2014,21.0,feeder,0.9549296498298645,894,821,1888,1071
2015,21.0,feeder,0.9549200534820557,894,821,1888,1071
2016,21.0,feeder,0.9549336433410645,894,821,1888,1071
2017,21.0,feeder,0.954976499080658,894,821,1888,1071
2018,21.0,feeder,0.955000102519989,894,821,1888,1071
2019,21.0,feeder,0.9550400972366333,894,821,1888,1071
2020,21.0,feeder,0.9550049901008606,894,821,1888,1071
2021,21.0,feeder,0.9550183415412903,894,821,1888,1071
2022,21.0,feeder,0.955026388168335,894,821,1888,1071
2023,21.0,feeder,0.9550110697746277,894,821,1888,1071
2024,21.0,feeder,0.9550082087516785,894,821,1888,1071
2025,21.0,feeder,0.9549007415771484,894,821,1888,1070
2026,21.0,feeder,0.9546753168106079,895,821,1887,1070
2027,21.0,feeder,0.9547865986824036,895,822,1887,1071
2028,21.0,feeder,0.9548522233963013,895,822,1887,1071
2029,21.0,feeder,0.9548651576042175,895,822,1887,1071
2030,21.0,feeder,0.954908549785614,895,822,1887,1071
2031,21.0,feeder,0.954865038394928,895,822,1887,1071
2032,21.0,feeder,0.954829752445221,895,822,1887,1071
2033,21.0,feeder,0.9548208117485046,895,822,1887,1071
2034,21.0,feeder,0.9548644423484802,895,822,1887,1071
2035,21.0,feeder,0.9548963904380798,895,822,1887,1071
2036,21.0,feeder,0.9549314975738525,895,822,1887,1071
2037,21.0,feeder,0.9548823237419128,895,822,1887,1071
2038,21.0,feeder,0.9548617005348206,895,822,1887,1071
2039,21.0,feeder,0.9548975825309753,895,822,1887,1071
2040,21.0,feeder,0.9548495411872864,895,822,1887,1071
2041,21.0,feeder,0.9549058079719543,894,822,1887,1070
2042,21.0,feeder,0.9548937678337097,894,822,1887,1070
2043,21.0,feeder,0.9549124836921692,894,822,1887,1070
2044,21.0,feeder,0.9548133015632629,894,821,1887,1070
2045,21.0,feeder,0.9549227952957153,894,821,1887,1070
2046,21.0,feeder,0.9548697471618652,894,821,1887,1070
2047,21.0,feeder,0.9547837972640991,893,821,1887,1070
2048,21.0,feeder,0.9548130035400391,893,821,1887,1070
2049,21.0,feeder,0.9547946453094482,893,821,1887,1070
2050,21.0,feeder,0.9547396302223206,893,821,1887,1070
2051,21.0,feeder,0.9546952247619629,894,821,1887,1070
2052,21.0,feeder,0.9547608494758606,894,821,1887,1070
2053,21.0,feeder,0.954734206199646,894,821,1887,1070
2054,21.0,feeder,0.9547629356384277,894,821,1887,1070
2055,21.0,feeder,0.9547662734985352,894,821,1887,1070
2056,21.0,feeder,0.954753041267395,894,821,1887,1071
2057,21.0,feeder,0.9547962546348572,894,821,1887,1071
2058,21.0,feeder,0.9548276662826538,894,821,1888,1070
2059,21.0,feeder,0.9549164772033691,894,821,1887,1070
2060,21.0,feeder,0.9549182057380676,894,821,1887,1070
2061,21.0,feeder,0.9549952149391174,894,821,1887,1071
2062,21.0,feeder,0.9549731016159058,894,822,1887,1071
2063,21.0,feeder,0.9550032019615173,894,822,1887,1071
2064,21.0,feeder,0.9550201892852783,894,822,1887,1071
2065,21.0,feeder,0.9550026059150696,894,822,1887,1071
2066,21.0,feeder,0.9548660516738892,894,822,1887,1071
2067,21.0,feeder,0.9548977017402649,894,822,1887,1071
2068,21.0,feeder,0.9549262523651123,894,822,1887,1071
2069,21.0,feeder,0.954851508140564,894,822,1887,1071
2070,21.0,feeder,0.9548982381820679,894,822,1887,1071
2071,21.0,feeder,0.9548247456550598,894,821,1887,1070
2072,21.0,feeder,0.9548564553260803,894,821,1887,1070
2073,21.0,feeder,0.9548583030700684,894,821,1887,1070
2074,21.0,feeder,0.9548807144165039,895,821,1887,1070
2075,21.0,feeder,0.954862117767334,895,821,1887,1070
2076,21.0,feeder,0.9548777937889099,895,821,1887,1070
2077,21.0,feeder,0.9548696279525757,895,821,1887,1070
2078,21.0,feeder,0.954841673374176,894,821,1888,1070
2079,21.0,feeder,0.9548213481903076,894,821,1888,1070
2080,21.0,feeder,0.9548019170761108,894,821,1888,1070
2081,21.0,feeder,0.9548502564430237,894,821,1888,1070
2082,21.0,feeder,0.9548609256744385,894,821,1888,1070
2083,21.0,feeder,0.9548724293708801,894,821,1888,1070
2084,21.0,feeder,0.9549167156219482,894,821,1888,1070
2085,21.0,feeder,0.9549025893211365,894,821,1888,1070
2086,21.0,feeder,0.9547662734985352,894,822,1887,1070
2087,21.0,feeder,0.9548231363296509,894,822,1887,1070
2088,21.0,feeder,0.9548024535179138,894,822,1887,1070
2089,21.0,feeder,0.954705536365509,895,822,1887,1070
2090,21.0,feeder,0.9547357559204102,894,822,1887,1070
2091,21.0,feeder,0.9547081589698792,894,822,1887,1070
2092,21.0,feeder,0.954709529876709,894,822,1887,1070
2093,21.0,feeder,0.9548003077507019,894,822,1887,1070
2094,21.0,feeder,0.9548811316490173,894,821,1887,1070
2095,21.0,feeder,0.9548957347869873,894,821,1887,1070
2096,21.0,feeder,0.9548962712287903,894,821,1887,1070
2097,21.0,feeder,0.9548874497413635,895,821,1887,1070
2098,21.0,feeder,0.9549198746681213,894,821,1887,1070
2099,21.0,feeder,0.9549395442008972,894,821,1887,1070
2100,21.0,feeder,0.9549660682678223,894,821,1887,1070
2101,21.0,feeder,0.9550487995147705,894,821,1887,1070
2102,21.0,feeder,0.9549695253372192,894,821,1887,1070
2103,21.0,feeder,0.9550099968910217,894,821,1887,1071
2104,21.0,feeder,0.9549742937088013,894,821,1887,1071
2105,21.0,feeder,0.9549526572227478,894,821,1887,1071
2106,21.0,feeder,0.9549573659896851,894,821,1887,1071
2107,21.0,feeder,0.9549881219863892,894,821,1887,1070
2108,21.0,feeder,0.9549187421798706,894,821,1887,1070
2109,21.0,feeder,0.95490962266922,894,821,1887,1070
2110,21.0,feeder,0.9547975659370422,894,821,1887,1071
2111,21.0,feeder,0.9548086524009705,894,821,1887,1071
2112,21.0,feeder,0.9547373652458191,895,821,1888,1070
2113,21.0,feeder,0.9548766016960144,894,821,1888,1070
2114,21.0,feeder,0.9547998309135437,894,821,1887,1071
2115,21.0,feeder,0.9548066854476929,894,822,1887,1071
2116,21.0,feeder,0.9549886584281921,895,822,1887,1071
2117,21.0,feeder,0.9549223780632019,895,822,1887,1071
2118,21.0,feeder,0.9550137519836426,895,822,1887,1071
2119,21.0,feeder,0.9550004005432129,895,822,1887,1071
2120,21.0,feeder,0.9549921154975891,895,821,1887,1071
2121,21.0,feeder,0.9550096392631531,895,821,1887,1071
2122,21.0,feeder,0.9549912810325623,895,821,1887,1071
2123,21.0,feeder,0.9549902081489563,895,821,1887,1071
2124,21.0,feeder,0.9549502730369568,895,821,1887,1071
2125,21.0,feeder,0.9549437761306763,895,821,1887,1071
2126,21.0,feeder,0.9549062848091125,895,821,1887,1071
2127,21.0,feeder,0.9549136757850647,895,821,1887,1071
2128,21.0,feeder,0.9549922347068787,895,821,1887,1071
2129,21.0,feeder,0.954998254776001,895,821,1887,1071
2130,21.0,feeder,0.9548752903938293,895,822,1887,1071
2131,21.0,feeder,0.9546264410018921,895,822,1887,1070
2132,21.0,feeder,0.9546820521354675,895,822,1887,1070
2133,21.0,feeder,0.9547207355499268,895,822,1887,1070
2134,21.0,feeder,0.9547737836837769,895,822,1887,1070
2135,21.0,feeder,0.9549016952514648,895,822,1887,1071
2136,21.0,feeder,0.9549165964126587,895,822,1887,1070
2137,21.0,feeder,0.9548863768577576,895,822,1887,1070
2138,21.0,feeder,0.954829752445221,895,822,1887,1070
2139,21.0,feeder,0.9548243284225464,895,822,1887,1070
2140,21.0,feeder,0.9548190832138062,895,822,1887,1070
2141,21.0,feeder,0.954818844795227,895,822,1887,1070
2142,21.0,feeder,0.9548224806785583,895,822,1887,1070
2143,21.0,feeder,0.9548423290252686,895,822,1887,1070
2144,21.0,feeder,0.9548507332801819,895,822,1887,1070
2145,21.0,feeder,0.9549099802970886,895,822,1887,1071
2146,21.0,feeder,0.9546517729759216,895,822,1887,1071
2147,21.0,feeder,0.9546452164649963,895,822,1887,1071
2148,21.0,feeder,0.9547442197799683,895,822,1887,1071
2149,21.0,feeder,0.9547662734985352,895,822,1887,1070
2150,21.0,feeder,0.9547910690307617,895,822,1887,1070
2151,21.0,feeder,0.9547157287597656,895,822,1887,1070
2152,21.0,feeder,0.9547948837280273,894,821,1887,1070
2153,21.0,feeder,0.9547765851020813,894,821,1887,1070
2154,21.0,feeder,0.9547505378723145,895,821,1887,1070
2155,21.0,feeder,0.9547340273857117,895,821,1887,1071
2156,21.0,feeder,0.9547544121742249,894,821,1887,1071
2157,21.0,feeder,0.9547442197799683,894,821,1887,1071
2158,21.0,feeder,0.9548664689064026,894,821,1887,1071
2159,21.0,feeder,0.9549131989479065,894,821,1887,1071
2160,21.0,feeder,0.9549503922462463,894,822,1887,1071
2161,21.0,feeder,0.9546940326690674,895,821,1887,1071
2162,21.0,feeder,0.9546396136283875,895,821,1887,1071
2163,21.0,feeder,0.954597532749176,895,821,1887,1071
2164,21.0,feeder,0.9546734690666199,895,821,1887,1071
2165,21.0,feeder,0.9547520279884338,895,821,1887,1071
2166,21.0,feeder,0.9547456502914429,895,821,1887,1071
2167,21.0,feeder,0.954810380935669,895,821,1887,1071
2168,21.0,feeder,0.9548254013061523,895,821,1887,1071
2169,21.0,feeder,0.9547560811042786,895,821,1887,1071
2170,21.0,feeder,0.9547082781791687,895,821,1887,1071
2171,21.0,feeder,0.9547317028045654,895,821,1887,1071
2172,21.0,feeder,0.9547995328903198,895,821,1887,1071
2173,21.0,feeder,0.9548000693321228,895,821,1887,1071
2174,21.0,feeder,0.9547697305679321,895,821,1887,1071
2175,21.0,feeder,0.9548016786575317,895,821,1887,1071
2176,21.0,feeder,0.9547746181488037,895,822,1887,1071
2177,21.0,feeder,0.9547901749610901,894,822,1887,1070
2178,21.0,feeder,0.954801619052887,894,822,1887,1070
2179,21.0,feeder,0.9547803997993469,894,822,1887,1070
2180,21.0,feeder,0.9548420310020447,894,822,1887,1071
2181,21.0,feeder,0.9548932313919067,894,822,1887,1071
2182,21.0,feeder,0.9548856019973755,894,822,1887,1071
2183,21.0,feeder,0.9547967314720154,894,822,1887,1071
2184,21.0,feeder,0.9548245072364807,894,822,1887,1071
2185,21.0,feeder,0.9548713564872742,894,822,1887,1070
2186,21.0,feeder,0.9548786282539368,894,822,1887,1071
2187,21.0,feeder,0.9548989534378052,894,822,1887,1071
2188,21.0,feeder,0.9549205303192139,894,822,1887,1071
2189,21.0,feeder,0.9548627734184265,894,822,1887,1071
2190,21.0,feeder,0.954781174659729,894,822,1887,1071
2191,21.0,feeder,0.9548068046569824,894,822,1888,1070
2192,21.0,feeder,0.9547414779663086,894,822,1888,1070
2193,21.0,feeder,0.9547340869903564,894,822,1888,1070
2194,21.0,feeder,0.954728901386261,894,821,1888,1070
2195,21.0,feeder,0.9547287821769714,894,822,1888,1070
2196,21.0,feeder,0.9548010230064392,894,821,1888,1070
2197,21.0,feeder,0.9548866152763367,894,821,1888,1070
2198,21.0,feeder,0.9547699689865112,894,821,1887,1070
2199,21.0,feeder,0.9547508358955383,894,821,1887,1071
2200,21.0,feeder,0.9547155499458313,894,821,1887,1070
2201,21.0,feeder,0.9547551870346069,894,821,1887,1070
2202,21.0,feeder,0.9547720551490784,894,821,1887,1070
2203,21.0,feeder,0.9548624753952026,894,821,1887,1070
2204,21.0,feeder,0.9548649787902832,894,821,1887,1070
2205,21.0,feeder,0.9548391103744507,894,821,1887,1071
2206,21.0,feeder,0.9548397660255432,894,821,1888,1071
2207,21.0,feeder,0.9548959136009216,894,821,1888,1071
2208,21.0,feeder,0.9548569321632385,894,821,1888,1071
2209,21.0,feeder,0.9547999501228333,894,821,1888,1071
2210,21.0,feeder,0.9549401998519897,894,821,1888,1071
2211,21.0,feeder,0.9549099802970886,894,821,1888,1071
2212,21.0,feeder,0.9549102783203125,894,821,1888,1071
2213,21.0,feeder,0.954833984375,894,821,1888,1071
2214,21.0,feeder,0.9548603892326355,894,821,1888,1070
2215,21.0,feeder,0.9548842906951904,894,821,1888,1070
2216,21.0,feeder,0.9548403024673462,894,821,1888,1070
2217,21.0,feeder,0.954856812953949,894,821,1888,1070
2218,21.0,feeder,0.9548619985580444,894,821,1888,1070
2219,21.0,feeder,0.9548459649085999,894,821,1888,1070
2220,21.0,feeder,0.954931914806366,894,821,1888,1071
2221,21.0,feeder,0.9547293186187744,895,822,1887,1070
2222,21.0,feeder,0.9547359347343445,895,822,1887,1070
2223,21.0,feeder,0.9547628164291382,895,822,1887,1070
2224,21.0,feeder,0.9547839760780334,895,822,1887,1070
2225,21.0,feeder,0.9547710418701172,895,822,1888,1070
2226,21.0,feeder,0.9547954797744751,895,822,1888,1070
2227,21.0,feeder,0.9548172354698181,895,822,1887,1070
2228,21.0,feeder,0.9548469185829163,894,822,1887,1070
2229,21.0,feeder,0.9547756314277649,895,822,1887,1070
2230,21.0,feeder,0.9547508358955383,894,822,1887,1070
2231,21.0,feeder,0.9547393321990967,894,822,1887,1070
2232,21.0,feeder,0.9546443819999695,894,822,1887,1070
2233,21.0,feeder,0.9546132683753967,894,822,1887,1070
2234,21.0,feeder,0.9546104669570923,894,821,1887,1070
2235,21.0,feeder,0.9546128511428833,894,822,1887,1070
2236,21.0,feeder,0.9548180103302002,894,822,1887,1071
2237,21.0,feeder,0.9548748731613159,894,822,1888,1071
2238,21.0,feeder,0.9548171162605286,894,822,1888,1071
2239,21.0,feeder,0.9548342227935791,894,822,1888,1071
2240,21.0,feeder,0.9548432230949402,894,822,1888,1071
2241,21.0,feeder,0.9548231363296509,894,822,1888,1071
2242,21.0,feeder,0.954818844795227,893,822,1888,1071
2243,21.0,feeder,0.9547803997993469,894,821,1888,1071
2244,21.0,feeder,0.9548270106315613,894,821,1888,1071
2245,21.0,feeder,0.9549025893211365,894,821,1888,1071
2246,21.0,feeder,0.9548826813697815,894,821,1887,1071
2247,21.0,feeder,0.9549680948257446,894,821,1887,1071
2248,21.0,feeder,0.9549556374549866,894,821,1887,1071
2249,21.0,feeder,0.9549083113670349,894,821,1887,1071
2250,21.0,feeder,0.9549143314361572,894,821,1887,1071
2251,21.0,feeder,0.9547168612480164,895,821,1887,1071
2252,21.0,feeder,0.954729437828064,895,822,1887,1071
2253,21.0,feeder,0.9547353982925415,895,822,1888,1071
2254,21.0,feeder,0.9547291994094849,895,822,1887,1071
2255,21.0,feeder,0.9546979069709778,895,822,1887,1071
2256,21.0,feeder,0.9546415209770203,895,821,1887,1071
2257,21.0,feeder,0.9546546936035156,895,822,1887,1071
2258,21.0,feeder,0.9546085000038147,894,821,1887,1071
2259,21.0,feeder,0.9545676708221436,894,821,1887,1071
2260,21.0,feeder,0.9546656608581543,894,821,1887,1070
2261,21.0,feeder,0.9547130465507507,894,821,1887,1070
2262,21.0,feeder,0.9547845125198364,894,821,1887,1070
2263,21.0,feeder,0.9548243880271912,895,821,1888,1070
2264,21.0,feeder,0.9548506140708923,895,821,1887,1070
2265,21.0,feeder,0.9548730254173279,895,821,1887,1070
2266,21.0,feeder,0.9546631574630737,895,821,1887,1071
2267,21.0,feeder,0.9546242952346802,894,822,1887,1071
2268,21.0,feeder,0.9545851349830627,894,821,1887,1071
2269,21.0,feeder,0.9546298980712891,894,821,1887,1071
2270,21.0,feeder,0.9547227025032043,894,821,1887,1071
2271,21.0,feeder,0.9547157287597656,894,821,1887,1071
2272,21.0,feeder,0.9547184705734253,894,821,1887,1071
2273,21.0,feeder,0.9547624588012695,894,821,1887,1071
2274,21.0,feeder,0.954815149307251,894,821,1887,1071
2275,21.0,feeder,0.9547949433326721,894,821,1887,1071
2276,21.0,feeder,0.9548065066337585,894,821,1887,1071
2277,21.0,feeder,0.9549129009246826,894,821,1887,1071
2278,21.0,feeder,0.9549466967582703,894,821,1887,1071
2279,21.0,feeder,0.9550179243087769,893,821,1887,1071
2280,21.0,feeder,0.9549329876899719,894,821,1887,1071
2281,21.0,feeder,0.9546469449996948,894,821,1887,1071
2282,21.0,feeder,0.9545610547065735,894,821,1887,1071
2283,21.0,feeder,0.9545775651931763,894,821,1887,1071
2284,21.0,feeder,0.9547291398048401,894,821,1887,1071
2285,21.0,feeder,0.9546968340873718,894,821,1887,1071
2286,21.0,feeder,0.9546853303909302,894,821,1887,1071
2287,21.0,feeder,0.9546622037887573,894,821,1887,1071
2288,21.0,feeder,0.9546223282814026,894,821,1887,1071
2289,21.0,feeder,0.9545886516571045,894,821,1887,1071
2290,21.0,feeder,0.954615592956543,894,821,1887,1071
2291,21.0,feeder,0.9546740055084229,894,821,1887,1071
2292,21.0,feeder,0.954711377620697,894,821,1887,1071
2293,21.0,feeder,0.9547285437583923,894,821,1887,1071
2294,21.0,feeder,0.9547824859619141,894,821,1887,1071
2295,21.0,feeder,0.9548152685165405,894,821,1887,1071
2296,21.0,feeder,0.9546394944190979,895,821,1887,1070
2297,21.0,feeder,0.9547357559204102,896,822,1887,1070
2298,21.0,feeder,0.9548652768135071,895,822,1887,1070
2299,21.0,feeder,0.9548656940460205,895,822,1887,1070
2300,21.0,feeder,0.9548760652542114,895,822,1887,1070
2301,21.0,feeder,0.9549843072891235,895,822,1887,1070
2302,21.0,feeder,0.9549747705459595,895,821,1887,1070
2303,21.0,feeder,0.9550497531890869,895,822,1887,1070
2304,21.0,feeder,0.9550010561943054,895,821,1887,1071
2305,21.0,feeder,0.9549401998519897,895,821,1887,1071
2306,21.0,feeder,0.9549110531806946,894,821,1887,1071
2307,21.0,feeder,0.9548692107200623,894,821,1887,1071
2308,21.0,feeder,0.954804539680481,894,821,1887,1071
2309,21.0,feeder,0.9549456238746643,894,821,1887,1071
2310,21.0,feeder,0.9549736380577087,894,821,1887,1071
2311,21.0,feeder,0.9549915790557861,894,821,1887,1071
2312,21.0,feeder,0.9549415707588196,894,821,1887,1071
2313,21.0,feeder,0.9548529982566833,894,821,1887,1071
2314,21.0,feeder,0.9548829197883606,894,821,1887,1071
2315,21.0,feeder,0.9548549652099609,894,822,1887,1071
2316,21.0,feeder,0.9548197388648987,894,821,1887,1071
2317,21.0,feeder,0.9548312425613403,894,821,1887,1071
2318,21.0,feeder,0.9548090100288391,894,821,1887,1071
2319,21.0,feeder,0.9548084139823914,894,821,1887,1071
2320,21.0,feeder,0.9548156261444092,894,821,1887,1071
2321,21.0,feeder,0.9548388719558716,894,821,1887,1071
2322,21.0,feeder,0.9549221396446228,894,821,1887,1071
2323,21.0,feeder,0.9547932147979736,894,821,1887,1071
2324,21.0,feeder,0.9548665881156921,894,821,1887,1071
2325,21.0,feeder,0.9548553824424744,894,821,1887,1071
2326,21.0,feeder,0.9552174806594849,895,821,1887,1071
2327,21.0,feeder,0.9551091194152832,895,821,1887,1071
2328,21.0,feeder,0.9550034403800964,894,821,1887,1071
2329,21.0,feeder,0.9550538063049316,895,821,1887,1071
2330,21.0,feeder,0.9550299644470215,895,821,1887,1071
2331,21.0,feeder,0.95502108335495,895,821,1887,1071
2332,21.0,feeder,0.9550238847732544,895,821,1887,1071
2333,21.0,feeder,0.955033540725708,895,821,1887,1071
2334,21.0,feeder,0.9551272988319397,895,821,1887,1071
2335,21.0,feeder,0.9550256133079529,895,821,1887,1071
2336,21.0,feeder,0.9549771547317505,895,821,1887,1071
2337,21.0,feeder,0.9548539519309998,895,821,1887,1071
2338,21.0,feeder,0.954832136631012,895,821,1887,1071
2339,21.0,feeder,0.9549036622047424,895,821,1887,1071
2340,21.0,feeder,0.9549844264984131,895,822,1887,1071
2341,21.0,feeder,0.954757571220398,894,821,1887,1070
2342,21.0,feeder,0.9548424482345581,894,821,1887,1070
2343,21.0,feeder,0.9548312425613403,894,821,1887,1070
2344,21.0,feeder,0.9548351764678955,894,821,1887,1070
2345,21.0,feeder,0.9547451138496399,895,821,1887,1070
2346,21.0,feeder,0.9546931385993958,894,822,1887,1070
2347,21.0,feeder,0.9548260569572449,895,822,1887,1070
2348,21.0,feeder,0.9548227787017822,894,822,1887,1070
2349,21.0,feeder,0.9547640085220337,894,822,1887,1070
2350,21.0,feeder,0.9547041058540344,895,822,1887,1070
2351,21.0,feeder,0.9547420144081116,894,822,1887,1070
2352,21.0,feeder,0.9547756314277649,894,821,1887,1070
2353,21.0,feeder,0.9548252820968628,894,821,1887,1070
2354,21.0,feeder,0.9548853635787964,894,821,1887,1070
2355,21.0,feeder,0.9549687504768372,894,821,1887,1070
2356,21.0,feeder,0.9545820355415344,895,821,1887,1071
2357,21.0,feeder,0.9546722769737244,895,821,1887,1071
2358,21.0,feeder,0.954755961894989,895,821,1887,1071
2359,21.0,feeder,0.9548630118370056,895,821,1887,1071
2360,21.0,feeder,0.9548454880714417,895,822,1887,1071
2361,21.0,feeder,0.9548422694206238,895,822,1887,1071
2362,21.0,feeder,0.9548119306564331,895,822,1887,1071
2363,21.0,feeder,0.9547121524810791,895,822,1887,1071
2364,21.0,feeder,0.9547393321990967,895,822,1887,1071
2365,21.0,feeder,0.9547404050827026,895,822,1887,1071
2366,21.0,feeder,0.954832911491394,895,822,1887,1071
2367,21.0,feeder,0.9547979831695557,895,822,1887,1071
2368,21.0,feeder,0.9547939896583557,895,822,1887,1071
2369,21.0,feeder,0.9548525810241699,895,822,1887,1071
2370,21.0,feeder,0.9548601508140564,895,822,1887,1071
2371,21.0,feeder,0.9546585083007812,895,821,1887,1071
2372,21.0,feeder,0.9546734690666199,894,821,1887,1071
2373,21.0,feeder,0.9547064900398254,894,821,1887,1071
2374,21.0,feeder,0.9548256397247314,894,821,1887,1071
2375,21.0,feeder,0.9548354148864746,894,821,1887,1071
2376,21.0,feeder,0.9547821283340454,894,821,1887,1071
2377,21.0,feeder,0.9547670483589172,895,821,1887,1071
2378,21.0,feeder,0.9547923803329468,894,821,1887,1071
2379,21.0,feeder,0.9548658132553101,894,821,1887,1071
2380,21.0,feeder,0.9548134207725525,894,821,1887,1071
2381,21.0,feeder,0.9547402858734131,894,821,1887,1071
2382,21.0,feeder,0.9547678232192993,894,821,1887,1071
2383,21.0,feeder,0.9547702074050903,894,821,1887,1071
2384,21.0,feeder,0.9548079967498779,894,821,1887,1070
2385,21.0,feeder,0.954832136631012,894,821,1887,1070
2386,21.0,feeder,0.9548131227493286,895,821,1887,1071
2387,21.0,feeder,0.9547849893569946,895,821,1887,1071
2388,21.0,feeder,0.9547516107559204,895,821,1887,1071
2389,21.0,feeder,0.9546735882759094,895,821,1887,1071
2390,21.0,feeder,0.9547199010848999,895,821,1887,1071
2391,21.0,feeder,0.9547608494758606,895,821,1887,1070
2392,21.0,feeder,0.9547284841537476,895,821,1887,1071
2393,21.0,feeder,0.9547286629676819,895,821,1887,1070
2394,21.0,feeder,0.9547645449638367,895,821,1887,1070
2395,21.0,feeder,0.9547650814056396,895,821,1887,1070
2396,21.0,feeder,0.9547525644302368,895,821,1887,1070
2397,21.0,feeder,0.9547317028045654,895,821,1887,1070
2398,21.0,feeder,0.954683780670166,895,821,1887,1070
2399,21.0,feeder,0.9547258615493774,895,821,1887,1070
2400,21.0,feeder,0.9547364115715027,895,821,1887,1070
2401,21.0,feeder,0.9545790553092957,895,821,1887,1071
2402,21.0,feeder,0.9546377658843994,895,821,1887,1071
2403,21.0,feeder,0.9547690749168396,894,821,1887,1071
2404,21.0,feeder,0.9547385573387146,894,821,1887,1071
2405,21.0,feeder,0.9547157287597656,894,821,1887,1071
2406,21.0,feeder,0.9545516967773438,894,822,1887,1071
2407,21.0,feeder,0.9545583128929138,894,821,1887,1071
2408,21.0,feeder,0.9546077251434326,894,822,1887,1071
2409,21.0,feeder,0.9546420574188232,894,822,1887,1071
2410,21.0,feeder,0.9546000361442566,894,822,1887,1071
2411,21.0,feeder,0.9545931816101074,894,822,1887,1071
2412,21.0,feeder,0.9545131325721741,894,822,1887,1071
2413,21.0,feeder,0.9544985890388489,894,822,1887,1071
2414,21.0,feeder,0.9544696807861328,894,822,1887,1071
2415,21.0,feeder,0.9543182253837585,894,822,1887,1071
2416,21.0,feeder,0.9546935558319092,894,822,1887,1071
2417,21.0,feeder,0.9547744393348694,894,822,1887,1071
2418,21.0,feeder,0.9547137022018433,895,821,1887,1071
2419,21.0,feeder,0.9547183513641357,895,821,1887,1071
2420,21.0,feeder,0.9546259045600891,894,821,1887,1071
2421,21.0,feeder,0.9545941948890686,894,821,1887,1071
2422,21.0,feeder,0.9545560479164124,894,821,1887,1071
2423,21.0,feeder,0.9545390009880066,894,821,1887,1071
2424,21.0,feeder,0.9546191692352295,894,822,1887,1071
2425,21.0,feeder,0.9546062350273132,894,822,1887,1071
2426,21.0,feeder,0.9546314477920532,894,822,1887,1071
2427,21.0,feeder,0.9546064734458923,894,822,1887,1071
2428,21.0,feeder,0.9546356797218323,894,822,1887,1071
2429,21.0,feeder,0.954674482345581,894,822,1887,1071
2430,21.0,feeder,0.9546459913253784,894,822,1887,1071
2431,21.0,feeder,0.9546676278114319,894,821,1887,1071
2432,21.0,feeder,0.9547380208969116,894,821,1887,1071
2433,21.0,feeder,0.9547256231307983,894,821,1887,1071
2434,21.0,feeder,0.9547256231307983,894,822,1887,1071
2435,21.0,feeder,0.954785943031311,894,821,1887,1071
2436,21.0,feeder,0.9548656940460205,894,821,1887,1071
2437,21.0,feeder,0.9548863768577576,894,821,1887,1071
2438,21.0,feeder,0.9549073576927185,894,821,1887,1071
2439,21.0,feeder,0.9549340009689331,894,821,1887,1071
2440,21.0,feeder,0.9549427628517151,894,821,1887,1071
2441,21.0,feeder,0.9548940062522888,894,821,1887,1071
2442,21.0,feeder,0.9548658132553101,894,821,1887,1071
2443,21.0,feeder,0.9548541903495789,894,821,1887,1071
2444,21.0,feeder,0.954909086227417,894,821,1887,1071
2445,21.0,feeder,0.9549433588981628,894,821,1887,1071
2446,21.0,feeder,0.954779863357544,894,821,1887,1070
2447,21.0,feeder,0.9548189640045166,894,821,1887,1070
2448,21.0,feeder,0.9547659754753113,894,821,1887,1070
2449,21.0,feeder,0.9547337889671326,894,821,1887,1071
2450,21.0,feeder,0.954699695110321,894,821,1887,1071
2451,21.0,feeder,0.9547862410545349,894,821,1887,1071
2452,21.0,feeder,0.9548131227493286,894,821,1887,1070
2453,21.0,feeder,0.9548672437667847,894,821,1887,1070
2454,21.0,feeder,0.9548611640930176,894,821,1887,1070
2455,21.0,feeder,0.9548484086990356,894,821,1887,1070
2456,21.0,feeder,0.954906165599823,894,821,1887,1071
2457,21.0,feeder,0.9549223780632019,894,821,1887,1071
2458,21.0,feeder,0.954907238483429,894,821,1887,1071
2459,21.0,feeder,0.9548655152320862,894,821,1887,1071
2460,21.0,feeder,0.9548113942146301,894,821,1887,1071
2461,21.0,feeder,0.9545854926109314,894,821,1887,1071
2462,21.0,feeder,0.9545797109603882,894,822,1887,1071
2463,21.0,feeder,0.9545716643333435,895,822,1887,1071
2464,21.0,feeder,0.9546723961830139,895,822,1887,1071
2465,21.0,feeder,0.9547172784805298,895,822,1887,1071
2466,21.0,feeder,0.9546874165534973,895,822,1887,1071
2467,21.0,feeder,0.9547582268714905,895,822,1887,1071
2468,21.0,feeder,0.95478355884552,894,822,1887,1071
2469,21.0,feeder,0.9548187851905823,894,822,1887,1071
2470,21.0,feeder,0.954791247844696,894,822,1887,1071
2471,21.0,feeder,0.954766571521759,894,822,1887,1071
2472,21.0,feeder,0.9547528028488159,894,822,1887,1071
2473,21.0,feeder,0.9546377658843994,894,822,1887,1071
2474,21.0,feeder,0.9545985460281372,894,822,1887,1071
2475,21.0,feeder,0.9546495676040649,894,822,1887,1071
2476,21.0,feeder,0.9547032713890076,894,822,1887,1071
2477,21.0,feeder,0.9546957612037659,895,822,1887,1071
2478,21.0,feeder,0.9546545743942261,895,822,1887,1071
2479,21.0,feeder,0.9546473026275635,895,822,1887,1071
2480,21.0,feeder,0.9547438025474548,895,822,1887,1070
2481,21.0,feeder,0.9547671675682068,895,822,1887,1071
2482,21.0,feeder,0.9547991752624512,895,822,1887,1071
2483,21.0,feeder,0.9547805190086365,894,822,1887,1071
2484,21.0,feeder,0.9547445178031921,894,822,1887,1071
2485,21.0,feeder,0.9546891450881958,894,822,1887,1071
2486,21.0,feeder,0.9547549486160278,894,822,1887,1071
2487,21.0,feeder,0.9547315239906311,894,821,1887,1071
2488,21.0,feeder,0.9548212885856628,895,821,1887,1071
2489,21.0,feeder,0.9548078775405884,894,821,1887,1071
2490,21.0,feeder,0.9548782110214233,894,821,1887,1071
2491,21.0,feeder,0.9549734592437744,895,821,1887,1071
2492,21.0,feeder,0.9549697637557983,895,821,1887,1071
2493,21.0,feeder,0.9549551606178284,895,821,1887,1071
2494,21.0,feeder,0.9549151659011841,895,821,1887,1071
2495,21.0,feeder,0.9549250602722168,895,821,1887,1071
2496,21.0,feeder,0.9550029039382935,895,821,1887,1071
2497,21.0,feeder,0.9549849629402161,895,821,1887,1070
2498,21.0,feeder,0.9550008177757263,895,821,1887,1070
2499,21.0,feeder,0.9549604058265686,895,821,1888,1070
2500,21.0,feeder,0.9549222588539124,895,821,1887,1070
2501,21.0,feeder,0.954905092716217,895,821,1887,1070
2502,21.0,feeder,0.9549259543418884,895,821,1887,1070
2503,21.0,feeder,0.9548709392547607,895,821,1887,1070
2504,21.0,feeder,0.9548488855361938,895,821,1887,1070
2505,21.0,feeder,0.9549247622489929,895,821,1887,1070
2506,21.0,feeder,0.9548254013061523,895,821,1887,1070
2507,21.0,feeder,0.9547824859619141,894,821,1887,1071
2508,21.0,feeder,0.9547545313835144,894,821,1887,1070
2509,21.0,feeder,0.9548028707504272,894,821,1887,1070
2510,21.0,feeder,0.9548566937446594,894,821,1887,1070
2511,21.0,feeder,0.9548681974411011,894,821,1887,1070
2512,21.0,feeder,0.9549175500869751,894,821,1887,1070
2513,21.0,feeder,0.9549435377120972,894,821,1887,1070
2514,21.0,feeder,0.9550439119338989,894,821,1887,1070
2515,21.0,feeder,0.955025851726532,894,821,1887,1070
2516,21.0,feeder,0.9549925923347473,894,821,1887,1070
2517,21.0,feeder,0.9550539255142212,895,821,1887,1070
2518,21.0,feeder,0.955053448677063,894,821,1887,1070
2519,21.0,feeder,0.9550909996032715,894,821,1887,1070
2520,21.0,feeder,0.9550273418426514,894,821,1887,1070
2521,21.0,feeder,0.9547140002250671,894,821,1887,1071
2522,21.0,feeder,0.9546140432357788,895,821,1887,1071
2523,21.0,feeder,0.9545702934265137,895,821,1887,1071
2524,21.0,feeder,0.9546269774436951,895,821,1887,1071
2525,21.0,feeder,0.9546425342559814,895,821,1887,1071
2526,21.0,feeder,0.9546021223068237,894,821,1887,1070
2527,21.0,feeder,0.9546676278114319,894,821,1887,1070
2528,21.0,feeder,0.954698383808136,894,821,1887,1070
2529,21.0,feeder,0.954650342464447,894,821,1887,1070
2530,21.0,feeder,0.954677164554596,894,822,1887,1070
2531,21.0,feeder,0.954713761806488,894,822,1887,1070
2532,21.0,feeder,0.9548060297966003,894,821,1887,1070
2533,21.0,feeder,0.9548214673995972,894,822,1887,1070
2534,21.0,feeder,0.9548380970954895,894,822,1887,1070
2535,21.0,feeder,0.9548065066337585,894,822,1887,1070
2536,21.0,feeder,0.9547482132911682,894,822,1887,1070
2537,21.0,feeder,0.9547111988067627,894,822,1887,1070
2538,21.0,feeder,0.9546365141868591,893,822,1887,1070
2539,21.0,feeder,0.954622209072113,893,822,1887,1070
2540,21.0,feeder,0.9546470642089844,894,822,1887,1070
2541,21.0,feeder,0.9546647071838379,894,822,1887,1070
2542,21.0,feeder,0.9546829462051392,894,822,1887,1070
2543,21.0,feeder,0.9547955989837646,894,822,1887,1070
2544,21.0,feeder,0.9548100829124451,894,822,1887,1070
2545,21.0,feeder,0.954835832118988,894,822,1887,1071
2546,21.0,feeder,0.9548684358596802,894,822,1887,1071
2547,21.0,feeder,0.9548474550247192,894,821,1887,1071
2548,21.0,feeder,0.9549359083175659,894,821,1887,1070
2549,21.0,feeder,0.9549124836921692,894,821,1887,1070
2550,21.0,feeder,0.9548285603523254,894,822,1887,1070
2551,21.0,feeder,0.9550129175186157,895,822,1887,1070
2552,21.0,feeder,0.9549849629402161,895,822,1887,1070
2553,21.0,feeder,0.954928994178772,895,822,1887,1070
2554,21.0,feeder,0.9548771381378174,895,822,1887,1070
2555,21.0,feeder,0.9549704194068909,895,822,1887,1070
2556,21.0,feeder,0.9549597501754761,895,822,1887,1070
2557,21.0,feeder,0.9549012780189514,895,822,1887,1070
2558,21.0,feeder,0.9549349546432495,895,822,1887,1070
2559,21.0,feeder,0.9549939036369324,894,822,1887,1070
2560,21.0,feeder,0.9549490809440613,894,822,1887,1070
2561,21.0,feeder,0.9549170136451721,894,822,1887,1070
2562,21.0,feeder,0.9548786282539368,894,822,1887,1070
2563,21.0,feeder,0.9548594355583191,894,822,1887,1070
2564,21.0,feeder,0.9548273682594299,894,822,1887,1070
2565,21.0,feeder,0.954810619354248,894,822,1887,1070
2566,21.0,feeder,0.9547516107559204,894,821,1887,1071
2567,21.0,feeder,0.9546993374824524,894,821,1887,1071
2568,21.0,feeder,0.954732358455658,894,821,1887,1071
2569,21.0,feeder,0.9547058343887329,894,821,1887,1071
2570,21.0,feeder,0.9547513723373413,894,821,1887,1071
2571,21.0,feeder,0.9547509551048279,894,821,1887,1071
2572,21.0,feeder,0.9547813534736633,894,821,1887,1071
2573,21.0,feeder,0.9547520279884338,894,821,1887,1071
2574,21.0,feeder,0.9546446800231934,894,821,1887,1071
2575,21.0,feeder,0.9546493887901306,894,821,1887,1071
2576,21.0,feeder,0.9547114968299866,894,821,1887,1071
2577,21.0,feeder,0.9546677470207214,894,821,1887,1071
2578,21.0,feeder,0.9546124339103699,894,821,1887,1071
2579,21.0,feeder,0.9546923637390137,894,822,1887,1071
2580,21.0,feeder,0.9546111226081848,894,822,1887,1071
2581,21.0,feeder,0.9548681378364563,895,822,1887,1071
2582,21.0,feeder,0.9548733234405518,895,822,1887,1071
2583,21.0,feeder,0.9547711610794067,895,822,1887,1071
2584,21.0,feeder,0.9547549486160278,895,822,1887,1071
2585,21.0,feeder,0.9548755288124084,895,822,1887,1071
2586,21.0,feeder,0.954832136631012,895,822,1887,1071
2587,21.0,feeder,0.9547744393348694,895,822,1887,1071
2588,21.0,feeder,0.9548171162605286,895,822,1887,1071
2589,21.0,feeder,0.9548779726028442,895,822,1887,1071
2590,21.0,feeder,0.9548762440681458,895,822,1887,1071
2591,21.0,feeder,0.9549207091331482,895,822,1887,1071
2592,21.0,feeder,0.954954206943512,895,822,1887,1071
2593,21.0,feeder,0.9549645185470581,895,822,1887,1071
2594,21.0,feeder,0.9549159407615662,894,822,1887,1071
2595,21.0,feeder,0.9548504948616028,894,822,1887,1071
2596,21.0,feeder,0.954861581325531,894,821,1887,1071
2597,21.0,feeder,0.9549069404602051,894,821,1887,1071
2598,21.0,feeder,0.9548252820968628,894,821,1887,1071
2599,21.0,feeder,0.9548295140266418,894,821,1887,1071
2600,21.0,feeder,0.9548470377922058,894,821,1887,1071
2601,21.0,feeder,0.9548822641372681,894,821,1887,1071
2602,21.0,feeder,0.9548889994621277,894,821,1887,1071
2603,21.0,feeder,0.9548900723457336,894,821,1887,1071
2604,21.0,feeder,0.954835057258606,894,821,1887,1071
2605,21.0,feeder,0.9548251628875732,894,821,1887,1071
2606,21.0,feeder,0.9549708366394043,894,821,1887,1071
2607,21.0,feeder,0.954928994178772,894,821,1887,1071
2608,21.0,feeder,0.9548667073249817,894,821,1887,1071
2609,21.0,feeder,0.954889178276062,894,821,1887,1071
2610,21.0,feeder,0.9548709392547607,894,821,1887,1071
2611,21.0,feeder,0.9546685814857483,894,821,1887,1071
2612,21.0,feeder,0.9546770453453064,894,821,1887,1071
2613,21.0,feeder,0.954646646976471,894,821,1887,1071
2614,21.0,feeder,0.9546091556549072,894,821,1887,1071
2615,21.0,feeder,0.9545490145683289,894,821,1887,1071
2616,21.0,feeder,0.9545623660087585,894,821,1887,1071
2617,21.0,feeder,0.9546100497245789,894,821,1887,1071
2618,21.0,feeder,0.9546389579772949,894,821,1887,1071
2619,21.0,feeder,0.9545683264732361,894,821,1887,1071
2620,21.0,feeder,0.9545321464538574,894,821,1887,1071
2621,21.0,feeder,0.9546112418174744,894,821,1887,1071
2622,21.0,feeder,0.9545978903770447,893,821,1887,1071
2623,21.0,feeder,0.9545769095420837,893,821,1887,1071
2624,21.0,feeder,0.9545761346817017,893,821,1887,1071
2625,21.0,feeder,0.954640805721283,893,821,1887,1071
2626,21.0,feeder,0.954780638217926,894,821,1887,1071
2627,21.0,feeder,0.9547832012176514,895,822,1887,1071
2628,21.0,feeder,0.9548919200897217,895,822,1887,1071
2629,21.0,feeder,0.9549303650856018,895,822,1887,1071
2630,21.0,feeder,0.9550136923789978,894,822,1887,1071
2631,21.0,feeder,0.9549170136451721,894,821,1887,1071
2632,21.0,feeder,0.9549159407615662,894,821,1887,1071
2633,21.0,feeder,0.9550049901008606,894,821,1887,1071
2634,21.0,feeder,0.9549965858459473,894,821,1887,1071
2635,21.0,feeder,0.9549912810325623,894,821,1887,1071
2636,21.0,feeder,0.9549774527549744,894,821,1887,1071
2637,21.0,feeder,0.9549501538276672,894,821,1888,1071
2638,21.0,feeder,0.9549395442008972,894,821,1888,1071
2639,21.0,feeder,0.9548949599266052,894,821,1887,1071
2640,21.0,feeder,0.95494145154953,894,821,1887,1071
2641,21.0,feeder,0.9548401832580566,895,821,1887,1071
2642,21.0,feeder,0.9548596143722534,894,822,1887,1071
2643,21.0,feeder,0.9548647403717041,894,822,1887,1071
2644,21.0,feeder,0.954903244972229,894,822,1887,1071
2645,21.0,feeder,0.9549155235290527,894,822,1887,1071
2646,21.0,feeder,0.9549160599708557,894,822,1887,1071
2647,21.0,feeder,0.9548968076705933,894,822,1887,1071
2648,21.0,feeder,0.9549005031585693,894,822,1887,1071
2649,21.0,feeder,0.9548531174659729,894,822,1887,1071
2650,21.0,feeder,0.954905092716217,894,822,1887,1071
2651,21.0,feeder,0.9548493027687073,894,822,1887,1071
2652,21.0,feeder,0.9548599720001221,894,821,1887,1070
2653,21.0,feeder,0.954780101776123,894,821,1887,1071
2654,21.0,feeder,0.9548429846763611,894,822,1887,1071
2655,21.0,feeder,0.9548895359039307,894,822,1887,1071
2656,21.0,feeder,0.9547057747840881,895,821,1887,1071
2657,21.0,feeder,0.9547121524810791,895,821,1887,1071
2658,21.0,feeder,0.9547764658927917,895,821,1887,1070
2659,21.0,feeder,0.9547640085220337,894,821,1887,1070
2660,21.0,feeder,0.9546994566917419,894,821,1887,1070
2661,21.0,feeder,0.9547728896141052,894,821,1887,1070
2662,21.0,feeder,0.9547653794288635,894,821,1887,1070
2663,21.0,feeder,0.9547661542892456,894,821,1887,1070
2664,21.0,feeder,0.9546868205070496,894,822,1887,1070
2665,21.0,feeder,0.9546477198600769,894,821,1887,1070
2666,21.0,feeder,0.9546623826026917,894,821,1887,1070
2667,21.0,feeder,0.9546450972557068,894,821,1887,1070
2668,21.0,feeder,0.954701840877533,894,822,1887,1070
2669,21.0,feeder,0.9547488689422607,894,822,1887,1070
2670,21.0,feeder,0.9546915292739868,894,822,1887,1070
2671,21.0,feeder,0.9548767805099487,895,822,1887,1070
2672,21.0,feeder,0.9548882246017456,895,822,1887,1071
2673,21.0,feeder,0.9549052715301514,894,822,1887,1071
2674,21.0,feeder,0.9548416137695312,894,822,1887,1071
2675,21.0,feeder,0.9549106955528259,894,822,1887,1071
2676,21.0,feeder,0.9548835158348083,894,822,1887,1071
2677,21.0,feeder,0.9549672603607178,894,822,1887,1071
2678,21.0,feeder,0.9549209475517273,894,822,1887,1071
2679,21.0,feeder,0.9549026489257812,894,822,1887,1071
2680,21.0,feeder,0.9549331068992615,894,822,1887,1071
2681,21.0,feeder,0.9541516304016113,896,822,1887,1071
2682,21.0,feeder,0.9481993913650513,905,816,1886,1070
2683,21.0,feeder,0.9493138194084167,908,815,1886,1070
2683,68.0,gt,0.6996878385543823,0,820,286,1173
2684,21.0,feeder,0.9538732171058655,904,819,1887,1071
2684,68.0,j,0.7154191136360168,0,717,371,1215
2685,21.0,feeder,0.9533569812774658,904,820,1887,1071
2685,68.0,bt,0.3860243260860443,0,637,539,1231
2686,21.0,feeder,0.9498676657676697,907,820,1887,1071
2686,68.0,j,0.7468790411949158,28,516,639,1230
2687,21.0,feeder,0.9419727921485901,912,818,1887,1071
2687,68.0,j,0.7744194865226746,120,492,760,1222
2688,21.0,feeder,0.8713858127593994,915,816,1887,1071
2688,68.0,j,0.7738096117973328,240,525,879,1213
2689,68.0,j,0.8904430866241455,483,551,961,1202
2690,,bt,0.27517634630203247,866,924,1087,1170
2690,,j,0.27159690856933594,709,587,936,1181
2690,,bt,0.26302075386047363,895,1029,1087,1171
2690,,feeder,0.16479827463626862,947,806,1884,1065
2691,21.0,feeder,0.4557371437549591,913,812,1888,1070
2692,75.0,j,0.9042263031005859,856,614,1196,907
2693,75.0,j,0.9116671085357666,952,626,1277,907
2694,75.0,j,0.920064389705658,986,629,1327,895
2695,75.0,j,0.941193699836731,884,629,1340,894
2696,75.0,j,0.9262447953224182,854,628,1348,900
2697,75.0,j,0.9310609698295593,844,628,1348,905
2698,75.0,j,0.9395056366920471,842,628,1345,906
2699,75.0,j,0.9263913631439209,839,628,1342,907
2700,75.0,j,0.9253442883491516,850,628,1340,907
2701,75.0,j,0.9180451035499573,848,627,1338,908
