frame, id, class , confidence         , x1  , y1  , x2  , y2
    1,  1, j     , 0.9088094234466553 , 1057,  884, 1267, 1151
    1,  2, feeder, 0.9038479924201965 ,  942, 1044, 1873, 1318
    2,  1, j     , 0.908190131187439  , 1053,  901, 1266, 1151
    2,  2, feeder, 0.9063096046447754 ,  942, 1044, 1873, 1318
    3,  1, j     , 0.8999889492988586 , 1051,  918, 1267, 1147
    3,  2, feeder, 0.8981757760047913 ,  944, 1044, 1872, 1317
    4,  1, j     , 0.8930725455284119 , 1048,  935, 1262, 1150
    4,  2, feeder, 0.8684177398681641 ,  943, 1043, 1871, 1318
    5,  1, j     , 0.8923203349113464 , 1050,  949, 1261, 1164
    5,  2, feeder, 0.8513786196708679 ,  944, 1044, 1871, 1318
    6,  1, j     , 0.8906286954879761 , 1050,  956, 1261, 1172
    6,  2, feeder, 0.853546679019928  ,  944, 1044, 1871, 1318
    7,  1, j     , 0.8913391828536987 , 1048,  959, 1263, 1176
    7,  2, feeder, 0.85774827003479   ,  945, 1044, 1871, 1318
    8,  1, j     , 0.8910506367683411 , 1048,  959, 1264, 1177
    8,  2, feeder, 0.8572382926940918 ,  946, 1044, 1871, 1318
    9,  1, j     , 0.8920746445655823 , 1048,  959, 1265, 1176
    9,  2, feeder, 0.8504028916358948 ,  946, 1044, 1871, 1318
   10,  1, j     , 0.8930051326751709 , 1050,  959, 1267, 1174
   10,  2, feeder, 0.8477290868759155 ,  946, 1044, 1871, 1318
   11,  1, j     , 0.8916935324668884 , 1052,  959, 1267, 1172
   11,  2, feeder, 0.8404372334480286 ,  945, 1044, 1871, 1318
   12,  1, j     , 0.89568692445755   , 1050,  958, 1265, 1165
   12,  2, feeder, 0.8436126112937927 ,  945, 1044, 1871, 1318
   13,  1, j     , 0.889482319355011  , 1049,  955, 1263, 1155
   13,  2, feeder, 0.8689448833465576 ,  943, 1044, 1871, 1318
   14,  1, j     , 0.8986544013023376 , 1051,  951, 1265, 1150
   14,  2, feeder, 0.8784392476081848 ,  943, 1044, 1871, 1318
   15,  1, j     , 0.887963593006134  , 1052,  936, 1268, 1151
   15,  2, feeder, 0.880911648273468  ,  942, 1045, 1871, 1318
   16,  1, j     , 0.8937307000160217 , 1055,  922, 1274, 1150
   16,  2, feeder, 0.8902921080589294 ,  943, 1045, 1872, 1317
   17,  1, j     , 0.8930356502532959 , 1057,  918, 1276, 1150
   17,  2, feeder, 0.8879767656326294 ,  943, 1045, 1872, 1317
   18,  1, j     , 0.8917983174324036 , 1058,  916, 1278, 1150
   18,  2, feeder, 0.8881245255470276 ,  943, 1045, 1872, 1317
   19,  1, j     , 0.8915870189666748 , 1059,  915, 1279, 1151
   19,  2, feeder, 0.8878087997436523 ,  944, 1046, 1872, 1317
   20,  1, j     , 0.8926522135734558 , 1059,  915, 1279, 1151
   20,  2, feeder, 0.8863629102706909 ,  944, 1046, 1872, 1317
   21,  1, j     , 0.8923691511154175 , 1058,  915, 1279, 1151
   21,  2, feeder, 0.8825572729110718 ,  942, 1045, 1872, 1317
   22,  1, j     , 0.9021145701408386 , 1057,  914, 1277, 1152
   22,  2, feeder, 0.8857102394104004 ,  942, 1044, 1872, 1318
   23,  1, j     , 0.900700569152832  , 1057,  921, 1274, 1151
   23,  2, feeder, 0.8849692940711975 ,  943, 1044, 1872, 1317
   24,  1, j     , 0.8974498510360718 , 1056,  937, 1272, 1148
   24,  2, feeder, 0.8738179802894592 ,  943, 1043, 1872, 1318
   25,  1, j     , 0.89324951171875   , 1053,  948, 1271, 1152
   25,  2, feeder, 0.8664440512657166 ,  944, 1043, 1872, 1318
   26,  1, j     , 0.8934201002120972 , 1049,  954, 1268, 1164
   26,  2, feeder, 0.8534587025642395 ,  945, 1044, 1872, 1318
   27,  1, j     , 0.8865371942520142 , 1046,  958, 1266, 1172
   27,  2, feeder, 0.8539183735847473 ,  945, 1042, 1872, 1317
   28,  1, j     , 0.882485032081604  , 1043,  960, 1266, 1175
   28,  2, feeder, 0.8559090495109558 ,  946, 1042, 1872, 1316
   29,  1, j     , 0.8826757669448853 , 1041,  958, 1267, 1176
   29,  2, feeder, 0.8528939485549927 ,  946, 1041, 1872, 1316
   30,  1, j     , 0.888159990310669  , 1045,  957, 1267, 1176
   30,  2, feeder, 0.860515296459198  ,  945, 1041, 1872, 1316
   31,  1, j     , 0.8893857598304749 , 1049,  957, 1269, 1175
   31,  2, feeder, 0.845050036907196  ,  946, 1043, 1871, 1317
   32,  1, j     , 0.8862341046333313 , 1051,  956, 1268, 1168
   32,  2, feeder, 0.8383632898330688 ,  945, 1044, 1871, 1318
   33,  1, j     , 0.884272038936615  , 1051,  954, 1269, 1155
   33,  2, feeder, 0.8715648055076599 ,  944, 1044, 1871, 1318
   34,  1, j     , 0.8942815661430359 , 1053,  948, 1271, 1151
   34,  2, feeder, 0.8763988018035889 ,  943, 1045, 1871, 1318
   35,  1, j     , 0.8961786031723022 , 1054,  935, 1272, 1151
   35,  2, feeder, 0.8832884430885315 ,  942, 1045, 1871, 1318
   36,  1, j     , 0.9011555314064026 , 1057,  919, 1273, 1151
   36,  2, feeder, 0.8774582743644714 ,  942, 1045, 1871, 1318
   37,  1, j     , 0.9070248007774353 , 1058,  894, 1276, 1151
   37,  2, feeder, 0.8763921856880188 ,  942, 1044, 1871, 1318
   38,  1, j     , 0.9066726565361023 , 1058,  880, 1280, 1151
   38,  2, feeder, 0.8762491345405579 ,  943, 1043, 1871, 1318
   39,  1, j     , 0.9008857011795044 , 1058,  861, 1283, 1151
   39,  2, feeder, 0.8795033693313599 ,  943, 1042, 1871, 1318
   40,  1, j     , 0.8982867002487183 , 1060,  850, 1283, 1151
   40,  2, feeder, 0.8725153803825378 ,  943, 1042, 1871, 1318
   41,  1, j     , 0.8969631195068359 , 1061,  846, 1283, 1151
   41,  2, feeder, 0.8728607296943665 ,  943, 1042, 1871, 1318
   42,  1, j     , 0.8971699476242065 , 1061,  843, 1284, 1151
   42,  2, feeder, 0.8732436299324036 ,  943, 1042, 1871, 1318
   43,  1, j     , 0.8977939486503601 , 1061,  841, 1285, 1151
   43,  2, feeder, 0.8723554015159607 ,  942, 1042, 1871, 1318
   44,  1, j     , 0.8984332084655762 , 1061,  842, 1286, 1151
   44,  2, feeder, 0.867784857749939  ,  942, 1042, 1871, 1318
   45,  1, j     , 0.9042830467224121 , 1062,  847, 1287, 1150
   45,  2, feeder, 0.850959062576294  ,  943, 1042, 1871, 1318
   46,  1, j     , 0.9098756909370422 , 1062,  855, 1304, 1149
   46,  2, feeder, 0.8306481838226318 ,  943, 1042, 1872, 1318
   47,  1, j     , 0.9109072685241699 , 1056,  857, 1317, 1151
   47,  2, feeder, 0.805845320224762  ,  943, 1042, 1872, 1317
   48,  1, j     , 0.9101261496543884 , 1055,  859, 1322, 1151
   48,  2, feeder, 0.7961648106575012 ,  944, 1043, 1872, 1317
   49,  1, j     , 0.9097448587417603 , 1053,  858, 1325, 1152
   49,  2, feeder, 0.7914861440658569 ,  944, 1043, 1872, 1317
   50,  1, j     , 0.9092742800712585 , 1051,  858, 1326, 1152
   50,  2, feeder, 0.796482503414154  ,  944, 1043, 1872, 1317
   51,  1, j     , 0.9082691669464111 , 1048,  858, 1326, 1152
   51,  2, feeder, 0.7978048324584961 ,  944, 1043, 1872, 1317
   52,  1, j     , 0.9061024785041809 , 1045,  858, 1325, 1152
   52,  2, feeder, 0.8060322403907776 ,  945, 1043, 1872, 1317
   53,  1, j     , 0.9057369828224182 , 1041,  858, 1325, 1152
   53,  2, feeder, 0.8061079978942871 ,  945, 1043, 1872, 1317
   54,  1, j     , 0.905633807182312  , 1040,  858, 1325, 1152
   54,  2, feeder, 0.8063260912895203 ,  945, 1043, 1872, 1317
   55,  1, j     , 0.905328094959259  , 1039,  858, 1325, 1152
   55,  2, feeder, 0.806778609752655  ,  945, 1043, 1872, 1317
   56,  1, j     , 0.9033994078636169 , 1036,  859, 1332, 1152
   56,  2, feeder, 0.7962262034416199 ,  946, 1043, 1872, 1317
   57,  1, j     , 0.9072970151901245 , 1030,  862, 1343, 1152
   57,  2, feeder, 0.6885594129562378 ,  946, 1042, 1872, 1317
   58,  1, j     , 0.9162063002586365 , 1018,  865, 1349, 1153
   58,  2, feeder, 0.630157470703125  ,  948, 1042, 1872, 1317
   59,  1, j     , 0.9258925914764404 , 1006,  871, 1374, 1153
   59,  2, feeder, 0.408292293548584  ,  950, 1042, 1872, 1317
   60,  1, j     , 0.9279770255088806 , 1004,  870, 1399, 1153
   60,  2, feeder, 0.3904738128185272 ,  951, 1042, 1872, 1318
   61,  1, j     , 0.9294664859771729 ,  999,  870, 1412, 1153
   61,  2, feeder, 0.34897851943969727,  951, 1042, 1872, 1317
   62,  1, j     , 0.9279089570045471 ,  991,  871, 1419, 1153
   62,  2, feeder, 0.3412175476551056 ,  951, 1043, 1872, 1317
   63,  1, j     , 0.9274575710296631 ,  988,  871, 1422, 1152
   63,  2, feeder, 0.38421741127967834,  951, 1043, 1872, 1317
   64,  1, j     , 0.9284059405326843 ,  989,  871, 1423, 1152
   64,  2, feeder, 0.36354637145996094,  951, 1043, 1872, 1317
   65,  1, j     , 0.9288797378540039 ,  990,  871, 1423, 1152
   65,  2, feeder, 0.35567760467529297,  951, 1044, 1872, 1317
   66,  1, j     , 0.9284763932228088 ,  990,  871, 1424, 1152
   66,  2, feeder, 0.36682793498039246,  951, 1044, 1872, 1317
   67,  1, j     , 0.927739679813385  ,  991,  871, 1423, 1152
   67,  2, feeder, 0.3732074499130249 ,  951, 1044, 1872, 1317
   68,  1, j     , 0.9263665080070496 ,  990,  871, 1423, 1152
   68,  2, feeder, 0.36765798926353455,  951, 1044, 1872, 1317
   69,  1, j     , 0.9264340996742249 ,  989,  871, 1423, 1153
   69,  2, feeder, 0.3633781373500824 ,  951, 1044, 1872, 1317
   70,  1, j     , 0.9243307113647461 ,  987,  871, 1423, 1153
   70,  2, feeder, 0.36914417147636414,  951, 1044, 1872, 1317
   71,  1, j     , 0.9222038388252258 ,  987,  871, 1423, 1153
   71,  2, feeder, 0.3404812216758728 ,  951, 1044, 1872, 1317
   72,  1, j     , 0.9230378866195679 ,  988,  870, 1418, 1153
   72,  2, feeder, 0.37825465202331543,  951, 1044, 1872, 1317
   73,  1, j     , 0.9083962440490723 , 1008,  868, 1396, 1153
   73,  2, feeder, 0.5703702569007874 ,  949, 1044, 1872, 1317
   74,  1, j     , 0.909801185131073  , 1027,  864, 1381, 1153
   74,  2, feeder, 0.6387741565704346 ,  947, 1043, 1872, 1317
   75,  1, j     , 0.9051220417022705 , 1004,  861, 1375, 1152
   75,  2, feeder, 0.6591657400131226 ,  947, 1043, 1872, 1317
   76,  1, j     , 0.9053629636764526 , 1008,  858, 1372, 1152
   76,  2, feeder, 0.7538210153579712 ,  948, 1042, 1871, 1317
   77,  1, j     , 0.9083237648010254 , 1003,  855, 1370, 1152
   77,  2, feeder, 0.7364967465400696 ,  949, 1042, 1871, 1317
   78,  1, j     , 0.9054656624794006 ,  996,  854, 1370, 1152
   78,  2, feeder, 0.7161515355110168 ,  949, 1042, 1871, 1317
   79,  1, j     , 0.9011666774749756 ,  989,  853, 1370, 1152
   79,  2, feeder, 0.7011598944664001 ,  950, 1042, 1871, 1317
   80,  1, j     , 0.9010851383209229 ,  990,  853, 1370, 1152
   80,  2, feeder, 0.7169086337089539 ,  949, 1043, 1871, 1317
   81,  1, j     , 0.9082325100898743 ,  991,  853, 1370, 1152
   81,  2, feeder, 0.701440691947937  ,  950, 1043, 1871, 1317
   82,  1, j     , 0.910494327545166  ,  989,  853, 1370, 1152
   82,  2, feeder, 0.7085446715354919 ,  950, 1043, 1871, 1317
   83,  1, j     , 0.913568377494812  ,  993,  853, 1370, 1152
   83,  2, feeder, 0.7392071485519409 ,  951, 1043, 1871, 1317
   84,  1, j     , 0.911664605140686  ,  995,  853, 1365, 1152
   84,  2, feeder, 0.7531127333641052 ,  951, 1043, 1871, 1317
   85,  1, j     , 0.9140390753746033 ,  992,  851, 1359, 1151
   85,  2, feeder, 0.7364091873168945 ,  951, 1042, 1871, 1317
   86,  1, j     , 0.9139455556869507 ,  990,  849, 1356, 1150
   86,  2, feeder, 0.7497597932815552 ,  951, 1042, 1871, 1317
   87,  1, j     , 0.913445770740509  ,  991,  847, 1355, 1150
   87,  2, feeder, 0.7542945146560669 ,  951, 1042, 1871, 1317
   88,  1, j     , 0.9128643274307251 ,  991,  846, 1355, 1150
   88,  2, feeder, 0.7400808930397034 ,  951, 1042, 1871, 1317
   89,  1, j     , 0.9117924571037292 ,  992,  846, 1354, 1150
   89,  2, feeder, 0.7414274215698242 ,  951, 1043, 1871, 1317
   90,  1, j     , 0.9123193025588989 ,  992,  846, 1354, 1150
   90,  2, feeder, 0.7415898442268372 ,  951, 1043, 1871, 1317
   91,  1, j     , 0.9098170399665833 ,  993,  845, 1353, 1150
   91,  2, feeder, 0.7943310737609863 ,  951, 1042, 1871, 1317
   92,  1, j     , 0.9102728962898254 ,  993,  845, 1353, 1149
   92,  2, feeder, 0.7734835147857666 ,  951, 1043, 1871, 1317
   93,  1, j     , 0.9108507037162781 ,  993,  845, 1353, 1149
   93,  2, feeder, 0.7711074352264404 ,  951, 1043, 1871, 1317
   94,  1, j     , 0.9097835421562195 ,  991,  845, 1353, 1150
   94,  2, feeder, 0.7821038365364075 ,  951, 1043, 1871, 1317
   95,  1, j     , 0.9105626940727234 ,  989,  846, 1353, 1150
   95,  2, feeder, 0.775918185710907  ,  951, 1043, 1871, 1317
   96,  1, j     , 0.9102533459663391 ,  992,  848, 1356, 1152
   96,  2, feeder, 0.6807833909988403 ,  951, 1043, 1871, 1317
   97,  1, j     , 0.9209307432174683 ,  991,  858, 1376, 1152
   97,  2, feeder, 0.5380541682243347 ,  951, 1043, 1871, 1317
   98,  1, j     , 0.9246639013290405 ,  993,  869, 1394, 1152
   98,  2, feeder, 0.6402663588523865 ,  951, 1043, 1871, 1317
   99,  1, j     , 0.9069793224334717 ,  974,  880, 1408, 1151
   99,  2, feeder, 0.6340340375900269 ,  950, 1044, 1871, 1317
  100,  1, j     , 0.8992955088615417 ,  968,  888, 1415, 1151
  100,  2, feeder, 0.6511246562004089 ,  950, 1045, 1871, 1317
  101,  1, j     , 0.9003260731697083 ,  960,  890, 1418, 1152
  101,  2, feeder, 0.7008945941925049 ,  949, 1045, 1871, 1317
  102,  1, j     , 0.8957884907722473 ,  975,  890, 1419, 1152
  102,  2, feeder, 0.6880156993865967 ,  949, 1045, 1871, 1317
  103,  1, j     , 0.8938934206962585 ,  970,  890, 1420, 1152
  103,  2, feeder, 0.7038500905036926 ,  949, 1045, 1871, 1317
  104,  1, j     , 0.8914843201637268 ,  968,  890, 1420, 1152
  104,  2, feeder, 0.6876075863838196 ,  949, 1045, 1871, 1317
  105,  1, j     , 0.8842219114303589 ,  980,  889, 1420, 1152
  105,  2, feeder, 0.6828846335411072 ,  948, 1045, 1871, 1317
  106,  1, j     , 0.8833787441253662 ,  993,  891, 1423, 1151
  106,  2, feeder, 0.7310786247253418 ,  947, 1044, 1872, 1317
  107,  1, j     , 0.8828741908073425 ,  996,  892, 1424, 1151
  107,  2, feeder, 0.7236307859420776 ,  947, 1044, 1872, 1317
  108,  1, j     , 0.8825793862342834 ,  977,  892, 1424, 1151
  108,  2, feeder, 0.7330795526504517 ,  946, 1044, 1872, 1317
  109,  1, j     , 0.8815196752548218 ,  971,  892, 1424, 1151
  109,  2, feeder, 0.7454343438148499 ,  946, 1044, 1872, 1317
  110,  1, j     , 0.8795064687728882 ,  989,  892, 1424, 1151
  110,  2, feeder, 0.7277824282646179 ,  946, 1044, 1872, 1317
  111,  1, j     , 0.8791940212249756 , 1002,  892, 1424, 1151
  111,  2, feeder, 0.7024063467979431 ,  946, 1044, 1872, 1317
  112,  1, j     , 0.8782870173454285 , 1005,  893, 1424, 1151
  112,  2, feeder, 0.6748433709144592 ,  946, 1045, 1872, 1317
  113,  1, j     , 0.8774941563606262 , 1003,  893, 1424, 1151
  113,  2, feeder, 0.6670818328857422 ,  946, 1045, 1872, 1317
  114,  1, j     , 0.8792626261711121 , 1011,  893, 1424, 1151
  114,  2, feeder, 0.6790392398834229 ,  946, 1044, 1871, 1317
  115,  1, j     , 0.8785276412963867 , 1012,  893, 1424, 1151
  115,  2, feeder, 0.6853229403495789 ,  946, 1044, 1871, 1317
  116,  1, j     , 0.8906130790710449 , 1004,  888, 1437, 1151
  116,  2, feeder, 0.5938395261764526 ,  946, 1043, 1871, 1317
  117,  1, j     , 0.8879798650741577 ,  982,  884, 1442, 1151
  117,  2, feeder, 0.45590871572494507,  946, 1043, 1871, 1317
  118,  1, j     , 0.8901752233505249 ,  999,  881, 1448, 1151
  118,  2, feeder, 0.3936483561992645 ,  946, 1043, 1871, 1317
  119,  1, j     , 0.9053938388824463 , 1013,  879, 1451, 1151
  119,  2, feeder, 0.3908279240131378 ,  946, 1043, 1871, 1317
  120,  1, j     , 0.9052039384841919 , 1017,  879, 1452, 1151
  120,  2, feeder, 0.4090869724750519 ,  946, 1042, 1872, 1317
  121,  1, j     , 0.9103562831878662 , 1020,  878, 1454, 1150
  121,  2, feeder, 0.27385765314102173,  946, 1042, 1872, 1317
  122,  1, j     , 0.8997460007667542 ,  997,  878, 1454, 1150
  122,  2, feeder, 0.3386968672275543 ,  947, 1042, 1872, 1317
  123,  1, j     , 0.8918495774269104 ,  982,  878, 1454, 1150
  123,  2, feeder, 0.34061968326568604,  947, 1042, 1871, 1317
  124,  1, j     , 0.8979966640472412 ,  963,  878, 1454, 1150
  124,  2, feeder, 0.34851282835006714,  947, 1042, 1871, 1317
  125,  1, j     , 0.8965329527854919 ,  960,  878, 1454, 1150
  125,  2, feeder, 0.36281463503837585,  947, 1042, 1871, 1317
  126,  1, j     , 0.8976125121116638 ,  953,  874, 1449, 1150
  126,  2, feeder, 0.4109894037246704 ,  947, 1042, 1871, 1317
  127,  1, j     , 0.9072043895721436 ,  941,  866, 1450, 1150
  127,  2, feeder, 0.3539062738418579 ,  946, 1041, 1872, 1317
  128,  1, j     , 0.9143325686454773 ,  937,  858, 1460, 1151
  128,  2, feeder, 0.3411083221435547 ,  946, 1040, 1872, 1317
  129,  1, j     , 0.9171623587608337 ,  932,  852, 1463, 1151
  129,  2, feeder, 0.4014074206352234 ,  945, 1039, 1871, 1317
  130,  1, j     , 0.9176825881004333 ,  926,  849, 1466, 1151
  130,  2, feeder, 0.3435583710670471 ,  945, 1039, 1872, 1317
  131,  1, j     , 0.9211589097976685 ,  925,  847, 1468, 1151
  131,  2, feeder, 0.313178688287735  ,  945, 1039, 1872, 1317
  132,  1, j     , 0.9223820567131042 ,  923,  846, 1468, 1151
  132,  2, feeder, 0.3006848990917206 ,  945, 1039, 1872, 1317
  133,  1, j     , 0.9233218431472778 ,  921,  845, 1467, 1151
  133,  2, feeder, 0.32949864864349365,  945, 1039, 1872, 1317
  134,  1, j     , 0.9243276715278625 ,  919,  845, 1466, 1151
  134,  2, feeder, 0.3511747121810913 ,  945, 1039, 1872, 1317
  135,  1, j     , 0.9229732155799866 ,  917,  845, 1463, 1150
  135,  2, feeder, 0.3171410858631134 ,  945, 1040, 1871, 1316
  136,  1, j     , 0.9172149896621704 ,  915,  845, 1445, 1151
  136,  2, feeder, 0.7039794921875    ,  945, 1040, 1871, 1316
  137,  1, j     , 0.9176414012908936 ,  914,  844, 1435, 1152
  137,  2, feeder, 0.7260551452636719 ,  944, 1040, 1872, 1317
  138,  1, j     , 0.9165956377983093 ,  911,  843, 1432, 1152
  138,  2, feeder, 0.7225419282913208 ,  944, 1040, 1872, 1317
  139,  1, j     , 0.9168306589126587 ,  904,  841, 1430, 1152
  139,  2, feeder, 0.7272891402244568 ,  945, 1040, 1872, 1317
  140,  1, j     , 0.920283317565918  ,  896,  840, 1429, 1150
  140,  2, feeder, 0.6638004183769226 ,  946, 1040, 1872, 1317
  141,  1, j     , 0.9181312322616577 ,  898,  840, 1430, 1150
  141,  2, feeder, 0.6632686257362366 ,  946, 1040, 1872, 1317
  142,  1, j     , 0.9179267883300781 ,  900,  840, 1431, 1149
  142,  2, feeder, 0.658949613571167  ,  947, 1040, 1872, 1317
  143,  1, j     , 0.9166543483734131 ,  904,  840, 1431, 1149
  143,  2, feeder, 0.6834760308265686 ,  947, 1040, 1872, 1317
  144,  1, j     , 0.918996274471283  ,  902,  840, 1431, 1149
  144,  2, feeder, 0.6583196520805359 ,  947, 1040, 1872, 1317
  145,  1, j     , 0.9180262684822083 ,  901,  840, 1432, 1149
  145,  2, feeder, 0.6602964401245117 ,  947, 1040, 1872, 1317
  146,  1, j     , 0.9121528267860413 ,  909,  840, 1432, 1149
  146,  2, feeder, 0.660573422908783  ,  947, 1040, 1872, 1317
  147,  1, j     , 0.9110826849937439 ,  909,  840, 1435, 1150
  147,  2, feeder, 0.6408950090408325 ,  948, 1040, 1871, 1317
  148,  1, j     , 0.9344160556793213 ,  890,  846, 1464, 1150
  148,  2, feeder, 0.6240982413291931 ,  948, 1040, 1871, 1317
  149,  1, j     , 0.9385958313941956 ,  885,  863, 1475, 1150
  149,  2, feeder, 0.6836884617805481 ,  947, 1041, 1871, 1317
  150,  1, j     , 0.936180830001831  ,  884,  879, 1484, 1150
  150,  2, feeder, 0.6602017283439636 ,  948, 1043, 1871, 1317
  151,  1, j     , 0.9300872683525085 ,  885,  889, 1490, 1150
  151,  2, feeder, 0.6843257546424866 ,  949, 1045, 1871, 1317
  152,  1, j     , 0.9263827800750732 ,  886,  894, 1492, 1150
  152,  2, feeder, 0.7109553217887878 ,  949, 1045, 1871, 1317
  153,  1, j     , 0.9225292205810547 ,  889,  896, 1493, 1149
  153,  2, feeder, 0.7622237801551819 ,  947, 1045, 1871, 1317
  154,  1, j     , 0.9156343340873718 ,  894,  897, 1494, 1149
  154,  2, feeder, 0.7777859568595886 ,  946, 1045, 1871, 1317
  155,  1, j     , 0.9255690574645996 ,  890,  897, 1494, 1149
  155,  2, feeder, 0.7618037462234497 ,  946, 1045, 1871, 1317
  156,  1, j     , 0.9263165593147278 ,  888,  897, 1494, 1149
  156,  2, feeder, 0.754623532295227  ,  946, 1045, 1871, 1317
  157,  1, j     , 0.9230227470397949 ,  892,  897, 1494, 1149
  157,  2, feeder, 0.7532933950424194 ,  946, 1045, 1871, 1317
  158,  1, j     , 0.924160361289978  ,  894,  897, 1494, 1150
  158,  2, feeder, 0.7476292252540588 ,  945, 1045, 1871, 1317
  159,  1, j     , 0.9228585362434387 ,  895,  897, 1493, 1150
  159,  2, feeder, 0.7244147062301636 ,  945, 1045, 1871, 1317
  160,  1, j     , 0.9227395057678223 ,  896,  897, 1493, 1149
  160,  2, feeder, 0.7258643507957458 ,  945, 1045, 1871, 1317
  161,  1, j     , 0.9232190251350403 ,  900,  895, 1489, 1150
  161,  2, feeder, 0.7236993312835693 ,  945, 1045, 1871, 1317
  162,  1, j     , 0.9311937093734741 ,  901,  888, 1490, 1150
  162,  2, feeder, 0.5802555084228516 ,  946, 1044, 1871, 1317
  163,  1, j     , 0.935958206653595  ,  902,  876, 1485, 1150
  163,  2, feeder, 0.5575847625732422 ,  945, 1042, 1871, 1317
  164,  1, j     , 0.9341217875480652 ,  908,  864, 1480, 1150
  164,  2, feeder, 0.5390549302101135 ,  944, 1041, 1872, 1317
  165,  1, j     , 0.9318533539772034 ,  911,  856, 1477, 1150
  165,  2, feeder, 0.44068068265914917,  945, 1040, 1872, 1317
  166,  1, j     , 0.9301352500915527 ,  916,  852, 1474, 1150
  166,  2, feeder, 0.46143460273742676,  944, 1040, 1872, 1317
  167,  1, j     , 0.9321418404579163 ,  915,  850, 1474, 1149
  167,  2, feeder, 0.40434974431991577,  944, 1039, 1872, 1317
  168,  1, j     , 0.9314888715744019 ,  916,  849, 1473, 1150
  168,  2, feeder, 0.43971434235572815,  944, 1039, 1872, 1317
  169,  1, j     , 0.9295947551727295 ,  918,  849, 1474, 1150
  169,  2, feeder, 0.4341449737548828 ,  944, 1039, 1872, 1317
  170,  1, j     , 0.9302746057510376 ,  919,  849, 1474, 1150
  170,  2, feeder, 0.4198971688747406 ,  944, 1040, 1872, 1317
  171,  1, j     , 0.9306556582450867 ,  920,  849, 1473, 1150
  171,  2, feeder, 0.43278011679649353,  944, 1040, 1872, 1317
  172,  1, j     , 0.9309697151184082 ,  920,  849, 1472, 1150
  172,  2, feeder, 0.4529319703578949 ,  944, 1040, 1872, 1317
  173,  1, j     , 0.9315054416656494 ,  918,  850, 1472, 1150
  173,  2, feeder, 0.4672226011753082 ,  943, 1040, 1872, 1317
  174,  1, j     , 0.931885302066803  ,  917,  850, 1472, 1150
  174,  2, feeder, 0.45229506492614746,  943, 1040, 1871, 1317
  175,  1, j     , 0.931415855884552  ,  917,  850, 1472, 1150
  175,  2, feeder, 0.46088263392448425,  943, 1040, 1871, 1317
  176,  1, j     , 0.9308239817619324 ,  917,  850, 1472, 1150
  176,  2, feeder, 0.4737551510334015 ,  943, 1040, 1871, 1317
  177,  1, j     , 0.9313241243362427 ,  917,  851, 1473, 1150
  177,  2, feeder, 0.473197877407074  ,  943, 1040, 1871, 1317
  178,  1, j     , 0.9304308295249939 ,  918,  851, 1473, 1150
  178,  2, feeder, 0.49774274230003357,  944, 1040, 1871, 1317
  179,  1, j     , 0.9300901889801025 ,  919,  851, 1472, 1150
  179,  2, feeder, 0.4822881817817688 ,  943, 1040, 1871, 1317
  180,  1, j     , 0.9289230704307556 ,  921,  851, 1473, 1150
  180,  2, feeder, 0.4962187707424164 ,  944, 1040, 1871, 1317
  181,  1, j     , 0.9263734221458435 ,  920,  851, 1474, 1150
  181,  2, feeder, 0.48641669750213623,  944, 1039, 1872, 1317
  182,  1, j     , 0.9316399097442627 ,  918,  851, 1466, 1151
  182,  2, feeder, 0.6036943197250366 ,  944, 1039, 1872, 1317
  183,  1, j     , 0.9038401246070862 ,  922,  851, 1434, 1151
  183,  2, feeder, 0.7950247526168823 ,  945, 1040, 1872, 1317
  184,  1, j     , 0.8805660605430603 ,  944,  850, 1411, 1149
  184,  2, feeder, 0.812659740447998  ,  946, 1040, 1872, 1317
  185,  1, j     , 0.8855403661727905 ,  965,  848, 1401, 1149
  185,  2, feeder, 0.821658730506897  ,  948, 1041, 1872, 1317
  186,  1, j     , 0.8953784108161926 ,  977,  843, 1398, 1149
  186,  2, feeder, 0.8141924738883972 ,  949, 1041, 1872, 1317
  187,  1, j     , 0.8983473777770996 ,  983,  840, 1398, 1149
  187,  2, feeder, 0.8097074627876282 ,  949, 1041, 1872, 1317
  188,  1, j     , 0.8969278931617737 ,  983,  838, 1398, 1149
  188,  2, feeder, 0.8179123997688293 ,  949, 1041, 1872, 1317
  189,  1, j     , 0.8971392512321472 ,  983,  837, 1399, 1149
  189,  2, feeder, 0.8216409087181091 ,  949, 1041, 1872, 1317
  190,  1, j     , 0.897450864315033  ,  981,  837, 1400, 1149
  190,  2, feeder, 0.8285568952560425 ,  949, 1041, 1872, 1317
  191,  1, j     , 0.8963557481765747 ,  980,  837, 1400, 1149
  191,  2, feeder, 0.8332128524780273 ,  948, 1041, 1871, 1317
  192,  1, j     , 0.8992869257926941 ,  982,  837, 1400, 1149
  192,  2, feeder, 0.833286464214325  ,  948, 1042, 1871, 1317
  193,  1, j     , 0.9013094902038574 ,  982,  838, 1400, 1149
  193,  2, feeder, 0.8288026452064514 ,  949, 1042, 1871, 1317
  194,  1, j     , 0.9036009311676025 ,  985,  838, 1399, 1149
  194,  2, feeder, 0.8293095827102661 ,  949, 1041, 1871, 1317
  195,  1, j     , 0.903103232383728  ,  986,  837, 1399, 1149
  195,  2, feeder, 0.8225114345550537 ,  949, 1041, 1872, 1317
  196,  1, j     , 0.9001190066337585 ,  985,  838, 1403, 1149
  196,  2, feeder, 0.7942679524421692 ,  949, 1041, 1872, 1317
  197,  1, j     , 0.901613175868988  ,  989,  836, 1401, 1150
  197,  2, feeder, 0.7587287425994873 ,  949, 1041, 1872, 1317
  198,  1, j     , 0.901566743850708  ,  990,  835, 1399, 1150
  198,  2, feeder, 0.7613316774368286 ,  949, 1041, 1872, 1317
  199,  1, j     , 0.9008181691169739 ,  989,  834, 1398, 1150
  199,  2, feeder, 0.7828452587127686 ,  949, 1041, 1872, 1317
  200,  1, j     , 0.8994033932685852 ,  988,  835, 1399, 1150
  200,  2, feeder, 0.7825732827186584 ,  949, 1041, 1872, 1317
  201,  1, j     , 0.9022731184959412 ,  989,  835, 1400, 1149
  201,  2, feeder, 0.783353328704834  ,  949, 1041, 1872, 1317
  202,  1, j     , 0.9039514660835266 ,  990,  835, 1400, 1149
  202,  2, feeder, 0.7717262506484985 ,  950, 1041, 1872, 1317
  203,  1, j     , 0.9018993377685547 ,  990,  835, 1399, 1149
  203,  2, feeder, 0.7771435379981995 ,  950, 1041, 1872, 1317
  204,  1, j     , 0.8998735547065735 ,  989,  835, 1400, 1149
  204,  2, feeder, 0.7651572823524475 ,  949, 1041, 1872, 1317
  205,  1, j     , 0.9014908671379089 ,  988,  835, 1400, 1149
  205,  2, feeder, 0.7649980783462524 ,  949, 1041, 1872, 1317
  206,  1, j     , 0.9038378000259399 ,  989,  835, 1400, 1149
  206,  2, feeder, 0.7496872544288635 ,  950, 1041, 1872, 1317
  207,  1, j     , 0.9046444892883301 ,  988,  835, 1400, 1149
  207,  2, feeder, 0.7543042302131653 ,  950, 1041, 1872, 1317
  208,  1, j     , 0.9051820635795593 ,  988,  835, 1400, 1149
  208,  2, feeder, 0.7394431829452515 ,  950, 1041, 1872, 1317
  209,  1, j     , 0.9054573774337769 ,  986,  835, 1398, 1149
  209,  2, feeder, 0.7412965297698975 ,  951, 1041, 1872, 1317
  210,  1, j     , 0.9042848944664001 ,  993,  837, 1391, 1151
  210,  2, feeder, 0.8030213117599487 ,  950, 1042, 1872, 1317
  211,  1, j     , 0.9054175019264221 ,  995,  846, 1381, 1151
  211,  2, feeder, 0.8380425572395325 ,  950, 1042, 1872, 1317
  212,  1, j     , 0.8993933200836182 ,  996,  850, 1377, 1151
  212,  2, feeder, 0.8403015732765198 ,  949, 1042, 1872, 1317
  213,  1, j     , 0.9012380838394165 ,  996,  852, 1375, 1151
  213,  2, feeder, 0.8237638473510742 ,  949, 1042, 1872, 1317
  214,  1, j     , 0.8981245160102844 ,  994,  853, 1375, 1151
  214,  2, feeder, 0.8209943175315857 ,  949, 1042, 1872, 1317
  215,  1, j     , 0.9007129669189453 ,  995,  853, 1374, 1151
  215,  2, feeder, 0.8142665028572083 ,  949, 1042, 1872, 1317
  216,  1, j     , 0.900082528591156  ,  995,  853, 1375, 1151
  216,  2, feeder, 0.8106862306594849 ,  949, 1042, 1872, 1317
  217,  1, j     , 0.9041672348976135 ,  995,  853, 1375, 1151
  217,  2, feeder, 0.8021998405456543 ,  950, 1042, 1872, 1317
  218,  1, j     , 0.9034894108772278 ,  995,  852, 1374, 1151
  218,  2, feeder, 0.7973743081092834 ,  950, 1042, 1872, 1317
  219,  1, j     , 0.9078495502471924 ,  994,  852, 1374, 1151
  219,  2, feeder, 0.8075240850448608 ,  950, 1042, 1872, 1317
  220,  1, j     , 0.9061928987503052 ,  998,  851, 1373, 1152
  220,  2, feeder, 0.8047722578048706 ,  950, 1042, 1872, 1317
  221,  1, j     , 0.9065903425216675 , 1000,  851, 1373, 1152
  221,  2, feeder, 0.807461678981781  ,  950, 1042, 1872, 1317
  222,  1, j     , 0.9059867858886719 , 1000,  851, 1373, 1151
  222,  2, feeder, 0.8039965629577637 ,  950, 1042, 1872, 1317
  223,  1, j     , 0.906112790107727  , 1001,  851, 1374, 1151
  223,  2, feeder, 0.8043956160545349 ,  950, 1042, 1872, 1317
  224,  1, j     , 0.9057656526565552 , 1000,  851, 1372, 1151
  224,  2, feeder, 0.8095725774765015 ,  950, 1042, 1872, 1317
  225,  1, j     , 0.8963761329650879 , 1000,  852, 1361, 1151
  225,  2, feeder, 0.858600378036499  ,  949, 1043, 1872, 1317
  226,  1, j     , 0.8993064165115356 ,  990,  851, 1353, 1149
  226,  2, feeder, 0.8708098530769348 ,  949, 1043, 1872, 1317
  227,  1, j     , 0.9040747880935669 ,  991,  849, 1347, 1149
  227,  2, feeder, 0.8739877939224243 ,  949, 1043, 1872, 1317
  228,  1, j     , 0.9110649824142456 ,  993,  842, 1342, 1149
  228,  2, feeder, 0.8409936428070068 ,  949, 1042, 1872, 1317
  229,  1, j     , 0.9098976254463196 ,  995,  839, 1335, 1149
  229,  2, feeder, 0.8328521251678467 ,  949, 1042, 1872, 1317
  230,  1, j     , 0.9096741080284119 ,  996,  838, 1329, 1149
  230,  2, feeder, 0.8370799422264099 ,  949, 1042, 1872, 1317
  231,  1, j     , 0.9072785973548889 ,  998,  837, 1324, 1148
  231,  2, feeder, 0.8252102732658386 ,  949, 1042, 1872, 1317
  232,  1, j     , 0.9056225419044495 ,  998,  837, 1320, 1148
  232,  2, feeder, 0.8351292014122009 ,  949, 1042, 1872, 1317
  233,  1, j     , 0.9053530097007751 ,  998,  837, 1318, 1148
  233,  2, feeder, 0.8370679616928101 ,  949, 1042, 1872, 1317
  234,  1, j     , 0.905020534992218  ,  999,  836, 1318, 1148
  234,  2, feeder, 0.8417070508003235 ,  949, 1042, 1872, 1317
  235,  1, j     , 0.9055222868919373 , 1000,  836, 1318, 1148
  235,  2, feeder, 0.8376347422599792 ,  948, 1042, 1872, 1317
  236,  1, j     , 0.9076561331748962 ,  999,  836, 1318, 1148
  236,  2, feeder, 0.8449097871780396 ,  949, 1042, 1872, 1317
  237,  1, j     , 0.9060376882553101 ,  998,  835, 1317, 1148
  237,  2, feeder, 0.8525007367134094 ,  949, 1043, 1872, 1317
  238,  1, j     , 0.907376229763031  ,  998,  834, 1314, 1147
  238,  2, feeder, 0.8427578210830688 ,  949, 1043, 1872, 1317
  239,  1, j     , 0.9088279008865356 ,  998,  833, 1311, 1147
  239,  2, feeder, 0.8395099639892578 ,  949, 1043, 1872, 1317
  240,  1, j     , 0.9081382155418396 ,  997,  834, 1310, 1147
  240,  2, feeder, 0.8414786458015442 ,  949, 1042, 1872, 1317
  241,  1, j     , 0.9070518016815186 ,  998,  833, 1308, 1147
  241,  2, feeder, 0.84934002161026   ,  949, 1042, 1872, 1317
  242,  1, j     , 0.9067884087562561 , 1000,  833, 1307, 1147
  242,  2, feeder, 0.8383389115333557 ,  949, 1042, 1872, 1317
  243,  1, j     , 0.9057477116584778 , 1001,  834, 1307, 1148
  243,  2, feeder, 0.8335554003715515 ,  948, 1042, 1872, 1317
  244,  1, j     , 0.9055306911468506 , 1000,  834, 1306, 1148
  244,  2, feeder, 0.8384926319122314 ,  948, 1042, 1872, 1317
  245,  1, j     , 0.90628582239151   ,  999,  834, 1306, 1148
  245,  2, feeder, 0.8380366563796997 ,  949, 1042, 1872, 1317
  246,  1, j     , 0.9053606390953064 , 1000,  834, 1306, 1147
  246,  2, feeder, 0.8414974808692932 ,  949, 1043, 1872, 1317
  247,  1, j     , 0.9058940410614014 , 1001,  835, 1306, 1148
  247,  2, feeder, 0.8325360417366028 ,  948, 1042, 1872, 1317
  248,  1, j     , 0.9055293202400208 , 1006,  837, 1306, 1149
  248,  2, feeder, 0.8340495228767395 ,  948, 1042, 1872, 1317
  249,  1, j     , 0.9083694815635681 , 1005,  852, 1310, 1149
  249,  2, feeder, 0.8301164507865906 ,  948, 1042, 1872, 1317
  250,  1, j     , 0.9134880304336548 , 1003,  880, 1340, 1148
  250,  2, feeder, 0.762020468711853  ,  952, 1044, 1872, 1317
  251,  1, j     , 0.9205458760261536 ,  999,  908, 1381, 1148
  251,  2, feeder, 0.8088955879211426 ,  952, 1043, 1872, 1316
  252,  1, j     , 0.9061625599861145 ,  998,  920, 1406, 1149
  252,  2, feeder, 0.8456248641014099 ,  949, 1043, 1872, 1315
  253,  1, j     , 0.9074399471282959 ,  998,  925, 1427, 1149
  253,  2, feeder, 0.859659731388092  ,  948, 1043, 1872, 1315
  254,  1, j     , 0.9063034653663635 ,  996,  927, 1439, 1149
  254,  2, feeder, 0.859879195690155  ,  947, 1043, 1873, 1315
  255,  1, j     , 0.9094355702400208 ,  995,  927, 1446, 1149
  255,  2, feeder, 0.8609452247619629 ,  947, 1043, 1873, 1315
  256,  1, j     , 0.8989344239234924 ,  970,  928, 1449, 1149
  256,  2, feeder, 0.859149694442749  ,  946, 1043, 1873, 1315
  257,  1, j     , 0.8969086408615112 ,  960,  928, 1450, 1150
  257,  2, feeder, 0.8576335310935974 ,  946, 1043, 1874, 1315
  258,  1, j     , 0.8926892280578613 ,  958,  928, 1450, 1150
  258,  2, feeder, 0.8626542687416077 ,  945, 1043, 1874, 1315
  259,  1, j     , 0.8959835171699524 ,  954,  928, 1450, 1150
  259,  2, feeder, 0.860104501247406  ,  945, 1043, 1873, 1315
  260,  1, j     , 0.8962180614471436 ,  953,  927, 1450, 1150
  260,  2, feeder, 0.8552547693252563 ,  945, 1043, 1874, 1315
  261,  1, j     , 0.8987435698509216 ,  950,  927, 1449, 1150
  261,  2, feeder, 0.8540976643562317 ,  945, 1043, 1874, 1315
  262,  1, j     , 0.8997126817703247 ,  948,  927, 1449, 1150
  262,  2, feeder, 0.8501895070075989 ,  945, 1043, 1873, 1315
  263,  1, j     , 0.8955506086349487 ,  952,  926, 1449, 1150
  263,  2, feeder, 0.8491091132164001 ,  946, 1043, 1873, 1315
  264,  1, j     , 0.8936325907707214 ,  956,  926, 1448, 1150
  264,  2, feeder, 0.848146915435791  ,  946, 1043, 1873, 1315
  265,  1, j     , 0.894008994102478  ,  955,  926, 1448, 1150
  265,  2, feeder, 0.8499508500099182 ,  946, 1043, 1873, 1315
  266,  1, j     , 0.8918724656105042 ,  956,  926, 1447, 1150
  266,  2, feeder, 0.8403655290603638 ,  946, 1043, 1873, 1315
  267,  1, j     , 0.8947120308876038 ,  951,  926, 1446, 1150
  267,  2, feeder, 0.8445055484771729 ,  946, 1043, 1873, 1315
  268,  1, j     , 0.904509961605072  ,  940,  926, 1446, 1150
  268,  2, feeder, 0.849574089050293  ,  945, 1043, 1873, 1315
  269,  1, j     , 0.9000173211097717 ,  940,  926, 1445, 1150
  269,  2, feeder, 0.8471717238426208 ,  945, 1043, 1873, 1315
  270,  1, j     , 0.8988323211669922 ,  937,  924, 1438, 1150
  270,  2, feeder, 0.8389551639556885 ,  946, 1043, 1873, 1315
  271,  1, j     , 0.8809629678726196 ,  965,  917, 1428, 1150
  271,  2, feeder, 0.8325932025909424 ,  946, 1042, 1873, 1315
  272,  1, j     , 0.8841792345046997 ,  954,  910, 1423, 1150
  272,  2, feeder, 0.8301658630371094 ,  945, 1042, 1873, 1315
  273,  1, j     , 0.8822399377822876 ,  953,  905, 1418, 1150
  273,  2, feeder, 0.8128499388694763 ,  945, 1042, 1873, 1315
  274,  1, j     , 0.8929142355918884 ,  945,  902, 1416, 1149
  274,  2, feeder, 0.8082338571548462 ,  945, 1042, 1873, 1315
  275,  1, j     , 0.8962539434432983 ,  940,  901, 1415, 1149
  275,  2, feeder, 0.8057944774627686 ,  945, 1042, 1873, 1315
  276,  1, j     , 0.9048529863357544 ,  935,  900, 1415, 1149
  276,  2, feeder, 0.7940080761909485 ,  945, 1042, 1873, 1315
  277,  1, j     , 0.9071018099784851 ,  933,  900, 1415, 1149
  277,  2, feeder, 0.7934547066688538 ,  945, 1041, 1874, 1315
  278,  1, j     , 0.9081043004989624 ,  931,  901, 1414, 1149
  278,  2, feeder, 0.8036315441131592 ,  945, 1041, 1873, 1315
  279,  1, j     , 0.907435417175293  ,  931,  901, 1416, 1149
  279,  2, feeder, 0.8056872487068176 ,  945, 1041, 1873, 1315
  280,  1, j     , 0.9090022444725037 ,  929,  901, 1417, 1149
  280,  2, feeder, 0.809518575668335  ,  945, 1041, 1873, 1315
  281,  1, j     , 0.9077428579330444 ,  930,  901, 1418, 1149
  281,  2, feeder, 0.8017126321792603 ,  945, 1041, 1873, 1315
  282,  1, j     , 0.9044529795646667 ,  933,  901, 1419, 1149
  282,  2, feeder, 0.797748863697052  ,  945, 1041, 1873, 1315
  283,  1, j     , 0.9029944539070129 ,  935,  901, 1419, 1150
  283,  2, feeder, 0.7930114269256592 ,  945, 1043, 1872, 1316
  284,  1, j     , 0.893422544002533  ,  940,  901, 1420, 1150
  284,  2, feeder, 0.8096032738685608 ,  946, 1043, 1872, 1317
  285,  1, j     , 0.8977969288825989 ,  939,  901, 1420, 1150
  285,  2, feeder, 0.8037994503974915 ,  945, 1042, 1873, 1316
  286,  1, j     , 0.8927571773529053 ,  940,  900, 1423, 1149
  286,  2, feeder, 0.8120447397232056 ,  945, 1042, 1873, 1315
  287,  1, j     , 0.914426326751709  ,  939,  892, 1431, 1149
  287,  2, feeder, 0.7767495512962341 ,  945, 1041, 1873, 1315
  288,  1, j     , 0.9240115284919739 ,  937,  886, 1438, 1149
  288,  2, feeder, 0.7338050603866577 ,  945, 1041, 1871, 1317
  289,  1, j     , 0.9235770106315613 ,  936,  882, 1439, 1149
  289,  2, feeder, 0.7322279214859009 ,  945, 1042, 1871, 1317
  290,  1, j     , 0.9213548898696899 ,  937,  880, 1440, 1150
  290,  2, feeder, 0.7535600662231445 ,  945, 1042, 1871, 1317
  291,  1, j     , 0.9207499027252197 ,  938,  879, 1439, 1150
  291,  2, feeder, 0.7443605661392212 ,  945, 1042, 1871, 1318
  292,  1, j     , 0.9151502847671509 ,  939,  879, 1440, 1150
  292,  2, feeder, 0.7666389346122742 ,  945, 1042, 1871, 1318
  293,  1, j     , 0.9169599413871765 ,  940,  879, 1440, 1151
  293,  2, feeder, 0.7640568017959595 ,  945, 1042, 1871, 1318
  294,  1, j     , 0.9207895994186401 ,  940,  879, 1440, 1151
  294,  2, feeder, 0.7552412152290344 ,  945, 1042, 1871, 1317
  295,  1, j     , 0.9172661304473877 ,  940,  879, 1440, 1151
  295,  2, feeder, 0.7609902620315552 ,  945, 1042, 1871, 1317
  296,  1, j     , 0.9076253771781921 ,  944,  879, 1440, 1151
  296,  2, feeder, 0.767930805683136  ,  945, 1042, 1871, 1317
  297,  1, j     , 0.9100900888442993 ,  943,  879, 1439, 1151
  297,  2, feeder, 0.7506150603294373 ,  945, 1042, 1871, 1317
  298,  1, j     , 0.9046895503997803 ,  945,  879, 1440, 1151
  298,  2, feeder, 0.719417154788971  ,  946, 1042, 1871, 1317
  299,  1, j     , 0.9078261852264404 ,  943,  878, 1431, 1151
  299,  2, feeder, 0.7718006372451782 ,  946, 1042, 1871, 1317
  300,  1, j     , 0.9170241951942444 ,  940,  873, 1403, 1151
  300,  2, feeder, 0.75190669298172   ,  947, 1042, 1872, 1317
  301,  1, j     , 0.8972585201263428 ,  943,  869, 1371, 1151
  301,  2, feeder, 0.8410974740982056 ,  947, 1043, 1872, 1317
  302,  1, j     , 0.896267831325531  ,  943,  864, 1354, 1150
  302,  2, feeder, 0.8452796936035156 ,  947, 1043, 1872, 1317
  303,  1, j     , 0.8833394050598145 ,  977,  858, 1348, 1149
  303,  2, feeder, 0.8554498553276062 ,  947, 1043, 1872, 1317
  304,  1, j     , 0.8942279815673828 ,  993,  854, 1347, 1149
  304,  2, feeder, 0.847909152507782  ,  948, 1042, 1872, 1317
  305,  1, j     , 0.8958619832992554 ,  998,  852, 1346, 1149
  305,  2, feeder, 0.8365728855133057 ,  948, 1042, 1872, 1317
  306,  1, j     , 0.8926018476486206 ,  988,  852, 1346, 1149
  306,  2, feeder, 0.8271317481994629 ,  948, 1041, 1872, 1317
  307,  1, j     , 0.8898935914039612 ,  966,  851, 1346, 1149
  307,  2, feeder, 0.832444965839386  ,  948, 1042, 1872, 1317
  308,  1, j     , 0.889342188835144  ,  962,  851, 1346, 1149
  308,  2, feeder, 0.8305189609527588 ,  948, 1042, 1872, 1317
  309,  1, j     , 0.8916376233100891 ,  974,  851, 1346, 1149
  309,  2, feeder, 0.8250280618667603 ,  948, 1042, 1872, 1317
  310,  1, j     , 0.8956556916236877 ,  992,  851, 1361, 1151
  310,  2, feeder, 0.7161612510681152 ,  949, 1042, 1872, 1317
  311,  1, j     , 0.9143994450569153 ,  996,  856, 1388, 1151
  311,  2, feeder, 0.5539891123771667 ,  950, 1041, 1872, 1317
  312,  1, j     , 0.9029034972190857 ,  994,  860, 1400, 1151
  312,  2, feeder, 0.5439462661743164 ,  950, 1041, 1872, 1317
  313,  1, j     , 0.9026181101799011 ,  978,  862, 1405, 1151
  313,  2, feeder, 0.519199013710022  ,  950, 1041, 1873, 1317
  314,  1, j     , 0.9024731516838074 ,  972,  863, 1407, 1151
  314,  2, feeder, 0.5094187259674072 ,  950, 1042, 1873, 1317
  315,  1, j     , 0.9054898023605347 ,  984,  863, 1408, 1151
  315,  2, feeder, 0.5347289443016052 ,  950, 1041, 1873, 1317
  316,  1, j     , 0.9037455916404724 ,  987,  863, 1407, 1150
  316,  2, feeder, 0.6411991119384766 ,  949, 1041, 1872, 1317
  317,  1, j     , 0.901830792427063  ,  987,  863, 1406, 1150
  317,  2, feeder, 0.6210656762123108 ,  949, 1041, 1872, 1317
  318,  1, j     , 0.9050732254981995 ,  992,  863, 1405, 1150
  318,  2, feeder, 0.6395798921585083 ,  949, 1041, 1872, 1317
  319,  1, j     , 0.9038874506950378 ,  990,  863, 1405, 1150
  319,  2, feeder, 0.6104076504707336 ,  949, 1042, 1873, 1317
  320,  1, j     , 0.9029536247253418 ,  987,  863, 1405, 1150
  320,  2, feeder, 0.6288971900939941 ,  949, 1042, 1872, 1317
  321,  1, j     , 0.9011698365211487 ,  983,  863, 1405, 1150
  321,  2, feeder, 0.5937881469726562 ,  949, 1042, 1872, 1317
  322,  1, j     , 0.9003911018371582 ,  979,  863, 1405, 1150
  322,  2, feeder, 0.5780473947525024 ,  949, 1042, 1872, 1317
  323,  1, j     , 0.9014264941215515 ,  979,  863, 1406, 1150
  323,  2, feeder, 0.5529373288154602 ,  949, 1042, 1872, 1317
  324,  1, j     , 0.9009425044059753 ,  981,  864, 1406, 1151
  324,  2, feeder, 0.522468090057373  ,  950, 1042, 1872, 1317
  325,  1, j     , 0.9019266963005066 ,  981,  864, 1406, 1151
  325,  2, feeder, 0.48394277691841125,  950, 1042, 1872, 1317
  326,  1, j     , 0.901707649230957  ,  978,  863, 1406, 1151
  326,  2, feeder, 0.4571661651134491 ,  950, 1042, 1872, 1317
  327,  1, j     , 0.9024592638015747 ,  977,  863, 1406, 1151
  327,  2, feeder, 0.44129252433776855,  950, 1042, 1873, 1317
  328,  1, j     , 0.9055238366127014 ,  980,  864, 1406, 1151
  328,  2, feeder, 0.44780421257019043,  950, 1042, 1872, 1317
  329,  1, j     , 0.8997316956520081 ,  972,  865, 1391, 1151
  329,  2, feeder, 0.4560600519180298 ,  951, 1042, 1872, 1317
  330,  1, j     , 0.9021965265274048 ,  983,  865, 1359, 1151
  330,  2, feeder, 0.8292177319526672 ,  950, 1043, 1872, 1317
  331,  1, j     , 0.8947541117668152 ,  981,  864, 1347, 1151
  331,  2, feeder, 0.8577151894569397 ,  950, 1043, 1872, 1317
  332,  1, j     , 0.9063510298728943 ,  988,  862, 1339, 1151
  332,  2, feeder, 0.8617870807647705 ,  950, 1043, 1872, 1317
  333,  1, j     , 0.9038453698158264 ,  996,  862, 1335, 1152
  333,  2, feeder, 0.8487940430641174 ,  950, 1042, 1873, 1317
  334,  1, j     , 0.9097521305084229 ,  994,  862, 1331, 1151
  334,  2, feeder, 0.8117054104804993 ,  951, 1042, 1873, 1317
  335,  1, j     , 0.9104709029197693 ,  997,  861, 1327, 1152
  335,  2, feeder, 0.8094125390052795 ,  951, 1042, 1873, 1317
  336,  1, j     , 0.9115188717842102 ,  997,  861, 1323, 1152
  336,  2, feeder, 0.7765939831733704 ,  951, 1042, 1873, 1317
  337,  1, j     , 0.9109471440315247 ,  995,  861, 1321, 1153
  337,  2, feeder, 0.7749286890029907 ,  951, 1042, 1873, 1317
  338,  1, j     , 0.910790205001831  ,  995,  861, 1320, 1153
  338,  2, feeder, 0.7767817974090576 ,  951, 1042, 1873, 1317
  339,  1, j     , 0.911284863948822  ,  994,  861, 1320, 1153
  339,  2, feeder, 0.7723602056503296 ,  951, 1042, 1873, 1317
  340,  1, j     , 0.9105029106140137 ,  994,  861, 1320, 1152
  340,  2, feeder, 0.7655207514762878 ,  951, 1043, 1873, 1317
  341,  1, j     , 0.910248875617981  ,  993,  862, 1320, 1152
  341,  2, feeder, 0.7757174968719482 ,  952, 1043, 1873, 1317
  342,  1, j     , 0.9102420806884766 ,  993,  862, 1320, 1152
  342,  2, feeder, 0.7800309658050537 ,  952, 1043, 1873, 1317
  343,  1, j     , 0.9108965992927551 ,  994,  863, 1320, 1152
  343,  2, feeder, 0.7902296185493469 ,  951, 1043, 1873, 1317
  344,  1, j     , 0.911580502986908  ,  995,  863, 1321, 1152
  344,  2, feeder, 0.7859585285186768 ,  951, 1043, 1873, 1317
  345,  1, j     , 0.9105666279792786 ,  996,  862, 1321, 1152
  345,  2, feeder, 0.793226420879364  ,  951, 1043, 1873, 1317
  346,  1, j     , 0.908554196357727  ,  999,  861, 1319, 1152
  346,  2, feeder, 0.8297545909881592 ,  951, 1043, 1872, 1317
  347,  1, j     , 0.9095897674560547 , 1002,  858, 1318, 1151
  347,  2, feeder, 0.7959731221199036 ,  950, 1043, 1872, 1317
  348,  1, j     , 0.9115735292434692 ,  999,  858, 1317, 1150
  348,  2, feeder, 0.8058880567550659 ,  950, 1042, 1872, 1317
  349,  1, j     , 0.9126511216163635 ,  999,  858, 1318, 1150
  349,  2, feeder, 0.7874407768249512 ,  950, 1042, 1872, 1317
  350,  1, j     , 0.9107254147529602 ,  998,  858, 1317, 1151
  350,  2, feeder, 0.793724000453949  ,  950, 1042, 1872, 1317
  351,  1, j     , 0.9108017683029175 ,  998,  858, 1317, 1151
  351,  2, feeder, 0.7936939001083374 ,  950, 1043, 1872, 1317
  352,  1, j     , 0.9106862545013428 ,  997,  858, 1317, 1150
  352,  2, feeder, 0.7834417819976807 ,  950, 1043, 1872, 1317
  353,  1, j     , 0.9130725264549255 ,  997,  858, 1317, 1151
  353,  2, feeder, 0.7689663171768188 ,  951, 1043, 1872, 1317
  354,  1, j     , 0.9132378101348877 ,  997,  858, 1317, 1151
  354,  2, feeder, 0.7520076036453247 ,  951, 1043, 1872, 1317
  355,  1, j     , 0.9136720895767212 ,  997,  858, 1317, 1151
  355,  2, feeder, 0.7577536106109619 ,  951, 1043, 1872, 1317
  356,  1, j     , 0.9143208861351013 ,  996,  858, 1317, 1151
  356,  2, feeder, 0.7500447034835815 ,  951, 1043, 1872, 1317
  357,  1, j     , 0.9140051603317261 ,  996,  858, 1318, 1151
  357,  2, feeder, 0.7654046416282654 ,  951, 1043, 1872, 1317
  358,  1, j     , 0.9139251112937927 ,  996,  858, 1318, 1151
  358,  2, feeder, 0.7622905373573303 ,  951, 1043, 1871, 1317
  359,  1, j     , 0.912636935710907  ,  998,  858, 1318, 1151
  359,  2, feeder, 0.7637253403663635 ,  951, 1043, 1871, 1317
  360,  1, j     , 0.9126157760620117 ,  998,  858, 1319, 1151
  360,  2, feeder, 0.762927234172821  ,  951, 1043, 1872, 1317
  361,  1, j     , 0.9077821373939514 ,  999,  856, 1319, 1152
  361,  2, feeder, 0.7808060050010681 ,  950, 1044, 1872, 1317
  362,  1, j     , 0.9044036269187927 , 1000,  854, 1319, 1153
  362,  2, feeder, 0.7886925339698792 ,  950, 1044, 1872, 1317
  363,  1, j     , 0.9048863649368286 ,  999,  853, 1319, 1153
  363,  2, feeder, 0.7770943641662598 ,  950, 1044, 1872, 1317
  364,  1, j     , 0.903736412525177  ,  999,  853, 1319, 1153
  364,  2, feeder, 0.7838506102561951 ,  950, 1044, 1872, 1317
  365,  1, j     , 0.9031625390052795 , 1000,  852, 1319, 1153
  365,  2, feeder, 0.7729076147079468 ,  950, 1044, 1872, 1317
  366,  1, j     , 0.9035695791244507 , 1000,  852, 1319, 1153
  366,  2, feeder, 0.7724646329879761 ,  950, 1043, 1872, 1317
  367,  1, j     , 0.9034923911094666 , 1000,  851, 1319, 1153
  367,  2, feeder, 0.7773724794387817 ,  950, 1043, 1872, 1317
  368,  1, j     , 0.9026787281036377 , 1000,  851, 1319, 1153
  368,  2, feeder, 0.7768283486366272 ,  950, 1043, 1872, 1317
  369,  1, j     , 0.9033002257347107 , 1001,  851, 1318, 1153
  369,  2, feeder, 0.7618070840835571 ,  950, 1043, 1872, 1317
  370,  1, j     , 0.9118391871452332 ,  998,  851, 1322, 1153
  370,  2, feeder, 0.6682032942771912 ,  951, 1042, 1872, 1317
  371,  1, j     , 0.9202222228050232 ,  997,  851, 1352, 1152
  371,  2, feeder, 0.47969791293144226,  953, 1041, 1872, 1317
  372,  1, j     , 0.92203289270401   ,  994,  859, 1384, 1151
  372,  2, feeder, 0.28691908717155457,  953, 1041, 1872, 1317
  373,  1, j     , 0.9138976335525513 ,  961,  866, 1400, 1151
  373,  2, feeder, 0.5509048104286194 ,  950, 1042, 1872, 1317
  374,  1, j     , 0.9173282384872437 ,  946,  870, 1410, 1151
  374,  2, feeder, 0.5910118222236633 ,  949, 1042, 1872, 1317
  375,  1, j     , 0.9174303412437439 ,  940,  872, 1415, 1152
  375,  2, feeder, 0.5799501538276672 ,  948, 1042, 1872, 1317
  376,  1, j     , 0.9171726703643799 ,  936,  872, 1416, 1151
  376,  2, feeder, 0.5095709562301636 ,  948, 1042, 1872, 1317
  377,  1, j     , 0.9191864132881165 ,  934,  872, 1417, 1151
  377,  2, feeder, 0.5182055830955505 ,  947, 1043, 1872, 1317
  378,  1, j     , 0.9108964204788208 ,  938,  872, 1418, 1151
  378,  2, feeder, 0.5163468718528748 ,  947, 1042, 1872, 1317
  379,  1, j     , 0.9113909602165222 ,  939,  872, 1417, 1151
  379,  2, feeder, 0.5447413325309753 ,  947, 1042, 1872, 1317
  380,  1, j     , 0.9227456450462341 ,  936,  872, 1417, 1151
  380,  2, feeder, 0.5741298794746399 ,  947, 1042, 1872, 1317
  381,  1, j     , 0.9174020886421204 ,  936,  872, 1417, 1151
  381,  2, feeder, 0.553972065448761  ,  947, 1042, 1872, 1317
  382,  1, j     , 0.9084739089012146 ,  938,  871, 1416, 1151
  382,  2, feeder, 0.5715770125389099 ,  947, 1042, 1872, 1317
  383,  1, j     , 0.8942780494689941 ,  951,  869, 1420, 1151
  383,  2, feeder, 0.745444118976593  ,  947, 1041, 1872, 1317
  384,  1, j     , 0.9258361458778381 ,  981,  870, 1435, 1151
  384,  2, feeder, 0.7263122797012329 ,  947, 1040, 1871, 1317
  385,  1, j     , 0.9064210057258606 ,  954,  868, 1459, 1149
  385,  2, feeder, 0.7818225622177124 ,  945, 1040, 1871, 1317
  386,  1, j     , 0.8827208876609802 ,  945,  859, 1484, 1138
  386,  2, feeder, 0.7766505479812622 ,  942, 1045, 1873, 1318
  387,  1, j     , 0.8531377911567688 ,  967,  846, 1508, 1124
  387,  2, feeder, 0.6844263672828674 ,  942, 1045, 1874, 1318
  388,  1, j     , 0.9001292586326599 , 1013,  844, 1531, 1102
  388,  2, feeder, 0.8340568542480469 ,  942, 1046, 1873, 1319
  389,  1, j     , 0.9129949808120728 , 1035,  855, 1555, 1111
  389,  2, feeder, 0.5115194916725159 ,  942, 1041, 1872, 1317
  390,  1, j     , 0.9287106990814209 , 1045,  872, 1583, 1118
  390,  2, feeder, 0.6495063304901123 ,  942, 1040, 1872, 1316
  391,  1, j     , 0.9257296919822693 , 1048,  882, 1614, 1123
  391,  2, feeder, 0.48380813002586365,  940, 1043, 1872, 1316
  392,  1, j     , 0.930087685585022  , 1048,  884, 1622, 1125
  392,  2, feeder, 0.4046975374221802 ,  939, 1044, 1872, 1316
  393,  1, j     , 0.9292572736740112 , 1050,  883, 1629, 1125
  393,  2, feeder, 0.4743024408817291 ,  939, 1045, 1872, 1316
  394,  1, j     , 0.9293311834335327 , 1049,  883, 1628, 1125
  394,  2, feeder, 0.46673911809921265,  939, 1044, 1872, 1316
  395,  1, j     , 0.9313027262687683 , 1051,  883, 1626, 1125
  395,  2, feeder, 0.4240306615829468 ,  939, 1043, 1872, 1315
  396,  1, j     , 0.9316747784614563 , 1050,  882, 1623, 1124
  396,  2, feeder, 0.38590747117996216,  939, 1043, 1872, 1316
  397,  1, j     , 0.9331821799278259 , 1052,  882, 1622, 1124
  397,  2, feeder, 0.3426041603088379 ,  939, 1042, 1872, 1316
  398,  1, j     , 0.9341614246368408 , 1051,  882, 1621, 1124
  398,  2, feeder, 0.3347734212875366 ,  939, 1042, 1872, 1316
  399,  1, j     , 0.9348970651626587 , 1051,  882, 1621, 1124
  399,  2, feeder, 0.3127964735031128 ,  939, 1042, 1872, 1315
  400,  1, j     , 0.9352251887321472 , 1050,  882, 1621, 1124
  400,  2, feeder, 0.3206551969051361 ,  940, 1042, 1872, 1315
  401,  1, j     , 0.9364662170410156 , 1050,  881, 1619, 1124
  401,  2, feeder, 0.5512278079986572 ,  940, 1041, 1872, 1315
  402,  1, j     , 0.9227151274681091 , 1049,  884, 1615, 1123
  402,  2, feeder, 0.8219159245491028 ,  945, 1041, 1871, 1317
  403,  1, j     , 0.9100279211997986 , 1044,  894, 1617, 1123
  403,  2, feeder, 0.8659748435020447 ,  946, 1042, 1870, 1317
  404,  1, j     , 0.9107584357261658 , 1046,  903, 1620, 1124
  404,  2, feeder, 0.7339674830436707 ,  944, 1042, 1871, 1316
  405,  1, j     , 0.9093716740608215 , 1047,  908, 1622, 1125
  405,  2, feeder, 0.7140903472900391 ,  942, 1043, 1871, 1316
  406,  1, j     , 0.9125807881355286 , 1047,  913, 1626, 1129
  406,  2, feeder, 0.5387128591537476 ,  942, 1044, 1870, 1316
  407,  1, j     , 0.9131657481193542 , 1042,  918, 1630, 1131
  407,  2, feeder, 0.46300008893013   ,  942, 1045, 1871, 1315
  408,  1, j     , 0.921912670135498  , 1036,  918, 1637, 1133
  408,  2, feeder, 0.441265732049942  ,  942, 1046, 1871, 1315
  409,  1, j     , 0.9193061590194702 , 1038,  918, 1639, 1133
  409,  2, feeder, 0.5095441341400146 ,  942, 1046, 1871, 1315
  410,  1, j     , 0.9200451374053955 , 1040,  917, 1640, 1133
  410,  2, feeder, 0.43052375316619873,  941, 1046, 1871, 1315
  411,  1, j     , 0.9188995957374573 , 1042,  919, 1639, 1133
  411,  2, feeder, 0.43637174367904663,  941, 1046, 1871, 1315
  412,  1, j     , 0.9217309355735779 , 1044,  919, 1641, 1132
  412,  2, feeder, 0.4843592345714569 ,  941, 1046, 1871, 1315
  413,  1, j     , 0.9237139821052551 , 1045,  920, 1642, 1133
  413,  2, feeder, 0.5340777635574341 ,  941, 1046, 1871, 1315
  414,  1, j     , 0.9202744364738464 , 1045,  920, 1640, 1132
  414,  2, feeder, 0.5321869850158691 ,  941, 1046, 1871, 1315
  415,  1, j     , 0.9198343753814697 , 1046,  919, 1640, 1132
  415,  2, feeder, 0.5923196077346802 ,  942, 1044, 1871, 1315
  416,  1, j     , 0.9220033884048462 , 1045,  917, 1643, 1131
  416,  2, feeder, 0.5996096730232239 ,  942, 1044, 1871, 1315
  417,  1, j     , 0.9220268726348877 , 1046,  916, 1645, 1132
  417,  2, feeder, 0.6029627919197083 ,  942, 1044, 1871, 1315
  418,  1, j     , 0.9222506284713745 , 1046,  916, 1644, 1132
  418,  2, feeder, 0.5632228851318359 ,  942, 1044, 1871, 1315
  419,  1, j     , 0.9261965155601501 , 1043,  916, 1647, 1132
  419,  2, feeder, 0.5176182985305786 ,  942, 1046, 1871, 1315
  420,  1, j     , 0.926518440246582  , 1041,  915, 1648, 1133
  420,  2, feeder, 0.5428162217140198 ,  941, 1046, 1871, 1315
  421,  1, j     , 0.9259182214736938 , 1043,  914, 1642, 1132
  421,  2, feeder, 0.5528162717819214 ,  941, 1046, 1871, 1315
  422,  1, j     , 0.9195780754089355 , 1043,  913, 1637, 1132
  422,  2, feeder, 0.544506311416626  ,  942, 1045, 1871, 1315
  423,  1, j     , 0.9240305423736572 , 1042,  911, 1637, 1132
  423,  2, feeder, 0.5341534614562988 ,  942, 1046, 1871, 1315
  424,  1, j     , 0.9163806438446045 , 1041,  910, 1635, 1131
  424,  2, feeder, 0.5132964849472046 ,  942, 1045, 1871, 1315
  425,  1, j     , 0.9170449376106262 , 1037,  909, 1634, 1130
  425,  2, feeder, 0.5710050463676453 ,  942, 1044, 1871, 1315
  426,  1, j     , 0.9127305746078491 , 1034,  908, 1633, 1130
  426,  2, feeder, 0.526052713394165  ,  942, 1043, 1871, 1315
  427,  1, j     , 0.9119315147399902 , 1034,  907, 1628, 1130
  427,  2, feeder, 0.513671338558197  ,  942, 1042, 1872, 1315
  428,  1, j     , 0.9113911986351013 , 1033,  906, 1627, 1130
  428,  2, feeder, 0.5391362309455872 ,  942, 1042, 1872, 1315
  429,  1, j     , 0.9147809147834778 , 1025,  906, 1625, 1129
  429,  2, feeder, 0.6299862861633301 ,  943, 1042, 1872, 1315
  430,  1, j     , 0.9151433110237122 , 1025,  907, 1624, 1127
  430,  2, feeder, 0.685562252998352  ,  944, 1041, 1872, 1315
  431,  1, j     , 0.913663923740387  , 1017,  904, 1627, 1127
  431,  2, feeder, 0.778246283531189  ,  948, 1041, 1871, 1316
  432,  1, j     , 0.9203476309776306 , 1017,  897, 1636, 1129
  432,  2, feeder, 0.7979167103767395 ,  949, 1041, 1871, 1317
  433,  1, j     , 0.9218654036521912 , 1011,  892, 1649, 1130
  433,  2, feeder, 0.6842957735061646 ,  948, 1042, 1874, 1317
  434,  1, j     , 0.9258062243461609 , 1010,  888, 1653, 1129
  434,  2, feeder, 0.6774638295173645 ,  947, 1044, 1876, 1318
  435,  1, j     , 0.9267222285270691 , 1009,  886, 1653, 1129
  435,  2, feeder, 0.6819750070571899 ,  947, 1044, 1876, 1318
  436,  1, j     , 0.9291338920593262 , 1008,  885, 1654, 1129
  436,  2, feeder, 0.66905277967453   ,  947, 1044, 1875, 1318
  437,  1, j     , 0.9301872253417969 , 1008,  885, 1653, 1129
  437,  2, feeder, 0.6182873845100403 ,  947, 1044, 1875, 1318
  438,  1, j     , 0.9303734302520752 , 1009,  885, 1654, 1129
  438,  2, feeder, 0.5381264686584473 ,  947, 1044, 1875, 1318
  439,  1, j     , 0.9315811395645142 , 1005,  885, 1654, 1129
  439,  2, feeder, 0.5870895981788635 ,  948, 1044, 1875, 1318
  440,  1, j     , 0.9358551502227783 , 1003,  884, 1659, 1129
  440,  2, feeder, 0.43636420369148254,  946, 1042, 1872, 1316
  441,  1, j     , 0.9458925127983093 , 1001,  879, 1660, 1130
  441,  2, feeder, 0.39816829562187195,  946, 1040, 1871, 1316
  442,  1, j     , 0.9394095540046692 , 1002,  874, 1657, 1130
  442,  2, feeder, 0.2928295433521271 ,  945, 1039, 1871, 1315
  443,  1, j     , 0.9385291337966919 , 1005,  863, 1649, 1130
  443,  2, feeder, 0.21092990040779114,  944, 1037, 1871, 1315
  444,  1, j     , 0.9357532858848572 , 1007,  851, 1643, 1130
  444,  2, feeder, 0.23649653792381287,  943, 1037, 1871, 1315
  445,  1, j     , 0.9321634769439697 , 1008,  843, 1634, 1130
  445,  2, feeder, 0.1675432324409485 ,  943, 1036, 1871, 1315
  446,  1, j     , 0.9335825443267822 , 1005,  843, 1610, 1129
  446,  2, feeder, 0.24295532703399658,  945, 1037, 1871, 1315
  447,  1, j     , 0.9335387945175171 , 1004,  842, 1604, 1129
  447,  2, feeder, 0.1952441930770874 ,  945, 1037, 1871, 1315
  448,  1, j     , 0.9344541430473328 , 1004,  841, 1604, 1129
  448,  2, feeder, 0.1522461622953415 ,  945, 1037, 1871, 1315
  449,  1, j     , 0.9340206980705261 , 1003,  840, 1604, 1129
  449,  2, feeder, 0.14829033613204956,  945, 1038, 1871, 1315
  450,  1, j     , 0.9333183169364929 , 1005,  840, 1604, 1129
  450,  2, feeder, 0.14225457608699799,  944, 1038, 1871, 1315
  451,  1, j     , 0.9328110218048096 , 1002,  840, 1606, 1129
  451,  2, feeder, 0.13756613433361053,  945, 1038, 1872, 1315
  452,  1, j     , 0.9330856800079346 , 1000,  841, 1607, 1129
  453,  1, j     , 0.9345026612281799 , 1003,  841, 1608, 1129
  454,  1, j     , 0.9347612261772156 , 1005,  840, 1608, 1129
  455,  1, j     , 0.9349737763404846 , 1007,  839, 1608, 1129
  456,  1, j     , 0.9343878626823425 , 1008,  838, 1609, 1129
  457,  1, j     , 0.9338085651397705 , 1009,  834, 1608, 1128
  458,  1, j     , 0.9355979561805725 , 1010,  829, 1610, 1128
  459,  1, j     , 0.9345513582229614 , 1009,  829, 1603, 1128
  460,  1, j     , 0.9329274892807007 , 1008,  836, 1591, 1127
  461,  1, j     , 0.9375123977661133 , 1009,  834, 1595, 1128
  462,  1, j     , 0.9374247193336487 , 1010,  828, 1598, 1127
  463,  1, j     , 0.9373934268951416 , 1010,  826, 1603, 1128
  464,  1, j     , 0.9377304315567017 , 1009,  825, 1606, 1128
  465,  1, j     , 0.9374865293502808 , 1008,  825, 1607, 1128
  466,  1, j     , 0.9361684918403625 , 1007,  824, 1608, 1128
  466,  2, feeder, 0.3042919635772705 ,  946, 1039, 1871, 1317
  467,  1, j     , 0.9367712140083313 , 1005,  824, 1608, 1128
  467,  2, feeder, 0.2995898425579071 ,  947, 1040, 1871, 1317
  468,  1, j     , 0.9366672039031982 , 1007,  824, 1608, 1127
  468,  2, feeder, 0.3278043568134308 ,  947, 1040, 1871, 1317
  469,  1, j     , 0.9358558058738708 , 1006,  826, 1603, 1128
  469,  2, feeder, 0.3179667592048645 ,  947, 1040, 1871, 1317
  470,  1, j     , 0.9354307651519775 , 1004,  835, 1598, 1128
  470,  2, feeder, 0.4630073606967926 ,  947, 1040, 1871, 1317
  471,  1, j     , 0.9359824657440186 , 1006,  837, 1601, 1128
  471,  2, feeder, 0.40100303292274475,  947, 1040, 1871, 1317
  472,  1, j     , 0.9347695708274841 , 1007,  839, 1595, 1128
  472,  2, feeder, 0.4309438467025757 ,  947, 1040, 1871, 1317
  473,  1, j     , 0.9315038919448853 , 1007,  839, 1588, 1127
  473,  2, feeder, 0.49784862995147705,  947, 1040, 1871, 1317
  474,  1, j     , 0.9290601015090942 , 1004,  840, 1583, 1127
  474,  2, feeder, 0.4316585958003998 ,  948, 1040, 1871, 1317
  475,  1, j     , 0.9289440512657166 , 1003,  840, 1580, 1126
  475,  2, feeder, 0.4006010591983795 ,  948, 1040, 1871, 1317
  476,  1, j     , 0.9283217787742615 , 1003,  841, 1578, 1126
  476,  2, feeder, 0.40383991599082947,  948, 1040, 1871, 1317
  477,  1, j     , 0.9291666746139526 , 1003,  841, 1577, 1126
  477,  2, feeder, 0.4258732795715332 ,  948, 1039, 1871, 1317
  478,  1, j     , 0.9286229014396667 , 1001,  841, 1577, 1127
  478,  2, feeder, 0.42932021617889404,  948, 1039, 1871, 1317
  479,  1, j     , 0.92864990234375   , 1001,  841, 1577, 1126
  479,  2, feeder, 0.41587626934051514,  948, 1039, 1871, 1317
  480,  1, j     , 0.9291399121284485 , 1000,  841, 1578, 1126
  480,  2, feeder, 0.40165331959724426,  948, 1039, 1871, 1317
  481,  1, j     , 0.9262666702270508 , 1000,  841, 1576, 1127
  481,  2, feeder, 0.43975159525871277,  948, 1039, 1872, 1317
  482,  1, j     , 0.9262735843658447 , 1001,  841, 1575, 1127
  482,  2, feeder, 0.4336618483066559 ,  948, 1039, 1872, 1317
  483,  1, j     , 0.9266183376312256 , 1003,  841, 1575, 1127
  483,  2, feeder, 0.40158477425575256,  948, 1039, 1872, 1317
  484,  1, j     , 0.9264249801635742 , 1002,  841, 1575, 1127
  484,  2, feeder, 0.3908853828907013 ,  948, 1039, 1872, 1317
  485,  1, j     , 0.9267218112945557 , 1002,  840, 1575, 1126
  485,  2, feeder, 0.3966711163520813 ,  949, 1039, 1872, 1317
  486,  1, j     , 0.9266284704208374 , 1002,  840, 1575, 1126
  486,  2, feeder, 0.4040340483188629 ,  949, 1039, 1872, 1317
  487,  1, j     , 0.9269290566444397 , 1003,  840, 1574, 1126
  487,  2, feeder, 0.3385239243507385 ,  949, 1039, 1872, 1317
  488,  1, j     , 0.9270754456520081 , 1004,  840, 1575, 1126
  488,  2, feeder, 0.35297897458076477,  949, 1039, 1872, 1317
  489,  1, j     , 0.9274706840515137 , 1004,  840, 1575, 1126
  489,  2, feeder, 0.3247297704219818 ,  949, 1039, 1872, 1317
  490,  1, j     , 0.9321200847625732 , 1004,  841, 1582, 1126
  490,  2, feeder, 0.27452778816223145,  949, 1039, 1872, 1317
  491,  1, j     , 0.9351036548614502 , 1001,  843, 1593, 1126
  491,  2, feeder, 0.2701926827430725 ,  950, 1040, 1872, 1317
  492,  1, j     , 0.9331652522087097 , 1002,  845, 1607, 1127
  492,  2, feeder, 0.6126733422279358 ,  949, 1039, 1871, 1317
  493,  1, j     , 0.9313749074935913 , 1003,  846, 1611, 1126
  493,  2, feeder, 0.71750807762146   ,  949, 1039, 1871, 1317
  494,  1, j     , 0.9312014579772949 , 1002,  848, 1608, 1126
  494,  2, feeder, 0.7303818464279175 ,  949, 1038, 1871, 1317
  495,  1, j     , 0.9321435689926147 , 1001,  855, 1607, 1126
  495,  2, feeder, 0.7363507747650146 ,  950, 1038, 1871, 1317
  496,  1, j     , 0.9324183464050293 , 1001,  859, 1609, 1126
  496,  2, feeder, 0.7654089331626892 ,  949, 1038, 1871, 1317
  497,  1, j     , 0.9329810738563538 , 1001,  860, 1609, 1126
  497,  2, feeder, 0.764511227607727  ,  949, 1038, 1871, 1317
  498,  1, j     , 0.9333288073539734 , 1003,  861, 1610, 1127
  498,  2, feeder, 0.7485193014144897 ,  948, 1038, 1871, 1317
  499,  1, j     , 0.9333951473236084 , 1003,  862, 1610, 1127
  499,  2, feeder, 0.7407146692276001 ,  949, 1038, 1871, 1317
  500,  1, j     , 0.9325037598609924 , 1004,  864, 1609, 1127
  500,  2, feeder, 0.745108962059021  ,  948, 1038, 1871, 1317
  501,  1, j     , 0.9370825290679932 , 1005,  870, 1613, 1127
  501,  2, feeder, 0.7264370918273926 ,  948, 1038, 1871, 1317
  502,  1, j     , 0.945361852645874  , 1007,  876, 1627, 1127
  502,  2, feeder, 0.6214590072631836 ,  948, 1040, 1871, 1317
  503,  1, j     , 0.947162389755249  , 1007,  879, 1641, 1128
  503,  2, feeder, 0.6002048254013062 ,  948, 1041, 1871, 1317
  504,  1, j     , 0.9465412497520447 , 1009,  879, 1645, 1128
  504,  2, feeder, 0.6155062317848206 ,  947, 1042, 1871, 1317
  505,  1, j     , 0.9462913870811462 , 1010,  880, 1646, 1128
  505,  2, feeder, 0.6048234105110168 ,  947, 1042, 1871, 1317
  506,  1, j     , 0.9471531510353088 , 1011,  880, 1648, 1128
  506,  2, feeder, 0.6157374978065491 ,  946, 1042, 1870, 1317
  507,  1, j     , 0.9457941651344299 , 1012,  880, 1651, 1128
  507,  2, feeder, 0.5799089670181274 ,  946, 1042, 1871, 1317
  508,  1, j     , 0.945586085319519  , 1012,  880, 1654, 1129
  508,  2, feeder, 0.5490579009056091 ,  946, 1042, 1871, 1317
  509,  1, j     , 0.9416030645370483 , 1014,  879, 1660, 1129
  509,  2, feeder, 0.5290727019309998 ,  945, 1042, 1871, 1317
  510,  1, j     , 0.941573977470398  , 1011,  878, 1662, 1130
  510,  2, feeder, 0.5131580233573914 ,  946, 1041, 1871, 1317
  511,  1, j     , 0.9350674748420715 , 1012,  878, 1664, 1129
  511,  2, feeder, 0.6501635909080505 ,  945, 1041, 1871, 1317
  512,  1, j     , 0.9448325634002686 , 1012,  878, 1665, 1128
  512,  2, feeder, 0.5927278995513916 ,  945, 1041, 1871, 1317
  513,  1, j     , 0.9414793252944946 , 1011,  878, 1666, 1127
  513,  2, feeder, 0.6334615349769592 ,  945, 1041, 1871, 1317
  514,  1, j     , 0.9389569759368896 , 1010,  878, 1666, 1127
  514,  2, feeder, 0.6490172743797302 ,  946, 1041, 1871, 1317
  515,  1, j     , 0.9374948143959045 , 1011,  878, 1666, 1127
  515,  2, feeder, 0.6047568917274475 ,  946, 1041, 1871, 1317
  516,  1, j     , 0.9468731880187988 , 1009,  878, 1666, 1127
  516,  2, feeder, 0.6100313067436218 ,  946, 1041, 1871, 1317
  517,  1, j     , 0.9365543723106384 , 1010,  878, 1666, 1127
  517,  2, feeder, 0.6577080488204956 ,  947, 1041, 1870, 1317
  518,  1, j     , 0.9354021549224854 , 1008,  878, 1665, 1127
  518,  2, feeder, 0.5201984643936157 ,  948, 1041, 1870, 1317
  519,  1, j     , 0.9312257170677185 , 1027,  875, 1666, 1127
  519,  2, feeder, 0.8322234749794006 ,  944, 1042, 1874, 1318
  520,  1, j     , 0.9268417358398438 , 1062,  858, 1659, 1121
  520,  2, feeder, 0.8739985227584839 ,  941, 1040, 1874, 1318
  521,  1, j     , 0.922684371471405  , 1081,  843, 1665, 1103
  521,  2, feeder, 0.9125288724899292 ,  941, 1042, 1873, 1318
  522,  1, j     , 0.9157801866531372 , 1102,  835, 1676, 1090
  522,  2, feeder, 0.9223514795303345 ,  942, 1041, 1871, 1318
  523,  1, j     , 0.9225165247917175 , 1121,  841, 1684, 1104
  523,  2, feeder, 0.9208174347877502 ,  941, 1042, 1870, 1318
  524,  1, j     , 0.9268726110458374 , 1147,  864, 1706, 1116
  524,  2, feeder, 0.9104236364364624 ,  941, 1044, 1871, 1318
  525,  1, j     , 0.9190940260887146 , 1164,  883, 1716, 1122
  525,  2, feeder, 0.9039583802223206 ,  940, 1044, 1871, 1318
  526,  1, j     , 0.9184222221374512 , 1180,  900, 1721, 1127
  526,  2, feeder, 0.8944615125656128 ,  941, 1045, 1871, 1318
  527,  1, j     , 0.9140545725822449 , 1192,  909, 1726, 1135
  527,  2, feeder, 0.8281256556510925 ,  941, 1047, 1873, 1317
  528,  1, j     , 0.9166779518127441 , 1197,  916, 1725, 1137
  528,  2, feeder, 0.704118013381958  ,  941, 1049, 1872, 1318
  529,  1, j     , 0.9145851731300354 , 1201,  921, 1723, 1139
  529,  2, feeder, 0.7178531289100647 ,  941, 1049, 1872, 1316
  530,  1, j     , 0.9116088151931763 , 1206,  924, 1719, 1141
  530,  2, feeder, 0.7333455681800842 ,  941, 1049, 1872, 1315
  531,  1, j     , 0.9157119989395142 , 1206,  925, 1716, 1141
  531,  2, feeder, 0.7100143432617188 ,  941, 1049, 1872, 1314
  532,  1, j     , 0.9152877926826477 , 1206,  924, 1714, 1142
  532,  2, feeder, 0.7295334935188293 ,  941, 1049, 1872, 1314
  533,  1, j     , 0.9151708483695984 , 1203,  923, 1715, 1141
  533,  2, feeder, 0.7513859272003174 ,  941, 1049, 1872, 1315
  534,  1, j     , 0.9152718186378479 , 1203,  921, 1716, 1139
  534,  2, feeder, 0.700465202331543  ,  941, 1048, 1872, 1315
  535,  1, j     , 0.9175950288772583 , 1202,  919, 1713, 1139
  535,  2, feeder, 0.6803862452507019 ,  941, 1048, 1872, 1315
  536,  1, j     , 0.9155460000038147 , 1200,  917, 1707, 1137
  536,  2, feeder, 0.7516588568687439 ,  941, 1048, 1874, 1316
  537,  1, j     , 0.9183476567268372 , 1201,  914, 1706, 1136
  537,  2, feeder, 0.6593942642211914 ,  941, 1047, 1873, 1316
  538,  1, j     , 0.9189851880073547 , 1201,  911, 1708, 1135
  538,  2, feeder, 0.7424320578575134 ,  941, 1045, 1874, 1317
  539,  1, j     , 0.9168558120727539 , 1204,  911, 1704, 1134
  539,  2, feeder, 0.7834171652793884 ,  941, 1045, 1874, 1317
  540,  1, j     , 0.9129329919815063 , 1207,  911, 1709, 1132
  540,  2, feeder, 0.8679903745651245 ,  941, 1045, 1872, 1317
  541,  1, j     , 0.9181086421012878 , 1205,  910, 1704, 1131
  541,  2, feeder, 0.8474375605583191 ,  941, 1045, 1872, 1318
  542,  1, j     , 0.9194408655166626 , 1205,  908, 1692, 1131
  542,  2, feeder, 0.8442986011505127 ,  941, 1044, 1871, 1318
  543,  1, j     , 0.9183309674263    , 1207,  904, 1690, 1130
  543,  2, feeder, 0.8547346591949463 ,  942, 1044, 1871, 1318
  544,  1, j     , 0.9203535914421082 , 1207,  900, 1686, 1130
  544,  2, feeder, 0.8549137711524963 ,  942, 1044, 1871, 1318
  545,  1, j     , 0.9247701168060303 , 1213,  892, 1682, 1131
  545,  2, feeder, 0.8489485383033752 ,  942, 1043, 1871, 1318
  546,  1, j     , 0.9243414998054504 , 1220,  885, 1673, 1132
  546,  2, feeder, 0.8457680940628052 ,  941, 1043, 1872, 1318
  547,  1, j     , 0.9225167632102966 , 1223,  883, 1662, 1132
  547,  2, feeder, 0.810351550579071  ,  941, 1043, 1873, 1318
  548,  1, j     , 0.9203099608421326 , 1226,  880, 1644, 1132
  548,  2, feeder, 0.7931018471717834 ,  941, 1043, 1871, 1318
  549,  1, j     , 0.9213835000991821 , 1227,  879, 1636, 1132
  549,  2, feeder, 0.7936909198760986 ,  941, 1043, 1870, 1318
  550,  1, j     , 0.9197058081626892 , 1227,  878, 1633, 1132
  550,  2, feeder, 0.7818857431411743 ,  941, 1043, 1870, 1318
  551,  1, j     , 0.9198344945907593 , 1233,  878, 1632, 1132
  551,  2, feeder, 0.7864511609077454 ,  941, 1043, 1870, 1318
  552,  1, j     , 0.9192522764205933 , 1236,  877, 1633, 1132
  552,  2, feeder, 0.7808348536491394 ,  941, 1043, 1870, 1318
  553,  1, j     , 0.9193295240402222 , 1239,  877, 1633, 1132
  553,  2, feeder, 0.7866222858428955 ,  941, 1043, 1870, 1318
  554,  1, j     , 0.9210688471794128 , 1243,  878, 1634, 1132
  554,  2, feeder, 0.7895238399505615 ,  941, 1043, 1870, 1318
  555,  1, j     , 0.9227925539016724 , 1248,  878, 1634, 1132
  555,  2, feeder, 0.803451657295227  ,  941, 1043, 1870, 1318
  556,  1, j     , 0.916509211063385  , 1255,  877, 1628, 1131
  556,  2, feeder, 0.8782236576080322 ,  940, 1043, 1870, 1318
  557,  1, j     , 0.9204750657081604 , 1258,  875, 1626, 1131
  557,  2, feeder, 0.8772240281105042 ,  940, 1043, 1870, 1317
  558,  1, j     , 0.9115037322044373 , 1277,  880, 1621, 1131
  558,  2, feeder, 0.8813557028770447 ,  942, 1042, 1870, 1318
  559,  1, j     , 0.898890495300293  , 1297,  895, 1620, 1128
  559,  2, feeder, 0.9113168716430664 ,  941, 1043, 1870, 1317
  560,  1, j     , 0.9025200605392456 , 1314,  905, 1612, 1127
  560,  2, feeder, 0.903252899646759  ,  943, 1042, 1870, 1318
  561,  1, j     , 0.887345552444458  , 1332,  912, 1605, 1129
  561,  2, feeder, 0.9048194289207458 ,  943, 1042, 1870, 1318
  562,  1, j     , 0.8916128873825073 , 1371,  916, 1599, 1129
  562,  2, feeder, 0.9049209356307983 ,  943, 1041, 1870, 1318
  563,  1, j     , 0.8941138982772827 , 1385,  917, 1598, 1130
  563,  2, feeder, 0.9052463173866272 ,  943, 1041, 1870, 1318
  564,  1, j     , 0.8994481563568115 , 1388,  918, 1598, 1132
  564,  2, feeder, 0.9022454619407654 ,  943, 1042, 1870, 1318
  565,  1, j     , 0.8984056115150452 , 1388,  919, 1598, 1133
  565,  2, feeder, 0.9003127217292786 ,  942, 1042, 1870, 1317
  566,  1, j     , 0.8963763117790222 , 1387,  920, 1599, 1133
  566,  2, feeder, 0.9009302854537964 ,  942, 1042, 1870, 1317
  567,  1, j     , 0.8952500224113464 , 1386,  921, 1599, 1132
  567,  2, feeder, 0.901007890701294  ,  942, 1042, 1870, 1318
  568,  1, j     , 0.8917925953865051 , 1388,  921, 1599, 1131
  568,  2, feeder, 0.9053088426589966 ,  943, 1042, 1870, 1318
  569,  1, j     , 0.8931155204772949 , 1388,  920, 1599, 1131
  569,  2, feeder, 0.9040216207504272 ,  943, 1042, 1870, 1318
  570,  1, j     , 0.894466757774353  , 1390,  919, 1599, 1133
  570,  2, feeder, 0.902085542678833  ,  943, 1042, 1870, 1318
  571,  1, j     , 0.9070128202438354 , 1382,  916, 1601, 1134
  571,  2, feeder, 0.905478298664093  ,  942, 1042, 1870, 1318
  572,  1, j     , 0.8981345295906067 , 1358,  907, 1602, 1134
  572,  2, feeder, 0.9070338010787964 ,  943, 1041, 1870, 1318
  573,  1, j     , 0.9082617163658142 , 1345,  890, 1601, 1134
  573,  2, feeder, 0.9028353691101074 ,  943, 1041, 1871, 1318
  574,  1, j     , 0.9066446423530579 , 1339,  878, 1600, 1134
  574,  2, feeder, 0.90399169921875   ,  943, 1040, 1872, 1318
  575,  1, j     , 0.905943751335144  , 1337,  872, 1600, 1134
  575,  2, feeder, 0.8956823348999023 ,  943, 1040, 1872, 1318
  576,  1, j     , 0.9092795252799988 , 1333,  869, 1600, 1134
  576,  2, feeder, 0.8944430351257324 ,  943, 1039, 1872, 1318
  577,  1, j     , 0.9095873832702637 , 1329,  868, 1600, 1134
  577,  2, feeder, 0.8926106095314026 ,  944, 1039, 1872, 1318
  578,  1, j     , 0.9086734652519226 , 1327,  867, 1600, 1134
  578,  2, feeder, 0.8912770748138428 ,  944, 1039, 1872, 1318
  579,  1, j     , 0.906895637512207  , 1328,  866, 1599, 1134
  579,  2, feeder, 0.8912389278411865 ,  943, 1039, 1872, 1318
  580,  1, j     , 0.9065443277359009 , 1329,  866, 1598, 1134
  580,  2, feeder, 0.8905159831047058 ,  943, 1039, 1872, 1318
  581,  1, j     , 0.9059585332870483 , 1329,  866, 1598, 1133
  581,  2, feeder, 0.8930505514144897 ,  943, 1039, 1872, 1318
  582,  1, j     , 0.9048422574996948 , 1329,  866, 1598, 1134
  582,  2, feeder, 0.8908560872077942 ,  943, 1039, 1872, 1318
  583,  1, j     , 0.9049148559570312 , 1329,  865, 1597, 1134
  583,  2, feeder, 0.8907424211502075 ,  943, 1039, 1872, 1318
  584,  1, j     , 0.9050266742706299 , 1329,  865, 1597, 1134
  584,  2, feeder, 0.8852070569992065 ,  943, 1039, 1873, 1318
  585,  1, j     , 0.9069451689720154 , 1327,  865, 1597, 1134
  585,  2, feeder, 0.882062554359436  ,  943, 1039, 1873, 1318
  586,  1, j     , 0.9028876423835754 , 1327,  864, 1597, 1133
  586,  2, feeder, 0.8834354877471924 ,  943, 1039, 1872, 1318
  587,  1, j     , 0.903221845626831  , 1326,  864, 1597, 1133
  587,  2, feeder, 0.8768128752708435 ,  943, 1040, 1872, 1318
  588,  1, j     , 0.9026683568954468 , 1326,  861, 1598, 1133
  588,  2, feeder, 0.868373453617096  ,  943, 1040, 1872, 1318
  589,  1, j     , 0.9002336859703064 , 1330,  855, 1597, 1133
  589,  2, feeder, 0.8795726299285889 ,  943, 1040, 1872, 1318
  590,  1, j     , 0.9000082612037659 , 1340,  849, 1597, 1133
  590,  2, feeder, 0.8747941851615906 ,  942, 1040, 1872, 1318
  591,  1, j     , 0.8982782363891602 , 1346,  844, 1597, 1133
  591,  2, feeder, 0.8659633994102478 ,  942, 1039, 1872, 1318
  592,  1, j     , 0.8944491147994995 , 1354,  837, 1596, 1133
  592,  2, feeder, 0.8624127507209778 ,  942, 1039, 1872, 1318
  593,  1, j     , 0.9028156995773315 , 1371,  830, 1597, 1133
  593,  2, feeder, 0.8814884424209595 ,  941, 1039, 1872, 1318
  594,  1, j     , 0.900522768497467  , 1386,  827, 1596, 1132
  594,  2, feeder, 0.8918399214744568 ,  941, 1039, 1872, 1318
  595,  1, j     , 0.8985931873321533 , 1390,  826, 1596, 1131
  595,  2, feeder, 0.8931824564933777 ,  942, 1039, 1872, 1318
  596,  1, j     , 0.897253692150116  , 1392,  825, 1596, 1131
  596,  2, feeder, 0.8886650800704956 ,  941, 1039, 1872, 1318
  597,  1, j     , 0.8970409035682678 , 1392,  825, 1596, 1131
  597,  2, feeder, 0.885979413986206  ,  941, 1040, 1872, 1318
  598,  1, j     , 0.8977096080780029 , 1392,  826, 1596, 1131
  598,  2, feeder, 0.8859302997589111 ,  942, 1040, 1872, 1318
  599,  1, j     , 0.8964040279388428 , 1392,  825, 1596, 1131
  599,  2, feeder, 0.8817552924156189 ,  942, 1040, 1872, 1318
  600,  1, j     , 0.8966265916824341 , 1392,  825, 1596, 1131
  600,  2, feeder, 0.8819953799247742 ,  942, 1040, 1872, 1318
  601,  1, j     , 0.89459627866745   , 1392,  825, 1595, 1131
  601,  2, feeder, 0.8941673040390015 ,  942, 1039, 1872, 1318
  602,  1, j     , 0.8946880102157593 , 1392,  823, 1595, 1133
  602,  2, feeder, 0.897238552570343  ,  942, 1039, 1872, 1318
  603,  1, j     , 0.8974213004112244 , 1392,  830, 1594, 1133
  603,  2, feeder, 0.9102815985679626 ,  942, 1038, 1872, 1318
  604,  1, j     , 0.8926548361778259 , 1391,  829, 1594, 1132
  604,  2, feeder, 0.9035564064979553 ,  942, 1038, 1872, 1318
  605,  1, j     , 0.9011989831924438 , 1391,  830, 1600, 1131
  605,  2, feeder, 0.8872265219688416 ,  942, 1038, 1871, 1318
  606,  1, j     , 0.9081853032112122 , 1390,  835, 1614, 1131
  606,  2, feeder, 0.8634604215621948 ,  941, 1039, 1870, 1318
  607,  1, j     , 0.9101607799530029 , 1390,  837, 1627, 1130
  607,  2, feeder, 0.8477030396461487 ,  938, 1037, 1871, 1318
  608,  1, j     , 0.9088724255561829 , 1390,  845, 1631, 1130
  608,  2, feeder, 0.8522319197654724 ,  937, 1037, 1871, 1318
  609,  1, j     , 0.9094677567481995 , 1389,  849, 1632, 1130
  609,  2, feeder, 0.853027880191803  ,  937, 1037, 1871, 1318
  610,  1, j     , 0.9094617962837219 , 1389,  850, 1633, 1130
  610,  2, feeder, 0.8539159297943115 ,  936, 1037, 1871, 1318
  611,  1, j     , 0.9077919721603394 , 1387,  851, 1633, 1130
  611,  2, feeder, 0.8528270125389099 ,  936, 1037, 1871, 1318
  612,  1, j     , 0.9060916900634766 , 1386,  850, 1634, 1132
  612,  2, feeder, 0.8518407940864563 ,  939, 1039, 1869, 1318
  613,  1, j     , 0.9075835943222046 , 1385,  852, 1640, 1133
  613,  2, feeder, 0.8509669899940491 ,  937, 1038, 1870, 1318
  614,  1, j     , 0.9056850671768188 , 1383,  852, 1638, 1133
  614,  2, feeder, 0.8501075506210327 ,  940, 1039, 1869, 1318
  615,  1, j     , 0.9028788805007935 , 1382,  851, 1638, 1133
  615,  2, feeder, 0.8466507196426392 ,  940, 1041, 1869, 1318
  616,  1, j     , 0.8997731804847717 , 1379,  848, 1636, 1134
  616,  2, feeder, 0.8714136481285095 ,  941, 1041, 1868, 1318
  617,  1, j     , 0.8961734175682068 , 1374,  845, 1638, 1135
  617,  2, feeder, 0.8654213547706604 ,  939, 1042, 1869, 1318
  618,  1, j     , 0.8864606618881226 , 1353,  844, 1646, 1135
  618,  2, feeder, 0.8737536072731018 ,  939, 1042, 1869, 1318
  619,  1, j     , 0.8898268938064575 , 1339,  842, 1647, 1134
  619,  2, feeder, 0.8726829290390015 ,  938, 1043, 1869, 1318
  620,  1, j     , 0.9010111093521118 , 1325,  839, 1649, 1134
  620,  2, feeder, 0.8695599436759949 ,  938, 1043, 1870, 1317
  621,  1, j     , 0.9010652899742126 , 1319,  835, 1646, 1134
  621,  2, feeder, 0.8886929154396057 ,  938, 1043, 1870, 1317
  622,  1, j     , 0.9041541814804077 , 1316,  833, 1643, 1134
  622,  2, feeder, 0.8983142971992493 ,  939, 1043, 1870, 1317
  623,  1, j     , 0.903186559677124  , 1313,  833, 1640, 1134
  623,  2, feeder, 0.894216001033783  ,  939, 1044, 1870, 1317
  624,  1, j     , 0.9077625870704651 , 1311,  829, 1642, 1133
  624,  2, feeder, 0.8982970714569092 ,  939, 1044, 1870, 1317
  625,  1, j     , 0.906203031539917  , 1311,  831, 1638, 1134
  625,  2, feeder, 0.8766517639160156 ,  939, 1043, 1870, 1317
  626,  1, j     , 0.9094428420066833 , 1308,  834, 1633, 1135
  626,  2, feeder, 0.887639045715332  ,  939, 1043, 1870, 1317
  627,  1, j     , 0.9127042293548584 , 1304,  832, 1652, 1135
  627,  2, feeder, 0.8872390985488892 ,  939, 1044, 1870, 1317
  628,  1, j     , 0.9131224155426025 , 1298,  831, 1662, 1135
  628,  2, feeder, 0.8881688117980957 ,  940, 1045, 1870, 1317
  629,  1, j     , 0.9122516512870789 , 1292,  831, 1665, 1135
  629,  2, feeder, 0.8895696401596069 ,  940, 1045, 1870, 1317
  630,  1, j     , 0.9099915623664856 , 1288,  832, 1665, 1135
  630,  2, feeder, 0.8943601250648499 ,  940, 1045, 1870, 1317
  631,  1, j     , 0.9069284796714783 , 1288,  831, 1665, 1135
  631,  2, feeder, 0.8889607787132263 ,  940, 1044, 1871, 1317
  632,  1, j     , 0.9083936214447021 , 1289,  831, 1666, 1135
  632,  2, feeder, 0.9065157771110535 ,  940, 1045, 1871, 1317
  633,  1, j     , 0.9076903462409973 , 1287,  831, 1666, 1135
  633,  2, feeder, 0.9031860828399658 ,  940, 1045, 1871, 1317
  634,  1, j     , 0.9097464084625244 , 1288,  831, 1666, 1135
  634,  2, feeder, 0.8916925191879272 ,  940, 1045, 1871, 1317
  635,  1, j     , 0.909378170967102  , 1287,  842, 1657, 1135
  635,  2, feeder, 0.896718442440033  ,  940, 1044, 1871, 1317
  636,  1, j     , 0.9178627133369446 , 1283,  845, 1685, 1135
  636,  2, feeder, 0.89424067735672   ,  941, 1045, 1873, 1318
  637,  1, j     , 0.9224680662155151 , 1279,  850, 1706, 1135
  637,  2, feeder, 0.8899902701377869 ,  942, 1046, 1874, 1318
  638,  1, j     , 0.929649829864502  , 1270,  855, 1720, 1134
  638,  2, feeder, 0.8570470213890076 ,  941, 1046, 1874, 1318
  639,  1, j     , 0.9304900765419006 , 1254,  858, 1725, 1134
  639,  2, feeder, 0.8418097496032715 ,  941, 1046, 1874, 1318
  640,  1, j     , 0.9308735728263855 , 1246,  859, 1727, 1134
  640,  2, feeder, 0.8514583706855774 ,  941, 1046, 1874, 1317
  641,  1, j     , 0.9289204478263855 , 1241,  860, 1727, 1134
  641,  2, feeder, 0.8653228282928467 ,  941, 1046, 1874, 1317
  642,  1, j     , 0.928817093372345  , 1238,  860, 1729, 1133
  642,  2, feeder, 0.8686317801475525 ,  941, 1046, 1874, 1317
  643,  1, j     , 0.929763913154602  , 1239,  860, 1729, 1133
  643,  2, feeder, 0.8704215884208679 ,  941, 1045, 1873, 1317
  644,  1, j     , 0.9297642111778259 , 1239,  859, 1729, 1133
  644,  2, feeder, 0.8714535236358643 ,  941, 1045, 1873, 1317
  645,  1, j     , 0.9304069876670837 , 1240,  859, 1729, 1133
  645,  2, feeder, 0.8728978633880615 ,  941, 1045, 1873, 1317
  646,  1, j     , 0.9279373288154602 , 1239,  859, 1729, 1134
  646,  2, feeder, 0.89274662733078   ,  941, 1045, 1872, 1317
  647,  1, j     , 0.9280401468276978 , 1239,  858, 1730, 1134
  647,  2, feeder, 0.8847771286964417 ,  941, 1044, 1872, 1317
  648,  1, j     , 0.9278172254562378 , 1238,  858, 1730, 1134
  648,  2, feeder, 0.8789926171302795 ,  941, 1044, 1872, 1317
  649,  1, j     , 0.9267948865890503 , 1236,  858, 1730, 1134
  649,  2, feeder, 0.8891761898994446 ,  941, 1044, 1872, 1317
  650,  1, j     , 0.9268715381622314 , 1233,  858, 1730, 1134
  650,  2, feeder, 0.8868579864501953 ,  941, 1045, 1872, 1317
  651,  1, j     , 0.9276503920555115 , 1231,  858, 1730, 1134
  651,  2, feeder, 0.8864120244979858 ,  941, 1045, 1872, 1317
  652,  1, j     , 0.9285722970962524 , 1229,  858, 1730, 1133
  652,  2, feeder, 0.8856651782989502 ,  941, 1045, 1873, 1317
  653,  1, j     , 0.9290117025375366 , 1227,  857, 1730, 1133
  653,  2, feeder, 0.8839203119277954 ,  941, 1045, 1873, 1317
  654,  1, j     , 0.9288722276687622 , 1226,  857, 1730, 1133
  654,  2, feeder, 0.8878511190414429 ,  941, 1045, 1872, 1317
  655,  1, j     , 0.9287683367729187 , 1227,  856, 1730, 1133
  655,  2, feeder, 0.8771549463272095 ,  941, 1045, 1873, 1317
  656,  1, j     , 0.9289954900741577 , 1228,  856, 1730, 1133
  656,  2, feeder, 0.8875558376312256 ,  941, 1045, 1872, 1317
  657,  1, j     , 0.9289969205856323 , 1228,  856, 1729, 1133
  657,  2, feeder, 0.886727511882782  ,  941, 1045, 1872, 1317
  658,  1, j     , 0.9295040965080261 , 1228,  857, 1728, 1134
  658,  2, feeder, 0.8794777989387512 ,  941, 1045, 1873, 1317
  659,  1, j     , 0.9290109872817993 , 1228,  857, 1725, 1134
  659,  2, feeder, 0.8789392709732056 ,  941, 1045, 1873, 1317
  660,  1, j     , 0.9287087321281433 , 1224,  857, 1722, 1134
  660,  2, feeder, 0.8719925880432129 ,  941, 1044, 1874, 1317
  661,  1, j     , 0.9247037172317505 , 1228,  854, 1710, 1134
  661,  2, feeder, 0.8955718874931335 ,  941, 1044, 1874, 1317
  662,  1, j     , 0.921974778175354  , 1231,  851, 1701, 1134
  662,  2, feeder, 0.8964120745658875 ,  941, 1044, 1874, 1318
  663,  1, j     , 0.9215995073318481 , 1232,  849, 1696, 1134
  663,  2, feeder, 0.9019525647163391 ,  941, 1044, 1874, 1318
  664,  1, j     , 0.9189340472221375 , 1234,  848, 1693, 1134
  664,  2, feeder, 0.9010244607925415 ,  941, 1044, 1873, 1318
  665,  1, j     , 0.9194579124450684 , 1237,  848, 1693, 1135
  665,  2, feeder, 0.896569013595581  ,  941, 1044, 1873, 1318
  666,  1, j     , 0.9195364117622375 , 1241,  848, 1692, 1135
  666,  2, feeder, 0.8944131731987    ,  941, 1044, 1873, 1318
  667,  1, j     , 0.9173225164413452 , 1242,  848, 1691, 1135
  667,  2, feeder, 0.8988627791404724 ,  941, 1044, 1873, 1318
  668,  1, j     , 0.9174855351448059 , 1242,  848, 1691, 1135
  668,  2, feeder, 0.8983263969421387 ,  941, 1044, 1873, 1318
  669,  1, j     , 0.9182417988777161 , 1241,  848, 1692, 1135
  669,  2, feeder, 0.898516833782196  ,  941, 1044, 1873, 1317
  670,  1, j     , 0.9184855222702026 , 1242,  848, 1691, 1135
  670,  2, feeder, 0.8989086151123047 ,  941, 1044, 1873, 1317
  671,  1, j     , 0.9187048673629761 , 1243,  848, 1691, 1135
  671,  2, feeder, 0.9000793099403381 ,  941, 1044, 1873, 1317
  672,  1, j     , 0.9210658073425293 , 1247,  848, 1691, 1135
  672,  2, feeder, 0.8958275318145752 ,  941, 1044, 1873, 1317
  673,  1, j     , 0.9226112961769104 , 1251,  848, 1691, 1135
  673,  2, feeder, 0.8901814818382263 ,  941, 1044, 1873, 1317
  674,  1, j     , 0.9259925484657288 , 1256,  848, 1693, 1135
  674,  2, feeder, 0.8931601047515869 ,  942, 1044, 1873, 1317
  675,  1, j     , 0.9037783145904541 , 1243,  849, 1667, 1134
  675,  2, feeder, 0.9175063371658325 ,  942, 1045, 1872, 1318
  676,  1, j     , 0.8943000435829163 , 1272,  851, 1634, 1133
  676,  2, feeder, 0.9213525056838989 ,  943, 1044, 1870, 1318
  677,  1, j     , 0.8980730772018433 , 1304,  851, 1617, 1131
  677,  2, feeder, 0.9140172600746155 ,  943, 1040, 1870, 1318
  678,  1, j     , 0.8953546285629272 , 1319,  866, 1608, 1129
  678,  2, feeder, 0.9166719317436218 ,  943, 1039, 1870, 1318
  679,  1, j     , 0.899560272693634  , 1327,  876, 1601, 1128
  679,  2, feeder, 0.9166106581687927 ,  943, 1039, 1870, 1318
  680,  1, j     , 0.8866245150566101 , 1346,  882, 1596, 1128
  680,  2, feeder, 0.9148069024085999 ,  943, 1040, 1870, 1318
  681,  1, j     , 0.9034404158592224 , 1372,  885, 1592, 1131
  681,  2, feeder, 0.9137837290763855 ,  943, 1039, 1870, 1318
  682,  1, j     , 0.9049033522605896 , 1382,  886, 1591, 1133
  682,  2, feeder, 0.9124816656112671 ,  942, 1039, 1870, 1318
  683,  1, j     , 0.9048202037811279 , 1385,  887, 1590, 1133
  683,  2, feeder, 0.9116460680961609 ,  942, 1039, 1870, 1318
  684,  1, j     , 0.9035662412643433 , 1387,  888, 1590, 1133
  684,  2, feeder, 0.9113450050354004 ,  942, 1039, 1870, 1318
  685,  1, j     , 0.9031506776809692 , 1387,  888, 1591, 1133
  685,  2, feeder, 0.9126065969467163 ,  942, 1039, 1870, 1318
  686,  1, j     , 0.9016295671463013 , 1387,  888, 1592, 1133
  686,  2, feeder, 0.9138239026069641 ,  942, 1039, 1870, 1318
  687,  1, j     , 0.9027058482170105 , 1387,  887, 1592, 1133
  687,  2, feeder, 0.9135746955871582 ,  942, 1039, 1870, 1318
  688,  1, j     , 0.9025546908378601 , 1386,  887, 1592, 1133
  688,  2, feeder, 0.913986086845398  ,  942, 1039, 1870, 1318
  689,  1, j     , 0.9028775095939636 , 1386,  887, 1591, 1133
  689,  2, feeder, 0.9133470058441162 ,  942, 1039, 1871, 1318
  690,  1, j     , 0.9035944938659668 , 1387,  887, 1591, 1133
  690,  2, feeder, 0.9128645658493042 ,  943, 1039, 1871, 1318
  691,  1, j     , 0.9031364917755127 , 1387,  888, 1592, 1133
  691,  2, feeder, 0.9146384000778198 ,  942, 1040, 1871, 1318
  692,  1, j     , 0.9029139876365662 , 1386,  889, 1592, 1134
  692,  2, feeder, 0.9152441620826721 ,  942, 1040, 1871, 1318
  693,  1, j     , 0.901100754737854  , 1386,  889, 1591, 1134
  693,  2, feeder, 0.9167864322662354 ,  942, 1040, 1871, 1317
  694,  1, j     , 0.9011638164520264 , 1385,  890, 1591, 1134
  694,  2, feeder, 0.9179380536079407 ,  942, 1039, 1871, 1317
  695,  1, j     , 0.8995099663734436 , 1385,  890, 1591, 1134
  695,  2, feeder, 0.9183917045593262 ,  942, 1039, 1871, 1317
  696,  1, j     , 0.9005563855171204 , 1385,  890, 1592, 1134
  696,  2, feeder, 0.9175910353660583 ,  942, 1039, 1871, 1317
  697,  1, j     , 0.9005402326583862 , 1384,  889, 1592, 1134
  697,  2, feeder, 0.9174181222915649 ,  942, 1039, 1871, 1317
  698,  1, j     , 0.9002200961112976 , 1385,  889, 1592, 1134
  698,  2, feeder, 0.9172448515892029 ,  942, 1039, 1871, 1317
  699,  1, j     , 0.9006867408752441 , 1385,  889, 1592, 1134
  699,  2, feeder, 0.9175911545753479 ,  942, 1039, 1871, 1317
  700,  1, j     , 0.9006839394569397 , 1384,  888, 1592, 1134
  700,  2, feeder, 0.9178928136825562 ,  942, 1039, 1871, 1317
  701,  1, j     , 0.900496244430542  , 1384,  888, 1592, 1134
  701,  2, feeder, 0.917802631855011  ,  942, 1039, 1871, 1317
  702,  1, j     , 0.901585578918457  , 1384,  888, 1591, 1134
  702,  2, feeder, 0.9176283478736877 ,  942, 1039, 1872, 1317
  703,  1, j     , 0.9026944637298584 , 1384,  888, 1591, 1134
  703,  2, feeder, 0.9169875979423523 ,  942, 1039, 1872, 1317
  704,  1, j     , 0.9030361771583557 , 1384,  888, 1591, 1134
  704,  2, feeder, 0.9158774018287659 ,  942, 1039, 1872, 1317
  705,  1, j     , 0.9030577540397644 , 1384,  888, 1591, 1134
  705,  2, feeder, 0.9150800108909607 ,  942, 1040, 1872, 1317
  706,  1, j     , 0.8980929851531982 , 1385,  887, 1591, 1134
  706,  2, feeder, 0.9179681539535522 ,  942, 1040, 1871, 1317
  707,  1, j     , 0.8975019454956055 , 1385,  886, 1591, 1134
  707,  2, feeder, 0.917538046836853  ,  942, 1039, 1871, 1318
  708,  1, j     , 0.896359384059906  , 1385,  882, 1591, 1133
  708,  2, feeder, 0.9180006980895996 ,  942, 1039, 1871, 1318
  709,  1, j     , 0.9016438722610474 , 1384,  882, 1593, 1133
  709,  2, feeder, 0.918906569480896  ,  942, 1038, 1871, 1318
  710,  1, j     , 0.9137881398200989 , 1380,  882, 1612, 1132
  710,  2, feeder, 0.9007185697555542 ,  942, 1040, 1870, 1318
  711,  1, j     , 0.9158638715744019 , 1345,  883, 1644, 1133
  711,  2, feeder, 0.8869561553001404 ,  939, 1042, 1870, 1317
  712,  1, j     , 0.9263002872467041 , 1320,  885, 1671, 1134
  712,  2, feeder, 0.8972121477127075 ,  939, 1044, 1871, 1317
  713,  1, j     , 0.929983377456665  , 1300,  886, 1688, 1134
  713,  2, feeder, 0.8820444345474243 ,  939, 1045, 1871, 1317
  714,  1, j     , 0.9321873784065247 , 1289,  886, 1697, 1134
  714,  2, feeder, 0.8756088614463806 ,  941, 1046, 1874, 1317
  715,  1, j     , 0.9305639863014221 , 1282,  885, 1702, 1134
  715,  2, feeder, 0.8907431364059448 ,  942, 1047, 1874, 1317
  716,  1, j     , 0.9327350854873657 , 1278,  885, 1704, 1134
  716,  2, feeder, 0.8873854279518127 ,  942, 1047, 1875, 1317
  717,  1, j     , 0.935348629951477  , 1274,  885, 1705, 1134
  717,  2, feeder, 0.8807297945022583 ,  942, 1047, 1875, 1317
  718,  1, j     , 0.9376024603843689 , 1270,  884, 1704, 1134
  718,  2, feeder, 0.8604254126548767 ,  941, 1046, 1875, 1317
  719,  1, j     , 0.9394572973251343 , 1265,  883, 1700, 1134
  719,  2, feeder, 0.8637493848800659 ,  941, 1046, 1876, 1317
  720,  1, j     , 0.9386053681373596 , 1263,  881, 1696, 1134
  720,  2, feeder, 0.8671937584877014 ,  941, 1045, 1876, 1318
  721,  1, j     , 0.9378202557563782 , 1264,  878, 1695, 1134
  721,  2, feeder, 0.882005512714386  ,  942, 1045, 1875, 1317
  722,  1, j     , 0.938258707523346  , 1264,  876, 1695, 1135
  722,  2, feeder, 0.8656722903251648 ,  941, 1045, 1875, 1318
  723,  1, j     , 0.9381716251373291 , 1264,  875, 1695, 1135
  723,  2, feeder, 0.8608644008636475 ,  941, 1045, 1876, 1318
  724,  1, j     , 0.9387019872665405 , 1262,  874, 1695, 1135
  724,  2, feeder, 0.8530905246734619 ,  941, 1045, 1876, 1318
  725,  1, j     , 0.938243567943573  , 1263,  873, 1694, 1135
  725,  2, feeder, 0.8504193425178528 ,  941, 1045, 1876, 1318
  726,  1, j     , 0.9385198950767517 , 1263,  873, 1693, 1135
  726,  2, feeder, 0.8369754552841187 ,  941, 1044, 1872, 1318
  727,  1, j     , 0.9386335015296936 , 1264,  873, 1695, 1135
  727,  2, feeder, 0.8447362780570984 ,  941, 1045, 1875, 1318
  728,  1, j     , 0.9391356706619263 , 1264,  873, 1696, 1135
  728,  2, feeder, 0.8412383198738098 ,  941, 1045, 1876, 1318
  729,  1, j     , 0.939349889755249  , 1264,  873, 1696, 1135
  729,  2, feeder, 0.8438507318496704 ,  941, 1046, 1876, 1318
  730,  1, j     , 0.939419686794281  , 1265,  873, 1698, 1135
  730,  2, feeder, 0.8330094218254089 ,  941, 1044, 1873, 1318
  731,  1, j     , 0.9397508502006531 , 1265,  874, 1696, 1135
  731,  2, feeder, 0.8320602178573608 ,  941, 1044, 1871, 1318
  732,  1, j     , 0.9389438629150391 , 1264,  875, 1695, 1135
  732,  2, feeder, 0.8329719305038452 ,  941, 1044, 1871, 1318
  733,  1, j     , 0.939497709274292  , 1264,  877, 1695, 1135
  733,  2, feeder, 0.8375874757766724 ,  941, 1044, 1871, 1318
  734,  1, j     , 0.9391087889671326 , 1264,  877, 1697, 1135
  734,  2, feeder, 0.8423770666122437 ,  941, 1045, 1874, 1318
  735,  1, j     , 0.9384847283363342 , 1265,  877, 1700, 1135
  735,  2, feeder, 0.842356264591217  ,  941, 1046, 1876, 1318
  736,  1, j     , 0.9357839822769165 , 1264,  876, 1701, 1136
  736,  2, feeder, 0.8637144565582275 ,  941, 1046, 1875, 1317
  737,  1, j     , 0.9358991384506226 , 1264,  876, 1702, 1136
  737,  2, feeder, 0.8588119745254517 ,  941, 1047, 1875, 1317
  738,  1, j     , 0.9361035227775574 , 1265,  876, 1702, 1136
  738,  2, feeder, 0.849559485912323  ,  941, 1047, 1875, 1317
  739,  1, j     , 0.9366862773895264 , 1265,  875, 1702, 1136
  739,  2, feeder, 0.849280595779419  ,  941, 1047, 1875, 1317
  740,  1, j     , 0.9365808367729187 , 1266,  875, 1702, 1136
  740,  2, feeder, 0.8506020903587341 ,  941, 1047, 1875, 1317
  741,  1, j     , 0.9363187551498413 , 1267,  875, 1702, 1136
  741,  2, feeder, 0.855485737323761  ,  941, 1047, 1876, 1317
  742,  1, j     , 0.9366806149482727 , 1267,  875, 1701, 1136
  742,  2, feeder, 0.8571428656578064 ,  941, 1047, 1876, 1317
  743,  1, j     , 0.9366930723190308 , 1268,  874, 1701, 1136
  743,  2, feeder, 0.8524023294448853 ,  941, 1047, 1876, 1317
  744,  1, j     , 0.9368964433670044 , 1268,  874, 1701, 1136
  744,  2, feeder, 0.8415583372116089 ,  941, 1046, 1876, 1317
  745,  1, j     , 0.9365845918655396 , 1268,  874, 1700, 1136
  745,  2, feeder, 0.8382197022438049 ,  941, 1046, 1876, 1317
  746,  1, j     , 0.9364664554595947 , 1266,  874, 1700, 1136
  746,  2, feeder, 0.836063027381897  ,  941, 1046, 1876, 1317
  747,  1, j     , 0.9364696741104126 , 1267,  873, 1701, 1136
  747,  2, feeder, 0.844505786895752  ,  941, 1046, 1876, 1317
  748,  1, j     , 0.9363799095153809 , 1267,  873, 1701, 1136
  748,  2, feeder, 0.8500362038612366 ,  941, 1046, 1876, 1318
  749,  1, j     , 0.9364287257194519 , 1267,  873, 1700, 1136
  749,  2, feeder, 0.8388079404830933 ,  941, 1046, 1876, 1318
  750,  1, j     , 0.9371445775032043 , 1267,  874, 1700, 1135
  750,  2, feeder, 0.8435450196266174 ,  941, 1046, 1876, 1318
  751,  1, j     , 0.9374997615814209 , 1266,  873, 1701, 1135
  751,  2, feeder, 0.8770108819007874 ,  941, 1046, 1875, 1318
  752,  1, j     , 0.9356158375740051 , 1266,  871, 1699, 1135
  752,  2, feeder, 0.8749735951423645 ,  941, 1045, 1874, 1318
  753,  1, j     , 0.9267987012863159 , 1265,  864, 1688, 1135
  753,  2, feeder, 0.8740586042404175 ,  941, 1044, 1873, 1318
  754,  1, j     , 0.9221503138542175 , 1266,  859, 1674, 1136
  754,  2, feeder, 0.852121889591217  ,  941, 1044, 1873, 1318
  755,  1, j     , 0.9169788956642151 , 1267,  854, 1663, 1136
  755,  2, feeder, 0.8740417957305908 ,  941, 1043, 1872, 1318
  756,  1, j     , 0.9183349609375    , 1268,  851, 1660, 1136
  756,  2, feeder, 0.8782980442047119 ,  941, 1042, 1872, 1318
  757,  1, j     , 0.9183188676834106 , 1268,  850, 1658, 1135
  757,  2, feeder, 0.8873341083526611 ,  940, 1041, 1871, 1317
  758,  1, j     , 0.9191956520080566 , 1267,  850, 1658, 1135
  758,  2, feeder, 0.8883054852485657 ,  941, 1042, 1872, 1318
  759,  1, j     , 0.9183230996131897 , 1267,  850, 1659, 1135
  759,  2, feeder, 0.887274980545044  ,  941, 1042, 1872, 1318
  760,  1, j     , 0.9185183644294739 , 1267,  850, 1660, 1135
  760,  2, feeder, 0.8941942453384399 ,  941, 1042, 1872, 1318
  761,  1, j     , 0.9188156723976135 , 1267,  850, 1659, 1135
  761,  2, feeder, 0.8899707794189453 ,  942, 1042, 1872, 1318
  762,  1, j     , 0.9183857440948486 , 1267,  850, 1659, 1135
  762,  2, feeder, 0.8905040621757507 ,  942, 1042, 1872, 1318
  763,  1, j     , 0.9182546734809875 , 1267,  850, 1660, 1135
  763,  2, feeder, 0.8937854170799255 ,  941, 1042, 1872, 1318
  764,  1, j     , 0.9183825254440308 , 1266,  850, 1660, 1135
  764,  2, feeder, 0.8929832577705383 ,  941, 1042, 1872, 1318
  765,  1, j     , 0.9179820418357849 , 1266,  850, 1660, 1135
  765,  2, feeder, 0.8922924399375916 ,  941, 1042, 1872, 1318
  766,  1, j     , 0.9181274175643921 , 1270,  849, 1660, 1135
  766,  2, feeder, 0.8692039251327515 ,  942, 1040, 1869, 1318
  767,  1, j     , 0.9179913997650146 , 1272,  849, 1661, 1136
  767,  2, feeder, 0.8626699447631836 ,  943, 1039, 1869, 1318
  768,  1, j     , 0.914661169052124  , 1275,  849, 1657, 1136
  768,  2, feeder, 0.8691394329071045 ,  940, 1040, 1869, 1317
  769,  1, j     , 0.9133474826812744 , 1274,  846, 1639, 1135
  769,  2, feeder, 0.8887985944747925 ,  942, 1040, 1869, 1317
  770,  1, j     , 0.9084805846214294 , 1284,  838, 1628, 1135
  770,  2, feeder, 0.9042009115219116 ,  943, 1040, 1869, 1318
  771,  1, j     , 0.9055438041687012 , 1289,  835, 1623, 1135
  771,  2, feeder, 0.908478319644928  ,  943, 1039, 1869, 1318
  772,  1, j     , 0.9055880308151245 , 1294,  833, 1619, 1135
  772,  2, feeder, 0.9102820754051208 ,  941, 1042, 1869, 1317
  773,  1, j     , 0.9010142683982849 , 1301,  832, 1617, 1135
  773,  2, feeder, 0.9083258509635925 ,  942, 1041, 1869, 1317
  774,  1, j     , 0.8978116512298584 , 1309,  832, 1614, 1135
  774,  2, feeder, 0.9089767336845398 ,  943, 1040, 1869, 1318
  775,  1, j     , 0.8970111608505249 , 1319,  833, 1611, 1135
  775,  2, feeder, 0.9086010456085205 ,  943, 1040, 1870, 1318
  776,  1, j     , 0.890803337097168  , 1327,  832, 1608, 1135
  776,  2, feeder, 0.9062978029251099 ,  943, 1040, 1870, 1318
  777,  1, j     , 0.8889024257659912 , 1331,  832, 1606, 1135
  777,  2, feeder, 0.9063242077827454 ,  942, 1040, 1870, 1318
  778,  1, j     , 0.8847680687904358 , 1338,  831, 1605, 1135
  778,  2, feeder, 0.9010420441627502 ,  942, 1040, 1870, 1318
  779,  1, j     , 0.8926228284835815 , 1344,  825, 1605, 1134
  779,  2, feeder, 0.8956363797187805 ,  942, 1040, 1870, 1318
  780,  1, j     , 0.8984746932983398 , 1355,  822, 1605, 1134
  780,  2, feeder, 0.8926259875297546 ,  942, 1040, 1871, 1318
  781,  1, j     , 0.9038974046707153 , 1367,  821, 1603, 1134
  781,  2, feeder, 0.9091365933418274 ,  942, 1040, 1871, 1318
  782,  1, j     , 0.9046915173530579 , 1373,  821, 1603, 1134
  782,  2, feeder, 0.9103672504425049 ,  942, 1040, 1871, 1318
  783,  1, j     , 0.9057610630989075 , 1375,  821, 1603, 1133
  783,  2, feeder, 0.9104968905448914 ,  942, 1040, 1871, 1318
  784,  1, j     , 0.9050365090370178 , 1377,  821, 1602, 1134
  784,  2, feeder, 0.9094117879867554 ,  942, 1040, 1871, 1318
  785,  1, j     , 0.90541672706604   , 1379,  821, 1602, 1135
  785,  2, feeder, 0.9098150730133057 ,  942, 1039, 1871, 1318
  786,  1, j     , 0.9054349660873413 , 1377,  821, 1602, 1134
  786,  2, feeder, 0.9100282788276672 ,  942, 1039, 1871, 1318
  787,  1, j     , 0.9055849313735962 , 1376,  821, 1602, 1135
  787,  2, feeder, 0.9075433015823364 ,  942, 1040, 1871, 1318
  788,  1, j     , 0.9043492674827576 , 1379,  820, 1600, 1134
  788,  2, feeder, 0.9117897748947144 ,  942, 1039, 1871, 1318
  789,  1, j     , 0.9060539603233337 , 1381,  820, 1599, 1134
  789,  2, feeder, 0.9088215231895447 ,  941, 1039, 1871, 1318
  790,  1, j     , 0.9043089151382446 , 1382,  821, 1600, 1132
  790,  2, feeder, 0.9068920016288757 ,  941, 1039, 1871, 1318
  791,  1, j     , 0.9033968448638916 , 1383,  822, 1601, 1132
  791,  2, feeder, 0.9047102928161621 ,  941, 1039, 1871, 1318
  792,  1, j     , 0.9036687612533569 , 1383,  823, 1603, 1131
  792,  2, feeder, 0.9048718214035034 ,  941, 1039, 1870, 1318
  793,  1, j     , 0.9048786759376526 , 1384,  823, 1604, 1131
  793,  2, feeder, 0.9056945443153381 ,  941, 1039, 1870, 1318
  794,  1, j     , 0.9035857319831848 , 1385,  823, 1605, 1131
  794,  2, feeder, 0.9056762456893921 ,  941, 1039, 1870, 1318
  795,  1, j     , 0.9025811553001404 , 1385,  823, 1605, 1131
  795,  2, feeder, 0.9087136387825012 ,  941, 1039, 1870, 1318
  796,  1, j     , 0.9007201790809631 , 1384,  823, 1606, 1131
  796,  2, feeder, 0.9117842316627502 ,  942, 1039, 1870, 1318
  797,  1, j     , 0.9008501172065735 , 1383,  823, 1606, 1131
  797,  2, feeder, 0.9107195734977722 ,  942, 1039, 1870, 1318
  798,  1, j     , 0.9001441597938538 , 1381,  823, 1606, 1133
  798,  2, feeder, 0.9094375967979431 ,  942, 1039, 1870, 1318
  799,  1, j     , 0.900324821472168  , 1381,  823, 1607, 1132
  799,  2, feeder, 0.9094966650009155 ,  942, 1039, 1870, 1318
  800,  1, j     , 0.8998181819915771 , 1381,  823, 1607, 1131
  800,  2, feeder, 0.909946084022522  ,  942, 1039, 1870, 1318
  801,  1, j     , 0.9008961319923401 , 1382,  823, 1607, 1131
  801,  2, feeder, 0.9097729921340942 ,  942, 1039, 1870, 1318
  802,  1, j     , 0.9015460014343262 , 1383,  824, 1607, 1131
  802,  2, feeder, 0.9111655950546265 ,  942, 1039, 1870, 1318
  803,  1, j     , 0.9041363000869751 , 1384,  825, 1608, 1131
  803,  2, feeder, 0.9102117419242859 ,  942, 1039, 1870, 1318
  804,  1, j     , 0.9007131457328796 , 1383,  826, 1609, 1132
  804,  2, feeder, 0.9081047177314758 ,  942, 1039, 1870, 1318
  805,  1, j     , 0.8904361724853516 , 1377,  826, 1610, 1133
  805,  2, feeder, 0.9090297222137451 ,  942, 1040, 1870, 1318
  806,  1, j     , 0.8841602206230164 , 1362,  826, 1613, 1133
  806,  2, feeder, 0.9086978435516357 ,  942, 1040, 1870, 1318
  807,  1, j     , 0.894221305847168  , 1337,  827, 1616, 1132
  807,  2, feeder, 0.9130260944366455 ,  940, 1042, 1869, 1317
  808,  1, j     , 0.8949161171913147 , 1326,  828, 1617, 1131
  808,  2, feeder, 0.9132699370384216 ,  939, 1042, 1869, 1317
  809,  1, j     , 0.8967579007148743 , 1321,  827, 1616, 1133
  809,  2, feeder, 0.9153741002082825 ,  939, 1042, 1869, 1317
  810,  1, j     , 0.8937587738037109 , 1320,  827, 1616, 1133
  810,  2, feeder, 0.9149651527404785 ,  939, 1043, 1869, 1317
  811,  1, j     , 0.8943569660186768 , 1320,  827, 1617, 1133
  811,  2, feeder, 0.9105063676834106 ,  939, 1043, 1870, 1317
  812,  1, j     , 0.8937762975692749 , 1321,  827, 1617, 1133
  812,  2, feeder, 0.9104515910148621 ,  938, 1043, 1870, 1317
  813,  1, j     , 0.895986795425415  , 1321,  827, 1616, 1134
  813,  2, feeder, 0.9105215072631836 ,  938, 1043, 1870, 1317
  814,  1, j     , 0.8950181603431702 , 1319,  827, 1615, 1135
  814,  2, feeder, 0.9087425470352173 ,  938, 1043, 1870, 1317
  815,  1, j     , 0.9051507115364075 , 1315,  829, 1623, 1135
  815,  2, feeder, 0.9104518294334412 ,  938, 1044, 1870, 1317
  816,  1, j     , 0.9096260666847229 , 1313,  830, 1634, 1135
  816,  2, feeder, 0.8991652727127075 ,  938, 1044, 1870, 1317
  817,  1, j     , 0.9111228585243225 , 1310,  831, 1638, 1135
  817,  2, feeder, 0.9049113392829895 ,  938, 1044, 1870, 1317
  818,  1, j     , 0.9108032584190369 , 1308,  832, 1639, 1135
  818,  2, feeder, 0.9068052768707275 ,  938, 1044, 1870, 1317
  819,  1, j     , 0.9108719825744629 , 1307,  832, 1640, 1135
  819,  2, feeder, 0.9077709913253784 ,  938, 1045, 1870, 1317
  820,  1, j     , 0.9104610085487366 , 1307,  832, 1639, 1135
  820,  2, feeder, 0.9084299206733704 ,  939, 1045, 1870, 1317
  821,  1, j     , 0.9108856916427612 , 1305,  832, 1638, 1135
  821,  2, feeder, 0.9112139940261841 ,  939, 1045, 1870, 1317
  822,  1, j     , 0.9119310975074768 , 1304,  833, 1638, 1135
  822,  2, feeder, 0.9123159050941467 ,  939, 1045, 1870, 1317
  823,  1, j     , 0.9118877649307251 , 1306,  833, 1638, 1134
  823,  2, feeder, 0.9138113260269165 ,  939, 1045, 1870, 1317
  824,  1, j     , 0.9116173386573792 , 1307,  833, 1637, 1134
  824,  2, feeder, 0.9119184017181396 ,  939, 1045, 1870, 1317
  825,  1, j     , 0.9113467931747437 , 1307,  833, 1638, 1135
  825,  2, feeder, 0.9126144647598267 ,  939, 1045, 1870, 1317
  826,  1, j     , 0.9129164218902588 , 1304,  833, 1637, 1132
  826,  2, feeder, 0.9181644320487976 ,  940, 1045, 1870, 1317
  827,  1, j     , 0.9117533564567566 , 1304,  833, 1637, 1132
  827,  2, feeder, 0.919175922870636  ,  940, 1044, 1870, 1317
  828,  1, j     , 0.9111053347587585 , 1303,  833, 1638, 1131
  828,  2, feeder, 0.9206092357635498 ,  940, 1044, 1870, 1317
  829,  1, j     , 0.907861053943634  , 1300,  834, 1658, 1131
  829,  2, feeder, 0.9240649342536926 ,  941, 1044, 1870, 1317
  830,  1, j     , 0.9126949906349182 , 1304,  839, 1687, 1132
  830,  2, feeder, 0.9172043800354004 ,  940, 1043, 1871, 1317
  831,  1, j     , 0.9195823073387146 , 1288,  846, 1709, 1132
  831,  2, feeder, 0.9210317730903625 ,  941, 1044, 1872, 1317
  832,  1, j     , 0.9284759163856506 , 1273,  847, 1717, 1133
  832,  2, feeder, 0.9125582575798035 ,  942, 1044, 1870, 1317
  833,  1, j     , 0.92726731300354   , 1260,  848, 1721, 1134
  833,  2, feeder, 0.9140487909317017 ,  942, 1044, 1870, 1317
  834,  1, j     , 0.9293432235717773 , 1255,  848, 1723, 1134
  834,  2, feeder, 0.9068475961685181 ,  942, 1043, 1870, 1317
  835,  1, j     , 0.9307604432106018 , 1253,  848, 1723, 1134
  835,  2, feeder, 0.9047834277153015 ,  942, 1043, 1870, 1317
  836,  1, j     , 0.9290860295295715 , 1250,  849, 1723, 1135
  836,  2, feeder, 0.9071696996688843 ,  942, 1044, 1870, 1317
  837,  1, j     , 0.9291229844093323 , 1250,  849, 1722, 1135
  837,  2, feeder, 0.9043003916740417 ,  942, 1044, 1870, 1317
  838,  1, j     , 0.9281535148620605 , 1250,  849, 1722, 1135
  838,  2, feeder, 0.8991969227790833 ,  942, 1044, 1870, 1317
  839,  1, j     , 0.925969660282135  , 1243,  848, 1723, 1135
  839,  2, feeder, 0.9030961394309998 ,  941, 1044, 1870, 1317
  840,  1, j     , 0.9250958561897278 , 1238,  848, 1722, 1135
  840,  2, feeder, 0.9040296077728271 ,  941, 1044, 1871, 1317
  841,  1, j     , 0.9225676655769348 , 1234,  848, 1721, 1135
  841,  2, feeder, 0.9136810302734375 ,  941, 1044, 1870, 1317
  842,  1, j     , 0.9229100346565247 , 1232,  849, 1720, 1135
  842,  2, feeder, 0.9129772186279297 ,  941, 1044, 1870, 1317
  843,  1, j     , 0.9231572151184082 , 1232,  849, 1720, 1135
  843,  2, feeder, 0.9138765335083008 ,  941, 1044, 1870, 1317
  844,  1, j     , 0.9238446354866028 , 1231,  849, 1720, 1135
  844,  2, feeder, 0.914065957069397  ,  941, 1044, 1870, 1317
  845,  1, j     , 0.9229391813278198 , 1231,  849, 1721, 1135
  845,  2, feeder, 0.914823055267334  ,  941, 1044, 1869, 1317
  846,  1, j     , 0.9169083833694458 , 1231,  846, 1709, 1135
  846,  2, feeder, 0.9177843928337097 ,  941, 1044, 1869, 1317
  847,  1, j     , 0.9198659658432007 , 1233,  837, 1696, 1135
  847,  2, feeder, 0.9165967106819153 ,  941, 1044, 1870, 1317
  848,  1, j     , 0.9181140661239624 , 1235,  831, 1689, 1135
  848,  2, feeder, 0.9175809025764465 ,  941, 1044, 1870, 1318
  849,  1, j     , 0.9174844622612    , 1238,  829, 1687, 1134
  849,  2, feeder, 0.9209815263748169 ,  941, 1044, 1870, 1318
  850,  1, j     , 0.9198442697525024 , 1238,  828, 1686, 1134
  850,  2, feeder, 0.9197234511375427 ,  941, 1044, 1870, 1318
  851,  1, j     , 0.9198960065841675 , 1239,  827, 1685, 1134
  851,  2, feeder, 0.9199070930480957 ,  941, 1044, 1870, 1318
  852,  1, j     , 0.9200560450553894 , 1240,  827, 1684, 1134
  852,  2, feeder, 0.9185582399368286 ,  941, 1044, 1871, 1318
  853,  1, j     , 0.9190683364868164 , 1242,  827, 1685, 1134
  853,  2, feeder, 0.9209790825843811 ,  941, 1044, 1871, 1318
  854,  1, j     , 0.9203386306762695 , 1245,  827, 1685, 1134
  854,  2, feeder, 0.9196189045906067 ,  941, 1044, 1871, 1318
  855,  1, j     , 0.9222387671470642 , 1251,  827, 1681, 1134
  855,  2, feeder, 0.91862952709198   ,  941, 1044, 1871, 1318
  856,  1, j     , 0.9174370765686035 , 1254,  828, 1667, 1133
  856,  2, feeder, 0.919117271900177  ,  942, 1044, 1871, 1318
  857,  1, j     , 0.910708487033844  , 1256,  831, 1643, 1132
  857,  2, feeder, 0.9151247143745422 ,  942, 1044, 1871, 1318
  858,  1, j     , 0.9086558222770691 , 1259,  833, 1630, 1131
  858,  2, feeder, 0.9168570041656494 ,  942, 1044, 1870, 1318
  859,  1, j     , 0.9092479348182678 , 1263,  835, 1623, 1131
  859,  2, feeder, 0.919182538986206  ,  942, 1043, 1870, 1318
  860,  1, j     , 0.9064533114433289 , 1267,  835, 1619, 1131
  860,  2, feeder, 0.9198935627937317 ,  942, 1044, 1869, 1318
  861,  1, j     , 0.9053446054458618 , 1270,  835, 1616, 1132
  861,  2, feeder, 0.919019341468811  ,  942, 1044, 1869, 1318
  862,  1, j     , 0.9043034315109253 , 1272,  835, 1616, 1132
  862,  2, feeder, 0.9188533425331116 ,  941, 1044, 1870, 1317
  863,  1, j     , 0.9079752564430237 , 1271,  834, 1621, 1132
  863,  2, feeder, 0.9195893406867981 ,  942, 1044, 1870, 1318
  864,  1, j     , 0.9132497310638428 , 1282,  835, 1645, 1133
  864,  2, feeder, 0.9201633930206299 ,  941, 1045, 1870, 1317
  865,  1, j     , 0.9154053330421448 , 1280,  835, 1661, 1133
  865,  2, feeder, 0.9210303425788879 ,  942, 1045, 1870, 1318
  866,  1, j     , 0.9162954688072205 , 1281,  836, 1669, 1133
  866,  2, feeder, 0.9196711778640747 ,  942, 1045, 1871, 1318
  867,  1, j     , 0.9159777164459229 , 1283,  836, 1671, 1133
  867,  2, feeder, 0.9183522462844849 ,  942, 1045, 1871, 1318
  868,  1, j     , 0.9158985614776611 , 1282,  837, 1671, 1133
  868,  2, feeder, 0.9193723797798157 ,  942, 1045, 1871, 1318
  869,  1, j     , 0.9150460958480835 , 1283,  838, 1671, 1133
  869,  2, feeder, 0.91941237449646   ,  942, 1045, 1871, 1318
  870,  1, j     , 0.9149043560028076 , 1282,  838, 1671, 1133
  870,  2, feeder, 0.9196929931640625 ,  942, 1045, 1870, 1318
  871,  1, j     , 0.9163370728492737 , 1287,  839, 1671, 1134
  871,  2, feeder, 0.9149097204208374 ,  941, 1045, 1870, 1317
  872,  1, j     , 0.9162775278091431 , 1288,  839, 1671, 1134
  872,  2, feeder, 0.9157770872116089 ,  941, 1044, 1870, 1317
  873,  1, j     , 0.9162520170211792 , 1289,  839, 1671, 1134
  873,  2, feeder, 0.9155200123786926 ,  940, 1044, 1870, 1317
  874,  1, j     , 0.9173157811164856 , 1290,  839, 1671, 1134
  874,  2, feeder, 0.9104928970336914 ,  940, 1044, 1870, 1317
  875,  1, j     , 0.9182595014572144 , 1288,  839, 1669, 1134
  875,  2, feeder, 0.9112733006477356 ,  940, 1044, 1870, 1317
  876,  1, j     , 0.9096639752388    , 1272,  843, 1638, 1132
  876,  2, feeder, 0.9213380813598633 ,  940, 1044, 1870, 1317
  877,  1, j     , 0.897422730922699  , 1284,  847, 1623, 1132
  877,  2, feeder, 0.924079179763794  ,  942, 1044, 1870, 1318
  878,  1, j     , 0.8967120051383972 , 1316,  846, 1614, 1133
  878,  2, feeder, 0.9051060676574707 ,  942, 1040, 1870, 1318
  879,  1, j     , 0.8966038823127747 , 1365,  833, 1606, 1130
  879,  2, feeder, 0.9153521060943604 ,  941, 1039, 1870, 1318
  880,  1, j     , 0.8834862112998962 , 1375,  800, 1599, 1125
  880,  2, feeder, 0.9234642386436462 ,  940, 1040, 1870, 1318
  881,  1, j     , 0.8553158044815063 , 1348,  768, 1597, 1102
  881,  2, feeder, 0.9311543107032776 ,  941, 1040, 1870, 1318
  882,  1, j     , 0.8504722714424133 , 1327,  750, 1595, 1093
  882,  2, feeder, 0.9269223213195801 ,  940, 1043, 1871, 1318
  883,  1, j     , 0.8498274087905884 , 1306,  744, 1596, 1094
  883,  2, feeder, 0.928545355796814  ,  940, 1042, 1870, 1318
  884,  1, j     , 0.8965209722518921 , 1319,  752, 1598, 1109
  884,  2, feeder, 0.6781313419342041 ,  938, 1041, 1871, 1318
  885,  1, j     , 0.908047080039978  , 1310,  785, 1593, 1133
  885,  2, feeder, 0.741813063621521  ,  938, 1039, 1871, 1317
  886,  1, j     , 0.9056380987167358 , 1277,  812, 1601, 1156
  886,  2, feeder, 0.8415466547012329 ,  938, 1038, 1872, 1317
  887,  1, j     , 0.9116240739822388 , 1250,  825, 1606, 1166
  887,  2, feeder, 0.6723010540008545 ,  938, 1039, 1872, 1316
  888,  1, j     , 0.9175704717636108 , 1227,  830, 1611, 1172
  888,  2, feeder, 0.5475994348526001 ,  937, 1038, 1872, 1316
  889,  1, j     , 0.9213385581970215 , 1199,  832, 1612, 1171
  889,  2, feeder, 0.3098166286945343 ,  936, 1039, 1871, 1315
  890,  1, j     , 0.9249619245529175 , 1186,  831, 1614, 1170
  890,  2, feeder, 0.23423349857330322,  936, 1040, 1871, 1315
  891,  1, j     , 0.9254552721977234 , 1175,  828, 1625, 1170
  891,  2, feeder, 0.10892213881015778,  935, 1039, 1871, 1315
  892,  1, j     , 0.928765058517456  , 1169,  824, 1645, 1169
  892,  2, feeder, 0.25276175141334534,  936, 1037, 1870, 1315
  893,  1, j     , 0.9238137006759644 , 1163,  822, 1656, 1169
  893,  2, feeder, 0.3407037854194641 ,  936, 1035, 1870, 1315
  894,  1, j     , 0.9226611256599426 , 1161,  822, 1662, 1169
  894,  2, feeder, 0.3396240770816803 ,  936, 1034, 1870, 1315
  895,  1, j     , 0.9211857914924622 , 1154,  822, 1664, 1169
  895,  2, feeder, 0.3647797405719757 ,  936, 1033, 1871, 1316
  896,  1, j     , 0.9207736253738403 , 1150,  822, 1665, 1168
  896,  2, feeder, 0.40696775913238525,  936, 1033, 1871, 1316
  897,  1, j     , 0.9216121435165405 , 1150,  821, 1665, 1166
  897,  2, feeder, 0.3634543716907501 ,  936, 1033, 1870, 1316
  898,  1, j     , 0.9208034873008728 , 1153,  826, 1649, 1169
  898,  2, feeder, 0.17952029407024384,  935, 1035, 1870, 1315
  899,  1, j     , 0.9082066416740417 , 1158,  833, 1621, 1166
  899,  2, feeder, 0.34897688031196594,  935, 1036, 1871, 1316
  900,  1, j     , 0.9011532664299011 , 1157,  842, 1602, 1160
  900,  2, feeder, 0.6522989869117737 ,  936, 1036, 1872, 1316
  901,  1, j     , 0.8962305784225464 , 1153,  844, 1591, 1161
  901,  2, feeder, 0.7788194417953491 ,  937, 1035, 1872, 1316
  902,  1, j     , 0.8950012922286987 , 1158,  851, 1587, 1164
  902,  2, feeder, 0.749264121055603  ,  937, 1036, 1873, 1316
  903,  1, j     , 0.8953408598899841 , 1160,  854, 1586, 1164
  903,  2, feeder, 0.7589097619056702 ,  938, 1036, 1873, 1316
  904,  1, j     , 0.8990126848220825 , 1161,  857, 1588, 1165
  904,  2, feeder, 0.75583815574646   ,  937, 1036, 1873, 1316
  905,  1, j     , 0.8977925181388855 , 1163,  856, 1589, 1163
  905,  2, feeder, 0.7793810963630676 ,  938, 1036, 1873, 1316
  906,  1, j     , 0.8960690498352051 , 1164,  856, 1589, 1162
  906,  2, feeder, 0.7891543507575989 ,  938, 1036, 1872, 1316
  907,  1, j     , 0.8989805579185486 , 1164,  857, 1588, 1163
  907,  2, feeder, 0.7657835483551025 ,  938, 1036, 1872, 1316
  908,  1, j     , 0.9009736776351929 , 1164,  858, 1588, 1164
  908,  2, feeder, 0.7583010792732239 ,  937, 1036, 1872, 1316
  909,  1, j     , 0.8986794352531433 , 1165,  858, 1588, 1163
  909,  2, feeder, 0.7758448719978333 ,  938, 1036, 1872, 1316
  910,  1, j     , 0.9057946801185608 , 1165,  848, 1585, 1165
  910,  2, feeder, 0.711875319480896  ,  937, 1036, 1872, 1316
  911,  1, j     , 0.9007316827774048 , 1167,  852, 1582, 1167
  911,  2, feeder, 0.7057091593742371 ,  937, 1037, 1872, 1316
  912,  1, j     , 0.9157801866531372 , 1175,  873, 1578, 1170
  912,  2, feeder, 0.7392487525939941 ,  937, 1039, 1872, 1316
  913,  1, j     , 0.9110106825828552 , 1186,  886, 1576, 1170
  913,  2, feeder, 0.7911978363990784 ,  938, 1040, 1872, 1316
  914,  1, j     , 0.9066822528839111 , 1194,  895, 1574, 1170
  914,  2, feeder, 0.8204871416091919 ,  938, 1040, 1872, 1316
  915,  1, j     , 0.9091201424598694 , 1198,  901, 1568, 1171
  915,  2, feeder, 0.8280482292175293 ,  938, 1041, 1872, 1316
  916,  1, j     , 0.91038578748703   , 1199,  903, 1564, 1174
  916,  2, feeder, 0.8343521952629089 ,  938, 1042, 1871, 1316
  917,  1, j     , 0.907846987247467  , 1199,  904, 1562, 1174
  917,  2, feeder, 0.8482077121734619 ,  938, 1042, 1871, 1316
  918,  1, j     , 0.9086907505989075 , 1200,  904, 1561, 1173
  918,  2, feeder, 0.8353819251060486 ,  938, 1042, 1871, 1316
  919,  1, j     , 0.9082329869270325 , 1200,  904, 1561, 1173
  919,  2, feeder, 0.847489058971405  ,  938, 1042, 1871, 1316
  920,  1, j     , 0.9086430668830872 , 1201,  904, 1560, 1174
  920,  2, feeder, 0.8373868465423584 ,  938, 1042, 1871, 1316
  921,  1, j     , 0.9047985076904297 , 1203,  902, 1560, 1175
  921,  2, feeder, 0.8436403870582581 ,  938, 1041, 1871, 1316
  922,  1, j     , 0.909691572189331  , 1203,  892, 1561, 1176
  922,  2, feeder, 0.8296917080879211 ,  937, 1041, 1871, 1316
  923,  1, j     , 0.9194173812866211 , 1203,  880, 1564, 1174
  923,  2, feeder, 0.815071702003479  ,  937, 1040, 1872, 1316
  924,  1, j     , 0.9139577150344849 , 1209,  872, 1566, 1173
  924,  2, feeder, 0.8229209184646606 ,  937, 1039, 1872, 1316
  925,  1, j     , 0.9099467396736145 , 1215,  867, 1566, 1173
  925,  2, feeder, 0.8249759078025818 ,  938, 1038, 1872, 1316
  926,  1, j     , 0.9068182110786438 , 1221,  865, 1566, 1174
  926,  2, feeder, 0.8332858085632324 ,  938, 1038, 1872, 1316
  927,  1, j     , 0.9067261815071106 , 1223,  864, 1565, 1174
  927,  2, feeder, 0.8289822340011597 ,  938, 1038, 1872, 1316
  928,  1, j     , 0.908187985420227  , 1224,  862, 1565, 1174
  928,  2, feeder, 0.8248162269592285 ,  938, 1037, 1872, 1316
  929,  1, j     , 0.9075079560279846 , 1226,  862, 1565, 1174
  929,  2, feeder, 0.82774817943573   ,  938, 1037, 1872, 1316
  930,  1, j     , 0.9071013927459717 , 1227,  862, 1566, 1174
  930,  2, feeder, 0.8275330066680908 ,  938, 1037, 1872, 1316
  931,  1, j     , 0.9032944440841675 , 1224,  860, 1567, 1174
  931,  2, feeder, 0.8618946075439453 ,  939, 1037, 1872, 1316
  932,  1, j     , 0.9025196433067322 , 1226,  860, 1567, 1174
  932,  2, feeder, 0.8685302138328552 ,  939, 1037, 1872, 1316
  933,  1, j     , 0.9019141793251038 , 1225,  861, 1568, 1174
  933,  2, feeder, 0.868573009967804  ,  939, 1037, 1872, 1316
  934,  1, j     , 0.9021009802818298 , 1229,  854, 1565, 1173
  934,  2, feeder, 0.8752459287643433 ,  939, 1037, 1872, 1316
  935,  1, j     , 0.8960111737251282 , 1228,  854, 1561, 1174
  935,  2, feeder, 0.8668653964996338 ,  939, 1037, 1872, 1316
  936,  1, j     , 0.9047052264213562 , 1222,  856, 1572, 1175
  936,  2, feeder, 0.7914074659347534 ,  938, 1038, 1872, 1316
  937,  1, j     , 0.9140881299972534 , 1214,  862, 1595, 1175
  937,  2, feeder, 0.7223761081695557 ,  938, 1039, 1872, 1317
  938,  1, j     , 0.9231019616127014 , 1197,  867, 1610, 1175
  938,  2, feeder, 0.6864936947822571 ,  937, 1041, 1871, 1317
  939,  1, j     , 0.9234620332717896 , 1191,  869, 1619, 1176
  939,  2, feeder, 0.6838564276695251 ,  937, 1041, 1871, 1316
  940,  1, j     , 0.9230124950408936 , 1189,  871, 1623, 1176
  940,  2, feeder, 0.7019028067588806 ,  937, 1042, 1871, 1316
  941,  1, j     , 0.9233766198158264 , 1187,  872, 1624, 1175
  941,  2, feeder, 0.6909581422805786 ,  937, 1042, 1871, 1316
  942,  1, j     , 0.9234318137168884 , 1187,  872, 1624, 1175
  942,  2, feeder, 0.6673107147216797 ,  937, 1042, 1871, 1316
  943,  1, j     , 0.9225646257400513 , 1185,  871, 1624, 1174
  943,  2, feeder, 0.6465786695480347 ,  937, 1042, 1870, 1316
  944,  1, j     , 0.9316622614860535 , 1179,  869, 1633, 1175
  944,  2, feeder, 0.6218944787979126 ,  937, 1041, 1870, 1316
  945,  1, j     , 0.9280670881271362 , 1174,  864, 1631, 1174
  945,  2, feeder, 0.5616941452026367 ,  936, 1040, 1870, 1316
  946,  1, j     , 0.9142032265663147 , 1159,  861, 1621, 1174
  946,  2, feeder, 0.4434674084186554 ,  935, 1040, 1871, 1316
  947,  1, j     , 0.917899489402771  , 1148,  858, 1620, 1175
  947,  2, feeder, 0.45021337270736694,  934, 1041, 1871, 1316
  948,  1, j     , 0.9204866290092468 , 1142,  857, 1618, 1175
  948,  2, feeder, 0.4367992877960205 ,  934, 1041, 1871, 1316
  949,  1, j     , 0.9188723564147949 , 1141,  856, 1617, 1175
  949,  2, feeder, 0.4144500494003296 ,  934, 1041, 1871, 1316
  950,  1, j     , 0.9193875789642334 , 1137,  855, 1617, 1175
  950,  2, feeder, 0.3895234763622284 ,  934, 1040, 1871, 1316
  951,  1, j     , 0.922296941280365  , 1128,  854, 1617, 1175
  951,  2, feeder, 0.38025879859924316,  934, 1040, 1871, 1316
  952,  1, j     , 0.9217429161071777 , 1122,  852, 1616, 1175
  952,  2, feeder, 0.3554658889770508 ,  933, 1040, 1871, 1316
  953,  1, j     , 0.9231635332107544 , 1121,  851, 1616, 1175
  953,  2, feeder, 0.34163331985473633,  933, 1040, 1871, 1316
  954,  1, j     , 0.9222486019134521 , 1120,  851, 1616, 1175
  954,  2, feeder, 0.34067240357398987,  933, 1040, 1871, 1316
  955,  1, j     , 0.9222981929779053 , 1122,  851, 1616, 1175
  955,  2, feeder, 0.3384113013744354 ,  933, 1041, 1871, 1316
  956,  1, j     , 0.9219089150428772 , 1122,  851, 1617, 1175
  956,  2, feeder, 0.3416769802570343 ,  933, 1041, 1871, 1316
  957,  1, j     , 0.9215493202209473 , 1123,  851, 1617, 1175
  957,  2, feeder, 0.34964659810066223,  933, 1041, 1871, 1316
  958,  1, j     , 0.9232751131057739 , 1122,  851, 1617, 1175
  958,  2, feeder, 0.30242013931274414,  933, 1041, 1871, 1316
  959,  1, j     , 0.9234675168991089 , 1121,  851, 1617, 1175
  959,  2, feeder, 0.31711867451667786,  933, 1041, 1871, 1316
  960,  1, j     , 0.9228278994560242 , 1119,  851, 1617, 1175
  960,  2, feeder, 0.3039018511772156 ,  933, 1041, 1871, 1316
  961,  1, j     , 0.9276085495948792 , 1118,  854, 1615, 1175
  961,  2, feeder, 0.3987821638584137 ,  933, 1040, 1871, 1316
  962,  1, j     , 0.9278449416160583 , 1117,  855, 1615, 1175
  962,  2, feeder, 0.36254650354385376,  934, 1040, 1871, 1316
  963,  1, j     , 0.9281446933746338 , 1117,  855, 1615, 1175
  963,  2, feeder, 0.3641076982021332 ,  934, 1040, 1871, 1316
  964,  1, j     , 0.9325087070465088 , 1119,  853, 1622, 1176
  964,  2, feeder, 0.26802897453308105,  933, 1040, 1871, 1316
  965,  1, j     , 0.9372714161872864 , 1119,  847, 1650, 1175
  966,  1, j     , 0.935877799987793  , 1114,  844, 1664, 1175
  967,  1, j     , 0.9344417452812195 , 1104,  845, 1666, 1175
  968,  1, j     , 0.9375000596046448 , 1086,  848, 1664, 1175
  969,  1, j     , 0.9420523643493652 , 1069,  854, 1662, 1175
  970,  1, j     , 0.9403053522109985 , 1049,  858, 1661, 1175
  971,  1, j     , 0.940865695476532  , 1043,  860, 1661, 1175
  972,  1, j     , 0.9408554434776306 , 1037,  861, 1661, 1175
  973,  1, j     , 0.9408976435661316 , 1033,  861, 1661, 1175
  974,  1, j     , 0.941434383392334  , 1029,  862, 1660, 1175
  975,  1, j     , 0.9418943524360657 , 1025,  862, 1660, 1175
  976,  1, j     , 0.9417316317558289 , 1023,  862, 1660, 1175
  977,  1, j     , 0.9442421793937683 , 1014,  862, 1661, 1176
  978,  1, j     , 0.9420424103736877 , 1009,  857, 1644, 1175
  979,  1, j     , 0.9394228458404541 , 1005,  854, 1638, 1176
  980,  1, j     , 0.9421850442886353 , 1000,  854, 1641, 1176
  981,  1, j     , 0.9422446489334106 ,  997,  855, 1643, 1176
  982,  1, j     , 0.9410285353660583 ,  996,  856, 1643, 1176
  983,  1, j     , 0.9402938485145569 ,  996,  856, 1642, 1176
  984,  1, j     , 0.940658688545227  ,  997,  856, 1642, 1176
  985,  1, j     , 0.9400573968887329 ,  997,  856, 1641, 1176
  986,  1, j     , 0.9398209452629089 ,  997,  856, 1641, 1176
  987,  1, j     , 0.9400543570518494 ,  997,  856, 1640, 1176
  988,  1, j     , 0.9395082592964172 ,  997,  856, 1640, 1176
  989,  1, j     , 0.9393125772476196 ,  997,  856, 1640, 1176
  990,  1, j     , 0.9390968084335327 ,  998,  856, 1639, 1176
  991,  1, j     , 0.9397631883621216 ,  998,  856, 1638, 1175
  992,  1, j     , 0.9338617920875549 ,  996,  853, 1631, 1174
  993,  1, j     , 0.9328947067260742 ,  995,  850, 1613, 1174
  994,  1, j     , 0.9372929930686951 ,  994,  847, 1596, 1175
  995,  1, j     , 0.9374595880508423 ,  993,  842, 1587, 1175
  996,  1, j     , 0.9373365044593811 ,  993,  839, 1584, 1175
  997,  1, j     , 0.9368306398391724 ,  993,  838, 1583, 1175
  998,  1, j     , 0.9368554949760437 ,  993,  837, 1583, 1175
  999,  1, j     , 0.9365432858467102 ,  994,  837, 1584, 1175
 1000,  1, j     , 0.9362625479698181 ,  994,  837, 1585, 1175
 1001,  1, j     , 0.9358563423156738 ,  994,  837, 1585, 1175
 1002,  1, j     , 0.9355847239494324 ,  993,  837, 1586, 1175
 1003,  1, j     , 0.9353466629981995 ,  993,  837, 1587, 1175
 1004,  1, j     , 0.9361634850502014 ,  993,  830, 1588, 1175
 1005,  1, j     , 0.9383646249771118 ,  992,  822, 1590, 1175
 1006,  1, j     , 0.9375314116477966 ,  992,  817, 1591, 1174
 1007,  1, j     , 0.9373443722724915 ,  992,  815, 1592, 1174
 1008,  1, j     , 0.937455952167511  ,  993,  813, 1593, 1173
 1009,  1, j     , 0.9376141428947449 ,  992,  812, 1594, 1173
 1010,  1, j     , 0.9369463324546814 ,  992,  811, 1595, 1173
 1011,  1, j     , 0.936525285243988  ,  992,  811, 1596, 1173
 1012,  1, j     , 0.9361032843589783 ,  991,  810, 1595, 1173
 1013,  1, j     , 0.9360179901123047 ,  991,  810, 1595, 1173
 1014,  1, j     , 0.935073733329773  ,  992,  810, 1595, 1173
 1015,  1, j     , 0.9354608654975891 ,  992,  810, 1596, 1173
 1016,  1, j     , 0.9360889792442322 ,  991,  810, 1597, 1173
 1017,  1, j     , 0.9362927079200745 ,  991,  808, 1598, 1173
 1018,  1, j     , 0.9369611740112305 ,  991,  809, 1599, 1173
 1019,  1, j     , 0.9368091821670532 ,  991,  813, 1611, 1174
 1020,  1, j     , 0.9383789896965027 ,  992,  820, 1619, 1174
 1021,  1, j     , 0.9344265460968018 ,  994,  825, 1624, 1173
 1022,  1, j     , 0.9338419437408447 ,  993,  827, 1626, 1173
 1023,  1, j     , 0.9344527125358582 ,  994,  829, 1626, 1173
 1024,  1, j     , 0.9353631734848022 ,  995,  829, 1627, 1172
 1025,  1, j     , 0.9371134042739868 ,  995,  830, 1629, 1172
 1026,  1, j     , 0.9371613264083862 ,  995,  831, 1631, 1173
 1027,  1, j     , 0.9380503296852112 ,  995,  831, 1633, 1173
 1028,  1, j     , 0.9376963376998901 ,  995,  831, 1634, 1173
 1029,  1, j     , 0.9368531107902527 ,  994,  832, 1632, 1173
 1030,  1, j     , 0.9361127018928528 ,  994,  832, 1631, 1173
 1031,  1, j     , 0.9408525824546814 ,  997,  832, 1635, 1173
 1032,  1, j     , 0.941506028175354  ,  998,  832, 1638, 1173
 1033,  1, j     , 0.94207763671875   ,  999,  832, 1639, 1174
 1034,  1, j     , 0.94088214635849   ,  999,  833, 1638, 1174
 1035,  1, j     , 0.9403444528579712 ,  999,  833, 1636, 1174
 1036,  1, j     , 0.9377624988555908 ,  999,  835, 1631, 1175
 1037,  1, j     , 0.9362815618515015 , 1001,  836, 1624, 1176
 1038,  1, j     , 0.9263593554496765 , 1017,  839, 1613, 1175
 1039,  1, j     , 0.9333211183547974 , 1011,  842, 1607, 1176
 1040,  1, j     , 0.9368963241577148 , 1000,  843, 1606, 1178
 1041,  1, j     , 0.9360921382904053 ,  998,  844, 1607, 1178
 1042,  1, j     , 0.9251121282577515 , 1007,  848, 1613, 1176
 1043,  1, j     , 0.9202283024787903 , 1024,  858, 1619, 1174
 1043,  6, feeder, 0.6302026510238647 ,  941, 1037, 1871, 1315
 1044,  1, j     , 0.9095476865768433 , 1036,  848, 1622, 1168
 1044,  6, feeder, 0.6403994560241699 ,  941, 1037, 1871, 1316
 1045,  1, j     , 0.9156998991966248 , 1017,  840, 1620, 1137
 1045,  6, feeder, 0.6942294239997864 ,  946, 1042, 1870, 1317
 1046,  1, j     , 0.9182469248771667 , 1004,  840, 1617, 1135
 1046,  6, feeder, 0.7419630885124207 ,  947, 1039, 1871, 1316
 1047,  1, j     , 0.9283403754234314 ,  997,  869, 1616, 1152
 1047,  6, feeder, 0.7174538373947144 ,  946, 1041, 1870, 1316
 1048,  1, j     , 0.9186359643936157 ,  997,  881, 1615, 1160
 1048,  6, feeder, 0.8354015946388245 ,  945, 1043, 1870, 1316
 1049,  1, j     , 0.9160391092300415 ,  996,  886, 1612, 1163
 1049,  6, feeder, 0.8287564516067505 ,  945, 1043, 1870, 1315
 1050,  1, j     , 0.9105305671691895 ,  997,  888, 1612, 1165
 1050,  6, feeder, 0.877488374710083  ,  946, 1044, 1870, 1316
 1051,  1, j     , 0.9047865271568298 , 1002,  890, 1611, 1165
 1051,  6, feeder, 0.8760871291160583 ,  945, 1045, 1870, 1315
 1052,  1, j     , 0.9035137891769409 , 1013,  890, 1612, 1162
 1052,  6, feeder, 0.8818925619125366 ,  945, 1047, 1868, 1316
 1053,  1, j     , 0.9012519717216492 , 1020,  890, 1614, 1160
 1053,  6, feeder, 0.8953388929367065 ,  945, 1048, 1868, 1316
 1054,  1, j     , 0.9015619158744812 , 1027,  890, 1615, 1157
 1054,  6, feeder, 0.8981241583824158 ,  946, 1046, 1869, 1316
 1055,  1, j     , 0.901700496673584  , 1030,  890, 1616, 1156
 1055,  6, feeder, 0.8923371434211731 ,  946, 1045, 1869, 1316
 1056,  1, j     , 0.9034923315048218 , 1015,  890, 1615, 1155
 1056,  6, feeder, 0.8993517160415649 ,  946, 1047, 1868, 1316
 1057,  1, j     , 0.9045547246932983 , 1019,  889, 1613, 1156
 1057,  6, feeder, 0.8962600827217102 ,  945, 1048, 1867, 1317
 1058,  1, j     , 0.9078637361526489 , 1012,  889, 1613, 1158
 1058,  6, feeder, 0.8924018740653992 ,  946, 1049, 1867, 1317
 1059,  1, j     , 0.907042384147644  , 1016,  888, 1613, 1152
 1059,  6, feeder, 0.8881505727767944 ,  946, 1049, 1867, 1316
 1060,  1, j     , 0.9013583064079285 , 1032,  889, 1613, 1154
 1060,  6, feeder, 0.8838395476341248 ,  944, 1049, 1867, 1316
 1061,  1, j     , 0.9088578224182129 , 1051,  889, 1612, 1153
 1061,  6, feeder, 0.9035916924476624 ,  941, 1049, 1867, 1316
 1062,  1, j     , 0.9072360992431641 , 1068,  890, 1612, 1153
 1062,  6, feeder, 0.9086365699768066 ,  941, 1049, 1867, 1316
 1063,  1, j     , 0.9115857481956482 , 1073,  891, 1611, 1154
 1063,  6, feeder, 0.8939769864082336 ,  940, 1049, 1867, 1316
 1064,  1, j     , 0.9158663749694824 , 1082,  891, 1611, 1152
 1064,  6, feeder, 0.8811314105987549 ,  940, 1049, 1867, 1316
 1065,  1, j     , 0.9138919711112976 , 1083,  891, 1611, 1151
 1065,  6, feeder, 0.8849563002586365 ,  940, 1049, 1867, 1316
 1066,  1, j     , 0.9206435680389404 , 1082,  891, 1605, 1155
 1066,  6, feeder, 0.8818493485450745 ,  940, 1047, 1869, 1316
 1067,  1, j     , 0.9119572043418884 , 1091,  887, 1599, 1158
 1067,  6, feeder, 0.8826135396957397 ,  939, 1045, 1871, 1316
 1068,  1, j     , 0.9129547476768494 , 1087,  876, 1596, 1161
 1068,  6, feeder, 0.8851373791694641 ,  939, 1042, 1871, 1316
 1069,  1, j     , 0.9125376343727112 , 1083,  873, 1597, 1160
 1069,  6, feeder, 0.8761606216430664 ,  940, 1044, 1868, 1316
 1070,  1, j     , 0.925602912902832  , 1073,  872, 1598, 1156
 1070,  6, feeder, 0.8678627014160156 ,  940, 1043, 1870, 1316
 1071,  1, j     , 0.9238580465316772 , 1066,  871, 1598, 1155
 1071,  6, feeder, 0.8825116157531738 ,  940, 1045, 1867, 1316
 1072,  1, j     , 0.9248083233833313 , 1063,  870, 1598, 1158
 1072,  6, feeder, 0.8723107576370239 ,  940, 1043, 1870, 1316
 1073,  1, j     , 0.9228110313415527 , 1061,  870, 1597, 1158
 1073,  6, feeder, 0.8687741756439209 ,  940, 1042, 1871, 1316
 1074,  1, j     , 0.9250826835632324 , 1060,  870, 1598, 1159
 1074,  6, feeder, 0.8697508573532104 ,  940, 1041, 1871, 1316
 1075,  1, j     , 0.9257625937461853 , 1059,  870, 1598, 1161
 1075,  6, feeder, 0.8678541779518127 ,  941, 1040, 1871, 1316
 1076,  1, j     , 0.9200654029846191 , 1061,  870, 1598, 1161
 1076,  6, feeder, 0.8666772246360779 ,  940, 1040, 1871, 1316
 1077,  1, j     , 0.921017587184906  , 1061,  869, 1598, 1163
 1077,  6, feeder, 0.8689988255500793 ,  940, 1040, 1872, 1316
 1078,  1, j     , 0.922080397605896  , 1058,  869, 1598, 1165
 1078,  6, feeder, 0.8648129105567932 ,  940, 1039, 1872, 1316
 1079,  1, j     , 0.9196856021881104 , 1056,  869, 1598, 1165
 1079,  6, feeder, 0.8670225739479065 ,  940, 1039, 1872, 1316
 1080,  1, j     , 0.9193409085273743 , 1056,  869, 1599, 1165
 1080,  6, feeder, 0.8690646886825562 ,  941, 1039, 1872, 1316
 1081,  1, j     , 0.9207808375358582 , 1054,  869, 1599, 1163
 1081,  6, feeder, 0.8709962964057922 ,  941, 1040, 1872, 1315
 1082,  1, j     , 0.9199846982955933 , 1053,  869, 1599, 1163
 1082,  6, feeder, 0.8736438751220703 ,  941, 1040, 1872, 1315
 1083,  1, j     , 0.9149450659751892 , 1051,  867, 1608, 1163
 1083,  6, feeder, 0.8678105473518372 ,  942, 1041, 1871, 1315
 1084,  1, j     , 0.9200791120529175 , 1061,  859, 1628, 1166
 1084,  6, feeder, 0.8625088930130005 ,  941, 1041, 1870, 1315
 1085,  1, j     , 0.9261140823364258 , 1070,  850, 1653, 1168
 1085,  6, feeder, 0.8287645578384399 ,  941, 1039, 1871, 1315
 1086,  1, j     , 0.9325852394104004 , 1060,  849, 1669, 1170
 1086,  6, feeder, 0.7709131240844727 ,  941, 1036, 1871, 1315
 1087,  1, j     , 0.9301813840866089 , 1048,  848, 1680, 1171
 1087,  6, feeder, 0.7372993230819702 ,  942, 1036, 1871, 1315
 1088,  1, j     , 0.9312918782234192 , 1037,  849, 1685, 1171
 1088,  6, feeder, 0.7383002042770386 ,  942, 1035, 1871, 1315
 1089,  1, j     , 0.9319188594818115 , 1025,  849, 1687, 1172
 1089,  6, feeder, 0.7216996550559998 ,  943, 1035, 1871, 1315
 1090,  1, j     , 0.9340888261795044 , 1016,  850, 1688, 1172
 1090,  6, feeder, 0.678288459777832  ,  944, 1035, 1871, 1315
 1091,  1, j     , 0.9351341724395752 , 1011,  851, 1689, 1172
 1091,  6, feeder, 0.6490986347198486 ,  944, 1035, 1871, 1315
 1092,  1, j     , 0.9341247081756592 , 1008,  851, 1688, 1172
 1092,  6, feeder, 0.6567975878715515 ,  943, 1036, 1871, 1315
 1093,  1, j     , 0.934042751789093  , 1010,  852, 1688, 1172
 1093,  6, feeder, 0.6521000266075134 ,  943, 1036, 1871, 1315
 1094,  1, j     , 0.9329648613929749 , 1009,  852, 1687, 1172
 1094,  6, feeder, 0.6909109354019165 ,  943, 1036, 1871, 1316
 1095,  1, j     , 0.9313530921936035 , 1007,  853, 1678, 1172
 1095,  6, feeder, 0.6693221926689148 ,  943, 1036, 1871, 1315
 1096,  1, j     , 0.9336512088775635 , 1005,  854, 1660, 1172
 1096,  6, feeder, 0.7664375305175781 ,  944, 1036, 1871, 1316
 1097,  1, j     , 0.9339635968208313 , 1003,  853, 1655, 1172
 1097,  6, feeder, 0.8063466548919678 ,  945, 1034, 1870, 1316
 1098,  1, j     , 0.9329699277877808 , 1001,  853, 1654, 1172
 1098,  6, feeder, 0.8038375377655029 ,  945, 1033, 1870, 1316
 1099,  1, j     , 0.9327423572540283 , 1001,  853, 1653, 1171
 1099,  6, feeder, 0.8005432486534119 ,  947, 1035, 1870, 1317
 1100,  1, j     , 0.9340723752975464 , 1001,  854, 1655, 1172
 1100,  6, feeder, 0.7828689813613892 ,  946, 1034, 1870, 1316
 1101,  1, j     , 0.9348949790000916 , 1001,  853, 1656, 1172
 1101,  6, feeder, 0.7819114327430725 ,  945, 1034, 1870, 1316
 1102,  1, j     , 0.9349378347396851 , 1001,  853, 1655, 1172
 1102,  6, feeder, 0.783993124961853  ,  947, 1035, 1871, 1317
 1103,  1, j     , 0.9346634149551392 , 1002,  853, 1654, 1172
 1103,  6, feeder, 0.7801868319511414 ,  947, 1036, 1871, 1317
 1104,  1, j     , 0.9335577487945557 , 1003,  853, 1654, 1172
 1104,  6, feeder, 0.7761449217796326 ,  947, 1037, 1871, 1318
 1105,  1, j     , 0.9339742064476013 , 1006,  853, 1654, 1172
 1105,  6, feeder, 0.7255809307098389 ,  945, 1035, 1870, 1316
 1106,  1, j     , 0.9335389137268066 , 1009,  853, 1653, 1171
 1106,  6, feeder, 0.7258959412574768 ,  944, 1034, 1870, 1316
 1107,  1, j     , 0.9334173798561096 , 1010,  853, 1653, 1171
 1107,  6, feeder, 0.7313954830169678 ,  944, 1034, 1870, 1316
 1108,  1, j     , 0.933047354221344  , 1010,  853, 1653, 1171
 1108,  6, feeder, 0.744023859500885  ,  944, 1034, 1870, 1316
 1109,  1, j     , 0.9344700574874878 , 1011,  853, 1653, 1171
 1109,  6, feeder, 0.7362129092216492 ,  944, 1033, 1870, 1316
 1110,  1, j     , 0.9324085116386414 , 1016,  853, 1640, 1171
 1110,  6, feeder, 0.634868323802948  ,  942, 1036, 1871, 1315
 1111,  1, j     , 0.9264095425605774 , 1021,  857, 1621, 1172
 1111,  6, feeder, 0.6760031580924988 ,  942, 1036, 1871, 1315
 1112,  1, j     , 0.926983654499054  , 1025,  864, 1612, 1172
 1112,  6, feeder, 0.6544195413589478 ,  941, 1038, 1871, 1315
 1113,  1, j     , 0.9243713617324829 , 1026,  870, 1603, 1171
 1113,  6, feeder, 0.6744036078453064 ,  941, 1039, 1871, 1315
 1114,  1, j     , 0.9230974316596985 , 1030,  872, 1597, 1170
 1114,  6, feeder, 0.609918475151062  ,  940, 1040, 1872, 1315
 1115,  1, j     , 0.9243157505989075 , 1031,  873, 1594, 1169
 1115,  6, feeder, 0.642670750617981  ,  940, 1039, 1872, 1315
 1116,  1, j     , 0.9256035685539246 , 1031,  874, 1593, 1170
 1116,  6, feeder, 0.6240414381027222 ,  940, 1039, 1872, 1315
 1117,  1, j     , 0.9254865050315857 , 1031,  874, 1593, 1170
 1117,  6, feeder, 0.6391022205352783 ,  940, 1039, 1872, 1315
 1118,  1, j     , 0.9262662529945374 , 1031,  875, 1593, 1170
 1118,  6, feeder, 0.6310647130012512 ,  940, 1040, 1872, 1315
 1119,  1, j     , 0.9262688159942627 , 1031,  875, 1593, 1170
 1119,  6, feeder, 0.6077333092689514 ,  940, 1040, 1872, 1315
 1120,  1, j     , 0.9255944490432739 , 1032,  875, 1594, 1169
 1120,  6, feeder, 0.6110355854034424 ,  940, 1040, 1872, 1315
 1121,  1, j     , 0.9260947704315186 , 1032,  875, 1594, 1169
 1121,  6, feeder, 0.6547994017601013 ,  940, 1040, 1872, 1315
 1122,  1, j     , 0.9272315502166748 , 1032,  876, 1595, 1170
 1122,  6, feeder, 0.5817877054214478 ,  940, 1040, 1872, 1314
 1123,  1, j     , 0.9265391826629639 , 1032,  884, 1596, 1171
 1123,  6, feeder, 0.600964367389679  ,  940, 1041, 1872, 1314
 1124,  1, j     , 0.9162114262580872 , 1037,  895, 1596, 1171
 1124,  6, feeder, 0.6697015166282654 ,  940, 1043, 1872, 1314
 1125,  1, j     , 0.9174867272377014 , 1046,  905, 1595, 1172
 1125,  6, feeder, 0.7598620653152466 ,  940, 1044, 1871, 1314
 1126,  1, j     , 0.9202308058738708 , 1053,  911, 1593, 1173
 1126,  6, feeder, 0.8125055432319641 ,  940, 1045, 1871, 1314
 1127,  1, j     , 0.9205250144004822 , 1059,  914, 1591, 1173
 1127,  6, feeder, 0.8104919791221619 ,  940, 1045, 1871, 1315
 1128,  1, j     , 0.9187505841255188 , 1069,  915, 1590, 1173
 1128,  6, feeder, 0.8213765025138855 ,  940, 1045, 1871, 1315
 1129,  1, j     , 0.91745525598526   , 1070,  914, 1589, 1172
 1129,  6, feeder, 0.8417715430259705 ,  940, 1045, 1871, 1315
 1130,  1, j     , 0.9171760678291321 , 1072,  913, 1589, 1172
 1130,  6, feeder, 0.8454067707061768 ,  940, 1045, 1871, 1315
 1131,  1, j     , 0.916683554649353  , 1079,  913, 1589, 1173
 1131,  6, feeder, 0.8312244415283203 ,  939, 1045, 1871, 1314
 1132,  1, j     , 0.9200834631919861 , 1080,  913, 1590, 1174
 1132,  6, feeder, 0.7974942922592163 ,  939, 1045, 1871, 1314
 1133,  1, j     , 0.9184879064559937 , 1083,  912, 1590, 1174
 1133,  6, feeder, 0.8219088315963745 ,  939, 1045, 1871, 1314
 1134,  1, j     , 0.919163703918457  , 1083,  912, 1590, 1174
 1134,  6, feeder, 0.8165294528007507 ,  939, 1045, 1871, 1314
 1135,  1, j     , 0.9195970892906189 , 1083,  912, 1590, 1174
 1135,  6, feeder, 0.8053992986679077 ,  939, 1045, 1871, 1314
 1136,  1, j     , 0.9181915521621704 , 1084,  911, 1590, 1174
 1136,  6, feeder, 0.8018002510070801 ,  939, 1045, 1871, 1314
 1137,  1, j     , 0.9187913537025452 , 1087,  909, 1590, 1173
 1137,  6, feeder, 0.8252134323120117 ,  938, 1044, 1871, 1314
 1138,  1, j     , 0.9169672727584839 , 1088,  908, 1590, 1173
 1138,  6, feeder, 0.8285365104675293 ,  938, 1045, 1871, 1314
 1139,  1, j     , 0.9170874357223511 , 1091,  908, 1590, 1173
 1139,  6, feeder, 0.8355188369750977 ,  938, 1045, 1871, 1314
 1140,  1, j     , 0.9159271121025085 , 1094,  908, 1590, 1173
 1140,  6, feeder, 0.8399721384048462 ,  938, 1044, 1871, 1314
 1141,  1, j     , 0.9183751940727234 , 1099,  907, 1591, 1174
 1141,  6, feeder, 0.836153507232666  ,  937, 1044, 1871, 1314
 1142,  1, j     , 0.9180834889411926 , 1103,  907, 1590, 1174
 1142,  6, feeder, 0.7916597723960876 ,  937, 1044, 1871, 1314
 1143,  1, j     , 0.9164775609970093 , 1107,  907, 1590, 1174
 1143,  6, feeder, 0.8249738216400146 ,  937, 1044, 1871, 1314
 1144,  1, j     , 0.9162816405296326 , 1110,  907, 1589, 1174
 1144,  6, feeder, 0.8468859195709229 ,  937, 1044, 1871, 1315
 1145,  1, j     , 0.9153803586959839 , 1109,  907, 1589, 1175
 1145,  6, feeder, 0.8518630266189575 ,  937, 1044, 1871, 1315
 1146,  1, j     , 0.9223366975784302 , 1115,  908, 1589, 1174
 1146,  6, feeder, 0.8767676949501038 ,  937, 1044, 1871, 1315
 1147,  1, j     , 0.9191543459892273 , 1119,  908, 1589, 1174
 1147,  6, feeder, 0.8771783113479614 ,  938, 1044, 1871, 1315
 1148,  1, j     , 0.9184881448745728 , 1120,  908, 1588, 1173
 1148,  6, feeder, 0.8743917942047119 ,  938, 1044, 1871, 1315
 1149,  1, j     , 0.9174150228500366 , 1121,  908, 1588, 1174
 1149,  6, feeder, 0.8778442740440369 ,  938, 1044, 1871, 1315
 1150,  1, j     , 0.9173590540885925 , 1122,  908, 1588, 1173
 1150,  6, feeder, 0.877090334892273  ,  938, 1044, 1871, 1315
 1151,  1, j     , 0.9179370403289795 , 1122,  907, 1588, 1173
 1151,  6, feeder, 0.8717105388641357 ,  938, 1044, 1871, 1315
 1152,  1, j     , 0.9169992208480835 , 1122,  907, 1588, 1173
 1152,  6, feeder, 0.8736198544502258 ,  938, 1044, 1871, 1315
 1153,  1, j     , 0.9144406914710999 , 1124,  907, 1588, 1173
 1153,  6, feeder, 0.8795083165168762 ,  938, 1044, 1871, 1315
 1154,  1, j     , 0.9151613712310791 , 1130,  907, 1589, 1172
 1154,  6, feeder, 0.8784723281860352 ,  938, 1044, 1871, 1315
 1155,  1, j     , 0.9132897257804871 , 1135,  909, 1588, 1172
 1155,  6, feeder, 0.8714033365249634 ,  938, 1043, 1872, 1315
 1156,  1, j     , 0.914840817451477  , 1138,  911, 1588, 1174
 1156,  6, feeder, 0.8959030508995056 ,  939, 1044, 1872, 1315
 1157,  1, j     , 0.9153730869293213 , 1138,  911, 1587, 1174
 1157,  6, feeder, 0.8975171446800232 ,  939, 1044, 1872, 1315
 1158,  1, j     , 0.9149829745292664 , 1137,  911, 1586, 1174
 1158,  6, feeder, 0.8951680064201355 ,  939, 1044, 1872, 1315
 1159,  1, j     , 0.9137017726898193 , 1139,  907, 1585, 1174
 1159,  6, feeder, 0.8960180878639221 ,  939, 1044, 1872, 1315
 1160,  1, j     , 0.9131078124046326 , 1139,  903, 1586, 1174
 1160,  6, feeder, 0.8966960906982422 ,  939, 1044, 1872, 1315
 1161,  1, j     , 0.912088930606842  , 1138,  901, 1586, 1175
 1161,  6, feeder, 0.8947882652282715 ,  939, 1044, 1872, 1315
 1162,  1, j     , 0.9111534357070923 , 1137,  901, 1585, 1174
 1162,  6, feeder, 0.8939161896705627 ,  939, 1044, 1872, 1315
 1163,  1, j     , 0.9105745553970337 , 1137,  901, 1585, 1174
 1163,  6, feeder, 0.8935335278511047 ,  939, 1044, 1872, 1315
 1164,  1, j     , 0.91156005859375   , 1137,  900, 1585, 1174
 1164,  6, feeder, 0.892955482006073  ,  939, 1044, 1872, 1315
 1165,  1, j     , 0.9105284810066223 , 1137,  900, 1586, 1174
 1165,  6, feeder, 0.8931043744087219 ,  939, 1044, 1872, 1315
 1166,  1, j     , 0.9109677076339722 , 1137,  900, 1585, 1174
 1166,  6, feeder, 0.8899758458137512 ,  939, 1044, 1872, 1315
 1167,  1, j     , 0.9091964364051819 , 1138,  899, 1584, 1173
 1167,  6, feeder, 0.8878425359725952 ,  939, 1044, 1872, 1315
 1168,  1, j     , 0.9136797785758972 , 1138,  889, 1584, 1173
 1168,  6, feeder, 0.883726179599762  ,  938, 1043, 1872, 1315
 1169,  1, j     , 0.9139007329940796 , 1139,  877, 1585, 1173
 1169,  6, feeder, 0.8852920532226562 ,  938, 1042, 1872, 1315
 1170,  1, j     , 0.914844810962677  , 1142,  864, 1585, 1171
 1170,  6, feeder, 0.8858751058578491 ,  938, 1041, 1872, 1315
 1171,  1, j     , 0.91459721326828   , 1146,  855, 1584, 1170
 1171,  6, feeder, 0.8929787874221802 ,  938, 1040, 1872, 1315
 1172,  1, j     , 0.9138385057449341 , 1148,  852, 1583, 1169
 1172,  6, feeder, 0.8908089399337769 ,  938, 1041, 1872, 1315
 1173,  1, j     , 0.9155440330505371 , 1148,  851, 1583, 1169
 1173,  6, feeder, 0.8895445466041565 ,  938, 1041, 1872, 1315
 1174,  1, j     , 0.9159970283508301 , 1145,  850, 1583, 1169
 1174,  6, feeder, 0.8905128836631775 ,  938, 1041, 1872, 1315
 1175,  1, j     , 0.9156253933906555 , 1144,  850, 1582, 1169
 1175,  6, feeder, 0.8888896703720093 ,  938, 1041, 1872, 1315
 1176,  1, j     , 0.915332555770874  , 1143,  850, 1583, 1169
 1176,  6, feeder, 0.8845950961112976 ,  937, 1041, 1872, 1315
 1177,  1, j     , 0.915084183216095  , 1143,  850, 1584, 1169
 1177,  6, feeder, 0.8854243755340576 ,  938, 1041, 1872, 1315
 1178,  1, j     , 0.916073203086853  , 1143,  850, 1586, 1170
 1178,  6, feeder, 0.8914791345596313 ,  938, 1041, 1872, 1315
 1179,  1, j     , 0.916666567325592  , 1139,  846, 1587, 1171
 1179,  6, feeder, 0.8684456944465637 ,  937, 1041, 1872, 1315
 1180,  1, j     , 0.9225193858146667 , 1132,  837, 1585, 1172
 1180,  6, feeder, 0.8432729840278625 ,  938, 1041, 1874, 1316
 1181,  1, j     , 0.9292990565299988 , 1109,  827, 1597, 1173
 1181,  6, feeder, 0.7504373788833618 ,  937, 1041, 1872, 1315
 1182,  1, j     , 0.9348517656326294 , 1096,  819, 1618, 1173
 1182,  6, feeder, 0.6319230794906616 ,  938, 1040, 1872, 1316
 1183,  1, j     , 0.9367216229438782 , 1075,  813, 1622, 1174
 1183,  6, feeder, 0.5104833841323853 ,  938, 1039, 1871, 1314
 1184,  1, j     , 0.9340559244155884 , 1052,  809, 1633, 1175
 1184,  6, feeder, 0.3907201886177063 ,  939, 1042, 1870, 1316
 1185,  1, j     , 0.9365583658218384 , 1037,  808, 1637, 1176
 1185,  6, feeder, 0.2883261740207672 ,  939, 1043, 1870, 1317
 1186,  1, j     , 0.9380921125411987 , 1028,  806, 1638, 1176
 1186,  6, feeder, 0.3368535339832306 ,  940, 1044, 1870, 1317
 1187,  1, j     , 0.9383763670921326 , 1021,  806, 1638, 1176
 1187,  6, feeder, 0.29891708493232727,  940, 1044, 1870, 1317
 1188,  1, j     , 0.9376131296157837 , 1016,  806, 1637, 1176
 1188,  6, feeder, 0.30106034874916077,  941, 1044, 1870, 1317
 1189,  1, j     , 0.9357828497886658 , 1012,  806, 1635, 1176
 1189,  6, feeder, 0.3874121308326721 ,  941, 1044, 1870, 1317
 1190,  1, j     , 0.9375608563423157 , 1008,  808, 1632, 1175
 1190,  6, feeder, 0.42600882053375244,  942, 1044, 1870, 1317
 1191,  1, j     , 0.9399862289428711 , 1003,  812, 1634, 1175
 1191,  6, feeder, 0.4104752540588379 ,  943, 1044, 1871, 1316
 1192,  1, j     , 0.9371820688247681 , 1002,  821, 1630, 1174
 1192,  6, feeder, 0.4563048481941223 ,  944, 1044, 1871, 1315
 1193,  1, j     , 0.9416543245315552 , 1001,  826, 1639, 1174
 1193,  6, feeder, 0.48481693863868713,  945, 1043, 1871, 1315
 1194,  1, j     , 0.94175124168396   , 1002,  828, 1642, 1174
 1194,  6, feeder, 0.4106666147708893 ,  945, 1043, 1871, 1315
 1195,  1, j     , 0.9406442642211914 ,  998,  829, 1642, 1174
 1195,  6, feeder, 0.4332921504974365 ,  946, 1043, 1871, 1315
 1196,  1, j     , 0.941036581993103  ,  995,  830, 1642, 1174
 1196,  6, feeder, 0.42735493183135986,  947, 1043, 1871, 1315
 1197,  1, j     , 0.9404608607292175 ,  993,  830, 1643, 1174
 1197,  6, feeder, 0.4467112421989441 ,  948, 1043, 1871, 1316
 1198,  1, j     , 0.9410157799720764 ,  990,  830, 1643, 1174
 1198,  6, feeder, 0.4266672730445862 ,  950, 1043, 1871, 1316
 1199,  1, j     , 0.939990222454071  ,  989,  831, 1643, 1174
 1199,  6, feeder, 0.44706809520721436,  950, 1042, 1871, 1316
 1200,  1, j     , 0.9399030804634094 ,  988,  831, 1642, 1174
 1200,  6, feeder, 0.42987701296806335,  950, 1042, 1871, 1316
 1201,  1, j     , 0.9422178864479065 ,  989,  832, 1644, 1175
 1201,  6, feeder, 0.4704669415950775 ,  950, 1042, 1871, 1315
 1202,  1, j     , 0.943268895149231  ,  989,  832, 1647, 1175
 1202,  6, feeder, 0.41156426072120667,  950, 1042, 1871, 1315
 1203,  1, j     , 0.942859947681427  ,  989,  831, 1648, 1175
 1203,  6, feeder, 0.3865828514099121 ,  951, 1042, 1871, 1315
 1204,  1, j     , 0.9430072903633118 ,  988,  831, 1649, 1175
 1204,  6, feeder, 0.36508068442344666,  951, 1042, 1871, 1315
 1205,  1, j     , 0.9428932070732117 ,  988,  831, 1649, 1175
 1205,  6, feeder, 0.37137147784233093,  951, 1042, 1871, 1315
 1206,  1, j     , 0.9367926120758057 ,  987,  833, 1639, 1175
 1206,  6, feeder, 0.4559588134288788 ,  950, 1039, 1871, 1315
 1207,  1, j     , 0.937225341796875  ,  987,  837, 1629, 1175
 1207,  6, feeder, 0.4853561222553253 ,  949, 1038, 1871, 1315
 1208,  1, j     , 0.9376555681228638 ,  987,  839, 1627, 1175
 1208,  6, feeder, 0.4283217489719391 ,  949, 1038, 1871, 1314
 1209,  1, j     , 0.938355565071106  ,  990,  840, 1626, 1175
 1209,  6, feeder, 0.42069172859191895,  947, 1038, 1871, 1314
 1210,  1, j     , 0.9387210011482239 ,  991,  841, 1626, 1175
 1210,  6, feeder, 0.4287644624710083 ,  947, 1038, 1871, 1314
 1211,  1, j     , 0.9392670392990112 ,  992,  841, 1626, 1176
 1211,  6, feeder, 0.45178908109664917,  950, 1039, 1872, 1315
 1212,  1, j     , 0.9373002052307129 ,  990,  841, 1627, 1176
 1212,  6, feeder, 0.4419236183166504 ,  947, 1038, 1871, 1315
 1213,  1, j     , 0.9381087422370911 ,  990,  841, 1627, 1176
 1213,  6, feeder, 0.4780847132205963 ,  951, 1039, 1872, 1316
 1214,  1, j     , 0.9393506646156311 ,  992,  841, 1627, 1177
 1214,  6, feeder, 0.5004758834838867 ,  951, 1039, 1873, 1316
 1215,  1, j     , 0.9351319074630737 ,  987,  841, 1622, 1176
 1215,  6, feeder, 0.4615688621997833 ,  950, 1038, 1872, 1315
 1216,  1, j     , 0.9344347715377808 ,  984,  841, 1612, 1176
 1216,  6, feeder, 0.4346042573451996 ,  950, 1038, 1872, 1315
 1217,  1, j     , 0.9342233538627625 ,  986,  841, 1607, 1175
 1217,  6, feeder, 0.4673822224140167 ,  949, 1039, 1872, 1315
 1218,  1, j     , 0.9351351261138916 ,  986,  842, 1604, 1176
 1218,  6, feeder, 0.44139009714126587,  950, 1039, 1872, 1314
 1219,  1, j     , 0.9364556670188904 ,  989,  842, 1604, 1176
 1219,  6, feeder, 0.43033987283706665,  948, 1039, 1872, 1314
 1220,  1, j     , 0.9372099041938782 ,  991,  842, 1603, 1177
 1220,  6, feeder, 0.43472930788993835,  948, 1039, 1872, 1314
 1221,  1, j     , 0.9380131959915161 ,  993,  842, 1604, 1177
 1221,  6, feeder, 0.39045199751853943,  947, 1039, 1872, 1314
 1222,  1, j     , 0.9387252926826477 ,  996,  842, 1604, 1176
 1222,  6, feeder, 0.40629833936691284,  946, 1039, 1871, 1314
 1223,  1, j     , 0.9382479190826416 ,  997,  842, 1605, 1176
 1223,  6, feeder, 0.33844292163848877,  945, 1039, 1871, 1314
 1224,  1, j     , 0.9392951130867004 ,  998,  842, 1605, 1176
 1224,  6, feeder, 0.2970770597457886 ,  948, 1041, 1871, 1316
 1225,  1, j     , 0.9391996264457703 ,  999,  842, 1606, 1176
 1225,  6, feeder, 0.2977791428565979 ,  949, 1042, 1870, 1316
 1226,  1, j     , 0.9388374090194702 , 1002,  842, 1606, 1176
 1226,  6, feeder, 0.29299548268318176,  944, 1040, 1871, 1315
 1227,  1, j     , 0.9391138553619385 , 1003,  842, 1605, 1176
 1227,  6, feeder, 0.28956708312034607,  947, 1042, 1870, 1316
 1228,  1, j     , 0.9406720995903015 , 1004,  842, 1615, 1176
 1228,  6, feeder, 0.3434417247772217 ,  947, 1043, 1870, 1316
 1229,  1, j     , 0.9230175614356995 , 1028,  842, 1630, 1177
 1229,  6, feeder, 0.36362868547439575,  942, 1043, 1871, 1316
 1230,  1, j     , 0.9367310404777527 , 1038,  841, 1646, 1178
 1230,  6, feeder, 0.23070643842220306,  938, 1041, 1870, 1314
 1231,  1, j     , 0.9387288689613342 , 1017,  836, 1641, 1175
 1231,  6, feeder, 0.5222517848014832 ,  939, 1041, 1871, 1314
 1232,  1, j     , 0.9421066641807556 ,  996,  832, 1641, 1174
 1232,  6, feeder, 0.4177488088607788 ,  946, 1041, 1871, 1315
 1233,  1, j     , 0.9411768913269043 ,  983,  831, 1642, 1174
 1233,  6, feeder, 0.4347657263278961 ,  949, 1043, 1871, 1315
 1234,  1, j     , 0.9418894648551941 ,  977,  830, 1642, 1174
 1234,  6, feeder, 0.44955533742904663,  949, 1041, 1871, 1315
 1235,  1, j     , 0.9428520798683167 ,  975,  830, 1642, 1174
 1235,  6, feeder, 0.41872072219848633,  949, 1040, 1871, 1315
 1236,  1, j     , 0.9423333406448364 ,  976,  829, 1642, 1174
 1236,  6, feeder, 0.36309313774108887,  950, 1039, 1871, 1315
 1237,  1, j     , 0.9395657181739807 ,  977,  829, 1640, 1173
 1237,  6, feeder, 0.3749854862689972 ,  951, 1039, 1871, 1315
 1238,  1, j     , 0.9368641972541809 ,  972,  829, 1630, 1173
 1238,  6, feeder, 0.332868754863739  ,  949, 1039, 1871, 1315
 1239,  1, j     , 0.9340148568153381 ,  971,  833, 1603, 1173
 1239,  6, feeder, 0.4065379500389099 ,  949, 1039, 1873, 1315
 1240,  1, j     , 0.9298519492149353 ,  975,  837, 1588, 1173
 1240,  6, feeder, 0.46396932005882263,  950, 1040, 1873, 1315
 1241,  1, j     , 0.9247438907623291 ,  981,  861, 1582, 1173
 1241,  6, feeder, 0.7691370844841003 ,  949, 1041, 1873, 1315
 1242,  1, j     , 0.9250704050064087 ,  988,  876, 1580, 1175
 1242,  6, feeder, 0.8192861676216125 ,  948, 1042, 1873, 1315
 1243,  1, j     , 0.9268803000450134 ,  996,  883, 1578, 1176
 1243,  6, feeder, 0.8086385130882263 ,  946, 1043, 1872, 1314
 1244,  1, j     , 0.9259495139122009 , 1002,  885, 1577, 1176
 1244,  6, feeder, 0.8034710884094238 ,  943, 1044, 1872, 1314
 1245,  1, j     , 0.9246885180473328 , 1006,  886, 1577, 1176
 1245,  6, feeder, 0.8261205554008484 ,  942, 1044, 1872, 1314
 1246,  1, j     , 0.9253150224685669 , 1010,  886, 1573, 1177
 1246,  6, feeder, 0.8323351144790649 ,  941, 1044, 1872, 1314
 1247,  1, j     , 0.9244999885559082 , 1013,  886, 1573, 1177
 1247,  6, feeder, 0.8437258005142212 ,  941, 1044, 1873, 1314
 1248,  1, j     , 0.9239433407783508 , 1018,  886, 1572, 1177
 1248,  6, feeder, 0.8139747977256775 ,  940, 1045, 1873, 1314
 1249,  1, j     , 0.9231123328208923 , 1018,  885, 1573, 1177
 1249,  6, feeder, 0.827178418636322  ,  940, 1045, 1873, 1314
 1250,  1, j     , 0.9225586652755737 , 1019,  885, 1574, 1177
 1250,  6, feeder, 0.8287960886955261 ,  940, 1045, 1873, 1314
 1251,  1, j     , 0.9205186367034912 , 1022,  885, 1575, 1177
 1251,  6, feeder, 0.815369725227356  ,  940, 1045, 1873, 1314
 1252,  1, j     , 0.9190702438354492 , 1027,  885, 1574, 1177
 1252,  6, feeder, 0.7993447184562683 ,  940, 1045, 1873, 1314
 1253,  1, j     , 0.9195652604103088 , 1027,  885, 1576, 1177
 1253,  6, feeder, 0.7964188456535339 ,  940, 1045, 1873, 1314
 1254,  1, j     , 0.9184255599975586 , 1040,  885, 1576, 1177
 1254,  6, feeder, 0.7979537844657898 ,  939, 1045, 1873, 1314
 1255,  1, j     , 0.9180189371109009 , 1041,  886, 1577, 1177
 1255,  6, feeder, 0.8114629983901978 ,  939, 1045, 1872, 1314
 1256,  1, j     , 0.9157556891441345 , 1041,  887, 1577, 1176
 1256,  6, feeder, 0.846264660358429  ,  940, 1045, 1872, 1314
 1257,  1, j     , 0.9055444598197937 , 1044,  900, 1579, 1176
 1257,  6, feeder, 0.8704738616943359 ,  940, 1045, 1872, 1314
 1258,  1, j     , 0.917328417301178  , 1055,  906, 1579, 1177
 1258,  6, feeder, 0.8703103065490723 ,  941, 1045, 1872, 1314
 1259,  1, j     , 0.9145150780677795 , 1064,  910, 1578, 1177
 1259,  6, feeder, 0.8742730617523193 ,  941, 1045, 1872, 1314
 1260,  1, j     , 0.9149414896965027 , 1077,  913, 1577, 1178
 1260,  6, feeder, 0.874445378780365  ,  941, 1045, 1872, 1314
 1261,  1, j     , 0.9091806411743164 , 1081,  913, 1575, 1176
 1261,  6, feeder, 0.8790565133094788 ,  941, 1044, 1872, 1315
 1262,  1, j     , 0.9123017191886902 , 1087,  914, 1574, 1177
 1262,  6, feeder, 0.8706977963447571 ,  940, 1044, 1872, 1315
 1263,  1, j     , 0.9108206629753113 , 1089,  913, 1573, 1177
 1263,  6, feeder, 0.8750079274177551 ,  940, 1044, 1872, 1315
 1264,  1, j     , 0.9117838144302368 , 1089,  911, 1574, 1177
 1264,  6, feeder, 0.8747490644454956 ,  940, 1044, 1872, 1315
 1265,  1, j     , 0.9121244549751282 , 1090,  907, 1575, 1178
 1265,  6, feeder, 0.8790172934532166 ,  940, 1044, 1872, 1314
 1266,  1, j     , 0.9176231622695923 , 1094,  895, 1577, 1177
 1266,  6, feeder, 0.8679704666137695 ,  939, 1043, 1872, 1314
 1267,  1, j     , 0.9173489809036255 , 1096,  882, 1578, 1177
 1267,  6, feeder, 0.8563287258148193 ,  939, 1042, 1872, 1314
 1268,  1, j     , 0.9187319278717041 , 1105,  873, 1577, 1178
 1268,  6, feeder, 0.8576111793518066 ,  938, 1041, 1872, 1314
 1269,  1, j     , 0.9143576622009277 , 1108,  868, 1578, 1178
 1269,  6, feeder, 0.8799612522125244 ,  938, 1041, 1872, 1314
 1270,  1, j     , 0.9136233329772949 , 1106,  866, 1578, 1178
 1270,  6, feeder, 0.8804277181625366 ,  938, 1041, 1872, 1314
 1271,  1, j     , 0.9145179390907288 , 1107,  865, 1578, 1178
 1271,  6, feeder, 0.8831762075424194 ,  938, 1041, 1872, 1315
 1272,  1, j     , 0.9136111736297607 , 1106,  865, 1576, 1178
 1272,  6, feeder, 0.8840419054031372 ,  938, 1041, 1872, 1315
 1273,  1, j     , 0.9146259427070618 , 1106,  865, 1569, 1178
 1273,  6, feeder, 0.8716379404067993 ,  938, 1041, 1872, 1314
 1274,  1, j     , 0.9093363881111145 , 1108,  862, 1561, 1177
 1274,  6, feeder, 0.8600991368293762 ,  937, 1042, 1872, 1314
 1275,  1, j     , 0.9084491729736328 , 1139,  860, 1543, 1167
 1275,  6, feeder, 0.8571437001228333 ,  938, 1042, 1872, 1315
 1276,  1, j     , 0.9134294390678406 , 1171,  854, 1522, 1141
 1276,  6, feeder, 0.8998352289199829 ,  942, 1040, 1872, 1317
 1277,  1, j     , 0.894126296043396  , 1201,  840, 1495, 1123
 1277,  6, feeder, 0.9157183170318604 ,  943, 1043, 1873, 1318
 1278,  1, j     , 0.9136443138122559 , 1212,  817, 1464, 1116
 1278,  6, feeder, 0.8927738070487976 ,  944, 1041, 1872, 1318
 1279,  1, j     , 0.8931900858879089 , 1187,  804, 1421, 1106
 1279,  6, feeder, 0.9226338267326355 ,  944, 1045, 1873, 1318
 1280,  1, j     , 0.9125306010246277 , 1156,  811, 1374, 1103
 1280,  6, feeder, 0.7497047185897827 ,  944, 1043, 1873, 1318
 1281,  1, j     , 0.9087035655975342 , 1124,  842, 1337, 1124
 1281,  6, feeder, 0.8243273496627808 ,  944, 1041, 1872, 1318
 1282,  1, j     , 0.9040789604187012 , 1088,  878, 1299, 1139
 1282,  6, feeder, 0.8432409167289734 ,  943, 1043, 1871, 1317
 1283,  1, j     , 0.9054292440414429 , 1066,  893, 1272, 1145
 1283,  6, feeder, 0.8853965401649475 ,  943, 1045, 1871, 1317
 1284,  1, j     , 0.9104469418525696 , 1054,  895, 1257, 1147
 1284,  6, feeder, 0.8887532949447632 ,  944, 1045, 1871, 1317
 1285,  1, j     , 0.8923534750938416 , 1041,  895, 1248, 1147
 1285,  6, feeder, 0.891075611114502  ,  945, 1045, 1871, 1317
 1286,  1, j     , 0.8752986192703247 , 1014,  895, 1241, 1145
 1286,  6, feeder, 0.8889285326004028 ,  946, 1045, 1871, 1317
 1287,  1, j     , 0.8701885342597961 ,  968,  895, 1236, 1147
 1287,  6, feeder, 0.866303026676178  ,  948, 1045, 1871, 1317
 1288,  1, j     , 0.8696484565734863 ,  956,  895, 1232, 1148
 1288,  6, feeder, 0.8523509502410889 ,  949, 1045, 1871, 1317
 1289,  1, j     , 0.8735387921333313 ,  948,  894, 1231, 1149
 1289,  6, feeder, 0.8598631024360657 ,  949, 1046, 1871, 1317
 1290,  1, j     , 0.8744006156921387 ,  943,  894, 1231, 1149
 1290,  6, feeder, 0.8619352579116821 ,  949, 1046, 1871, 1317
 1291,  1, j     , 0.8712248206138611 ,  947,  894, 1232, 1149
 1291,  6, feeder, 0.8284305334091187 ,  949, 1046, 1871, 1317
 1292,  1, j     , 0.8720367550849915 ,  949,  893, 1232, 1149
 1292,  6, feeder, 0.8354287147521973 ,  950, 1045, 1871, 1317
 1293,  1, j     , 0.8693236112594604 ,  956,  893, 1232, 1149
 1293,  6, feeder, 0.8337051868438721 ,  950, 1046, 1871, 1317
 1294,  1, j     , 0.8720002770423889 ,  951,  893, 1237, 1150
 1294,  6, feeder, 0.8204379677772522 ,  950, 1045, 1871, 1317
 1295,  1, j     , 0.8752967715263367 ,  942,  893, 1242, 1150
 1295,  6, feeder, 0.8197459578514099 ,  949, 1045, 1871, 1317
 1296,  1, j     , 0.8765885829925537 ,  939,  892, 1245, 1150
 1296,  6, feeder, 0.8040453791618347 ,  949, 1045, 1871, 1317
 1297,  1, j     , 0.8797819018363953 ,  937,  890, 1246, 1150
 1297,  6, feeder, 0.8091175556182861 ,  949, 1045, 1871, 1317
 1298,  1, j     , 0.8809666037559509 ,  937,  889, 1247, 1150
 1298,  6, feeder, 0.8119499087333679 ,  949, 1045, 1871, 1317
 1299,  1, j     , 0.882938027381897  ,  938,  887, 1247, 1150
 1299,  6, feeder, 0.7986659407615662 ,  949, 1045, 1871, 1317
 1300,  1, j     , 0.8839662671089172 ,  942,  887, 1247, 1150
 1300,  6, feeder, 0.7884379625320435 ,  949, 1045, 1871, 1317
 1301,  1, j     , 0.8851786851882935 ,  939,  886, 1248, 1149
 1301,  6, feeder, 0.7871114611625671 ,  948, 1045, 1871, 1317
 1302,  1, j     , 0.8805864453315735 ,  945,  887, 1249, 1149
 1302,  6, feeder, 0.8070360422134399 ,  948, 1044, 1871, 1317
 1303,  1, j     , 0.8789912462234497 ,  943,  888, 1253, 1148
 1303,  6, feeder, 0.8232558369636536 ,  948, 1044, 1871, 1317
 1304,  1, j     , 0.8726931214332581 ,  944,  891, 1258, 1148
 1304,  6, feeder, 0.8421376347541809 ,  948, 1044, 1871, 1317
 1305,  1, j     , 0.8668227791786194 ,  945,  894, 1260, 1148
 1305,  6, feeder, 0.833188533782959  ,  948, 1044, 1871, 1317
 1306,  1, j     , 0.8727603554725647 ,  983,  896, 1261, 1148
 1306,  6, feeder, 0.8565242290496826 ,  948, 1044, 1871, 1317
 1307,  1, j     , 0.8821192979812622 , 1010,  898, 1260, 1147
 1307,  6, feeder, 0.8594838380813599 ,  947, 1045, 1871, 1317
 1308,  1, j     , 0.8858487606048584 , 1022,  898, 1258, 1147
 1308,  6, feeder, 0.8554853796958923 ,  947, 1045, 1871, 1317
 1309,  1, j     , 0.8861412405967712 , 1029,  897, 1257, 1147
 1309,  6, feeder, 0.8461456894874573 ,  947, 1045, 1871, 1317
 1310,  1, j     , 0.8879196047782898 , 1032,  897, 1258, 1147
 1310,  6, feeder, 0.8402889370918274 ,  947, 1045, 1871, 1317
 1311,  1, j     , 0.889674186706543  , 1039,  897, 1259, 1147
 1311,  6, feeder, 0.8358584642410278 ,  946, 1045, 1871, 1317
 1312,  1, j     , 0.8927240371704102 , 1044,  897, 1258, 1148
 1312,  6, feeder, 0.827427089214325  ,  946, 1045, 1871, 1317
 1313,  1, j     , 0.8963502645492554 , 1046,  898, 1258, 1147
 1313,  6, feeder, 0.8364931344985962 ,  945, 1045, 1871, 1317
 1314,  1, j     , 0.8973975777626038 , 1047,  897, 1256, 1147
 1314,  6, feeder, 0.8368331789970398 ,  945, 1045, 1871, 1317
 1315,  1, j     , 0.901506781578064  , 1048,  898, 1256, 1148
 1315,  6, feeder, 0.8359509110450745 ,  945, 1045, 1871, 1317
 1316,  1, j     , 0.8910439610481262 , 1046,  898, 1254, 1147
 1316,  6, feeder, 0.8478726744651794 ,  945, 1045, 1871, 1317
 1317,  1, j     , 0.906661868095398  , 1048,  899, 1254, 1147
 1317,  6, feeder, 0.8558871150016785 ,  944, 1045, 1871, 1317
 1318,  1, j     , 0.9021937847137451 , 1049,  904, 1254, 1147
 1318,  6, feeder, 0.8634997010231018 ,  944, 1045, 1871, 1317
 1319,  1, j     , 0.9007349014282227 , 1047,  910, 1254, 1147
 1319,  6, feeder, 0.8595532774925232 ,  943, 1045, 1871, 1317
 1320,  1, j     , 0.9030181765556335 , 1048,  913, 1254, 1147
 1320,  6, feeder, 0.8623579144477844 ,  943, 1045, 1871, 1317
 1321,  1, j     , 0.9004498720169067 , 1048,  916, 1254, 1147
 1321,  6, feeder, 0.8871137499809265 ,  944, 1045, 1871, 1317
 1322,  1, j     , 0.9000381231307983 , 1048,  918, 1254, 1148
 1322,  6, feeder, 0.8843570947647095 ,  944, 1045, 1871, 1317
 1323,  1, j     , 0.8993316888809204 , 1049,  918, 1253, 1148
 1323,  6, feeder, 0.8810870051383972 ,  944, 1044, 1871, 1317
 1324,  1, j     , 0.895785391330719  , 1048,  919, 1252, 1147
 1324,  6, feeder, 0.8804113864898682 ,  944, 1045, 1871, 1317
 1325,  1, j     , 0.8920860290527344 , 1048,  919, 1252, 1147
 1325,  6, feeder, 0.8853777647018433 ,  944, 1045, 1871, 1317
 1326,  1, j     , 0.8919272422790527 , 1048,  919, 1252, 1147
 1326,  6, feeder, 0.8893621563911438 ,  944, 1045, 1871, 1317
 1327,  1, j     , 0.8937630653381348 , 1049,  919, 1251, 1147
 1327,  6, feeder, 0.8880004286766052 ,  944, 1045, 1871, 1317
 1328,  1, j     , 0.8940373659133911 , 1049,  918, 1251, 1147
 1328,  6, feeder, 0.8863577842712402 ,  944, 1045, 1871, 1317
 1329,  1, j     , 0.8933377861976624 , 1047,  915, 1251, 1147
 1329,  6, feeder, 0.8879762887954712 ,  944, 1045, 1871, 1317
 1330,  1, j     , 0.9022102355957031 , 1048,  907, 1251, 1147
 1330,  6, feeder, 0.8913828730583191 ,  943, 1045, 1871, 1317
 1331,  1, j     , 0.8801751732826233 , 1038,  906, 1253, 1145
 1331,  6, feeder, 0.8958594799041748 ,  944, 1045, 1871, 1317
 1332,  1, j     , 0.8940111994743347 , 1043,  914, 1256, 1146
 1332,  6, feeder, 0.8879725933074951 ,  945, 1045, 1871, 1317
 1333,  1, j     , 0.8892953991889954 , 1028,  910, 1256, 1148
 1333,  6, feeder, 0.8957642912864685 ,  947, 1045, 1871, 1316
 1334,  1, j     , 0.8967235088348389 , 1017,  905, 1259, 1148
 1334,  6, feeder, 0.8895195722579956 ,  948, 1045, 1871, 1316
 1335,  1, j     , 0.8893859386444092 , 1012,  899, 1261, 1148
 1335,  6, feeder, 0.894134521484375  ,  949, 1045, 1871, 1316
 1336,  1, j     , 0.8865563869476318 , 1010,  896, 1269, 1148
 1336,  6, feeder, 0.8964548110961914 ,  949, 1044, 1871, 1316
 1337,  1, j     , 0.8882477283477783 , 1008,  895, 1271, 1148
 1337,  6, feeder, 0.8947944045066833 ,  949, 1044, 1871, 1316
 1338,  1, j     , 0.8920513987541199 , 1005,  893, 1272, 1148
 1338,  6, feeder, 0.8963888883590698 ,  949, 1043, 1871, 1316
 1339,  1, j     , 0.8922188878059387 ,  997,  892, 1275, 1148
 1339,  6, feeder, 0.8966044783592224 ,  949, 1043, 1871, 1316
 1340,  1, j     , 0.8964663743972778 ,  991,  892, 1277, 1148
 1340,  6, feeder, 0.8965561389923096 ,  949, 1044, 1871, 1316
 1341,  1, j     , 0.9040443897247314 ,  989,  890, 1280, 1148
 1341,  6, feeder, 0.8963366746902466 ,  949, 1044, 1871, 1316
 1342,  1, j     , 0.9058282971382141 ,  992,  889, 1283, 1148
 1342,  6, feeder, 0.8987265825271606 ,  949, 1044, 1871, 1316
 1343,  1, j     , 0.9101722240447998 ,  993,  885, 1283, 1148
 1343,  6, feeder, 0.899236261844635  ,  949, 1043, 1870, 1316
 1344,  1, j     , 0.9100912809371948 , 1000,  883, 1284, 1148
 1344,  6, feeder, 0.898121178150177  ,  949, 1043, 1870, 1316
 1345,  1, j     , 0.9099951982498169 , 1003,  882, 1283, 1148
 1345,  6, feeder, 0.8983592987060547 ,  949, 1043, 1870, 1316
 1346,  1, j     , 0.9077840447425842 , 1003,  882, 1283, 1148
 1346,  6, feeder, 0.8966194987297058 ,  949, 1043, 1870, 1316
 1347,  1, j     , 0.9072579741477966 , 1003,  882, 1283, 1148
 1347,  6, feeder, 0.895581066608429  ,  949, 1043, 1870, 1316
 1348,  1, j     , 0.9078792333602905 , 1005,  882, 1282, 1148
 1348,  6, feeder, 0.8954398036003113 ,  949, 1043, 1871, 1316
 1349,  1, j     , 0.90785813331604   , 1004,  881, 1282, 1148
 1349,  6, feeder, 0.8948763012886047 ,  949, 1043, 1871, 1316
 1350,  1, j     , 0.908709704875946  , 1004,  880, 1282, 1148
 1350,  6, feeder, 0.8966178894042969 ,  949, 1043, 1871, 1316
 1351,  1, j     , 0.9104079604148865 , 1002,  878, 1282, 1148
 1351,  6, feeder, 0.8937069773674011 ,  949, 1043, 1871, 1316
 1352,  1, j     , 0.9113097190856934 , 1001,  880, 1284, 1148
 1352,  6, feeder, 0.8929905891418457 ,  949, 1043, 1871, 1316
 1353,  1, j     , 0.9146456122398376 ,  997,  882, 1282, 1148
 1353,  6, feeder, 0.8920369744300842 ,  950, 1044, 1871, 1316
 1354,  1, j     , 0.9081473350524902 ,  990,  886, 1284, 1147
 1354,  6, feeder, 0.8953301906585693 ,  950, 1043, 1871, 1316
 1355,  1, j     , 0.9014055728912354 ,  988,  890, 1288, 1146
 1355,  6, feeder, 0.8801015019416809 ,  951, 1043, 1871, 1316
 1356,  1, j     , 0.8965608477592468 ,  986,  894, 1292, 1146
 1356,  6, feeder, 0.859171986579895  ,  951, 1043, 1871, 1316
 1357,  1, j     , 0.8882468938827515 ,  983,  890, 1296, 1145
 1357,  6, feeder, 0.8612098693847656 ,  951, 1042, 1871, 1316
 1358,  1, j     , 0.8893747329711914 ,  967,  883, 1297, 1145
 1358,  6, feeder, 0.8618699908256531 ,  950, 1042, 1872, 1316
 1359,  1, j     , 0.8991491198539734 ,  951,  879, 1298, 1145
 1359,  6, feeder, 0.8623452186584473 ,  949, 1041, 1872, 1316
 1360,  1, j     , 0.9034033417701721 ,  944,  877, 1297, 1145
 1360,  6, feeder, 0.8636318445205688 ,  949, 1041, 1872, 1316
 1361,  1, j     , 0.9096962213516235 ,  940,  877, 1297, 1145
 1361,  6, feeder, 0.8606031537055969 ,  949, 1041, 1872, 1317
 1362,  1, j     , 0.9072816371917725 ,  939,  877, 1297, 1146
 1362,  6, feeder, 0.8611395359039307 ,  949, 1041, 1871, 1317
 1363,  1, j     , 0.9067789912223816 ,  939,  876, 1297, 1146
 1363,  6, feeder, 0.8599088788032532 ,  949, 1041, 1871, 1317
 1364,  1, j     , 0.9072350263595581 ,  940,  877, 1296, 1146
 1364,  6, feeder, 0.858290433883667  ,  949, 1041, 1871, 1317
 1365,  1, j     , 0.9079943299293518 ,  939,  877, 1296, 1146
 1365,  6, feeder, 0.8573585748672485 ,  949, 1041, 1871, 1317
 1366,  1, j     , 0.8975201845169067 ,  938,  876, 1297, 1146
 1366,  6, feeder, 0.8722655773162842 ,  948, 1041, 1872, 1317
 1367,  1, j     , 0.899138867855072  ,  936,  876, 1299, 1146
 1367,  6, feeder, 0.8672370314598083 ,  947, 1041, 1872, 1317
 1368,  1, j     , 0.8901426196098328 ,  935,  875, 1289, 1147
 1368,  6, feeder, 0.8880757093429565 ,  946, 1041, 1872, 1317
 1369,  1, j     , 0.8867905139923096 ,  935,  871, 1284, 1147
 1369,  6, feeder, 0.8968428373336792 ,  946, 1041, 1871, 1317
 1370,  1, j     , 0.8826205134391785 ,  966,  866, 1283, 1147
 1370,  6, feeder, 0.8893153071403503 ,  946, 1041, 1871, 1317
 1371,  1, j     , 0.8982962965965271 , 1010,  863, 1281, 1148
 1371,  6, feeder, 0.892945408821106  ,  946, 1041, 1871, 1317
 1372,  1, j     , 0.8990908861160278 , 1038,  858, 1276, 1148
 1372,  6, feeder, 0.8957594633102417 ,  946, 1041, 1871, 1317
 1373,  1, j     , 0.9027445912361145 , 1051,  856, 1272, 1148
 1373,  6, feeder, 0.8966096043586731 ,  945, 1041, 1871, 1317
 1374,  1, j     , 0.9062507152557373 , 1057,  855, 1267, 1148
 1374,  6, feeder, 0.8958406448364258 ,  945, 1041, 1871, 1317
 1375,  1, j     , 0.9091466665267944 , 1058,  855, 1264, 1148
 1375,  6, feeder, 0.8958479166030884 ,  944, 1041, 1871, 1317
 1376,  1, j     , 0.9117525815963745 , 1060,  856, 1261, 1148
 1376,  6, feeder, 0.895070493221283  ,  944, 1041, 1871, 1317
 1377,  1, j     , 0.9125346541404724 , 1059,  856, 1260, 1148
 1377,  6, feeder, 0.8953489065170288 ,  944, 1041, 1871, 1317
 1378,  1, j     , 0.9144119024276733 , 1059,  856, 1258, 1148
 1378,  6, feeder, 0.8970715999603271 ,  944, 1041, 1871, 1317
 1379,  1, j     , 0.9161942005157471 , 1058,  856, 1257, 1148
 1379,  6, feeder, 0.895907461643219  ,  944, 1042, 1871, 1317
 1380,  1, j     , 0.9176993370056152 , 1057,  856, 1255, 1148
 1380,  6, feeder, 0.8961211442947388 ,  944, 1042, 1871, 1317
 1381,  1, j     , 0.91935795545578   , 1056,  857, 1254, 1148
 1381,  6, feeder, 0.8912665843963623 ,  944, 1041, 1871, 1317
 1382,  1, j     , 0.9198079705238342 , 1057,  862, 1255, 1148
 1382,  6, feeder, 0.8916655778884888 ,  944, 1041, 1871, 1317
 1383,  1, j     , 0.9165453314781189 , 1054,  869, 1256, 1148
 1383,  6, feeder, 0.8891043663024902 ,  944, 1042, 1871, 1317
 1384,  1, j     , 0.9057307243347168 , 1030,  881, 1256, 1147
 1384,  6, feeder, 0.8835997581481934 ,  946, 1043, 1871, 1317
 1385,  1, j     , 0.8874408006668091 , 1016,  896, 1256, 1147
 1385,  6, feeder, 0.8734604716300964 ,  946, 1044, 1871, 1317
 1386,  1, j     , 0.8787516355514526 , 1027,  904, 1256, 1147
 1386,  6, feeder, 0.8508196473121643 ,  945, 1045, 1871, 1317
 1387,  1, j     , 0.8823349475860596 , 1037,  908, 1259, 1147
 1387,  6, feeder, 0.8349753022193909 ,  944, 1046, 1871, 1317
 1388,  1, j     , 0.8832600712776184 , 1036,  908, 1259, 1147
 1388,  6, feeder, 0.834844172000885  ,  944, 1046, 1871, 1317
 1389,  1, j     , 0.884567379951477  , 1037,  908, 1265, 1147
 1389,  6, feeder, 0.8298240900039673 ,  944, 1047, 1871, 1317
 1390,  1, j     , 0.8865475058555603 , 1034,  908, 1271, 1147
 1390,  6, feeder, 0.8310503959655762 ,  945, 1046, 1871, 1317
 1391,  1, j     , 0.889593780040741  , 1034,  908, 1275, 1146
 1391,  6, feeder, 0.8446890711784363 ,  945, 1046, 1871, 1317
 1392,  1, j     , 0.8867144584655762 , 1032,  908, 1276, 1146
 1392,  6, feeder, 0.8433954119682312 ,  945, 1046, 1871, 1317
 1393,  1, j     , 0.891694188117981  , 1035,  908, 1277, 1146
 1393,  6, feeder, 0.8405595421791077 ,  945, 1046, 1871, 1317
 1394,  1, j     , 0.8914673328399658 , 1037,  908, 1279, 1146
 1394,  6, feeder, 0.8215345740318298 ,  946, 1046, 1871, 1317
 1395,  1, j     , 0.8909447193145752 , 1036,  907, 1282, 1146
 1395,  6, feeder, 0.8103962540626526 ,  946, 1046, 1871, 1317
 1396,  1, j     , 0.8878074884414673 , 1028,  907, 1287, 1147
 1396,  6, feeder, 0.803459644317627  ,  947, 1046, 1871, 1317
 1397,  1, j     , 0.8885323405265808 , 1024,  906, 1289, 1147
 1397,  6, feeder, 0.7997823357582092 ,  947, 1046, 1871, 1317
 1398,  1, j     , 0.8876355886459351 , 1021,  906, 1291, 1147
 1398,  6, feeder, 0.79803067445755   ,  947, 1045, 1871, 1317
 1399,  1, j     , 0.8884339928627014 , 1024,  906, 1291, 1147
 1399,  6, feeder, 0.788353681564331  ,  947, 1045, 1871, 1317
 1400,  1, j     , 0.8874005675315857 , 1030,  906, 1292, 1147
 1400,  6, feeder, 0.7986947894096375 ,  946, 1045, 1871, 1317
 1401,  1, j     , 0.8880162239074707 , 1022,  905, 1298, 1147
 1401,  6, feeder, 0.7596768140792847 ,  947, 1045, 1871, 1317
 1402,  1, j     , 0.884600043296814  , 1019,  905, 1310, 1147
 1402,  6, feeder, 0.7173254489898682 ,  948, 1045, 1871, 1317
 1403,  1, j     , 0.8854042887687683 , 1017,  904, 1318, 1147
 1403,  6, feeder, 0.6574548482894897 ,  949, 1045, 1871, 1317
 1404,  1, j     , 0.889422595500946  , 1014,  905, 1326, 1147
 1404,  6, feeder, 0.7355242371559143 ,  949, 1045, 1871, 1317
 1405,  1, j     , 0.8939673900604248 , 1009,  904, 1332, 1147
 1405,  6, feeder, 0.74814772605896   ,  949, 1045, 1871, 1317
 1406,  1, j     , 0.8987365961074829 , 1008,  902, 1336, 1146
 1406,  6, feeder, 0.7967364192008972 ,  949, 1045, 1871, 1317
 1407,  1, j     , 0.8987200260162354 , 1005,  900, 1341, 1146
 1407,  6, feeder, 0.8016194701194763 ,  949, 1045, 1871, 1317
 1408,  1, j     , 0.9065842628479004 , 1001,  893, 1352, 1146
 1408,  6, feeder, 0.808485746383667  ,  949, 1044, 1871, 1317
 1409,  1, j     , 0.9105810523033142 ,  997,  882, 1361, 1147
 1409,  6, feeder, 0.798580527305603  ,  950, 1044, 1871, 1317
 1410,  1, j     , 0.9118391871452332 ,  997,  876, 1365, 1147
 1410,  6, feeder, 0.7660888433456421 ,  950, 1043, 1871, 1317
 1411,  1, j     , 0.9007560014724731 ,  956,  873, 1369, 1147
 1411,  6, feeder, 0.7687094807624817 ,  949, 1043, 1872, 1317
 1412,  1, j     , 0.8935995101928711 ,  970,  872, 1373, 1147
 1412,  6, feeder, 0.7815759181976318 ,  949, 1042, 1872, 1317
 1413,  1, j     , 0.9037938714027405 ,  986,  872, 1378, 1147
 1413,  6, feeder, 0.7548155188560486 ,  949, 1042, 1872, 1317
 1414,  1, j     , 0.8996450304985046 ,  990,  871, 1381, 1147
 1414,  6, feeder, 0.7676701545715332 ,  949, 1042, 1872, 1317
 1415,  1, j     , 0.8973079323768616 ,  949,  870, 1383, 1146
 1415,  6, feeder, 0.7423391342163086 ,  948, 1042, 1873, 1317
 1416,  1, j     , 0.8951807618141174 ,  936,  870, 1385, 1146
 1416,  6, feeder, 0.736548662185669  ,  948, 1042, 1873, 1317
 1417,  1, j     , 0.893740177154541  ,  960,  869, 1390, 1147
 1417,  6, feeder, 0.7174361348152161 ,  948, 1042, 1873, 1317
 1418,  1, j     , 0.9044225811958313 ,  928,  869, 1389, 1146
 1418,  6, feeder, 0.7052565217018127 ,  948, 1043, 1872, 1317
 1419,  1, j     , 0.895762026309967  ,  961,  870, 1389, 1146
 1419,  6, feeder, 0.7116963267326355 ,  948, 1043, 1873, 1317
 1420,  1, j     , 0.8969148993492126 ,  974,  870, 1388, 1146
 1420,  6, feeder, 0.721649169921875  ,  949, 1043, 1872, 1317
 1421,  1, j     , 0.8969979286193848 ,  979,  870, 1387, 1147
 1421,  6, feeder, 0.7083619832992554 ,  949, 1043, 1873, 1317
 1422,  1, j     , 0.8980246186256409 ,  986,  870, 1387, 1147
 1422,  6, feeder, 0.7136408686637878 ,  949, 1042, 1873, 1316
 1423,  1, j     , 0.8973848223686218 ,  989,  870, 1386, 1147
 1423,  6, feeder, 0.7127971649169922 ,  948, 1041, 1873, 1315
 1424,  1, j     , 0.8975300788879395 ,  990,  870, 1385, 1147
 1424,  6, feeder, 0.7078496217727661 ,  948, 1041, 1874, 1315
 1425,  1, j     , 0.9009276032447815 ,  994,  871, 1384, 1147
 1425,  6, feeder, 0.7287064790725708 ,  949, 1042, 1873, 1316
 1426,  1, j     , 0.9051799178123474 ,  996,  871, 1381, 1146
 1426,  6, feeder, 0.7830740809440613 ,  950, 1043, 1873, 1317
 1427,  1, j     , 0.9093672037124634 ,  999,  872, 1378, 1146
 1427,  6, feeder, 0.7891579270362854 ,  950, 1043, 1872, 1317
 1428,  1, j     , 0.9116330146789551 , 1000,  872, 1375, 1146
 1428,  6, feeder, 0.8135377168655396 ,  950, 1044, 1872, 1317
 1429,  1, j     , 0.917966365814209  , 1001,  872, 1376, 1145
 1429,  6, feeder, 0.78781658411026   ,  949, 1043, 1873, 1316
 1430,  1, j     , 0.9141881465911865 ,  999,  864, 1377, 1146
 1430,  6, feeder, 0.8060063123703003 ,  949, 1043, 1873, 1315
 1431,  1, j     , 0.9175577163696289 ,  997,  855, 1376, 1147
 1431,  6, feeder, 0.8097546696662903 ,  949, 1043, 1873, 1315
 1432,  1, j     , 0.9202239513397217 ,  996,  843, 1375, 1148
 1432,  6, feeder, 0.8295868635177612 ,  949, 1042, 1873, 1315
 1433,  1, j     , 0.9229882955551147 ,  995,  834, 1375, 1148
 1433,  6, feeder, 0.8479763865470886 ,  950, 1042, 1873, 1315
 1434,  1, j     , 0.9250613451004028 ,  997,  825, 1378, 1148
 1434,  6, feeder, 0.8505187034606934 ,  951, 1043, 1872, 1316
 1435,  1, j     , 0.9243645071983337 ,  997,  817, 1381, 1148
 1435,  6, feeder, 0.8486529588699341 ,  952, 1044, 1872, 1317
 1436,  1, j     , 0.9250001311302185 ,  997,  814, 1384, 1148
 1436,  6, feeder, 0.8422959446907043 ,  952, 1044, 1872, 1317
 1437,  1, j     , 0.9221853017807007 ,  997,  813, 1387, 1148
 1437,  6, feeder, 0.842027485370636  ,  952, 1044, 1872, 1317
 1438,  1, j     , 0.9216212034225464 ,  997,  813, 1388, 1149
 1438,  6, feeder, 0.8479019999504089 ,  952, 1044, 1872, 1317
 1439,  1, j     , 0.9222153425216675 ,  997,  812, 1388, 1149
 1439,  6, feeder, 0.8504676222801208 ,  952, 1044, 1872, 1317
 1440,  1, j     , 0.9190717935562134 ,  997,  812, 1391, 1149
 1440,  6, feeder, 0.8562505841255188 ,  953, 1044, 1872, 1317
 1441,  1, j     , 0.9208424687385559 ,  997,  811, 1392, 1149
 1441,  6, feeder, 0.8456246256828308 ,  953, 1044, 1872, 1317
 1442,  1, j     , 0.9209018349647522 ,  998,  812, 1392, 1149
 1442,  6, feeder, 0.8225987553596497 ,  953, 1044, 1872, 1317
 1443,  1, j     , 0.9188646674156189 ,  999,  812, 1385, 1149
 1443,  6, feeder, 0.8348206281661987 ,  953, 1044, 1872, 1317
 1444,  1, j     , 0.9185777306556702 , 1007,  811, 1375, 1148
 1444,  6, feeder, 0.848412036895752  ,  952, 1043, 1871, 1317
 1445,  1, j     , 0.912321150302887  , 1014,  812, 1368, 1148
 1445,  6, feeder, 0.856289267539978  ,  952, 1044, 1871, 1316
 1446,  1, j     , 0.9129868149757385 , 1020,  811, 1364, 1148
 1446,  6, feeder, 0.8549151420593262 ,  952, 1044, 1871, 1316
 1447,  1, j     , 0.9097847938537598 , 1021,  811, 1359, 1148
 1447,  6, feeder, 0.8587899804115295 ,  952, 1044, 1871, 1316
 1448,  1, j     , 0.9078925848007202 , 1023,  810, 1356, 1149
 1448,  6, feeder, 0.8624718189239502 ,  952, 1044, 1871, 1316
 1449,  1, j     , 0.9075073003768921 , 1024,  810, 1352, 1149
 1449,  6, feeder, 0.8599249124526978 ,  952, 1043, 1872, 1316
 1450,  1, j     , 0.9046434164047241 , 1025,  810, 1349, 1149
 1450,  6, feeder, 0.8667781352996826 ,  952, 1043, 1872, 1316
 1451,  1, j     , 0.9042184352874756 , 1025,  810, 1349, 1149
 1451,  6, feeder, 0.8638668060302734 ,  952, 1043, 1872, 1316
 1452,  1, j     , 0.9033542275428772 , 1025,  810, 1349, 1149
 1452,  6, feeder, 0.8538191914558411 ,  952, 1043, 1872, 1316
 1453,  1, j     , 0.9038321375846863 , 1026,  811, 1351, 1149
 1453,  6, feeder, 0.8538478016853333 ,  952, 1042, 1872, 1316
 1454,  1, j     , 0.9039472341537476 , 1027,  811, 1351, 1149
 1454,  6, feeder, 0.864022970199585  ,  952, 1042, 1872, 1316
 1455,  1, j     , 0.9050494432449341 , 1028,  811, 1345, 1149
 1455,  6, feeder, 0.8666643500328064 ,  951, 1042, 1872, 1316
 1456,  1, j     , 0.9028839468955994 , 1029,  812, 1338, 1149
 1456,  6, feeder, 0.8817173838615417 ,  950, 1042, 1872, 1316
 1457,  1, j     , 0.9040946364402771 , 1029,  814, 1333, 1148
 1457,  6, feeder, 0.8726996183395386 ,  950, 1042, 1872, 1317
 1458,  1, j     , 0.9035927653312683 , 1032,  812, 1327, 1149
 1458,  6, feeder, 0.8629536628723145 ,  950, 1042, 1872, 1317
 1459,  1, j     , 0.9053609371185303 , 1033,  811, 1321, 1149
 1459,  6, feeder, 0.8597460985183716 ,  950, 1042, 1872, 1317
 1460,  1, j     , 0.9050185680389404 , 1034,  810, 1317, 1149
 1460,  6, feeder, 0.862557590007782  ,  950, 1043, 1872, 1317
 1461,  1, j     , 0.9058900475502014 , 1036,  807, 1313, 1149
 1461,  6, feeder, 0.8569385409355164 ,  950, 1042, 1872, 1317
 1462,  1, j     , 0.9087636470794678 , 1036,  803, 1307, 1149
 1462,  6, feeder, 0.8436786532402039 ,  950, 1042, 1872, 1317
 1463,  1, j     , 0.9072008728981018 , 1037,  801, 1302, 1149
 1463,  6, feeder, 0.8131610155105591 ,  949, 1041, 1872, 1316
 1464,  1, j     , 0.9053189754486084 , 1038,  808, 1296, 1149
 1464,  6, feeder, 0.8367482423782349 ,  949, 1041, 1872, 1315
 1465,  1, j     , 0.9064171314239502 , 1040,  800, 1295, 1151
 1465,  6, feeder, 0.8206921815872192 ,  949, 1041, 1873, 1315
 1466,  1, j     , 0.9027212858200073 , 1041,  801, 1291, 1151
 1466,  6, feeder, 0.7917638421058655 ,  949, 1041, 1873, 1315
 1467,  1, j     , 0.9024850726127625 , 1042,  800, 1285, 1153
 1467,  6, feeder, 0.8045839667320251 ,  949, 1041, 1873, 1315
 1468,  1, j     , 0.9007861614227295 , 1042,  800, 1283, 1154
 1468,  6, feeder, 0.8303289413452148 ,  949, 1041, 1873, 1315
 1469,  1, j     , 0.9006025195121765 , 1041,  801, 1281, 1154
 1469,  6, feeder, 0.8320432305335999 ,  949, 1041, 1873, 1315
 1470,  1, j     , 0.9007975459098816 , 1040,  802, 1276, 1153
 1470,  6, feeder, 0.8296407461166382 ,  949, 1041, 1873, 1315
 1471,  1, j     , 0.9010142087936401 , 1040,  801, 1270, 1153
 1471,  6, feeder, 0.8578159809112549 ,  949, 1041, 1872, 1315
 1472,  1, j     , 0.9009332060813904 , 1041,  802, 1266, 1153
 1472,  6, feeder, 0.8531004786491394 ,  948, 1041, 1872, 1315
 1473,  1, j     , 0.8994215726852417 , 1041,  802, 1263, 1154
 1473,  6, feeder, 0.8582858443260193 ,  948, 1041, 1872, 1315
 1474,  1, j     , 0.9003097414970398 , 1041,  800, 1261, 1153
 1474,  6, feeder, 0.859470009803772  ,  948, 1041, 1872, 1315
 1475,  1, j     , 0.902705192565918  , 1041,  809, 1258, 1159
 1475,  6, feeder, 0.8553314208984375 ,  948, 1042, 1872, 1315
 1476,  1, j     , 0.90179044008255   , 1041,  815, 1257, 1167
 1476,  6, feeder, 0.8285845518112183 ,  948, 1042, 1872, 1315
 1477,  1, j     , 0.9032396674156189 , 1041,  833, 1257, 1169
 1477,  6, feeder, 0.8307579159736633 ,  947, 1042, 1873, 1315
 1478,  1, j     , 0.9016414880752563 , 1041,  846, 1258, 1164
 1478,  6, feeder, 0.8386030197143555 ,  947, 1042, 1873, 1315
 1479,  1, j     , 0.9013786911964417 , 1041,  851, 1257, 1162
 1479,  6, feeder, 0.8390616774559021 ,  947, 1042, 1873, 1315
 1480,  1, j     , 0.904965341091156  , 1041,  853, 1256, 1160
 1480,  6, feeder, 0.8494415283203125 ,  947, 1042, 1872, 1315
 1481,  1, j     , 0.905482292175293  , 1041,  853, 1255, 1160
 1481,  6, feeder, 0.8551144003868103 ,  947, 1042, 1872, 1316
 1482,  1, j     , 0.9036444425582886 , 1042,  852, 1254, 1159
 1482,  6, feeder, 0.8574776649475098 ,  947, 1042, 1871, 1317
 1483,  1, j     , 0.9014254808425903 , 1042,  853, 1254, 1158
 1483,  6, feeder, 0.8637107014656067 ,  946, 1042, 1871, 1317
 1484,  1, j     , 0.9011942148208618 , 1043,  853, 1254, 1155
 1484,  6, feeder, 0.8487906455993652 ,  946, 1042, 1871, 1317
 1485,  1, j     , 0.9031731486320496 , 1043,  852, 1255, 1154
 1485,  6, feeder, 0.8358167409896851 ,  946, 1042, 1871, 1317
 1486,  1, j     , 0.904362678527832  , 1045,  854, 1253, 1151
 1486,  6, feeder, 0.81800776720047   ,  945, 1042, 1871, 1317
 1487,  1, j     , 0.9043078422546387 , 1045,  857, 1251, 1150
 1487,  6, feeder, 0.8098661303520203 ,  945, 1042, 1871, 1317
 1488,  1, j     , 0.9074075222015381 , 1045,  869, 1251, 1149
 1488,  6, feeder, 0.8001217246055603 ,  944, 1043, 1871, 1317
 1489,  1, j     , 0.9050725698471069 , 1046,  879, 1252, 1149
 1489,  6, feeder, 0.8448261022567749 ,  944, 1043, 1871, 1317
 1490,  1, j     , 0.91130530834198   , 1049,  887, 1254, 1148
 1490,  6, feeder, 0.8432096242904663 ,  944, 1044, 1871, 1317
 1491,  1, j     , 0.9144965410232544 , 1050,  892, 1256, 1149
 1491,  6, feeder, 0.8667135238647461 ,  945, 1044, 1871, 1317
 1492,  1, j     , 0.9149150252342224 , 1051,  893, 1257, 1149
 1492,  6, feeder, 0.8695768713951111 ,  944, 1044, 1871, 1317
 1493,  1, j     , 0.9164905548095703 , 1053,  894, 1259, 1150
 1493,  6, feeder, 0.8634718060493469 ,  945, 1044, 1871, 1317
 1494,  1, j     , 0.9154209494590759 , 1054,  895, 1260, 1151
 1494,  6, feeder, 0.8666911125183105 ,  944, 1044, 1871, 1317
 1495,  1, j     , 0.9151813387870789 , 1055,  895, 1261, 1151
 1495,  6, feeder, 0.867256224155426  ,  944, 1044, 1871, 1317
 1496,  1, j     , 0.9136398434638977 , 1055,  895, 1263, 1150
 1496,  6, feeder, 0.8762518763542175 ,  944, 1044, 1871, 1317
 1497,  1, j     , 0.9107704758644104 , 1052,  893, 1267, 1149
 1497,  6, feeder, 0.87751305103302   ,  944, 1044, 1871, 1317
 1498,  1, j     , 0.9161784052848816 , 1050,  882, 1289, 1149
 1498,  6, feeder, 0.854105532169342  ,  945, 1044, 1872, 1316
 1499,  1, j     , 0.9007623791694641 , 1041,  870, 1310, 1149
 1499,  6, feeder, 0.8475539088249207 ,  946, 1043, 1872, 1316
 1500,  1, j     , 0.9169185161590576 , 1019,  865, 1324, 1150
 1500,  6, feeder, 0.8432344794273376 ,  951, 1042, 1872, 1316
 1501,  1, j     , 0.917625367641449  , 1004,  863, 1332, 1150
 1501,  6, feeder, 0.8500317335128784 ,  954, 1042, 1872, 1316
 1502,  1, j     , 0.9180397987365723 ,  995,  862, 1338, 1150
 1502,  6, feeder, 0.8497703075408936 ,  956, 1042, 1872, 1316
 1503,  1, j     , 0.9185221195220947 ,  987,  861, 1341, 1150
 1503,  6, feeder, 0.8406434059143066 ,  957, 1042, 1872, 1316
 1504,  1, j     , 0.9187530875205994 ,  984,  861, 1342, 1150
 1504,  6, feeder, 0.8400945663452148 ,  957, 1042, 1872, 1316
 1505,  1, j     , 0.9189414978027344 ,  982,  861, 1340, 1150
 1505,  6, feeder, 0.8411267399787903 ,  957, 1042, 1872, 1316
 1506,  1, j     , 0.9190430641174316 ,  981,  861, 1339, 1150
 1506,  6, feeder, 0.840908408164978  ,  958, 1042, 1872, 1316
 1507,  1, j     , 0.9179359078407288 ,  981,  861, 1337, 1150
 1507,  6, feeder, 0.841522216796875  ,  957, 1042, 1872, 1316
 1508,  1, j     , 0.91810542345047   ,  981,  862, 1336, 1149
 1508,  6, feeder, 0.8437727093696594 ,  957, 1042, 1872, 1316
 1509,  1, j     , 0.9172083735466003 ,  980,  862, 1337, 1149
 1509,  6, feeder, 0.8482073545455933 ,  957, 1042, 1872, 1316
 1510,  1, j     , 0.9220095872879028 ,  979,  863, 1347, 1149
 1510,  6, feeder, 0.8063964247703552 ,  957, 1042, 1872, 1316
 1511,  1, j     , 0.9230980277061462 ,  979,  867, 1353, 1149
 1511,  6, feeder, 0.7713325619697571 ,  957, 1042, 1872, 1316
 1512,  1, j     , 0.9258794784545898 ,  979,  869, 1362, 1149
 1512,  6, feeder, 0.7132774591445923 ,  957, 1041, 1872, 1316
 1513,  1, j     , 0.9264576435089111 ,  979,  870, 1366, 1149
 1513,  6, feeder, 0.7670927047729492 ,  957, 1041, 1872, 1316
 1514,  1, j     , 0.9264708757400513 ,  979,  870, 1368, 1149
 1514,  6, feeder, 0.7976908683776855 ,  957, 1041, 1872, 1316
 1515,  1, j     , 0.926654577255249  ,  979,  870, 1370, 1150
 1515,  6, feeder, 0.7909522652626038 ,  957, 1041, 1872, 1316
 1516,  1, j     , 0.930472731590271  ,  980,  870, 1373, 1149
 1516,  6, feeder, 0.7334258556365967 ,  957, 1041, 1872, 1316
 1517,  1, j     , 0.9299288392066956 ,  981,  870, 1374, 1148
 1517,  6, feeder, 0.7496084570884705 ,  957, 1041, 1871, 1316
 1518,  1, j     , 0.9303178191184998 ,  982,  870, 1374, 1148
 1518,  6, feeder, 0.7757592797279358 ,  957, 1041, 1871, 1316
 1519,  1, j     , 0.9298645257949829 ,  982,  870, 1373, 1148
 1519,  6, feeder, 0.788838267326355  ,  957, 1041, 1871, 1316
 1520,  1, j     , 0.9296411871910095 ,  982,  871, 1374, 1149
 1520,  6, feeder, 0.7824914455413818 ,  957, 1041, 1871, 1316
 1521,  1, j     , 0.9296984672546387 ,  983,  871, 1376, 1150
 1521,  6, feeder, 0.75127112865448   ,  957, 1041, 1871, 1316
 1522,  1, j     , 0.928892195224762  ,  984,  868, 1378, 1150
 1522,  6, feeder, 0.7770914435386658 ,  957, 1041, 1871, 1316
 1523,  1, j     , 0.9307366013526917 ,  986,  866, 1381, 1149
 1523,  6, feeder, 0.7745881080627441 ,  957, 1040, 1872, 1316
 1524,  1, j     , 0.9323779344558716 ,  988,  866, 1391, 1149
 1524,  6, feeder, 0.776446521282196  ,  957, 1040, 1872, 1316
 1525,  1, j     , 0.931847095489502  ,  990,  868, 1395, 1148
 1525,  6, feeder, 0.8253759741783142 ,  957, 1040, 1871, 1316
 1526,  1, j     , 0.9319779872894287 ,  992,  869, 1400, 1149
 1526,  6, feeder, 0.832449197769165  ,  957, 1039, 1871, 1316
 1527,  1, j     , 0.9299144148826599 ,  995,  870, 1403, 1149
 1527,  6, feeder, 0.8399903178215027 ,  956, 1039, 1871, 1316
 1528,  1, j     , 0.92948979139328   ,  995,  870, 1405, 1150
 1528,  6, feeder, 0.8504830598831177 ,  956, 1039, 1871, 1316
 1529,  1, j     , 0.9371329545974731 ,  995,  871, 1415, 1150
 1529,  6, feeder, 0.8472920060157776 ,  956, 1038, 1871, 1316
 1530,  1, j     , 0.935978889465332  ,  994,  866, 1420, 1149
 1530,  6, feeder, 0.8049026727676392 ,  956, 1038, 1871, 1316
 1531,  1, j     , 0.9267240762710571 ,  993,  857, 1417, 1148
 1531,  6, feeder, 0.7952847480773926 ,  955, 1037, 1871, 1316
 1532,  1, j     , 0.9195303916931152 ,  993,  846, 1416, 1147
 1532,  6, feeder, 0.7754291296005249 ,  956, 1037, 1871, 1316
 1533,  1, j     , 0.9224379062652588 ,  994,  839, 1413, 1146
 1533,  6, feeder, 0.7652990221977234 ,  956, 1037, 1871, 1316
 1534,  1, j     , 0.9216067790985107 ,  994,  835, 1415, 1146
 1534,  6, feeder, 0.7236425876617432 ,  956, 1037, 1871, 1316
 1535,  1, j     , 0.9213652014732361 ,  994,  831, 1403, 1145
 1535,  6, feeder, 0.8283153772354126 ,  955, 1037, 1871, 1316
 1536,  1, j     , 0.9214847087860107 ,  994,  830, 1398, 1146
 1536,  6, feeder, 0.8413988947868347 ,  955, 1038, 1871, 1316
 1537,  1, j     , 0.9216881990432739 ,  994,  824, 1400, 1146
 1537,  6, feeder, 0.7728456854820251 ,  955, 1038, 1871, 1316
 1538,  1, j     , 0.921710193157196  ,  994,  822, 1403, 1145
 1538,  6, feeder, 0.7874835729598999 ,  955, 1038, 1871, 1316
 1539,  1, j     , 0.9226336479187012 ,  994,  821, 1405, 1145
 1539,  6, feeder, 0.7665833830833435 ,  956, 1038, 1871, 1316
 1540,  1, j     , 0.9211657643318176 ,  993,  821, 1408, 1145
 1540,  6, feeder, 0.766471803188324  ,  956, 1038, 1871, 1316
 1541,  1, j     , 0.9209510684013367 ,  993,  821, 1410, 1146
 1541,  6, feeder, 0.7061437964439392 ,  956, 1038, 1871, 1316
 1542,  1, j     , 0.9221232533454895 ,  993,  821, 1409, 1146
 1542,  6, feeder, 0.696057915687561  ,  956, 1038, 1872, 1316
 1543,  1, j     , 0.9224727153778076 ,  993,  821, 1409, 1146
 1543,  6, feeder, 0.6750084161758423 ,  956, 1038, 1872, 1316
 1544,  1, j     , 0.9233271479606628 ,  993,  822, 1409, 1147
 1544,  6, feeder, 0.6485008597373962 ,  956, 1038, 1872, 1316
 1545,  1, j     , 0.9274440407752991 ,  993,  823, 1407, 1146
 1545,  6, feeder, 0.6803165674209595 ,  956, 1038, 1871, 1316
 1546,  1, j     , 0.919323205947876  ,  997,  825, 1412, 1148
 1546,  6, feeder, 0.3630329370498657 ,  955, 1038, 1872, 1316
 1547,  1, j     , 0.921501100063324  ,  998,  829, 1417, 1149
 1547,  6, feeder, 0.2912656366825104 ,  955, 1038, 1873, 1316
 1548,  1, j     , 0.9209969639778137 ,  997,  832, 1417, 1149
 1548,  6, feeder, 0.327926367521286  ,  955, 1038, 1873, 1316
 1549,  1, j     , 0.9197549223899841 ,  997,  834, 1417, 1149
 1549,  6, feeder, 0.41863539814949036,  955, 1038, 1873, 1317
 1550,  1, j     , 0.9202175140380859 ,  997,  834, 1417, 1150
 1550,  6, feeder, 0.37988710403442383,  955, 1038, 1872, 1317
 1551,  1, j     , 0.918855607509613  ,  997,  835, 1417, 1150
 1551,  6, feeder, 0.39794987440109253,  955, 1038, 1872, 1317
 1552,  1, j     , 0.9192805886268616 ,  997,  835, 1417, 1150
 1552,  6, feeder, 0.35516613721847534,  955, 1038, 1872, 1317
 1553,  1, j     , 0.9195402264595032 ,  997,  835, 1417, 1150
 1553,  6, feeder, 0.4198058843612671 ,  955, 1038, 1872, 1317
 1554,  1, j     , 0.9191312789916992 ,  998,  836, 1417, 1150
 1554,  6, feeder, 0.4758053421974182 ,  955, 1038, 1872, 1317
 1555,  1, j     , 0.9171764850616455 ,  998,  836, 1416, 1150
 1555,  6, feeder, 0.5933787226676941 ,  955, 1039, 1872, 1317
 1556,  1, j     , 0.9174928665161133 , 1000,  836, 1416, 1150
 1556,  6, feeder, 0.542456328868866  ,  955, 1039, 1872, 1317
 1557,  1, j     , 0.9124798774719238 ,  998,  835, 1418, 1148
 1557,  6, feeder, 0.5188214182853699 ,  953, 1039, 1872, 1317
 1558,  1, j     , 0.9070677757263184 ,  956,  828, 1422, 1146
 1558,  6, feeder, 0.8349483013153076 ,  944, 1042, 1875, 1317
 1559,  1, j     , 0.9042799472808838 ,  939,  816, 1431, 1147
 1559,  6, feeder, 0.8639724254608154 ,  941, 1044, 1875, 1318
 1560,  1, j     , 0.9039453864097595 ,  933,  811, 1447, 1105
 1560,  6, feeder, 0.8835253715515137 ,  940, 1046, 1875, 1318
 1561,  1, j     , 0.9170473217964172 ,  916,  819, 1460, 1084
 1561,  6, feeder, 0.907126784324646  ,  939, 1046, 1875, 1318
 1562,  1, j     , 0.9244005680084229 ,  877,  839, 1478, 1112
 1562,  6, feeder, 0.812953770160675  ,  940, 1042, 1874, 1317
 1563,  1, j     , 0.929248034954071  ,  886,  864, 1492, 1127
 1563,  6, feeder, 0.8332434892654419 ,  941, 1040, 1873, 1316
 1564,  1, j     , 0.9014641642570496 ,  911,  886, 1499, 1133
 1564,  6, feeder, 0.8135761022567749 ,  942, 1039, 1873, 1316
 1565,  1, j     , 0.8757205605506897 ,  980,  901, 1502, 1137
 1565,  6, feeder, 0.8034091591835022 ,  942, 1040, 1873, 1316
 1566,  1, j     , 0.8889756202697754 , 1022,  906, 1501, 1138
 1566,  6, feeder, 0.8048114776611328 ,  942, 1040, 1873, 1315
 1567,  1, j     , 0.8985065221786499 , 1040,  907, 1500, 1139
 1567,  6, feeder, 0.7978379726409912 ,  942, 1040, 1873, 1315
 1568,  1, j     , 0.8966328501701355 , 1048,  906, 1497, 1137
 1568,  6, feeder, 0.8416059613227844 ,  943, 1041, 1873, 1315
 1569,  1, j     , 0.8958788514137268 , 1047,  906, 1499, 1138
 1569,  6, feeder, 0.8668231964111328 ,  943, 1041, 1873, 1315
 1570,  1, j     , 0.910800576210022  , 1046,  901, 1509, 1138
 1570,  6, feeder, 0.7633334398269653 ,  943, 1041, 1873, 1315
 1571,  1, j     , 0.9246537685394287 , 1045,  885, 1517, 1138
 1571,  6, feeder, 0.565239667892456  ,  942, 1039, 1873, 1316
 1572,  1, j     , 0.9124448299407959 , 1044,  867, 1516, 1139
 1572,  6, feeder, 0.45622995495796204,  942, 1038, 1873, 1316
 1573,  1, j     , 0.9077060222625732 , 1041,  856, 1513, 1139
 1573,  6, feeder, 0.4161362648010254 ,  942, 1037, 1873, 1315
 1574,  1, j     , 0.8852972984313965 , 1030,  848, 1509, 1139
 1574,  6, feeder, 0.5361311435699463 ,  942, 1037, 1872, 1315
 1575,  1, j     , 0.8923079967498779 , 1030,  844, 1506, 1139
 1575,  6, feeder, 0.4956547021865845 ,  943, 1037, 1872, 1315
 1576,  1, j     , 0.8914188742637634 , 1031,  848, 1495, 1140
 1576,  6, feeder, 0.6719555258750916 ,  943, 1037, 1873, 1315
 1577,  1, j     , 0.8809245228767395 , 1023,  844, 1490, 1140
 1577,  6, feeder, 0.687839686870575  ,  943, 1038, 1873, 1315
 1578,  1, j     , 0.8873894810676575 , 1028,  842, 1489, 1140
 1578,  6, feeder, 0.6271325945854187 ,  943, 1037, 1873, 1315
 1579,  1, j     , 0.8999872207641602 , 1032,  841, 1489, 1140
 1579,  6, feeder, 0.5643916726112366 ,  943, 1037, 1873, 1315
 1580,  1, j     , 0.8999984860420227 , 1028,  840, 1490, 1140
 1580,  6, feeder, 0.499819278717041  ,  944, 1037, 1873, 1315
 1581,  1, j     , 0.8996999263763428 , 1029,  839, 1489, 1140
 1581,  6, feeder, 0.4998493194580078 ,  944, 1037, 1873, 1315
 1582,  1, j     , 0.8969025015830994 , 1026,  839, 1490, 1140
 1582,  6, feeder, 0.47580888867378235,  944, 1037, 1872, 1315
 1583,  1, j     , 0.9003637433052063 , 1031,  838, 1488, 1140
 1583,  6, feeder, 0.4883486032485962 ,  944, 1037, 1872, 1315
 1584,  1, j     , 0.9003506302833557 , 1029,  839, 1482, 1141
 1584,  6, feeder, 0.5499138236045837 ,  944, 1038, 1872, 1315
 1585,  1, j     , 0.9042893052101135 , 1017,  842, 1475, 1141
 1585,  6, feeder, 0.6040645837783813 ,  945, 1038, 1872, 1315
 1586,  1, j     , 0.9177659153938293 , 1000,  834, 1479, 1141
 1586,  6, feeder, 0.47713756561279297,  950, 1038, 1872, 1317
 1587,  1, j     , 0.923125147819519  ,  995,  828, 1486, 1142
 1587,  6, feeder, 0.49637871980667114,  952, 1039, 1872, 1317
 1588,  1, j     , 0.9235686659812927 ,  992,  826, 1489, 1142
 1588,  6, feeder, 0.4649677574634552 ,  953, 1039, 1872, 1317
 1589,  1, j     , 0.9238053560256958 ,  991,  825, 1488, 1141
 1589,  6, feeder, 0.4126531183719635 ,  953, 1039, 1872, 1317
 1590,  1, j     , 0.9266815781593323 ,  991,  824, 1496, 1141
 1590,  6, feeder, 0.3848658800125122 ,  953, 1039, 1871, 1317
 1591,  1, j     , 0.9198110699653625 ,  989,  825, 1490, 1141
 1591,  6, feeder, 0.3549540042877197 ,  954, 1038, 1872, 1317
 1592,  1, j     , 0.9208934307098389 ,  988,  836, 1480, 1140
 1592,  6, feeder, 0.534229040145874  ,  954, 1038, 1872, 1318
 1593,  1, j     , 0.9293333292007446 ,  997,  829, 1494, 1141
 1593,  6, feeder, 0.586304247379303  ,  952, 1038, 1872, 1317
 1594,  1, j     , 0.9304261803627014 ,  999,  827, 1502, 1140
 1594,  6, feeder, 0.5781667828559875 ,  952, 1038, 1872, 1317
 1595,  1, j     , 0.9310992956161499 ,  999,  827, 1503, 1140
 1595,  6, feeder, 0.582671046257019  ,  952, 1038, 1872, 1317
 1596,  1, j     , 0.9297131896018982 ,  998,  827, 1503, 1140
 1596,  6, feeder, 0.5594742894172668 ,  953, 1038, 1872, 1317
 1597,  1, j     , 0.9301565885543823 ,  996,  826, 1507, 1140
 1597,  6, feeder, 0.5708257555961609 ,  953, 1037, 1872, 1317
 1598,  1, j     , 0.9288966059684753 ,  996,  826, 1506, 1140
 1598,  6, feeder, 0.6047728061676025 ,  953, 1038, 1872, 1317
 1599,  1, j     , 0.9244881868362427 ,  996,  826, 1495, 1141
 1599,  6, feeder, 0.487295001745224  ,  953, 1038, 1872, 1317
 1600,  1, j     , 0.924496054649353  ,  994,  837, 1483, 1141
 1600,  6, feeder, 0.5877470374107361 ,  953, 1038, 1872, 1317
 1601,  1, j     , 0.9285807609558105 ,  999,  831, 1495, 1141
 1601,  6, feeder, 0.6232047080993652 ,  952, 1038, 1872, 1317
 1602,  1, j     , 0.9292412996292114 ,  999,  829, 1503, 1141
 1602,  6, feeder, 0.6279000639915466 ,  952, 1038, 1872, 1317
 1603,  1, j     , 0.9293505549430847 ,  999,  829, 1505, 1141
 1603,  6, feeder, 0.5919017791748047 ,  952, 1038, 1872, 1317
 1604,  1, j     , 0.9292020201683044 ,  998,  829, 1506, 1141
 1604,  6, feeder, 0.5806966423988342 ,  952, 1038, 1872, 1317
 1605,  1, j     , 0.9307568669319153 ,  998,  829, 1506, 1140
 1605,  6, feeder, 0.5623767375946045 ,  952, 1038, 1872, 1317
 1606,  1, j     , 0.9279646277427673 , 1000,  829, 1504, 1141
 1606,  6, feeder, 0.6877574324607849 ,  951, 1039, 1872, 1317
 1607,  1, j     , 0.9285317063331604 , 1002,  829, 1504, 1140
 1607,  6, feeder, 0.6895909905433655 ,  951, 1039, 1872, 1317
 1608,  1, j     , 0.9262470006942749 , 1002,  829, 1503, 1141
 1608,  6, feeder, 0.665647566318512  ,  950, 1039, 1872, 1317
 1609,  1, j     , 0.9264814853668213 , 1001,  829, 1500, 1141
 1609,  6, feeder, 0.6647335290908813 ,  951, 1039, 1872, 1317
 1610,  1, j     , 0.9253803491592407 , 1004,  828, 1494, 1141
 1610,  6, feeder, 0.708204984664917  ,  950, 1039, 1872, 1317
 1611,  1, j     , 0.9232560992240906 , 1008,  827, 1480, 1141
 1611,  6, feeder, 0.7121203541755676 ,  950, 1040, 1872, 1317
 1612,  1, j     , 0.9219808578491211 , 1012,  827, 1465, 1141
 1612,  6, feeder, 0.7132221460342407 ,  949, 1040, 1871, 1317
 1613,  1, j     , 0.9137032628059387 , 1016,  827, 1444, 1141
 1613,  6, feeder, 0.8213924765586853 ,  946, 1040, 1872, 1316
 1614,  1, j     , 0.9089348316192627 , 1024,  819, 1425, 1140
 1614,  6, feeder, 0.8539999127388    ,  944, 1040, 1872, 1316
 1615,  1, j     , 0.9081907272338867 , 1033,  809, 1415, 1140
 1615,  6, feeder, 0.8530610203742981 ,  943, 1040, 1873, 1316
 1616,  1, j     , 0.8865105509757996 , 1038,  801, 1407, 1140
 1616,  6, feeder, 0.8606843948364258 ,  943, 1040, 1873, 1316
 1617,  1, j     , 0.8941417336463928 , 1044,  799, 1403, 1141
 1617,  6, feeder, 0.8781941533088684 ,  944, 1041, 1872, 1317
 1618,  1, j     , 0.9011582136154175 , 1042,  802, 1396, 1140
 1618,  6, feeder, 0.8677738308906555 ,  943, 1040, 1872, 1316
 1619,  1, j     , 0.8926146030426025 , 1045,  796, 1394, 1141
 1619,  6, feeder, 0.8681085109710693 ,  942, 1040, 1872, 1316
 1620,  1, j     , 0.8884026408195496 , 1045,  794, 1392, 1141
 1620,  6, feeder, 0.8820616006851196 ,  943, 1040, 1872, 1317
 1621,  1, j     , 0.8880170583724976 , 1050,  791, 1392, 1141
 1621,  6, feeder, 0.8864181041717529 ,  943, 1040, 1872, 1317
 1622,  1, j     , 0.8915278315544128 , 1054,  790, 1392, 1141
 1622,  6, feeder, 0.8861750960350037 ,  943, 1040, 1871, 1317
 1623,  1, j     , 0.8902275562286377 , 1058,  791, 1392, 1140
 1623,  6, feeder, 0.8876471519470215 ,  943, 1040, 1871, 1318
 1624,  1, j     , 0.895761251449585  , 1065,  803, 1389, 1140
 1624,  6, feeder, 0.8812422156333923 ,  943, 1040, 1871, 1318
 1625,  1, j     , 0.8999584317207336 , 1062,  804, 1387, 1139
 1625,  6, feeder, 0.888891875743866  ,  943, 1041, 1871, 1318
 1626,  1, j     , 0.8977689146995544 , 1064,  807, 1386, 1139
 1626,  6, feeder, 0.8905526399612427 ,  943, 1041, 1871, 1318
 1627,  1, j     , 0.8984577655792236 , 1066,  809, 1386, 1139
 1627,  6, feeder, 0.891654908657074  ,  943, 1041, 1871, 1318
 1628,  1, j     , 0.8973541259765625 , 1068,  810, 1386, 1139
 1628,  6, feeder, 0.8918020725250244 ,  943, 1041, 1871, 1317
 1629,  1, j     , 0.8978320956230164 , 1068,  809, 1385, 1139
 1629,  6, feeder, 0.8922610282897949 ,  944, 1041, 1871, 1317
 1630,  1, j     , 0.8939040899276733 , 1070,  805, 1385, 1139
 1630,  6, feeder, 0.8905319571495056 ,  944, 1041, 1871, 1317
 1631,  1, j     , 0.9030593037605286 , 1070,  812, 1387, 1139
 1631,  6, feeder, 0.8847702741622925 ,  943, 1041, 1871, 1318
 1632,  1, j     , 0.8967457413673401 , 1062,  807, 1386, 1140
 1632,  6, feeder, 0.8888121247291565 ,  944, 1041, 1871, 1317
 1633,  1, j     , 0.8962185978889465 , 1065,  807, 1388, 1140
 1633,  6, feeder, 0.8885887861251831 ,  943, 1041, 1871, 1317
 1634,  1, j     , 0.8970083594322205 , 1062,  805, 1389, 1140
 1634,  6, feeder, 0.8920326232910156 ,  944, 1041, 1871, 1317
 1635,  1, j     , 0.8975452780723572 , 1063,  804, 1390, 1140
 1635,  6, feeder, 0.892452597618103  ,  944, 1041, 1871, 1317
 1636,  1, j     , 0.8964605331420898 , 1062,  804, 1390, 1141
 1636,  6, feeder, 0.8909074068069458 ,  944, 1041, 1871, 1317
 1637,  1, j     , 0.8958784341812134 , 1062,  804, 1391, 1141
 1637,  6, feeder, 0.8905450105667114 ,  944, 1041, 1871, 1317
 1638,  1, j     , 0.8953755497932434 , 1064,  804, 1392, 1141
 1638,  6, feeder, 0.8908915519714355 ,  944, 1041, 1871, 1317
 1639,  1, j     , 0.8936284184455872 , 1065,  804, 1391, 1141
 1639,  6, feeder, 0.890254020690918  ,  944, 1041, 1871, 1317
 1640,  1, j     , 0.8966973423957825 , 1065,  808, 1392, 1141
 1640,  6, feeder, 0.8881617784500122 ,  944, 1041, 1871, 1317
 1641,  1, j     , 0.907805323600769  , 1059,  817, 1411, 1142
 1641,  6, feeder, 0.8794345855712891 ,  943, 1041, 1871, 1317
 1642,  1, j     , 0.914952278137207  , 1054,  828, 1444, 1142
 1642,  6, feeder, 0.8666154742240906 ,  943, 1040, 1870, 1317
 1643,  1, j     , 0.9195590019226074 , 1044,  847, 1469, 1143
 1643,  6, feeder, 0.854195237159729  ,  943, 1040, 1871, 1317
 1644,  1, j     , 0.9255765676498413 , 1032,  866, 1488, 1142
 1644,  6, feeder, 0.8098808526992798 ,  944, 1040, 1871, 1317
 1645,  1, j     , 0.9407732486724854 , 1018,  878, 1495, 1142
 1645,  6, feeder, 0.7953947186470032 ,  945, 1040, 1871, 1317
 1646,  1, j     , 0.934748113155365  , 1009,  883, 1499, 1142
 1646,  6, feeder, 0.759539783000946  ,  945, 1040, 1871, 1316
 1647,  1, j     , 0.9344442486763    , 1005,  884, 1501, 1142
 1647,  6, feeder, 0.7663413286209106 ,  947, 1041, 1871, 1317
 1648,  1, j     , 0.9332914352416992 , 1004,  884, 1502, 1142
 1648,  6, feeder, 0.7703781723976135 ,  948, 1041, 1871, 1317
 1649,  1, j     , 0.9310392737388611 , 1004,  884, 1502, 1142
 1649,  6, feeder, 0.7605519890785217 ,  945, 1041, 1872, 1316
 1650,  1, j     , 0.9336060285568237 , 1001,  884, 1507, 1141
 1650,  6, feeder, 0.7496650815010071 ,  948, 1041, 1871, 1317
 1651,  1, j     , 0.9337754249572754 , 1000,  883, 1505, 1141
 1651,  6, feeder, 0.7636711001396179 ,  945, 1040, 1872, 1316
 1652,  1, j     , 0.9310328960418701 , 1000,  883, 1504, 1141
 1652,  6, feeder, 0.7722345590591431 ,  945, 1040, 1872, 1316
 1653,  1, j     , 0.9320346117019653 ,  998,  882, 1503, 1141
 1653,  6, feeder, 0.7725625038146973 ,  945, 1040, 1872, 1316
 1654,  1, j     , 0.9309133291244507 , 1000,  882, 1503, 1141
 1654,  6, feeder, 0.7743258476257324 ,  944, 1040, 1872, 1316
 1655,  1, j     , 0.9304690361022949 ,  999,  882, 1503, 1142
 1655,  6, feeder, 0.7737417817115784 ,  944, 1040, 1872, 1316
 1656,  1, j     , 0.9309247136116028 ,  999,  882, 1503, 1142
 1656,  6, feeder, 0.7763979434967041 ,  944, 1040, 1872, 1316
 1657,  1, j     , 0.934660017490387  ,  997,  882, 1503, 1142
 1657,  6, feeder, 0.7754471898078918 ,  944, 1040, 1872, 1316
 1658,  1, j     , 0.9349751472473145 ,  996,  882, 1502, 1141
 1658,  6, feeder, 0.7601437568664551 ,  945, 1040, 1872, 1316
 1659,  1, j     , 0.9309922456741333 ,  997,  882, 1503, 1141
 1659,  6, feeder, 0.7523616552352905 ,  945, 1040, 1872, 1316
 1660,  1, j     , 0.926963210105896  ,  994,  882, 1502, 1141
 1660,  6, feeder, 0.7558485865592957 ,  945, 1040, 1872, 1316
 1661,  1, j     , 0.9288251399993896 ,  999,  882, 1495, 1141
 1661,  6, feeder, 0.856830358505249  ,  945, 1040, 1872, 1316
 1662,  1, j     , 0.9257673025131226 ,  995,  891, 1496, 1139
 1662,  6, feeder, 0.8756251335144043 ,  951, 1040, 1871, 1317
 1663,  1, j     , 0.9069510698318481 ,  991,  899, 1500, 1138
 1663,  6, feeder, 0.8510928750038147 ,  947, 1039, 1872, 1316
 1664,  1, j     , 0.9094480872154236 ,  986,  905, 1502, 1138
 1664,  6, feeder, 0.7943295240402222 ,  947, 1038, 1872, 1316
 1665,  1, j     , 0.9086434245109558 ,  980,  907, 1504, 1138
 1665,  6, feeder, 0.7886931896209717 ,  946, 1038, 1872, 1316
 1666,  1, j     , 0.9092795252799988 ,  981,  908, 1504, 1138
 1666,  6, feeder, 0.8185117840766907 ,  947, 1038, 1872, 1316
 1667,  1, j     , 0.9022000432014465 ,  981,  907, 1506, 1138
 1667,  6, feeder, 0.8360850214958191 ,  946, 1038, 1872, 1316
 1668,  1, j     , 0.8961555361747742 ,  977,  907, 1505, 1138
 1668,  6, feeder, 0.8383865356445312 ,  945, 1038, 1872, 1316
 1669,  1, j     , 0.9009417295455933 ,  959,  907, 1505, 1138
 1669,  6, feeder, 0.8297335505485535 ,  945, 1038, 1872, 1316
 1670,  1, j     , 0.9046860337257385 ,  949,  907, 1511, 1137
 1670,  6, feeder, 0.8472386598587036 ,  945, 1039, 1872, 1316
 1671,  1, j     , 0.9036571979522705 ,  942,  905, 1512, 1137
 1671,  6, feeder, 0.860438346862793  ,  945, 1040, 1872, 1316
 1672,  1, j     , 0.9016697406768799 ,  941,  903, 1522, 1138
 1672,  6, feeder, 0.862758457660675  ,  945, 1040, 1872, 1316
 1673,  1, j     , 0.9089512228965759 ,  933,  898, 1536, 1138
 1673,  6, feeder, 0.8223270773887634 ,  944, 1041, 1872, 1316
 1674,  1, j     , 0.9326830506324768 ,  928,  883, 1542, 1138
 1674,  6, feeder, 0.6180484890937805 ,  944, 1040, 1872, 1316
 1675,  1, j     , 0.9305199980735779 ,  927,  864, 1542, 1139
 1675,  6, feeder, 0.29793810844421387,  944, 1038, 1872, 1316
 1676,  1, j     , 0.9156153798103333 ,  933,  848, 1542, 1139
 1676,  6, feeder, 0.187827005982399  ,  945, 1036, 1873, 1316
 1677,  1, j     , 0.9188295602798462 ,  931,  835, 1540, 1138
 1677,  6, feeder, 0.3630339503288269 ,  945, 1035, 1872, 1317
 1678,  1, j     , 0.9130405783653259 ,  928,  839, 1509, 1139
 1678,  6, feeder, 0.5977216362953186 ,  945, 1036, 1872, 1316
 1679,  1, j     , 0.9233206510543823 ,  923,  834, 1500, 1139
 1679,  6, feeder, 0.5371313691139221 ,  945, 1037, 1872, 1316
 1680,  1, j     , 0.9286019206047058 ,  922,  828, 1507, 1138
 1680,  6, feeder, 0.4825722277164459 ,  945, 1037, 1872, 1316
 1681,  1, j     , 0.9308697581291199 ,  914,  825, 1513, 1139
 1681,  6, feeder, 0.5782115459442139 ,  944, 1037, 1871, 1317
 1682,  1, j     , 0.9322284460067749 ,  913,  823, 1516, 1139
 1682,  6, feeder, 0.5566925406455994 ,  944, 1037, 1871, 1317
 1683,  1, j     , 0.9322937726974487 ,  911,  822, 1518, 1139
 1683,  6, feeder, 0.5679794549942017 ,  944, 1037, 1871, 1317
 1684,  1, j     , 0.9318516850471497 ,  912,  822, 1519, 1140
 1684,  6, feeder, 0.5785466432571411 ,  943, 1037, 1871, 1317
 1685,  1, j     , 0.9313542246818542 ,  913,  821, 1519, 1140
 1685,  6, feeder, 0.5638588070869446 ,  944, 1037, 1871, 1318
 1686,  1, j     , 0.9313580393791199 ,  912,  821, 1519, 1140
 1686,  6, feeder, 0.5868255496025085 ,  943, 1037, 1871, 1318
 1687,  1, j     , 0.932643711566925  ,  911,  821, 1521, 1139
 1687,  6, feeder, 0.559184730052948  ,  944, 1037, 1871, 1318
 1688,  1, j     , 0.9307714104652405 ,  912,  821, 1522, 1139
 1688,  6, feeder, 0.6189773082733154 ,  944, 1037, 1871, 1317
 1689,  1, j     , 0.9208489656448364 ,  927,  821, 1526, 1139
 1689,  6, feeder, 0.6550424695014954 ,  945, 1038, 1871, 1318
 1690,  1, j     , 0.9206269383430481 ,  936,  821, 1528, 1139
 1690,  6, feeder, 0.6154567003250122 ,  946, 1037, 1872, 1317
 1691,  1, j     , 0.9238151907920837 ,  932,  821, 1529, 1139
 1691,  6, feeder, 0.553997814655304  ,  946, 1037, 1872, 1317
 1692,  1, j     , 0.9280737638473511 ,  928,  821, 1532, 1138
 1692,  6, feeder, 0.49558424949645996,  946, 1037, 1872, 1317
 1693,  1, j     , 0.928517758846283  ,  922,  814, 1532, 1138
 1693,  6, feeder, 0.4926198124885559 ,  946, 1037, 1872, 1318
 1694,  1, j     , 0.9272929430007935 ,  921,  807, 1526, 1138
 1694,  6, feeder, 0.4222906529903412 ,  947, 1036, 1872, 1318
 1695,  1, j     , 0.9207616448402405 ,  917,  818, 1504, 1139
 1695,  6, feeder, 0.6703832745552063 ,  945, 1038, 1871, 1318
 1696,  1, j     , 0.9262065291404724 ,  916,  810, 1511, 1138
 1696,  6, feeder, 0.4330032467842102 ,  945, 1037, 1871, 1317
 1697,  1, j     , 0.9214802384376526 ,  917,  807, 1528, 1138
 1697,  6, feeder, 0.4331522285938263 ,  945, 1037, 1871, 1317
 1698,  1, j     , 0.9261625409126282 ,  917,  805, 1535, 1137
 1698,  6, feeder, 0.41185668110847473,  945, 1036, 1871, 1317
 1699,  1, j     , 0.9307622313499451 ,  912,  804, 1536, 1137
 1699,  6, feeder, 0.40078455209732056,  945, 1036, 1871, 1317
 1700,  1, j     , 0.931509256362915  ,  909,  802, 1533, 1137
 1700,  6, feeder, 0.384234756231308  ,  945, 1036, 1871, 1317
 1701,  1, j     , 0.9311490058898926 ,  910,  805, 1532, 1138
 1701,  6, feeder, 0.4213092625141144 ,  944, 1036, 1872, 1318
 1702,  1, j     , 0.9316850304603577 ,  901,  814, 1531, 1138
 1702,  6, feeder, 0.5810402035713196 ,  945, 1038, 1871, 1318
 1703,  1, j     , 0.9308179616928101 ,  903,  814, 1543, 1138
 1703,  6, feeder, 0.33827510476112366,  945, 1038, 1871, 1317
 1704,  1, j     , 0.9293059706687927 ,  903,  815, 1547, 1138
 1704,  6, feeder, 0.33660200238227844,  945, 1037, 1872, 1317
 1705,  1, j     , 0.9300867915153503 ,  900,  815, 1548, 1138
 1705,  6, feeder, 0.3765568435192108 ,  946, 1038, 1871, 1317
 1706,  1, j     , 0.9284946322441101 ,  902,  815, 1549, 1138
 1706,  6, feeder, 0.3529580533504486 ,  946, 1038, 1871, 1317
 1707,  1, j     , 0.9280232191085815 ,  905,  814, 1549, 1138
 1707,  6, feeder, 0.3130205571651459 ,  945, 1038, 1871, 1317
 1708,  1, j     , 0.9281305074691772 ,  906,  814, 1549, 1138
 1708,  6, feeder, 0.32675355672836304,  945, 1038, 1871, 1317
 1709,  1, j     , 0.9443818926811218 ,  904,  815, 1541, 1137
 1709,  6, feeder, 0.3532116413116455 ,  945, 1037, 1871, 1317
 1710,  1, j     , 0.9407848715782166 ,  907,  819, 1536, 1137
 1710,  6, feeder, 0.40320146083831787,  945, 1037, 1872, 1318
 1711,  1, j     , 0.9311006665229797 ,  907,  822, 1537, 1137
 1711,  6, feeder, 0.33285951614379883,  945, 1037, 1872, 1317
 1712,  1, j     , 0.9291539192199707 ,  908,  823, 1536, 1137
 1712,  6, feeder, 0.31672921776771545,  945, 1038, 1871, 1317
 1713,  1, j     , 0.9283542633056641 ,  908,  824, 1535, 1138
 1713,  6, feeder, 0.3500654697418213 ,  945, 1038, 1872, 1317
 1714,  1, j     , 0.9324491620063782 ,  906,  824, 1533, 1137
 1714,  6, feeder, 0.3322807550430298 ,  945, 1037, 1872, 1317
 1715,  1, j     , 0.9294371604919434 ,  906,  824, 1534, 1137
 1715,  6, feeder, 0.3524399697780609 ,  945, 1037, 1872, 1317
 1716,  1, j     , 0.9305747151374817 ,  906,  824, 1535, 1138
 1716,  6, feeder, 0.3658718764781952 ,  945, 1037, 1872, 1317
 1717,  1, j     , 0.9303162693977356 ,  905,  823, 1536, 1138
 1717,  6, feeder, 0.36841437220573425,  945, 1037, 1872, 1317
 1718,  1, j     , 0.9297598004341125 ,  905,  823, 1536, 1138
 1718,  6, feeder, 0.40130943059921265,  945, 1037, 1872, 1317
 1719,  1, j     , 0.9293529987335205 ,  906,  823, 1536, 1138
 1719,  6, feeder, 0.4121059477329254 ,  945, 1037, 1872, 1317
 1720,  1, j     , 0.9296681880950928 ,  906,  823, 1536, 1138
 1720,  6, feeder, 0.4310635030269623 ,  945, 1037, 1872, 1317
 1721,  1, j     , 0.9293338656425476 ,  906,  823, 1536, 1138
 1721,  6, feeder, 0.40625855326652527,  945, 1037, 1872, 1317
 1722,  1, j     , 0.9300609230995178 ,  905,  823, 1536, 1138
 1722,  6, feeder, 0.42092543840408325,  945, 1037, 1872, 1317
 1723,  1, j     , 0.9303976893424988 ,  904,  823, 1537, 1138
 1723,  6, feeder, 0.40524473786354065,  945, 1037, 1872, 1316
 1724,  1, j     , 0.9298586249351501 ,  905,  825, 1532, 1137
 1724,  6, feeder, 0.41510167717933655,  945, 1038, 1872, 1316
 1725,  1, j     , 0.9165846109390259 ,  906,  831, 1496, 1137
 1725,  6, feeder, 0.5654929876327515 ,  945, 1038, 1871, 1317
 1726,  1, j     , 0.9205896258354187 ,  903,  842, 1476, 1138
 1726,  6, feeder, 0.7086124420166016 ,  945, 1040, 1872, 1316
 1727,  1, j     , 0.9250364303588867 ,  895,  850, 1465, 1138
 1727,  6, feeder, 0.6959399580955505 ,  946, 1040, 1872, 1316
 1728,  1, j     , 0.925701916217804  ,  891,  854, 1460, 1138
 1728,  6, feeder, 0.6656448245048523 ,  947, 1041, 1872, 1315
 1729,  1, j     , 0.9264646172523499 ,  887,  855, 1459, 1138
 1729,  6, feeder, 0.6403345465660095 ,  947, 1040, 1872, 1315
 1730,  1, j     , 0.9263842105865479 ,  885,  855, 1459, 1138
 1730,  6, feeder, 0.6558308601379395 ,  948, 1040, 1872, 1315
 1731,  1, j     , 0.9261701107025146 ,  884,  855, 1458, 1137
 1731,  6, feeder, 0.6393918991088867 ,  948, 1040, 1872, 1315
 1732,  1, j     , 0.9259597063064575 ,  885,  855, 1459, 1137
 1732,  6, feeder, 0.6781439781188965 ,  948, 1040, 1872, 1315
 1733,  1, j     , 0.9262022376060486 ,  885,  855, 1459, 1137
 1733,  6, feeder, 0.6792491674423218 ,  948, 1040, 1872, 1315
 1734,  1, j     , 0.9257463812828064 ,  888,  855, 1459, 1137
 1734,  6, feeder, 0.6864964962005615 ,  948, 1040, 1872, 1315
 1735,  1, j     , 0.9253773093223572 ,  892,  855, 1459, 1137
 1735,  6, feeder, 0.7019976377487183 ,  947, 1040, 1872, 1315
 1736,  1, j     , 0.9262389540672302 ,  893,  855, 1460, 1137
 1736,  6, feeder, 0.7116001844406128 ,  947, 1040, 1872, 1315
 1737,  1, j     , 0.9262091517448425 ,  893,  854, 1460, 1137
 1737,  6, feeder, 0.701972484588623  ,  946, 1040, 1872, 1315
 1738,  1, j     , 0.9269511103630066 ,  892,  854, 1460, 1137
 1738,  6, feeder, 0.689346432685852  ,  947, 1040, 1872, 1315
 1739,  1, j     , 0.9266846776008606 ,  893,  854, 1460, 1136
 1739,  6, feeder, 0.6956400275230408 ,  947, 1040, 1872, 1315
 1740,  1, j     , 0.9256278872489929 ,  891,  854, 1461, 1136
 1740,  6, feeder, 0.6946010589599609 ,  947, 1040, 1872, 1315
 1741,  1, j     , 0.9269788265228271 ,  893,  854, 1461, 1137
 1741,  6, feeder, 0.7557976841926575 ,  946, 1040, 1873, 1316
 1742,  1, j     , 0.9274469017982483 ,  894,  854, 1462, 1137
 1742,  6, feeder, 0.740250289440155  ,  946, 1040, 1873, 1316
 1743,  1, j     , 0.927854597568512  ,  893,  854, 1462, 1136
 1743,  6, feeder, 0.7554575800895691 ,  946, 1040, 1873, 1316
 1744,  1, j     , 0.9276476502418518 ,  893,  854, 1462, 1136
 1744,  6, feeder, 0.7557124495506287 ,  946, 1040, 1873, 1316
 1745,  1, j     , 0.9276136755943298 ,  893,  853, 1462, 1136
 1745,  6, feeder, 0.7417839765548706 ,  946, 1039, 1873, 1316
 1746,  1, j     , 0.9269508123397827 ,  894,  853, 1462, 1136
 1746,  6, feeder, 0.7320390343666077 ,  946, 1040, 1873, 1316
 1747,  1, j     , 0.9266605973243713 ,  894,  853, 1462, 1136
 1747,  6, feeder, 0.752341091632843  ,  946, 1040, 1873, 1316
 1748,  1, j     , 0.9265851378440857 ,  894,  853, 1462, 1136
 1748,  6, feeder, 0.7438554167747498 ,  946, 1040, 1873, 1316
 1749,  1, j     , 0.9264176487922668 ,  894,  853, 1462, 1136
 1749,  6, feeder, 0.7501335740089417 ,  946, 1040, 1873, 1316
 1750,  1, j     , 0.9262893795967102 ,  895,  853, 1462, 1136
 1750,  6, feeder, 0.7559981942176819 ,  946, 1040, 1873, 1316
 1751,  1, j     , 0.9267897009849548 ,  895,  853, 1462, 1136
 1751,  6, feeder, 0.7428942322731018 ,  946, 1040, 1873, 1316
 1752,  1, j     , 0.9267346858978271 ,  894,  853, 1463, 1136
 1752,  6, feeder, 0.7339696288108826 ,  946, 1040, 1873, 1316
 1753,  1, j     , 0.9265153408050537 ,  895,  853, 1463, 1136
 1753,  6, feeder, 0.725987434387207  ,  946, 1039, 1872, 1316
 1754,  1, j     , 0.9262956976890564 ,  895,  853, 1463, 1136
 1754,  6, feeder, 0.7400193810462952 ,  946, 1040, 1873, 1316
 1755,  1, j     , 0.925377368927002  ,  895,  853, 1463, 1137
 1755,  6, feeder, 0.7648857235908508 ,  946, 1040, 1872, 1316
 1756,  1, j     , 0.9265257120132446 ,  895,  853, 1464, 1136
 1756,  6, feeder, 0.8158318996429443 ,  944, 1040, 1872, 1316
 1757,  1, j     , 0.9265588521957397 ,  894,  853, 1465, 1136
 1757,  6, feeder, 0.8126704096794128 ,  943, 1040, 1872, 1316
 1758,  1, j     , 0.9264200925827026 ,  893,  853, 1465, 1136
 1758,  6, feeder, 0.8041166067123413 ,  943, 1040, 1872, 1316
 1759,  1, j     , 0.9267764091491699 ,  892,  853, 1465, 1136
 1759,  6, feeder, 0.7928300499916077 ,  943, 1040, 1872, 1316
 1760,  1, j     , 0.9260596632957458 ,  893,  853, 1464, 1136
 1760,  6, feeder, 0.803028404712677  ,  943, 1040, 1872, 1316
 1761,  1, j     , 0.9263631105422974 ,  893,  853, 1465, 1136
 1761,  6, feeder, 0.780631422996521  ,  944, 1040, 1872, 1316
 1762,  1, j     , 0.9258339405059814 ,  894,  853, 1465, 1136
 1762,  6, feeder, 0.7972232699394226 ,  944, 1040, 1872, 1316
 1763,  1, j     , 0.9260457754135132 ,  894,  853, 1465, 1136
 1763,  6, feeder, 0.7936937808990479 ,  944, 1040, 1872, 1316
 1764,  1, j     , 0.9253858327865601 ,  896,  853, 1465, 1136
 1764,  6, feeder, 0.7972230911254883 ,  944, 1040, 1872, 1316
 1765,  1, j     , 0.9251622557640076 ,  898,  852, 1466, 1136
 1765,  6, feeder, 0.7756869792938232 ,  944, 1040, 1872, 1316
 1766,  1, j     , 0.9306600093841553 ,  896,  849, 1495, 1136
 1766,  6, feeder, 0.5332326889038086 ,  945, 1039, 1872, 1317
 1767,  1, j     , 0.9360829591751099 ,  890,  844, 1514, 1137
 1767,  6, feeder, 0.472199022769928  ,  945, 1039, 1872, 1317
 1768,  1, j     , 0.9345744252204895 ,  891,  840, 1522, 1137
 1768,  6, feeder, 0.5338010787963867 ,  945, 1039, 1872, 1317
 1769,  1, j     , 0.9324362874031067 ,  895,  839, 1527, 1137
 1769,  6, feeder, 0.5142415165901184 ,  944, 1038, 1872, 1317
 1770,  1, j     , 0.932508111000061  ,  897,  838, 1529, 1137
 1770,  6, feeder, 0.48720651865005493,  944, 1038, 1872, 1317
 1771,  1, j     , 0.93256014585495   ,  902,  837, 1531, 1136
 1771,  6, feeder, 0.5468265414237976 ,  943, 1038, 1872, 1317
 1772,  1, j     , 0.9311881065368652 ,  904,  836, 1531, 1136
 1772,  6, feeder, 0.569407045841217  ,  942, 1039, 1872, 1317
 1773,  1, j     , 0.9297162294387817 ,  907,  836, 1531, 1136
 1773,  6, feeder, 0.608564555644989  ,  942, 1039, 1872, 1317
 1774,  1, j     , 0.9295610189437866 ,  909,  836, 1531, 1136
 1774,  6, feeder, 0.6291955709457397 ,  942, 1039, 1872, 1317
 1775,  1, j     , 0.929826557636261  ,  910,  836, 1531, 1137
 1775,  6, feeder, 0.6280392408370972 ,  942, 1039, 1872, 1317
 1776,  1, j     , 0.9306511282920837 ,  908,  836, 1530, 1137
 1776,  6, feeder, 0.6207981109619141 ,  942, 1039, 1872, 1317
 1777,  1, j     , 0.930609405040741  ,  908,  836, 1530, 1137
 1777,  6, feeder, 0.6346467137336731 ,  942, 1039, 1872, 1317
 1778,  1, j     , 0.9304233193397522 ,  908,  836, 1529, 1137
 1778,  6, feeder, 0.6219167113304138 ,  942, 1039, 1872, 1317
 1779,  1, j     , 0.9302296042442322 ,  909,  836, 1530, 1137
 1779,  6, feeder, 0.6031442880630493 ,  942, 1039, 1872, 1317
 1780,  1, j     , 0.9319946765899658 ,  909,  836, 1531, 1137
 1780,  6, feeder, 0.6178344488143921 ,  942, 1039, 1872, 1317
 1781,  1, j     , 0.9320778846740723 ,  908,  836, 1531, 1137
 1781,  6, feeder, 0.5703951716423035 ,  942, 1039, 1872, 1317
 1782,  1, j     , 0.9320762753486633 ,  908,  836, 1531, 1137
 1782,  6, feeder, 0.5967038869857788 ,  942, 1038, 1872, 1317
 1783,  1, j     , 0.931520938873291  ,  911,  836, 1530, 1137
 1783,  6, feeder, 0.6273992657661438 ,  942, 1038, 1872, 1317
 1784,  1, j     , 0.9311248660087585 ,  912,  836, 1530, 1137
 1784,  6, feeder, 0.6146813631057739 ,  943, 1039, 1872, 1317
 1785,  1, j     , 0.9328827857971191 ,  913,  836, 1531, 1137
 1785,  6, feeder, 0.6098898649215698 ,  943, 1038, 1872, 1317
 1786,  1, j     , 0.9307904243469238 ,  910,  836, 1530, 1137
 1786,  6, feeder, 0.5058159828186035 ,  942, 1038, 1872, 1317
 1787,  1, j     , 0.9296253323554993 ,  910,  836, 1530, 1137
 1787,  6, feeder, 0.5216686725616455 ,  942, 1038, 1872, 1317
 1788,  1, j     , 0.9311147332191467 ,  914,  836, 1529, 1137
 1788,  6, feeder, 0.4961647689342499 ,  943, 1037, 1872, 1317
 1789,  1, j     , 0.9235512614250183 ,  917,  834, 1531, 1138
 1789,  6, feeder, 0.556414783000946  ,  943, 1038, 1871, 1317
 1790,  1, j     , 0.9150860905647278 ,  966,  831, 1531, 1138
 1790,  6, feeder, 0.5879562497138977 ,  946, 1038, 1871, 1317
 1791,  1, j     , 0.9118180274963379 ,  981,  829, 1530, 1138
 1791,  6, feeder, 0.5390142798423767 ,  946, 1037, 1872, 1317
 1792,  1, j     , 0.9229506254196167 ,  992,  828, 1529, 1138
 1792,  6, feeder, 0.5888727903366089 ,  947, 1038, 1871, 1317
 1793,  1, j     , 0.9216380715370178 ,  996,  827, 1530, 1138
 1793,  6, feeder, 0.5811787843704224 ,  947, 1038, 1871, 1317
 1794,  1, j     , 0.9267223477363586 ,  998,  827, 1530, 1138
 1794,  6, feeder, 0.5831879377365112 ,  947, 1038, 1871, 1317
 1795,  1, j     , 0.9273412227630615 ,  998,  827, 1531, 1138
 1795,  6, feeder, 0.5688295364379883 ,  948, 1038, 1871, 1317
 1796,  1, j     , 0.9292047619819641 ,  999,  827, 1530, 1138
 1796,  6, feeder, 0.5893232226371765 ,  948, 1038, 1871, 1317
 1797,  1, j     , 0.9304772615432739 ,  998,  827, 1530, 1138
 1797,  6, feeder, 0.6116352677345276 ,  948, 1038, 1871, 1317
 1798,  1, j     , 0.9314974546432495 ,  998,  827, 1530, 1138
 1798,  6, feeder, 0.5860154628753662 ,  948, 1038, 1871, 1317
 1799,  1, j     , 0.9318498969078064 ,  998,  827, 1530, 1138
 1799,  6, feeder, 0.6094213724136353 ,  948, 1038, 1871, 1317
 1800,  1, j     , 0.9283799529075623 ,  997,  826, 1523, 1138
 1800,  6, feeder, 0.6869310140609741 ,  949, 1038, 1872, 1317
 1801,  1, j     , 0.9256162047386169 ,  995,  825, 1510, 1139
 1801,  6, feeder, 0.7928993105888367 ,  950, 1038, 1871, 1317
