x1,y1,x2,y2,id,confidence,class
801.23779296875,904.519775390625,2051.12353515625,1272.723388671875,1.0,0.9534947872161865,1.0
1249.28076171875,814.4598388671875,1621.296875,1136.11376953125,2.0,0.920419454574585,2.0
801.3223266601562,905.2340698242188,2051.13134765625,1272.818359375,1.0,0.953183114528656,1.0
1250.26123046875,814.88818359375,1615.9361572265625,1135.9364013671875,2.0,0.9166336059570312,2.0
801.4562377929688,906.6023559570312,2051.034912109375,1273.4068603515625,1.0,0.9522861838340759,1.0
1258.1304931640625,854.6759643554688,1578.907470703125,1135.3470458984375,2.0,0.9001858830451965,2.0
801.1333618164062,907.6464233398438,2052.046142578125,1273.5845947265625,1.0,0.9508002996444702,1.0
1311.757080078125,862.1115112304688,1550.044677734375,1136.42431640625,2.0,0.9436410069465637,2.0
801.2522583007812,907.1036987304688,2051.0966796875,1273.5477294921875,1.0,0.9512670040130615,1.0
1310.200439453125,862.8489990234375,1542.0074462890625,1136.8231201171875,2.0,0.9465165734291077,2.0
800.8629150390625,906.7301635742188,2051.9697265625,1273.4962158203125,1.0,0.9517710208892822,1.0
1316.024658203125,863.5107421875,1539.83544921875,1136.5142822265625,2.0,0.9432456493377686,2.0
800.7817993164062,906.382568359375,2052.164794921875,1273.4542236328125,1.0,0.9515464305877686,1.0
1323.025390625,860.9186401367188,1540.5072021484375,1136.134521484375,2.0,0.9399502873420715,2.0
801.2589721679688,906.0458374023438,2051.044921875,1273.1123046875,1.0,0.9525718688964844,1.0
1322.18896484375,860.3446044921875,1540.158935546875,1136.9302978515625,2.0,0.937117874622345,2.0
801.5441284179688,906.0659790039062,2050.951416015625,1273.0946044921875,1.0,0.9526069164276123,1.0
1325.3319091796875,860.43798828125,1542.06591796875,1136.0341796875,2.0,0.9382853507995605,2.0
801.5753784179688,906.0546875,2050.96728515625,1273.1766357421875,1.0,0.952263355255127,1.0
1325.453125,859.7766723632812,1543.474365234375,1136.8001708984375,2.0,0.9358294606208801,2.0
801.5264892578125,906.037353515625,2050.753662109375,1273.1658935546875,1.0,0.9535526037216187,1.0
1329.2728271484375,857.218017578125,1545.0069580078125,1136.597412109375,2.0,0.9376363754272461,2.0
801.5241088867188,905.9358520507812,2050.85302734375,1273.1697998046875,1.0,0.9530137181282043,1.0
1328.37451171875,857.9918823242188,1545.6324462890625,1136.2529296875,2.0,0.935565710067749,2.0
801.7098388671875,905.9694213867188,2050.8125,1273.081298828125,1.0,0.9525582194328308,1.0
1328.1041259765625,857.7992553710938,1546.9066162109375,1135.909912109375,2.0,0.9403330683708191,2.0
801.5538330078125,905.875244140625,2050.783447265625,1273.1796875,1.0,0.9524665474891663,1.0
1330.536376953125,857.9827880859375,1547.6549072265625,1135.917236328125,2.0,0.9350765347480774,2.0
801.6242065429688,906.0160522460938,2050.73095703125,1273.2672119140625,1.0,0.9526728391647339,1.0
1328.40625,856.1907958984375,1547.7589111328125,1136.2080078125,2.0,0.9417311549186707,2.0
801.53564453125,906.1539306640625,2050.547607421875,1273.392333984375,1.0,0.9521300196647644,1.0
1327.652587890625,855.9308471679688,1547.5223388671875,1136.7982177734375,2.0,0.9300076961517334,2.0
801.4894409179688,906.2799072265625,2050.54443359375,1273.4306640625,1.0,0.9523462653160095,1.0
1328.032470703125,855.43505859375,1547.5614013671875,1137.107177734375,2.0,0.9362982511520386,2.0
801.360107421875,906.0308227539062,2050.545166015625,1273.4632568359375,1.0,0.9522883296012878,1.0
1326.78662109375,857.362548828125,1547.430419921875,1137.7862548828125,2.0,0.9328722357749939,2.0
801.4754638671875,906.0728759765625,2050.535400390625,1273.3197021484375,1.0,0.95260089635849,1.0
1328.1812744140625,857.5474853515625,1548.2955322265625,1137.4056396484375,2.0,0.9296974539756775,2.0
801.5491333007812,906.6246337890625,2050.531494140625,1273.217529296875,1.0,0.9528838396072388,1.0
1325.857177734375,856.0762329101562,1549.948486328125,1136.468994140625,2.0,0.9212010502815247,2.0
801.7376098632812,906.321533203125,2050.659912109375,1272.899658203125,1.0,0.9541462659835815,1.0
1331.491943359375,855.7588500976562,1554.5225830078125,1136.34814453125,2.0,0.9259968996047974,2.0
801.5389404296875,906.2892456054688,2050.791259765625,1272.7803955078125,1.0,0.9549666047096252,1.0
1342.047119140625,847.7782592773438,1556.4498291015625,1135.4642333984375,2.0,0.9313436150550842,2.0
801.6243896484375,906.729248046875,2050.880126953125,1272.732421875,1.0,0.954885721206665,1.0
1344.8709716796875,844.2186889648438,1557.299560546875,1135.3682861328125,2.0,0.9284427165985107,2.0
801.6583862304688,906.8538208007812,2051.11767578125,1272.729736328125,1.0,0.9549353718757629,1.0
1343.930419921875,842.3500366210938,1558.299072265625,1135.482421875,2.0,0.9293433427810669,2.0
801.6984252929688,906.9715576171875,2051.390625,1272.760009765625,1.0,0.9547852873802185,1.0
1344.2874755859375,841.320556640625,1558.514892578125,1135.4334716796875,2.0,0.9305391907691956,2.0
801.7548828125,906.952880859375,2051.400390625,1272.7471923828125,1.0,0.9548203945159912,1.0
1344.1949462890625,840.8765258789062,1558.626220703125,1135.3402099609375,2.0,0.9297558665275574,2.0
801.8350830078125,906.6771850585938,2051.474365234375,1272.784423828125,1.0,0.9550022482872009,1.0
1343.633544921875,840.6806030273438,1558.6781005859375,1135.33203125,2.0,0.929427981376648,2.0
802.0460205078125,906.8395385742188,2051.423095703125,1272.826904296875,1.0,0.9548313617706299,1.0
1340.8553466796875,840.39013671875,1558.788818359375,1135.3953857421875,2.0,0.9331351518630981,2.0
802.1480102539062,906.9909057617188,2051.44677734375,1272.7972412109375,1.0,0.9545730948448181,1.0
1338.9361572265625,839.9509887695312,1559.0250244140625,1135.381591796875,2.0,0.9314861297607422,2.0
802.3369140625,907.2056884765625,2051.24658203125,1272.66259765625,1.0,0.95450359582901,1.0
1338.9337158203125,839.8838500976562,1559.348876953125,1135.6641845703125,2.0,0.9336094856262207,2.0
801.73876953125,906.8738403320312,2051.643310546875,1272.6248779296875,1.0,0.9549775719642639,1.0
1338.1180419921875,839.6771850585938,1559.737060546875,1135.7039794921875,2.0,0.9320285320281982,2.0
801.5413208007812,905.9645385742188,2051.679931640625,1272.6343994140625,1.0,0.9539878368377686,1.0
1333.9263916015625,850.4286499023438,1555.2275390625,1135.8515625,2.0,0.9160131812095642,2.0
801.2937622070312,905.7776489257812,2051.49365234375,1272.740478515625,1.0,0.9535537958145142,1.0
1331.9085693359375,855.6609497070312,1552.380615234375,1135.95849609375,2.0,0.9285721778869629,2.0
800.5679321289062,906.0225830078125,2052.423583984375,1273.0938720703125,1.0,0.9511104822158813,1.0
1330.2760009765625,859.1322631835938,1549.7177734375,1135.94384765625,2.0,0.9364054203033447,2.0
800.3364868164062,906.3154296875,2052.685791015625,1273.15380859375,1.0,0.9516246914863586,1.0
1324.978515625,857.3712768554688,1548.6876220703125,1136.333740234375,2.0,0.9406369924545288,2.0
800.6300048828125,906.5155639648438,2051.929443359375,1273.00439453125,1.0,0.9523956775665283,1.0
1322.64501953125,858.2235107421875,1547.26953125,1136.0653076171875,2.0,0.9374115467071533,2.0
800.944580078125,906.5171508789062,2051.635986328125,1272.986328125,1.0,0.9531635046005249,1.0
1325.2728271484375,857.4312133789062,1546.789306640625,1135.3419189453125,2.0,0.9346522092819214,2.0
800.5097045898438,906.5001831054688,2052.6533203125,1273.401611328125,1.0,0.9516527652740479,1.0
1326.6553955078125,859.7916870117188,1546.241943359375,1135.89306640625,2.0,0.9378364086151123,2.0
800.9954223632812,906.5579833984375,2051.723876953125,1273.35009765625,1.0,0.9521143436431885,1.0
1325.883056640625,857.8860473632812,1544.5224609375,1135.94921875,2.0,0.9456750750541687,2.0
801.4793090820312,906.975341796875,2051.232177734375,1273.1319580078125,1.0,0.952406644821167,1.0
1324.049560546875,858.0565795898438,1542.8717041015625,1135.51220703125,2.0,0.9424489736557007,2.0
801.660400390625,907.3619995117188,2051.132568359375,1272.9539794921875,1.0,0.952519953250885,1.0
1323.1583251953125,858.5857543945312,1542.2783203125,1135.0447998046875,2.0,0.9348204731941223,2.0
801.799072265625,907.5630493164062,2051.054443359375,1272.8504638671875,1.0,0.9523270726203918,1.0
1324.469482421875,858.895751953125,1541.5057373046875,1135.3897705078125,2.0,0.9386935830116272,2.0
801.346923828125,907.4398193359375,2052.1279296875,1273.1058349609375,1.0,0.951704740524292,1.0
1328.21728515625,858.1981811523438,1539.447509765625,1135.4107666015625,2.0,0.9392616748809814,2.0
801.231689453125,907.4238891601562,2052.528564453125,1273.2236328125,1.0,0.9520209431648254,1.0
1328.3514404296875,859.1166381835938,1536.659423828125,1135.0152587890625,2.0,0.9354217648506165,2.0
801.0885620117188,907.2406616210938,2052.691650390625,1273.292724609375,1.0,0.9523156881332397,1.0
1326.027587890625,859.0147705078125,1534.429443359375,1135.0655517578125,2.0,0.9362856149673462,2.0
801.2251586914062,907.3076782226562,2052.826416015625,1273.328369140625,1.0,0.9516505002975464,1.0
1323.657958984375,858.148681640625,1533.6402587890625,1135.342041015625,2.0,0.9383444786071777,2.0
801.2702026367188,907.5032958984375,2052.821044921875,1273.354736328125,1.0,0.951957106590271,1.0
1325.123779296875,857.0891723632812,1534.009033203125,1135.39697265625,2.0,0.9393525719642639,2.0
801.1450805664062,907.0391235351562,2052.638671875,1273.5125732421875,1.0,0.9514039158821106,1.0
1325.560791015625,858.7821044921875,1532.95166015625,1135.908203125,2.0,0.9317747950553894,2.0
801.2745971679688,907.1607666015625,2052.559326171875,1273.442626953125,1.0,0.9516332149505615,1.0
1325.22607421875,858.152099609375,1533.3709716796875,1136.7142333984375,2.0,0.935252845287323,2.0
801.38134765625,907.5247192382812,2052.49462890625,1273.2919921875,1.0,0.9519982933998108,1.0
1325.20556640625,858.1046752929688,1533.7496337890625,1136.7645263671875,2.0,0.9340247511863708,2.0
801.3923950195312,907.6956176757812,2052.517822265625,1273.2037353515625,1.0,0.9518033266067505,1.0
1323.659912109375,858.25732421875,1534.001220703125,1135.9677734375,2.0,0.9343432188034058,2.0
801.63818359375,907.6026000976562,2051.38818359375,1273.0509033203125,1.0,0.9515155553817749,1.0
1318.482666015625,861.9227905273438,1543.92041015625,1135.15234375,2.0,0.9167078137397766,2.0
801.5743408203125,906.8697509765625,2051.575439453125,1272.74365234375,1.0,0.9532267451286316,1.0
1285.7939453125,847.1456909179688,1581.51806640625,1135.2052001953125,2.0,0.935513973236084,2.0
800.9788208007812,906.7776489257812,2052.457275390625,1273.01220703125,1.0,0.9531644582748413,1.0
1274.5201416015625,837.6943359375,1602.926513671875,1135.1251220703125,2.0,0.9283692240715027,2.0
801.1823120117188,906.3380126953125,2052.0361328125,1273.043212890625,1.0,0.9537712335586548,1.0
1265.8673095703125,832.9786376953125,1609.10986328125,1135.8358154296875,2.0,0.9150574803352356,2.0
801.350341796875,905.7484741210938,2051.947021484375,1272.9891357421875,1.0,0.9541865587234497,1.0
1263.449951171875,831.2619018554688,1614.0799560546875,1135.8763427734375,2.0,0.9163076877593994,2.0
801.4744873046875,905.267578125,2051.779541015625,1272.7950439453125,1.0,0.9541019201278687,1.0
1260.840576171875,829.3740234375,1615.64453125,1135.8994140625,2.0,0.9132729768753052,2.0
801.3467407226562,905.2137451171875,2051.673095703125,1272.79443359375,1.0,0.9543763399124146,1.0
1260.01416015625,828.6500244140625,1616.2730712890625,1136.40576171875,2.0,0.9136176705360413,2.0
801.3267211914062,904.98046875,2051.635498046875,1272.7769775390625,1.0,0.9542461633682251,1.0
1258.811279296875,828.3657836914062,1616.0377197265625,1136.5009765625,2.0,0.9126448631286621,2.0
801.3789672851562,904.969970703125,2051.501708984375,1272.7716064453125,1.0,0.9544934630393982,1.0
1260.133056640625,827.8241577148438,1615.9384765625,1136.7066650390625,2.0,0.9166789650917053,2.0
801.369384765625,904.9859008789062,2051.25341796875,1272.707275390625,1.0,0.9544704556465149,1.0
1260.1807861328125,826.9275512695312,1615.59619140625,1136.181884765625,2.0,0.9172002673149109,2.0
801.24658203125,906.0289306640625,2051.234619140625,1273.014404296875,1.0,0.9523611068725586,1.0
1258.5079345703125,838.0098266601562,1589.585693359375,1136.700927734375,2.0,0.9267333745956421,2.0
801.2672729492188,906.7677001953125,2051.06494140625,1272.8916015625,1.0,0.953019380569458,1.0
1276.026123046875,846.4338989257812,1572.5233154296875,1136.8970947265625,2.0,0.9227834343910217,2.0
801.3726806640625,906.6624755859375,2050.861328125,1272.669921875,1.0,0.9534814953804016,1.0
1283.33056640625,853.1166381835938,1562.9259033203125,1137.89501953125,2.0,0.9233161807060242,2.0
801.5479125976562,906.4763793945312,2050.86962890625,1272.5826416015625,1.0,0.9536053538322449,1.0
1280.884765625,856.2623901367188,1560.458251953125,1138.2734375,2.0,0.9309557676315308,2.0
801.7010498046875,906.4666137695312,2050.924072265625,1272.7093505859375,1.0,0.9533525109291077,1.0
1286.9281005859375,855.9620361328125,1559.2552490234375,1138.0367431640625,2.0,0.9230484366416931,2.0
801.7418823242188,906.162353515625,2050.903076171875,1272.7034912109375,1.0,0.9532219767570496,1.0
1282.85888671875,857.1014404296875,1558.6282958984375,1138.6673583984375,2.0,0.921002209186554,2.0
801.7944946289062,906.1070556640625,2050.906005859375,1272.7119140625,1.0,0.9534115791320801,1.0
1290.556884765625,857.1096801757812,1560.6868896484375,1138.092041015625,2.0,0.9247214794158936,2.0
801.7609252929688,906.3423461914062,2051.037353515625,1272.7646484375,1.0,0.9535036087036133,1.0
1293.8787841796875,859.1953125,1561.0767822265625,1138.0433349609375,2.0,0.9280295968055725,2.0
801.6989135742188,906.2769775390625,2051.158447265625,1272.770263671875,1.0,0.9534174203872681,1.0
1295.10009765625,857.9105834960938,1561.04150390625,1137.5052490234375,2.0,0.919450044631958,2.0
801.5596313476562,905.9608154296875,2051.253662109375,1272.825927734375,1.0,0.9535220265388489,1.0
1290.7471923828125,857.1737060546875,1560.2677001953125,1137.431884765625,2.0,0.917984127998352,2.0
801.5274658203125,905.8383178710938,2051.31396484375,1272.8529052734375,1.0,0.9534521102905273,1.0
1285.862548828125,857.579345703125,1560.3914794921875,1137.2918701171875,2.0,0.9188352823257446,2.0
801.473876953125,905.8944702148438,2051.159912109375,1273.0906982421875,1.0,0.9535110592842102,1.0
1284.0374755859375,858.2431030273438,1557.5550537109375,1138.1131591796875,2.0,0.9237242937088013,2.0
801.5852661132812,905.9624633789062,2051.13427734375,1273.119140625,1.0,0.9529740214347839,1.0
1288.5816650390625,855.1741333007812,1553.6104736328125,1137.455078125,2.0,0.9269468784332275,2.0
801.645263671875,906.326171875,2050.94384765625,1273.1033935546875,1.0,0.9529187083244324,1.0
1292.55126953125,857.2028198242188,1549.4154052734375,1136.18798828125,2.0,0.9154049754142761,2.0
801.4122314453125,905.4244384765625,2051.348388671875,1272.7862548828125,1.0,0.9543611407279968,1.0
1291.781982421875,853.9939575195312,1552.358154296875,1134.8587646484375,2.0,0.9328998923301697,2.0
801.3858032226562,905.47607421875,2051.287353515625,1272.7308349609375,1.0,0.9550184607505798,1.0
1318.5400390625,847.8591918945312,1554.026611328125,1134.9415283203125,2.0,0.928846538066864,2.0
801.3272705078125,905.567138671875,2051.235595703125,1272.7357177734375,1.0,0.9551293849945068,1.0
1327.7276611328125,845.90576171875,1555.5625,1135.39111328125,2.0,0.9310678243637085,2.0
801.4115600585938,905.7080078125,2051.124267578125,1272.6964111328125,1.0,0.9550952315330505,1.0
1333.62890625,844.87060546875,1556.4814453125,1135.1905517578125,2.0,0.9321324825286865,2.0
801.529052734375,905.994384765625,2051.244384765625,1272.7249755859375,1.0,0.9551307559013367,1.0
1333.99365234375,844.0731811523438,1557.251708984375,1135.6363525390625,2.0,0.9333773851394653,2.0
801.5648193359375,906.0700073242188,2051.2158203125,1272.63671875,1.0,0.9549833536148071,1.0
1334.25048828125,843.6717529296875,1557.925537109375,1135.922119140625,2.0,0.9360213279724121,2.0
801.5917358398438,906.1802368164062,2051.314453125,1272.6307373046875,1.0,0.9550178050994873,1.0
1333.9559326171875,843.4812622070312,1558.2996826171875,1136.046875,2.0,0.9367265105247498,2.0
801.6046142578125,906.221435546875,2051.421142578125,1272.653076171875,1.0,0.9551531672477722,1.0
1333.99755859375,842.9725341796875,1558.470947265625,1135.5283203125,2.0,0.934904158115387,2.0
801.7447509765625,906.3712768554688,2051.399169921875,1272.674560546875,1.0,0.9551497101783752,1.0
1333.5916748046875,842.444091796875,1558.429931640625,1135.7689208984375,2.0,0.9340677261352539,2.0
801.8801879882812,906.2978515625,2051.397216796875,1272.7001953125,1.0,0.9551957249641418,1.0
1332.923095703125,842.220458984375,1558.107177734375,1135.946044921875,2.0,0.9351158142089844,2.0
801.97900390625,906.375244140625,2051.32080078125,1272.7967529296875,1.0,0.9549688696861267,1.0
1331.536865234375,842.3450317382812,1558.0203857421875,1136.50927734375,2.0,0.9340896606445312,2.0
801.75,907.1296997070312,2051.39501953125,1273.11181640625,1.0,0.9540613293647766,1.0
1328.514892578125,837.6453247070312,1558.9375,1136.744140625,2.0,0.928132176399231,2.0
801.8367919921875,907.5526733398438,2051.403564453125,1273.25537109375,1.0,0.954181969165802,1.0
1323.516845703125,832.1634521484375,1558.68408203125,1136.595947265625,2.0,0.9306069016456604,2.0
801.95458984375,907.7731323242188,2051.45166015625,1273.4996337890625,1.0,0.9539009928703308,1.0
1323.7095947265625,830.00732421875,1555.6572265625,1136.626953125,2.0,0.9340848922729492,2.0
801.892822265625,907.6981201171875,2051.1982421875,1273.6744384765625,1.0,0.9538198113441467,1.0
1323.838623046875,828.9524536132812,1552.953125,1136.74560546875,2.0,0.9353933930397034,2.0
801.8475341796875,907.753173828125,2051.151611328125,1273.6317138671875,1.0,0.9534236192703247,1.0
1324.0474853515625,829.1753540039062,1551.4063720703125,1136.182373046875,2.0,0.9367315173149109,2.0
801.756103515625,907.89697265625,2050.949462890625,1273.5328369140625,1.0,0.9536119699478149,1.0
1324.8568115234375,828.7821655273438,1550.8343505859375,1136.4713134765625,2.0,0.9355989098548889,2.0
801.894287109375,907.8988037109375,2050.854248046875,1273.5283203125,1.0,0.9535468220710754,1.0
1325.6011962890625,828.3046264648438,1550.563232421875,1136.300537109375,2.0,0.9346434473991394,2.0
801.8469848632812,908.0054321289062,2050.908203125,1273.51708984375,1.0,0.9534494280815125,1.0
1326.634765625,828.3894653320312,1550.6995849609375,1136.2763671875,2.0,0.9342700242996216,2.0
801.6870727539062,908.29736328125,2050.836181640625,1273.6297607421875,1.0,0.9533126354217529,1.0
1327.7269287109375,828.3480224609375,1550.4910888671875,1136.141845703125,2.0,0.9342530965805054,2.0
801.6380004882812,908.3485717773438,2050.7841796875,1273.5806884765625,1.0,0.9534034729003906,1.0
1333.114990234375,816.7727661132812,1550.6484375,1136.310302734375,2.0,0.9394322633743286,2.0
801.4635620117188,909.2659301757812,2050.828369140625,1273.6197509765625,1.0,0.9528232216835022,1.0
1348.77783203125,796.33154296875,1549.83740234375,1137.2783203125,2.0,0.9356796741485596,2.0
801.3814697265625,909.4454956054688,2050.873046875,1273.7120361328125,1.0,0.9530762434005737,1.0
1356.2235107421875,786.3922119140625,1550.4404296875,1137.236083984375,2.0,0.9379211068153381,2.0
801.4244384765625,909.662841796875,2050.83740234375,1273.7156982421875,1.0,0.9531410932540894,1.0
1358.738525390625,781.3554077148438,1551.5823974609375,1136.94873046875,2.0,0.9347565174102783,2.0
801.3959350585938,909.633544921875,2050.911865234375,1273.6463623046875,1.0,0.9529024362564087,1.0
1359.6912841796875,779.5000610351562,1552.486083984375,1136.542236328125,2.0,0.9328370690345764,2.0
801.4008178710938,909.40087890625,2050.99462890625,1273.5477294921875,1.0,0.9529060125350952,1.0
1359.7777099609375,778.6981201171875,1553.3358154296875,1137.0621337890625,2.0,0.927828311920166,2.0
801.3563232421875,909.4110107421875,2051.019287109375,1273.464111328125,1.0,0.9528926014900208,1.0
1359.771728515625,778.454833984375,1553.754150390625,1137.356689453125,2.0,0.928238570690155,2.0
801.4700317382812,909.5979614257812,2050.985107421875,1273.4832763671875,1.0,0.9527593851089478,1.0
1359.5892333984375,778.6533203125,1554.100830078125,1137.59814453125,2.0,0.9280261993408203,2.0
801.6387939453125,909.7205200195312,2051.084716796875,1273.495361328125,1.0,0.9529231190681458,1.0
1359.6732177734375,779.0101318359375,1554.09619140625,1137.4322509765625,2.0,0.9314417243003845,2.0
801.76171875,909.875732421875,2051.178466796875,1273.51708984375,1.0,0.9530659317970276,1.0
1359.34033203125,779.0997924804688,1554.030517578125,1137.29052734375,2.0,0.9327228665351868,2.0
801.47314453125,909.6074829101562,2051.4052734375,1273.508056640625,1.0,0.9532520174980164,1.0
1359.077880859375,779.1703491210938,1553.58544921875,1136.669921875,2.0,0.9284375905990601,2.0
801.4102783203125,909.582275390625,2051.30615234375,1273.5618896484375,1.0,0.9531587362289429,1.0
1358.6026611328125,779.2488403320312,1553.5030517578125,1136.53125,2.0,0.9286370873451233,2.0
801.3204345703125,909.6177368164062,2051.42919921875,1273.5433349609375,1.0,0.9532788395881653,1.0
1358.41259765625,779.47705078125,1553.3995361328125,1136.6090087890625,2.0,0.9291011691093445,2.0
801.67431640625,909.6502075195312,2051.279541015625,1273.4896240234375,1.0,0.952976405620575,1.0
1357.3907470703125,779.5233154296875,1553.39794921875,1136.7945556640625,2.0,0.9262338280677795,2.0
801.8662719726562,909.5623779296875,2051.20556640625,1273.435302734375,1.0,0.9530931115150452,1.0
1356.6580810546875,779.876953125,1553.1280517578125,1137.3504638671875,2.0,0.9270206689834595,2.0
801.723388671875,909.5228271484375,2051.016357421875,1273.5821533203125,1.0,0.953033447265625,1.0
1356.17626953125,780.2603759765625,1552.9713134765625,1136.9971923828125,2.0,0.9304510354995728,2.0
801.8035278320312,909.23486328125,2051.070556640625,1273.637451171875,1.0,0.9531204104423523,1.0
1356.072265625,780.5018920898438,1552.9591064453125,1137.2943115234375,2.0,0.9301719665527344,2.0
801.8389282226562,908.9675903320312,2051.161376953125,1273.6297607421875,1.0,0.9530020356178284,1.0
1355.754638671875,781.7393798828125,1553.000732421875,1137.352783203125,2.0,0.9296239614486694,2.0
801.7966918945312,908.5114135742188,2051.070068359375,1273.75,1.0,0.9531079530715942,1.0
1353.2847900390625,786.3336181640625,1552.97021484375,1137.138427734375,2.0,0.9328877925872803,2.0
801.8825073242188,908.5252685546875,2050.897216796875,1273.6981201171875,1.0,0.9530813097953796,1.0
1348.3265380859375,784.0499877929688,1552.91943359375,1137.2486572265625,2.0,0.9421828389167786,2.0
802.0013427734375,908.2067260742188,2050.892333984375,1273.5621337890625,1.0,0.9529132843017578,1.0
1350.3304443359375,782.6947631835938,1553.07373046875,1137.2587890625,2.0,0.9417293667793274,2.0
802.0050048828125,908.084716796875,2050.9462890625,1273.4510498046875,1.0,0.9530933499336243,1.0
1350.8328857421875,781.9570922851562,1553.145751953125,1137.19970703125,2.0,0.9420262575149536,2.0
801.865234375,908.11181640625,2050.8408203125,1273.3953857421875,1.0,0.952994167804718,1.0
1350.81396484375,781.4655151367188,1553.2470703125,1137.5152587890625,2.0,0.9402442574501038,2.0
801.7012939453125,908.0834350585938,2050.879150390625,1273.529541015625,1.0,0.9531084895133972,1.0
1350.9627685546875,781.348388671875,1553.1937255859375,1137.80712890625,2.0,0.9396677017211914,2.0
801.824462890625,908.1687622070312,2050.49755859375,1273.53125,1.0,0.9531742334365845,1.0
1350.9024658203125,781.2991943359375,1553.2030029296875,1138.02001953125,2.0,0.940290093421936,2.0
801.6786499023438,908.1553344726562,2050.414306640625,1273.6416015625,1.0,0.9535447955131531,1.0
1350.545654296875,780.9927368164062,1552.7310791015625,1137.7220458984375,2.0,0.9416422843933105,2.0
801.4736938476562,908.276123046875,2050.50048828125,1273.661376953125,1.0,0.9534308910369873,1.0
1350.3980712890625,780.9857177734375,1552.266845703125,1137.670654296875,2.0,0.9417480826377869,2.0
801.4658203125,908.548095703125,2050.516357421875,1273.6846923828125,1.0,0.9531896114349365,1.0
1350.2255859375,780.9542236328125,1551.7158203125,1137.59521484375,2.0,0.9419644474983215,2.0
801.5252685546875,908.4043579101562,2050.489990234375,1273.653076171875,1.0,0.9532240629196167,1.0
1350.3475341796875,781.0628662109375,1551.6064453125,1137.7740478515625,2.0,0.9417350888252258,2.0
801.5399169921875,908.3088989257812,2050.501220703125,1273.6171875,1.0,0.953174889087677,1.0
1350.119873046875,780.6903686523438,1551.5294189453125,1137.8209228515625,2.0,0.9403058886528015,2.0
801.4962158203125,908.5795288085938,2050.675537109375,1273.6690673828125,1.0,0.9532337784767151,1.0
1350.10205078125,780.6041870117188,1551.3211669921875,1137.7015380859375,2.0,0.9395788908004761,2.0
801.5866088867188,908.6597290039062,2050.924560546875,1273.5888671875,1.0,0.9533026814460754,1.0
1349.9315185546875,780.4595336914062,1551.32275390625,1137.4681396484375,2.0,0.9403287768363953,2.0
801.659912109375,908.7416381835938,2050.885009765625,1273.541015625,1.0,0.9532819986343384,1.0
1349.7999267578125,780.4701538085938,1551.233642578125,1137.6998291015625,2.0,0.9403923153877258,2.0
801.7503051757812,908.8198852539062,2050.951416015625,1273.5924072265625,1.0,0.9531744122505188,1.0
1349.6173095703125,780.8192749023438,1551.2469482421875,1137.330078125,2.0,0.9401067495346069,2.0
801.9215698242188,908.9496459960938,2051.102783203125,1273.5775146484375,1.0,0.9530673623085022,1.0
1349.6416015625,781.2884521484375,1551.1934814453125,1137.230712890625,2.0,0.9404882788658142,2.0
802.0978393554688,909.12890625,2051.041015625,1273.5794677734375,1.0,0.9532427787780762,1.0
1346.1707763671875,781.3764038085938,1551.23095703125,1137.439208984375,2.0,0.9396257996559143,2.0
801.9959716796875,909.3511352539062,2050.996337890625,1273.6190185546875,1.0,0.9531525373458862,1.0
1349.30224609375,781.0380249023438,1551.2393798828125,1137.6904296875,2.0,0.9389606714248657,2.0
801.898193359375,909.4561157226562,2051.080322265625,1273.636474609375,1.0,0.9532877206802368,1.0
1349.74609375,780.2372436523438,1551.33056640625,1138.01025390625,2.0,0.9408581256866455,2.0
801.9188842773438,909.5316772460938,2051.154296875,1273.709716796875,1.0,0.9531919956207275,1.0
1349.8157958984375,779.8327026367188,1551.400390625,1137.8375244140625,2.0,0.9406707286834717,2.0
801.8428344726562,909.187744140625,2051.231201171875,1273.7681884765625,1.0,0.9533106088638306,1.0
1349.720458984375,783.9330444335938,1551.90234375,1137.3529052734375,2.0,0.9361897110939026,2.0
801.8059692382812,908.9273681640625,2051.628173828125,1273.7003173828125,1.0,0.9530602693557739,1.0
1349.6807861328125,785.5117797851562,1551.2833251953125,1137.47607421875,2.0,0.9353577494621277,2.0
801.7572631835938,908.71484375,2051.725341796875,1273.6695556640625,1.0,0.9530726671218872,1.0
1349.4764404296875,785.5802001953125,1550.8594970703125,1137.3167724609375,2.0,0.9334389567375183,2.0
801.72412109375,908.4468994140625,2051.633544921875,1273.6331787109375,1.0,0.9532883763313293,1.0
1349.3292236328125,785.4150390625,1550.76513671875,1137.025390625,2.0,0.932731568813324,2.0
801.5966186523438,908.1717529296875,2051.68505859375,1273.602783203125,1.0,0.9532185196876526,1.0
1349.5052490234375,785.5916748046875,1550.9268798828125,1137.1815185546875,2.0,0.933253288269043,2.0
801.6282958984375,908.1162719726562,2051.67919921875,1273.651611328125,1.0,0.9531939625740051,1.0
1350.1292724609375,785.4758911132812,1550.8626708984375,1137.0814208984375,2.0,0.9349380135536194,2.0
801.501953125,908.0836181640625,2051.616943359375,1273.70849609375,1.0,0.9532673954963684,1.0
1350.6614990234375,785.499755859375,1550.9278564453125,1136.8487548828125,2.0,0.9344499707221985,2.0
801.479736328125,908.1968994140625,2051.7021484375,1273.6502685546875,1.0,0.9533305168151855,1.0
1350.819580078125,785.3494873046875,1550.9898681640625,1136.8017578125,2.0,0.934675931930542,2.0
801.457763671875,908.4246826171875,2051.577392578125,1273.63818359375,1.0,0.9532491564750671,1.0
1350.8509521484375,785.471435546875,1550.866455078125,1136.962158203125,2.0,0.9337882399559021,2.0
801.4242553710938,908.5336303710938,2051.290771484375,1273.7205810546875,1.0,0.9532903432846069,1.0
1350.831787109375,785.5028686523438,1550.981689453125,1137.047119140625,2.0,0.9347518682479858,2.0
801.4281616210938,908.7579956054688,2051.254638671875,1273.8082275390625,1.0,0.9531688094139099,1.0
1350.740234375,785.4410400390625,1551.17431640625,1136.810791015625,2.0,0.9360382556915283,2.0
801.4661254882812,908.8156127929688,2051.2470703125,1273.8211669921875,1.0,0.9532489776611328,1.0
1351.27294921875,785.49072265625,1551.4420166015625,1136.43505859375,2.0,0.9362660050392151,2.0
801.4525756835938,908.9647216796875,2051.31298828125,1273.78857421875,1.0,0.9533694386482239,1.0
1351.501708984375,785.5279541015625,1551.558349609375,1136.4661865234375,2.0,0.9354559779167175,2.0
801.584716796875,908.8143920898438,2051.503173828125,1273.7596435546875,1.0,0.953220009803772,1.0
1352.0198974609375,785.507568359375,1551.4044189453125,1136.7203369140625,2.0,0.9364572763442993,2.0
801.6544189453125,908.7792358398438,2051.5380859375,1273.749755859375,1.0,0.9530900716781616,1.0
1352.5208740234375,785.5831298828125,1551.4814453125,1137.034912109375,2.0,0.936059832572937,2.0
801.8742065429688,908.8493041992188,2051.5263671875,1273.817626953125,1.0,0.9530951380729675,1.0
1352.4454345703125,785.55322265625,1551.544921875,1136.8072509765625,2.0,0.934249758720398,2.0
801.8485107421875,909.1022338867188,2051.2744140625,1273.7362060546875,1.0,0.953303337097168,1.0
1352.7071533203125,785.7130126953125,1551.8392333984375,1136.5233154296875,2.0,0.935055673122406,2.0
801.840087890625,908.7042236328125,2051.136962890625,1273.49755859375,1.0,0.9534693360328674,1.0
1349.7706298828125,794.5799560546875,1550.961181640625,1136.39501953125,2.0,0.9298949837684631,2.0
801.7816162109375,908.441650390625,2051.066162109375,1273.4090576171875,1.0,0.9534417986869812,1.0
1348.276123046875,797.9185791015625,1549.0831298828125,1136.7269287109375,2.0,0.9284064173698425,2.0
801.907958984375,908.44775390625,2051.094970703125,1273.3651123046875,1.0,0.9535512924194336,1.0
1348.5521240234375,798.3399658203125,1548.728759765625,1137.6829833984375,2.0,0.9287468791007996,2.0
802.2144775390625,908.42138671875,2051.116943359375,1273.3868408203125,1.0,0.953493058681488,1.0
1348.900634765625,798.292236328125,1548.70703125,1137.9061279296875,2.0,0.9303424954414368,2.0
802.0578002929688,908.623291015625,2051.099853515625,1273.3770751953125,1.0,0.9536322355270386,1.0
1349.260986328125,798.2505493164062,1548.8583984375,1138.0281982421875,2.0,0.9309374094009399,2.0
801.918212890625,908.3973388671875,2051.135009765625,1273.2576904296875,1.0,0.9537148475646973,1.0
1349.824462890625,797.9278564453125,1548.91796875,1137.958984375,2.0,0.9324559569358826,2.0
801.9844970703125,908.26953125,2051.140380859375,1273.299072265625,1.0,0.9536260962486267,1.0
1350.5091552734375,797.504638671875,1548.9537353515625,1138.0731201171875,2.0,0.9324773550033569,2.0
801.9624633789062,908.208740234375,2050.904052734375,1273.282470703125,1.0,0.9535906314849854,1.0
1350.8629150390625,797.1085815429688,1549.1142578125,1138.2767333984375,2.0,0.9328349828720093,2.0
802.0021362304688,908.0660400390625,2050.929931640625,1273.2235107421875,1.0,0.9535701274871826,1.0
1350.951904296875,796.901123046875,1549.372314453125,1138.36181640625,2.0,0.9311069846153259,2.0
801.8881225585938,908.313720703125,2051.083251953125,1273.252197265625,1.0,0.9535644054412842,1.0
1351.3465576171875,796.4437866210938,1549.503662109375,1138.53271484375,2.0,0.932246208190918,2.0
801.8907470703125,908.3843383789062,2051.03076171875,1273.247314453125,1.0,0.9536259770393372,1.0
1352.2208251953125,796.428955078125,1549.7977294921875,1138.2869873046875,2.0,0.9335467219352722,2.0
802.0506591796875,908.420654296875,2051.082763671875,1273.128173828125,1.0,0.953719437122345,1.0
1352.965576171875,796.9440307617188,1550.055419921875,1138.2601318359375,2.0,0.9366800785064697,2.0
802.0534057617188,908.345703125,2051.11572265625,1273.13720703125,1.0,0.9535945057868958,1.0
1353.138427734375,798.3382568359375,1551.0845947265625,1137.95751953125,2.0,0.9345135688781738,2.0
802.0924682617188,908.0701904296875,2051.033203125,1273.1875,1.0,0.9529584050178528,1.0
1347.7252197265625,826.0320434570312,1551.225341796875,1136.851806640625,2.0,0.9369242787361145,2.0
801.7014770507812,906.8304443359375,2051.201416015625,1273.260498046875,1.0,0.9528912901878357,1.0
1343.5111083984375,847.9370727539062,1549.4830322265625,1134.82958984375,2.0,0.9291620850563049,2.0
801.4443969726562,906.361328125,2051.290771484375,1273.2144775390625,1.0,0.9529960751533508,1.0
1340.90966796875,859.7658081054688,1547.9674072265625,1134.4222412109375,2.0,0.9249364733695984,2.0
801.5239868164062,905.9849243164062,2051.36279296875,1273.041748046875,1.0,0.9528914093971252,1.0
1339.6396484375,864.2686767578125,1545.826171875,1134.257080078125,2.0,0.9278141260147095,2.0
801.4317016601562,905.7888793945312,2051.35888671875,1273.1361083984375,1.0,0.9525144696235657,1.0
1338.2943115234375,865.2411499023438,1545.231689453125,1135.857177734375,2.0,0.918638288974762,2.0
801.4124755859375,905.5155639648438,2051.43505859375,1273.12060546875,1.0,0.9528023600578308,1.0
1336.5625,865.998291015625,1543.01953125,1135.8953857421875,2.0,0.9261199235916138,2.0
801.6083374023438,905.3445434570312,2051.11181640625,1273.133544921875,1.0,0.9529494047164917,1.0
1335.6707763671875,866.1195678710938,1540.3056640625,1135.8258056640625,2.0,0.9270709753036499,2.0
801.4530029296875,905.4930419921875,2051.22412109375,1273.0914306640625,1.0,0.9529688358306885,1.0
1335.5341796875,866.259033203125,1539.70654296875,1135.03369140625,2.0,0.9283859133720398,2.0
800.9649658203125,905.6456298828125,2052.300048828125,1273.1114501953125,1.0,0.9522668123245239,1.0
1335.91943359375,865.5960083007812,1538.2183837890625,1134.4193115234375,2.0,0.925692081451416,2.0
800.9880981445312,905.7559814453125,2052.7197265625,1273.0750732421875,1.0,0.9523083567619324,1.0
1335.627197265625,865.4964599609375,1538.1419677734375,1134.4261474609375,2.0,0.9298234581947327,2.0
800.7135009765625,905.8156127929688,2052.80908203125,1273.2432861328125,1.0,0.9519160389900208,1.0
1333.279296875,865.044921875,1539.23779296875,1134.58740234375,2.0,0.9324126243591309,2.0
800.9812622070312,905.6718139648438,2051.532470703125,1273.258544921875,1.0,0.9521179795265198,1.0
1334.1839599609375,864.1906127929688,1539.549560546875,1135.0482177734375,2.0,0.9315536618232727,2.0
801.020751953125,905.6751098632812,2051.2255859375,1273.30615234375,1.0,0.9517272710800171,1.0
1334.9892578125,864.00341796875,1539.485595703125,1134.950927734375,2.0,0.9303149580955505,2.0
801.1495361328125,905.807861328125,2051.160888671875,1273.14013671875,1.0,0.9519785046577454,1.0
1335.22119140625,864.714111328125,1544.194091796875,1134.46875,2.0,0.9361626505851746,2.0
801.1405639648438,905.842529296875,2051.19921875,1273.03466796875,1.0,0.9520302414894104,1.0
1335.03662109375,864.6005249023438,1546.6102294921875,1134.516845703125,2.0,0.9332007765769958,2.0
801.2528076171875,905.8656005859375,2051.22412109375,1272.9952392578125,1.0,0.952564001083374,1.0
1333.4093017578125,865.723876953125,1550.0484619140625,1135.02001953125,2.0,0.9217217564582825,2.0
801.3359985351562,905.1287841796875,2051.105224609375,1273.068115234375,1.0,0.9525750279426575,1.0
1333.5238037109375,865.85546875,1548.0465087890625,1134.521728515625,2.0,0.9266961216926575,2.0
801.38232421875,905.0033569335938,2051.210205078125,1273.0684814453125,1.0,0.9523218274116516,1.0
1332.662353515625,864.2341918945312,1548.752685546875,1134.3819580078125,2.0,0.925355851650238,2.0
801.227294921875,905.3431396484375,2051.437744140625,1273.21533203125,1.0,0.951728343963623,1.0
1332.2061767578125,862.9295654296875,1548.779541015625,1134.8341064453125,2.0,0.9205316305160522,2.0
801.3475341796875,906.314208984375,2051.2275390625,1273.469970703125,1.0,0.9518782496452332,1.0
1329.1925048828125,859.3994750976562,1573.3848876953125,1134.4415283203125,2.0,0.9191704988479614,2.0
801.4523315429688,905.298095703125,2051.643310546875,1273.1396484375,1.0,0.9537532329559326,1.0
1291.7344970703125,837.1825561523438,1598.932861328125,1135.3629150390625,2.0,0.9211134910583496,2.0
801.4365844726562,904.9632568359375,2051.773193359375,1273.1651611328125,1.0,0.9540273547172546,1.0
1280.0009765625,825.677734375,1609.5496826171875,1135.5047607421875,2.0,0.927397608757019,2.0
801.4293823242188,904.9365844726562,2051.95263671875,1273.044921875,1.0,0.9537184238433838,1.0
1271.7850341796875,819.9295043945312,1613.870849609375,1135.72412109375,2.0,0.9308859705924988,2.0
801.4354248046875,904.8430786132812,2051.761474609375,1272.8543701171875,1.0,0.9537851214408875,1.0
1269.1947021484375,817.3939819335938,1615.56591796875,1136.0743408203125,2.0,0.9319139719009399,2.0
801.4683837890625,904.8455200195312,2051.795654296875,1272.788818359375,1.0,0.9537447094917297,1.0
1268.3778076171875,815.970458984375,1615.9095458984375,1136.0621337890625,2.0,0.9333229660987854,2.0
801.470458984375,904.623779296875,2051.755615234375,1272.856689453125,1.0,0.9536450505256653,1.0
1269.471435546875,815.2892456054688,1615.7764892578125,1135.820068359375,2.0,0.9352928400039673,2.0
801.3196411132812,904.5235595703125,2051.612060546875,1272.81201171875,1.0,0.9536088109016418,1.0
1270.4161376953125,815.1837768554688,1615.9940185546875,1136.171142578125,2.0,0.9352510571479797,2.0
801.5503540039062,905.4866333007812,2051.2548828125,1272.9942626953125,1.0,0.9528969526290894,1.0
1272.663818359375,837.7572631835938,1583.2919921875,1135.3328857421875,2.0,0.9244605898857117,2.0
801.32421875,905.9559326171875,2051.11669921875,1273.013427734375,1.0,0.9529072046279907,1.0
1277.591552734375,850.6784057617188,1569.492919921875,1134.069091796875,2.0,0.9167100191116333,2.0
801.1563110351562,905.8096923828125,2051.011962890625,1272.9481201171875,1.0,0.9536438584327698,1.0
1273.0042724609375,854.883544921875,1561.97802734375,1133.4417724609375,2.0,0.9149413704872131,2.0
801.055419921875,905.62060546875,2051.061767578125,1272.9156494140625,1.0,0.9537297487258911,1.0
1271.6298828125,857.3470458984375,1558.927001953125,1133.629150390625,2.0,0.911077618598938,2.0
800.8541259765625,905.0631103515625,2051.52294921875,1272.83984375,1.0,0.953395426273346,1.0
1277.5986328125,860.0436401367188,1557.0595703125,1132.7698974609375,2.0,0.9133183360099792,2.0
800.8053588867188,905.02490234375,2051.8056640625,1273.0908203125,1.0,0.9527407884597778,1.0
1288.25634765625,862.2804565429688,1552.63525390625,1132.260498046875,2.0,0.89726322889328,2.0
800.8304443359375,904.4783325195312,2051.886962890625,1273.052490234375,1.0,0.9527422785758972,1.0
1287.903076171875,861.4403076171875,1552.06005859375,1132.1318359375,2.0,0.9069478511810303,2.0
800.8955688476562,904.8941650390625,2051.802734375,1273.1192626953125,1.0,0.9529606699943542,1.0
1284.7783203125,862.9716796875,1551.7510986328125,1131.8175048828125,2.0,0.9148139357566833,2.0
801.2293701171875,905.21142578125,2051.68359375,1273.0634765625,1.0,0.9525266885757446,1.0
1283.8997802734375,863.0559692382812,1552.8360595703125,1131.6561279296875,2.0,0.9138691425323486,2.0
801.2664794921875,905.3639526367188,2051.447265625,1273.0120849609375,1.0,0.9533728957176208,1.0
1283.2659912109375,858.8569946289062,1555.0185546875,1132.41748046875,2.0,0.9082040786743164,2.0
801.186767578125,905.6383666992188,2051.53466796875,1273.119873046875,1.0,0.9529616832733154,1.0
1281.79736328125,857.2809448242188,1553.012939453125,1131.77001953125,2.0,0.8994888663291931,2.0
801.4436645507812,905.18798828125,2051.693359375,1273.051025390625,1.0,0.953619122505188,1.0
1282.5740966796875,855.2245483398438,1550.3707275390625,1131.7977294921875,2.0,0.9265192747116089,2.0
801.6771850585938,905.3763427734375,2051.74169921875,1273.072998046875,1.0,0.954242467880249,1.0
1284.1824951171875,852.0640258789062,1547.75537109375,1132.50927734375,2.0,0.9356411099433899,2.0
801.4886474609375,905.37060546875,2051.805908203125,1273.1265869140625,1.0,0.9545004367828369,1.0
1287.52001953125,850.729248046875,1546.5191650390625,1133.5859375,2.0,0.9332924485206604,2.0
801.46630859375,905.2914428710938,2051.7578125,1273.11474609375,1.0,0.9543790221214294,1.0
1288.5394287109375,850.1449584960938,1545.4140625,1134.083740234375,2.0,0.9360045194625854,2.0
801.340087890625,905.535888671875,2051.76171875,1273.0921630859375,1.0,0.9542247653007507,1.0
1291.73876953125,849.7842407226562,1545.3740234375,1134.4791259765625,2.0,0.9363867044448853,2.0
801.35791015625,905.2950439453125,2051.96337890625,1273.09130859375,1.0,0.9543957710266113,1.0
1294.9461669921875,849.947998046875,1544.7415771484375,1134.76318359375,2.0,0.9393552541732788,2.0
801.25537109375,904.8546142578125,2051.924072265625,1273.3482666015625,1.0,0.9542324542999268,1.0
1291.8089599609375,849.5097045898438,1542.2388916015625,1135.517578125,2.0,0.9122799038887024,2.0
801.31494140625,904.727783203125,2051.72998046875,1273.5843505859375,1.0,0.9532894492149353,1.0
1320.06640625,852.9172973632812,1538.340087890625,1135.2720947265625,2.0,0.9322606325149536,2.0
801.4951171875,905.154541015625,2050.9365234375,1273.8023681640625,1.0,0.9522789120674133,1.0
1329.3099365234375,857.9684448242188,1536.459228515625,1133.6827392578125,2.0,0.9218007326126099,2.0
801.55322265625,905.633544921875,2050.94677734375,1273.774658203125,1.0,0.9520702362060547,1.0
1333.536865234375,861.5598754882812,1537.2152099609375,1134.2813720703125,2.0,0.9207680225372314,2.0
801.53076171875,905.8040771484375,2050.956298828125,1273.66796875,1.0,0.9524756073951721,1.0
1335.7989501953125,863.9669799804688,1538.5821533203125,1136.06005859375,2.0,0.9187690615653992,2.0
801.53369140625,905.64892578125,2050.94677734375,1273.547119140625,1.0,0.9528830647468567,1.0
1336.51611328125,864.0111694335938,1540.1630859375,1137.802490234375,2.0,0.9225276708602905,2.0
801.3825073242188,905.4244384765625,2051.03271484375,1273.4866943359375,1.0,0.9527330994606018,1.0
1338.1507568359375,864.4966430664062,1544.23779296875,1137.63037109375,2.0,0.9191933274269104,2.0
801.2939453125,905.64306640625,2051.18017578125,1273.4749755859375,1.0,0.9523583054542542,1.0
1342.3883056640625,865.6347045898438,1548.8121337890625,1138.8992919921875,2.0,0.9215606451034546,2.0
801.182861328125,906.0256958007812,2051.072021484375,1273.274658203125,1.0,0.9520396590232849,1.0
1345.3624267578125,863.831298828125,1550.9229736328125,1141.047119140625,2.0,0.9263388514518738,2.0
800.7492065429688,905.7342529296875,2051.91455078125,1273.55078125,1.0,0.9510172009468079,1.0
1346.3616943359375,865.2682495117188,1550.823974609375,1141.3699951171875,2.0,0.9303451776504517,2.0
800.7862548828125,905.9032592773438,2051.271484375,1273.4874267578125,1.0,0.9512170553207397,1.0
1346.7486572265625,864.4661865234375,1551.478515625,1142.056396484375,2.0,0.9356063008308411,2.0
801.0015258789062,905.7449340820312,2050.93505859375,1273.3602294921875,1.0,0.9519847631454468,1.0
1347.8377685546875,861.7564697265625,1551.8720703125,1141.5399169921875,2.0,0.9245189428329468,2.0
801.23486328125,906.0285034179688,2050.881591796875,1273.1719970703125,1.0,0.9525136947631836,1.0
1349.2144775390625,860.6989135742188,1551.5894775390625,1141.0242919921875,2.0,0.9323856234550476,2.0
801.3103637695312,906.03466796875,2051.058349609375,1273.1141357421875,1.0,0.9526058435440063,1.0
1350.6983642578125,859.3638305664062,1551.86376953125,1140.9456787109375,2.0,0.9348430037498474,2.0
801.3472900390625,906.5147705078125,2051.13671875,1272.8455810546875,1.0,0.9528075456619263,1.0
1351.985107421875,857.7383422851562,1552.8453369140625,1140.2138671875,2.0,0.942092776298523,2.0
801.5935668945312,906.8450317382812,2051.123291015625,1272.7755126953125,1.0,0.9532524347305298,1.0
1343.474853515625,857.8512573242188,1567.629150390625,1141.8048095703125,2.0,0.9090551137924194,2.0
801.4009399414062,905.4273681640625,2051.3671875,1272.56640625,1.0,0.9548623561859131,1.0
1305.4324951171875,840.6470947265625,1598.8895263671875,1141.7135009765625,2.0,0.9266350269317627,2.0
801.1099243164062,904.5484008789062,2051.594970703125,1272.4989013671875,1.0,0.9549012780189514,1.0
1287.7437744140625,827.41943359375,1611.339599609375,1142.42822265625,2.0,0.9211562275886536,2.0
801.0852661132812,904.268310546875,2051.678466796875,1272.52490234375,1.0,0.9549692273139954,1.0
1281.4864501953125,821.2551879882812,1617.353759765625,1143.2176513671875,2.0,0.9239104390144348,2.0
801.1096801757812,904.50732421875,2051.695068359375,1272.548583984375,1.0,0.9552050828933716,1.0
1283.03857421875,818.1929931640625,1619.880615234375,1142.7769775390625,2.0,0.9228067994117737,2.0
801.161376953125,904.5703125,2051.68896484375,1272.6915283203125,1.0,0.9551828503608704,1.0
1284.6910400390625,816.3164672851562,1619.5472412109375,1142.3109130859375,2.0,0.9218353033065796,2.0
801.180908203125,905.2915649414062,2051.53759765625,1272.7269287109375,1.0,0.9551082849502563,1.0
1285.974853515625,814.6495971679688,1616.07080078125,1142.4462890625,2.0,0.9205266833305359,2.0
801.1818237304688,905.2857055664062,2051.41064453125,1272.7623291015625,1.0,0.9551828503608704,1.0
1286.7362060546875,823.1318969726562,1603.255615234375,1141.1129150390625,2.0,0.9113480448722839,2.0
801.2476196289062,906.0401000976562,2051.068603515625,1272.849609375,1.0,0.9548275470733643,1.0
1290.2989501953125,827.6386108398438,1578.9395751953125,1139.2694091796875,2.0,0.9201268553733826,2.0
801.249755859375,906.571533203125,2050.965576171875,1272.890625,1.0,0.9548723697662354,1.0
1302.968505859375,829.1909790039062,1569.448486328125,1139.61767578125,2.0,0.9246814250946045,2.0
801.408935546875,906.805908203125,2051.06787109375,1272.8870849609375,1.0,0.9545425772666931,1.0
1314.019775390625,829.6070556640625,1564.875732421875,1139.581787109375,2.0,0.9230633974075317,2.0
801.5410766601562,906.8413696289062,2051.193603515625,1272.9388427734375,1.0,0.9545171856880188,1.0
1321.5360107421875,829.9425048828125,1561.82763671875,1139.30126953125,2.0,0.9245449304580688,2.0
801.5737915039062,906.9061279296875,2051.177001953125,1272.9288330078125,1.0,0.954535186290741,1.0
1323.897705078125,828.541748046875,1560.8779296875,1138.897705078125,2.0,0.9244250059127808,2.0
801.5889282226562,906.8355712890625,2051.199951171875,1272.88427734375,1.0,0.9547401666641235,1.0
1325.306640625,829.3242797851562,1560.895751953125,1139.014892578125,2.0,0.9253402352333069,2.0
801.4691772460938,906.6524047851562,2051.265869140625,1272.86328125,1.0,0.9549052715301514,1.0
1326.1304931640625,829.2593994140625,1560.7935791015625,1138.7449951171875,2.0,0.9264571666717529,2.0
801.4724731445312,906.6376342773438,2051.353759765625,1272.8297119140625,1.0,0.9548373222351074,1.0
1326.211669921875,829.7106323242188,1560.7459716796875,1139.1156005859375,2.0,0.9264043569564819,2.0
801.7460327148438,905.70556640625,2051.49658203125,1272.6988525390625,1.0,0.954177975654602,1.0
1326.7176513671875,850.0181884765625,1559.66455078125,1139.2750244140625,2.0,0.9098708629608154,2.0
801.4901733398438,905.0907592773438,2051.239501953125,1272.927490234375,1.0,0.9535752534866333,1.0
1339.592041015625,856.2359008789062,1558.398193359375,1139.031494140625,2.0,0.9271121621131897,2.0
801.444091796875,905.0093383789062,2051.321044921875,1273.11767578125,1.0,0.9532948732376099,1.0
1343.3453369140625,860.9808959960938,1556.7822265625,1139.8785400390625,2.0,0.925422728061676,2.0
801.3067016601562,905.0286254882812,2051.40185546875,1273.2833251953125,1.0,0.9524132013320923,1.0
1342.8082275390625,863.49072265625,1555.7591552734375,1140.4080810546875,2.0,0.9328620433807373,2.0
801.2670288085938,905.2295532226562,2051.38623046875,1273.2767333984375,1.0,0.9524309635162354,1.0
1342.0244140625,863.413330078125,1554.01416015625,1140.5565185546875,2.0,0.9262909889221191,2.0
801.1729125976562,904.8851928710938,2051.300048828125,1273.2132568359375,1.0,0.9530867338180542,1.0
1343.384521484375,862.8369140625,1551.2923583984375,1140.1724853515625,2.0,0.9231939911842346,2.0
801.1385498046875,904.5087890625,2051.22216796875,1273.0831298828125,1.0,0.9534395337104797,1.0
1343.6607666015625,860.3724365234375,1550.30810546875,1138.05908203125,2.0,0.9241676926612854,2.0
801.0157470703125,904.8540649414062,2051.1669921875,1273.1611328125,1.0,0.9522894024848938,1.0
1342.2637939453125,860.6167602539062,1551.1014404296875,1139.556640625,2.0,0.9282621741294861,2.0
801.11572265625,905.2175903320312,2051.1533203125,1273.1124267578125,1.0,0.9529289603233337,1.0
1342.17333984375,860.6099853515625,1550.1744384765625,1139.522705078125,2.0,0.9198781251907349,2.0
801.2493286132812,905.1412353515625,2051.373779296875,1272.8837890625,1.0,0.9536656737327576,1.0
1342.798583984375,859.1881713867188,1550.38818359375,1138.6895751953125,2.0,0.931747317314148,2.0
801.1991577148438,905.0809326171875,2051.374755859375,1272.9169921875,1.0,0.9539761543273926,1.0
1342.4971923828125,857.6157836914062,1551.0167236328125,1137.700439453125,2.0,0.9313653111457825,2.0
801.1145629882812,905.3218994140625,2051.451904296875,1273.1507568359375,1.0,0.953198254108429,1.0
1340.0198974609375,860.3900756835938,1553.4906005859375,1138.7744140625,2.0,0.9361848831176758,2.0
801.2645263671875,905.3637084960938,2051.466064453125,1273.1446533203125,1.0,0.9537708163261414,1.0
1338.5142822265625,859.7992553710938,1552.2745361328125,1138.2242431640625,2.0,0.9300739169120789,2.0
801.3150024414062,905.4218139648438,2051.40869140625,1272.9775390625,1.0,0.9536572694778442,1.0
1337.6124267578125,857.24462890625,1549.9256591796875,1136.593017578125,2.0,0.9255105257034302,2.0
801.1798706054688,905.1605834960938,2051.380615234375,1272.7835693359375,1.0,0.9540851712226868,1.0
1336.9149169921875,856.5040283203125,1548.7962646484375,1136.68896484375,2.0,0.9301891922950745,2.0
801.0991821289062,905.4071044921875,2051.63623046875,1272.9996337890625,1.0,0.9535598158836365,1.0
1336.3936767578125,857.0613403320312,1548.78515625,1137.8917236328125,2.0,0.9215412735939026,2.0
800.9462280273438,905.2752075195312,2051.26123046875,1273.111572265625,1.0,0.9531540870666504,1.0
1335.9720458984375,861.8348999023438,1550.6409912109375,1138.850830078125,2.0,0.9367594718933105,2.0
800.8705444335938,905.4132690429688,2050.958984375,1273.1390380859375,1.0,0.9527509212493896,1.0
1336.8919677734375,861.0079345703125,1549.346435546875,1138.6177978515625,2.0,0.9310819506645203,2.0
800.9168701171875,905.4998779296875,2050.900146484375,1273.1885986328125,1.0,0.9527631402015686,1.0
1336.6978759765625,858.6851196289062,1547.796630859375,1137.7884521484375,2.0,0.9301338195800781,2.0
801.08642578125,905.6361083984375,2050.97802734375,1273.2109375,1.0,0.9529030919075012,1.0
1336.86669921875,858.9857177734375,1547.0950927734375,1137.1602783203125,2.0,0.9302027225494385,2.0
801.1419067382812,905.574951171875,2051.1083984375,1273.185546875,1.0,0.95253586769104,1.0
1337.045166015625,861.5586547851562,1546.9588623046875,1137.1949462890625,2.0,0.9320189952850342,2.0
801.2212524414062,904.9907836914062,2050.987060546875,1272.990478515625,1.0,0.9539084434509277,1.0
1337.4033203125,858.6092529296875,1546.260986328125,1136.083251953125,2.0,0.934320330619812,2.0
801.2947387695312,904.701904296875,2050.96630859375,1272.9700927734375,1.0,0.9537054300308228,1.0
1334.1834716796875,858.7577514648438,1548.1705322265625,1135.831787109375,2.0,0.9011515378952026,2.0
801.5826416015625,905.544677734375,2050.9375,1273.265380859375,1.0,0.9542128443717957,1.0
1340.177978515625,845.9974365234375,1549.1429443359375,1134.6658935546875,2.0,0.9355661869049072,2.0
801.5242309570312,906.4912109375,2051.0712890625,1273.3489990234375,1.0,0.9536806344985962,1.0
1346.56591796875,829.2197875976562,1550.306396484375,1134.6373291015625,2.0,0.936874270439148,2.0
801.52294921875,906.8284301757812,2051.150146484375,1273.4691162109375,1.0,0.9539291858673096,1.0
1349.69580078125,822.8611450195312,1550.6527099609375,1134.349365234375,2.0,0.9364410638809204,2.0
801.4557495117188,907.0624389648438,2051.513671875,1273.4635009765625,1.0,0.9538504481315613,1.0
1348.6910400390625,820.2858276367188,1550.7586669921875,1134.32275390625,2.0,0.9397145509719849,2.0
801.3689575195312,906.986328125,2051.6611328125,1273.4515380859375,1.0,0.9537070393562317,1.0
1347.5367431640625,818.8790893554688,1550.789794921875,1134.5283203125,2.0,0.9390152096748352,2.0
801.3889770507812,907.1744995117188,2051.99365234375,1273.548095703125,1.0,0.953405499458313,1.0
1344.04248046875,816.9407348632812,1551.1610107421875,1134.5853271484375,2.0,0.9381086826324463,2.0
801.3782958984375,907.634521484375,2052.03515625,1273.6837158203125,1.0,0.9533548951148987,1.0
1346.348388671875,806.2275390625,1552.0579833984375,1135.847412109375,2.0,0.9350205659866333,2.0
801.5045166015625,908.3153686523438,2051.802734375,1273.605224609375,1.0,0.9533565640449524,1.0
1342.2210693359375,793.9068603515625,1553.1634521484375,1136.7838134765625,2.0,0.9399551153182983,2.0
801.4832763671875,907.7998657226562,2051.49853515625,1273.618408203125,1.0,0.9528082609176636,1.0
1344.68359375,787.156494140625,1552.998779296875,1136.9677734375,2.0,0.9362724423408508,2.0
801.4706420898438,907.733154296875,2051.23583984375,1273.6324462890625,1.0,0.9529188871383667,1.0
1346.2230224609375,784.8282470703125,1553.0450439453125,1136.7406005859375,2.0,0.9393361210823059,2.0
801.5235595703125,907.5759887695312,2051.3134765625,1273.5987548828125,1.0,0.9528769254684448,1.0
1346.25244140625,784.127197265625,1553.0755615234375,1136.864990234375,2.0,0.937384843826294,2.0
801.4817504882812,907.6813354492188,2051.3955078125,1273.6611328125,1.0,0.9529637098312378,1.0
1345.57275390625,783.7661743164062,1552.6031494140625,1136.8052978515625,2.0,0.9387642741203308,2.0
801.41357421875,907.4437255859375,2051.4072265625,1273.653564453125,1.0,0.9529036283493042,1.0
1345.095458984375,783.6773071289062,1551.951171875,1136.85205078125,2.0,0.9393893480300903,2.0
801.3624267578125,907.4151000976562,2051.30810546875,1273.63330078125,1.0,0.9529577493667603,1.0
1344.3665771484375,784.292236328125,1552.0003662109375,1137.1949462890625,2.0,0.9374548196792603,2.0
801.468017578125,907.0075073242188,2051.301025390625,1273.625732421875,1.0,0.9524515867233276,1.0
1345.7618408203125,802.7811889648438,1553.098876953125,1135.8245849609375,2.0,0.9366346001625061,2.0
801.50927734375,906.1021728515625,2051.10791015625,1273.2030029296875,1.0,0.9527801275253296,1.0
1347.6805419921875,841.0018310546875,1552.20361328125,1134.4482421875,2.0,0.9083803296089172,2.0
801.5701293945312,905.2108764648438,2051.063232421875,1272.7923583984375,1.0,0.9537963271141052,1.0
1344.1353759765625,854.847900390625,1552.76611328125,1134.129638671875,2.0,0.9304373264312744,2.0
801.7672729492188,904.663330078125,2051.045166015625,1272.6597900390625,1.0,0.9537928104400635,1.0
1342.1796875,861.6759643554688,1552.9178466796875,1133.774169921875,2.0,0.9225689768791199,2.0
801.8921508789062,904.5411987304688,2051.310302734375,1272.746337890625,1.0,0.9534879922866821,1.0
1341.4779052734375,865.6192626953125,1553.71337890625,1134.139892578125,2.0,0.9241352081298828,2.0
801.9131469726562,904.7472534179688,2051.4365234375,1272.88671875,1.0,0.9536483883857727,1.0
1342.07080078125,865.5150756835938,1552.70263671875,1133.812255859375,2.0,0.9247628450393677,2.0
801.7750244140625,905.3570556640625,2051.244384765625,1272.9925537109375,1.0,0.9529579877853394,1.0
1343.1519775390625,863.847900390625,1550.2042236328125,1133.3162841796875,2.0,0.9329526424407959,2.0
801.7620239257812,905.508544921875,2051.15185546875,1273.1300048828125,1.0,0.9526861310005188,1.0
1343.5460205078125,864.31689453125,1549.2926025390625,1132.992919921875,2.0,0.9289152026176453,2.0
801.7705688476562,905.3658447265625,2051.109375,1273.1905517578125,1.0,0.9534559845924377,1.0
1342.1221923828125,866.3157958984375,1549.64208984375,1132.9769287109375,2.0,0.9214752912521362,2.0
801.3095092773438,905.4212646484375,2051.302490234375,1273.1949462890625,1.0,0.9539276361465454,1.0
1339.0814208984375,864.3941650390625,1550.466796875,1132.8406982421875,2.0,0.9192308187484741,2.0
801.2268676757812,905.5775146484375,2051.29345703125,1273.1734619140625,1.0,0.9537771940231323,1.0
1338.5350341796875,863.0216064453125,1549.38427734375,1132.5408935546875,2.0,0.9200633764266968,2.0
801.2634887695312,905.7032470703125,2051.303466796875,1273.2125244140625,1.0,0.9538516402244568,1.0
1339.0799560546875,863.3682250976562,1549.0374755859375,1132.4908447265625,2.0,0.9167121052742004,2.0
801.2957153320312,905.1466064453125,2051.54345703125,1273.2291259765625,1.0,0.9541992545127869,1.0
1338.486083984375,863.1151123046875,1548.453125,1133.062744140625,2.0,0.9140719175338745,2.0
801.3068237304688,905.4310913085938,2051.54345703125,1273.1031494140625,1.0,0.9540797472000122,1.0
1338.8363037109375,861.4557495117188,1548.5390625,1132.6470947265625,2.0,0.9156049489974976,2.0
801.3742065429688,905.7926025390625,2051.709228515625,1272.88671875,1.0,0.9538896679878235,1.0
1338.3897705078125,860.435546875,1548.8521728515625,1132.7149658203125,2.0,0.9195038676261902,2.0
801.5179443359375,905.7432861328125,2051.67626953125,1272.78173828125,1.0,0.9540899395942688,1.0
1338.0069580078125,860.1880493164062,1548.7447509765625,1132.53759765625,2.0,0.92318195104599,2.0
801.5123901367188,905.76123046875,2051.61962890625,1272.8768310546875,1.0,0.9540061950683594,1.0
1336.75830078125,860.3215942382812,1548.8134765625,1133.3341064453125,2.0,0.9159951210021973,2.0
801.5150146484375,905.9567260742188,2051.594482421875,1272.9598388671875,1.0,0.9537560939788818,1.0
1336.0283203125,860.8355102539062,1550.2255859375,1133.606201171875,2.0,0.9157246947288513,2.0
801.3870239257812,905.6865844726562,2051.745361328125,1272.9791259765625,1.0,0.9541810154914856,1.0
1335.6595458984375,860.6375732421875,1550.706787109375,1133.6046142578125,2.0,0.9150286912918091,2.0
801.3871459960938,905.6680908203125,2051.706298828125,1273.0042724609375,1.0,0.9541863203048706,1.0
1337.12060546875,860.2755126953125,1550.23193359375,1133.238037109375,2.0,0.9170072674751282,2.0
801.4616088867188,905.0941162109375,2051.51953125,1272.920654296875,1.0,0.9542897939682007,1.0
1338.333740234375,860.6688842773438,1550.2440185546875,1133.0723876953125,2.0,0.921812891960144,2.0
801.4094848632812,904.7385864257812,2051.477294921875,1272.848876953125,1.0,0.954317033290863,1.0
1338.3795166015625,861.7247314453125,1551.1790771484375,1133.3758544921875,2.0,0.9165822267532349,2.0
801.4290161132812,904.71728515625,2051.37109375,1272.8797607421875,1.0,0.954443633556366,1.0
1337.3846435546875,861.91845703125,1552.4298095703125,1133.53564453125,2.0,0.9130701422691345,2.0
801.5445556640625,904.6494750976562,2051.528076171875,1272.8499755859375,1.0,0.954472541809082,1.0
1338.5130615234375,862.7108154296875,1554.4554443359375,1133.21728515625,2.0,0.9154230356216431,2.0
801.3950805664062,904.8746337890625,2051.40625,1273.0733642578125,1.0,0.9540658593177795,1.0
1339.7401123046875,863.430419921875,1557.1295166015625,1133.2623291015625,2.0,0.929196834564209,2.0
801.345703125,905.259765625,2051.4501953125,1273.2947998046875,1.0,0.9537338614463806,1.0
1338.94677734375,863.5101928710938,1558.3553466796875,1132.6009521484375,2.0,0.9276240468025208,2.0
801.1084594726562,905.0348510742188,2051.373779296875,1273.1922607421875,1.0,0.9536247849464417,1.0
1338.6832275390625,865.5571899414062,1558.585693359375,1135.8223876953125,2.0,0.9273170232772827,2.0
801.1690673828125,905.3486328125,2051.258056640625,1273.3287353515625,1.0,0.953004002571106,1.0
1338.9893798828125,864.9424438476562,1554.4642333984375,1137.363525390625,2.0,0.9135823249816895,2.0
801.2754516601562,905.469970703125,2051.158203125,1273.2591552734375,1.0,0.9535114765167236,1.0
1339.1475830078125,861.5399780273438,1551.3214111328125,1137.788330078125,2.0,0.911089301109314,2.0
801.2000122070312,905.2313842773438,2051.09130859375,1273.12939453125,1.0,0.9534706473350525,1.0
1339.8912353515625,857.6849365234375,1548.207275390625,1137.839111328125,2.0,0.920140266418457,2.0
801.2442016601562,904.904296875,2051.050048828125,1272.9381103515625,1.0,0.9535359144210815,1.0
1338.4241943359375,863.2673950195312,1546.4571533203125,1138.50146484375,2.0,0.9022765755653381,2.0
801.29736328125,904.8944702148438,2051.162353515625,1272.914794921875,1.0,0.9535539746284485,1.0
1336.9083251953125,864.9890747070312,1546.0123291015625,1138.403564453125,2.0,0.9010754823684692,2.0
801.223388671875,905.066650390625,2051.123779296875,1272.8665771484375,1.0,0.9537069797515869,1.0
1337.277099609375,862.885009765625,1544.304931640625,1137.79443359375,2.0,0.9031444787979126,2.0
801.2999267578125,905.224365234375,2051.04638671875,1272.9036865234375,1.0,0.9535475969314575,1.0
1337.201416015625,862.6635131835938,1542.98828125,1137.4219970703125,2.0,0.9040334820747375,2.0
801.4099731445312,905.410400390625,2051.03466796875,1272.99267578125,1.0,0.9536339044570923,1.0
1338.4217529296875,861.8873901367188,1540.798095703125,1136.9132080078125,2.0,0.9192731380462646,2.0
801.262451171875,905.4669189453125,2051.457275390625,1272.8856201171875,1.0,0.9542790651321411,1.0
1313.5850830078125,852.05810546875,1582.9183349609375,1136.0250244140625,2.0,0.9374361634254456,2.0
800.6622924804688,905.2127685546875,2052.545166015625,1273.0318603515625,1.0,0.9536588191986084,1.0
1285.5596923828125,834.7619018554688,1603.1824951171875,1136.5325927734375,2.0,0.914472222328186,2.0
800.748291015625,904.5556640625,2052.158203125,1273.0106201171875,1.0,0.954168438911438,1.0
1274.7601318359375,827.0489501953125,1612.4061279296875,1136.0513916015625,2.0,0.9186719655990601,2.0
800.6658935546875,903.5900268554688,2052.355712890625,1272.8035888671875,1.0,0.9538548588752747,1.0
1263.570068359375,822.3636474609375,1617.9810791015625,1135.735595703125,2.0,0.9218246340751648,2.0
800.990966796875,903.3558959960938,2051.876220703125,1272.7921142578125,1.0,0.9539686441421509,1.0
1259.1041259765625,821.0277099609375,1622.1182861328125,1135.54736328125,2.0,0.9195008277893066,2.0
801.1907958984375,903.15771484375,2051.752197265625,1272.8358154296875,1.0,0.9538447856903076,1.0
1257.32470703125,819.228759765625,1621.442138671875,1135.3692626953125,2.0,0.9182254076004028,2.0
801.3209228515625,903.2169799804688,2051.826416015625,1272.8067626953125,1.0,0.9539884328842163,1.0
1257.7294921875,818.1890258789062,1621.3436279296875,1135.6573486328125,2.0,0.9185630679130554,2.0
801.1048583984375,903.9844360351562,2051.937744140625,1272.78759765625,1.0,0.9547168612480164,1.0
1261.26806640625,822.9823608398438,1619.2933349609375,1135.3759765625,2.0,0.9203150272369385,2.0
801.1947021484375,904.7650756835938,2051.69287109375,1272.8997802734375,1.0,0.9540038108825684,1.0
1269.5203857421875,849.3541259765625,1583.60986328125,1134.9859619140625,2.0,0.8987783789634705,2.0
801.217529296875,905.8475952148438,2051.52978515625,1272.9603271484375,1.0,0.9534457325935364,1.0
1303.968017578125,857.040283203125,1563.4444580078125,1135.37646484375,2.0,0.9219309091567993,2.0
801.202880859375,906.3563842773438,2051.446533203125,1272.88916015625,1.0,0.9536325931549072,1.0
1315.4656982421875,857.6448974609375,1555.99658203125,1135.6219482421875,2.0,0.9262890815734863,2.0
801.1636962890625,905.7803344726562,2051.418701171875,1272.9644775390625,1.0,0.9539359211921692,1.0
1316.226806640625,858.4576416015625,1553.4351806640625,1135.7537841796875,2.0,0.9245298504829407,2.0
801.2747802734375,905.5658569335938,2051.3525390625,1272.8778076171875,1.0,0.95420902967453,1.0
1327.9754638671875,858.05126953125,1551.47216796875,1135.439208984375,2.0,0.9327751398086548,2.0
801.4485473632812,905.5243530273438,2051.38330078125,1272.9658203125,1.0,0.9541014432907104,1.0
1332.271728515625,856.8677978515625,1550.48681640625,1135.3314208984375,2.0,0.9399868249893188,2.0
801.6563720703125,905.3841552734375,2051.283935546875,1272.950439453125,1.0,0.9541064500808716,1.0
1333.39013671875,857.0255737304688,1550.924560546875,1135.558349609375,2.0,0.938254714012146,2.0
801.6660766601562,905.2160034179688,2051.294677734375,1272.8411865234375,1.0,0.9541122317314148,1.0
1334.9364013671875,859.21875,1551.6025390625,1135.4656982421875,2.0,0.9360347986221313,2.0
801.861572265625,905.1954956054688,2051.23828125,1272.873291015625,1.0,0.9541624784469604,1.0
1334.6417236328125,858.8280029296875,1551.8255615234375,1135.52783203125,2.0,0.9318509697914124,2.0
801.9175415039062,905.266357421875,2051.220458984375,1272.7054443359375,1.0,0.9543355107307434,1.0
1334.8907470703125,856.9691772460938,1551.726806640625,1134.807373046875,2.0,0.941165566444397,2.0
801.72607421875,905.3592529296875,2051.143798828125,1272.5242919921875,1.0,0.9544404745101929,1.0
1333.9871826171875,855.681396484375,1552.327392578125,1134.9510498046875,2.0,0.9381145238876343,2.0
801.5072631835938,904.82421875,2051.094970703125,1272.7952880859375,1.0,0.9540321230888367,1.0
1330.7633056640625,856.133544921875,1553.7418212890625,1135.186767578125,2.0,0.9292013645172119,2.0
801.4830932617188,904.5639038085938,2051.185791015625,1272.65283203125,1.0,0.954208493232727,1.0
1333.4600830078125,856.5206298828125,1551.5721435546875,1134.8426513671875,2.0,0.9301764965057373,2.0
801.4620971679688,905.3538208007812,2050.99609375,1272.6451416015625,1.0,0.9537994265556335,1.0
1334.8209228515625,856.5093994140625,1549.611083984375,1134.44580078125,2.0,0.9300671815872192,2.0
801.3162231445312,905.1655883789062,2051.0263671875,1272.62255859375,1.0,0.9541002511978149,1.0
1338.142333984375,858.3974609375,1551.0758056640625,1135.451171875,2.0,0.9248266816139221,2.0
801.0337524414062,905.95166015625,2050.743408203125,1273.0751953125,1.0,0.9521039724349976,1.0
1340.776123046875,857.210205078125,1550.1575927734375,1135.684326171875,2.0,0.9274544715881348,2.0
800.9739990234375,905.8193359375,2050.699462890625,1272.9613037109375,1.0,0.9528643488883972,1.0
1341.373779296875,857.4859008789062,1549.5897216796875,1135.4737548828125,2.0,0.928148627281189,2.0
801.1468505859375,905.7844848632812,2050.665283203125,1272.7542724609375,1.0,0.9531762003898621,1.0
1339.538330078125,856.337890625,1549.827880859375,1135.573974609375,2.0,0.9265113472938538,2.0
801.341064453125,906.0565185546875,2050.80078125,1272.734619140625,1.0,0.9532293677330017,1.0
1337.5335693359375,855.5157470703125,1549.7991943359375,1135.505615234375,2.0,0.9294281601905823,2.0
801.3749389648438,906.133544921875,2050.898193359375,1272.8272705078125,1.0,0.953029990196228,1.0
1338.9476318359375,854.9036254882812,1550.0179443359375,1135.5771484375,2.0,0.9280486106872559,2.0
801.3402709960938,906.22265625,2051.043212890625,1273.201416015625,1.0,0.9518294334411621,1.0
1340.6689453125,854.7675170898438,1549.9041748046875,1135.3443603515625,2.0,0.9276989102363586,2.0
801.2657470703125,906.3969116210938,2051.1044921875,1273.2711181640625,1.0,0.9520867466926575,1.0
1340.06787109375,855.699951171875,1549.3604736328125,1135.133056640625,2.0,0.9306467771530151,2.0
801.45654296875,906.6284790039062,2051.155517578125,1273.3046875,1.0,0.9526765942573547,1.0
1338.8641357421875,854.798828125,1548.9827880859375,1134.8199462890625,2.0,0.9368100762367249,2.0
801.3929443359375,906.1221313476562,2051.45361328125,1273.12744140625,1.0,0.9531482458114624,1.0
1338.693115234375,854.5884399414062,1548.6182861328125,1134.959228515625,2.0,0.933202862739563,2.0
801.5077514648438,906.0858154296875,2051.305908203125,1273.1663818359375,1.0,0.9531649351119995,1.0
1339.25,854.5723876953125,1548.537841796875,1134.638671875,2.0,0.936262309551239,2.0
801.47412109375,905.9652709960938,2051.346923828125,1273.3865966796875,1.0,0.9526486992835999,1.0
1340.820068359375,854.8775024414062,1548.4046630859375,1134.8951416015625,2.0,0.9297741055488586,2.0
801.3521118164062,905.9007568359375,2051.01904296875,1272.947021484375,1.0,0.9533333778381348,1.0
1341.0675048828125,854.8186645507812,1548.7735595703125,1134.5172119140625,2.0,0.9316391944885254,2.0
801.3355102539062,905.8165893554688,2050.770751953125,1272.6856689453125,1.0,0.9541758894920349,1.0
1337.5010986328125,855.4996948242188,1551.78857421875,1134.8961181640625,2.0,0.9140511155128479,2.0
801.2989501953125,906.0703125,2050.859619140625,1272.7337646484375,1.0,0.9544252753257751,1.0
1344.30029296875,854.9288940429688,1553.5133056640625,1134.66796875,2.0,0.9330799579620361,2.0
801.2874145507812,906.2925415039062,2050.847412109375,1272.7896728515625,1.0,0.9547353982925415,1.0
1348.6038818359375,850.1058959960938,1553.7877197265625,1134.57763671875,2.0,0.9307410717010498,2.0
801.3397827148438,906.409912109375,2051.02490234375,1272.8155517578125,1.0,0.9547197818756104,1.0
1349.4815673828125,848.7686157226562,1553.53369140625,1134.8040771484375,2.0,0.9332748055458069,2.0
801.2915649414062,906.3161010742188,2051.36767578125,1272.7354736328125,1.0,0.9546957612037659,1.0
1347.900390625,848.5762329101562,1553.4534912109375,1135.103271484375,2.0,0.93165123462677,2.0
801.33544921875,906.0557250976562,2051.416015625,1272.6241455078125,1.0,0.9547690153121948,1.0
1346.5791015625,848.6495971679688,1553.298828125,1135.211669921875,2.0,0.9316151142120361,2.0
801.343994140625,906.1835327148438,2051.462646484375,1272.6578369140625,1.0,0.9547330141067505,1.0
1345.827880859375,848.539794921875,1553.4425048828125,1135.378173828125,2.0,0.9305412769317627,2.0
801.2965087890625,906.3668212890625,2051.5625,1272.6988525390625,1.0,0.954704761505127,1.0
1346.269287109375,848.3306884765625,1553.388427734375,1135.6241455078125,2.0,0.9310100078582764,2.0
801.2896118164062,906.8604125976562,2051.1796875,1273.0048828125,1.0,0.9534834027290344,1.0
1348.7501220703125,845.4973754882812,1553.7244873046875,1133.50732421875,2.0,0.9288173913955688,2.0
801.4058227539062,907.0076293945312,2051.2109375,1273.1824951171875,1.0,0.9519768953323364,1.0
1319.1455078125,832.674560546875,1558.3463134765625,1122.1630859375,2.0,0.9191254377365112,2.0
801.3841552734375,906.2717895507812,2051.55859375,1273.3197021484375,1.0,0.954023540019989,1.0
1301.5867919921875,824.4002075195312,1596.08837890625,1129.4617919921875,2.0,0.9322373270988464,2.0
801.2841796875,905.1331176757812,2051.634033203125,1273.1689453125,1.0,0.9545741677284241,1.0
1293.25146484375,821.3355712890625,1609.1171875,1134.99951171875,2.0,0.926042914390564,2.0
801.10498046875,904.8451538085938,2051.535888671875,1273.1285400390625,1.0,0.9548156261444092,1.0
1290.213623046875,820.2835693359375,1615.0235595703125,1136.7890625,2.0,0.9264307618141174,2.0
801.00927734375,904.27294921875,2051.530029296875,1273.01171875,1.0,0.9547382593154907,1.0
1287.496337890625,819.7901000976562,1622.92041015625,1137.920654296875,2.0,0.9224653840065002,2.0
800.6787719726562,902.8097534179688,2051.637451171875,1272.9156494140625,1.0,0.9541867971420288,1.0
1279.3018798828125,815.3160400390625,1655.23681640625,1137.6143798828125,2.0,0.9270258545875549,2.0
801.1739501953125,904.3181762695312,2051.630615234375,1272.225341796875,1.0,0.9532482028007507,1.0
1285.016357421875,801.9022216796875,1739.0712890625,1086.431640625,2.0,0.8730361461639404,2.0
801.2120361328125,903.387451171875,2050.486572265625,1271.9984130859375,1.0,0.9527176022529602,1.0
1300.40625,812.9930419921875,1732.9188232421875,1109.77978515625,2.0,0.8661927580833435,2.0
801.3801879882812,903.4216918945312,2051.0234375,1272.413818359375,1.0,0.9511629939079285,1.0
1307.01123046875,815.2543334960938,1691.170166015625,1123.706298828125,2.0,0.9042692184448242,2.0
801.3778076171875,903.7686157226562,2051.255615234375,1272.512939453125,1.0,0.9510135650634766,1.0
1310.513427734375,816.3486328125,1672.9974365234375,1130.074951171875,2.0,0.9023488759994507,2.0
801.3785400390625,904.0255737304688,2051.382568359375,1272.591552734375,1.0,0.95089191198349,1.0
1312.0819091796875,816.8659057617188,1663.5224609375,1131.7142333984375,2.0,0.9069828987121582,2.0
801.3494873046875,904.72216796875,2051.590576171875,1272.73583984375,1.0,0.9507735967636108,1.0
1312.8394775390625,816.9768676757812,1656.7276611328125,1131.9217529296875,2.0,0.91146320104599,2.0
801.4033813476562,905.1417846679688,2051.831298828125,1272.6812744140625,1.0,0.9510033130645752,1.0
1312.6439208984375,817.1029052734375,1653.5618896484375,1131.6558837890625,2.0,0.912257969379425,2.0
800.9498901367188,906.077392578125,2052.880859375,1273.082275390625,1.0,0.9517465829849243,1.0
1312.054443359375,821.3649291992188,1637.7572021484375,1131.884765625,2.0,0.8824936747550964,2.0
801.3069458007812,906.6732177734375,2051.56201171875,1273.446044921875,1.0,0.9498034715652466,1.0
1321.2452392578125,820.4120483398438,1557.7608642578125,1128.0782470703125,2.0,0.9186171889305115,2.0
801.645263671875,906.6122436523438,2051.07861328125,1273.6922607421875,1.0,0.9511088728904724,1.0
1327.180908203125,817.244384765625,1536.234130859375,1126.0999755859375,2.0,0.9179949164390564,2.0
801.8508911132812,906.7908325195312,2050.904541015625,1273.900634765625,1.0,0.9511335492134094,1.0
1330.0850830078125,815.7688598632812,1530.7144775390625,1125.87109375,2.0,0.910904586315155,2.0
801.7860107421875,906.655029296875,2050.93310546875,1273.96533203125,1.0,0.9511956572532654,1.0
1331.231201171875,815.7035522460938,1530.111083984375,1125.9373779296875,2.0,0.9143819808959961,2.0
801.7392578125,906.8059692382812,2051.004150390625,1274.0604248046875,1.0,0.9509444236755371,1.0
1332.0399169921875,817.072998046875,1530.8779296875,1126.2130126953125,2.0,0.9148778319358826,2.0
801.6221313476562,906.6198120117188,2051.1494140625,1274.0572509765625,1.0,0.9503525495529175,1.0
1332.04150390625,817.8165893554688,1531.6131591796875,1127.100830078125,2.0,0.9174160361289978,2.0
801.3439331054688,906.9124145507812,2051.072265625,1274.17236328125,1.0,0.9508678913116455,1.0
1331.4232177734375,818.4639892578125,1531.742431640625,1127.021484375,2.0,0.9195572137832642,2.0
800.9343872070312,906.9560546875,2052.462158203125,1274.3826904296875,1.0,0.9506028294563293,1.0
1331.4923095703125,818.91943359375,1531.943359375,1127.030029296875,2.0,0.9200773239135742,2.0
801.2889404296875,907.1883544921875,2051.63916015625,1274.251708984375,1.0,0.9510274529457092,1.0
1331.5982666015625,821.3154907226562,1532.2144775390625,1127.077392578125,2.0,0.916167676448822,2.0
801.427490234375,907.4420166015625,2051.3642578125,1274.2069091796875,1.0,0.950842559337616,1.0
1331.9658203125,819.3414306640625,1532.5111083984375,1127.974853515625,2.0,0.9156513214111328,2.0
801.4259033203125,907.4214477539062,2051.2587890625,1274.20947265625,1.0,0.9509516358375549,1.0
1332.0809326171875,817.3052978515625,1532.9654541015625,1128.124755859375,2.0,0.915748119354248,2.0
801.3841552734375,907.4558715820312,2051.353759765625,1274.212646484375,1.0,0.9508779048919678,1.0
1332.0391845703125,815.0617065429688,1533.037353515625,1128.24365234375,2.0,0.9162560105323792,2.0
801.3053588867188,907.6491088867188,2051.258056640625,1274.265869140625,1.0,0.9509445428848267,1.0
1331.982666015625,814.5816040039062,1533.1715087890625,1128.508056640625,2.0,0.9180352687835693,2.0
801.486572265625,907.6671752929688,2051.250244140625,1274.2864990234375,1.0,0.9510384202003479,1.0
1331.7437744140625,812.83349609375,1533.94775390625,1128.0950927734375,2.0,0.9208217859268188,2.0
801.5206909179688,907.6730346679688,2051.307373046875,1274.2545166015625,1.0,0.9511719346046448,1.0
1331.4530029296875,810.86865234375,1534.6563720703125,1128.45751953125,2.0,0.920019805431366,2.0
801.3699951171875,907.5719604492188,2051.220458984375,1274.174560546875,1.0,0.9517150521278381,1.0
1331.116455078125,809.07421875,1535.25732421875,1128.6126708984375,2.0,0.9234127998352051,2.0
801.041259765625,907.4820556640625,2051.006591796875,1274.101318359375,1.0,0.951560914516449,1.0
1330.9678955078125,807.5625,1535.6402587890625,1128.5751953125,2.0,0.919772744178772,2.0
801.0838623046875,907.3665161132812,2050.935791015625,1274.0928955078125,1.0,0.9513697028160095,1.0
1331.07080078125,806.8026733398438,1535.6591796875,1128.4439697265625,2.0,0.9183962345123291,2.0
801.0849609375,907.2285766601562,2050.9755859375,1274.113037109375,1.0,0.9513832926750183,1.0
1330.92431640625,806.471435546875,1535.740966796875,1128.406494140625,2.0,0.9179556369781494,2.0
801.2202758789062,907.0217895507812,2051.0185546875,1274.1297607421875,1.0,0.9512896537780762,1.0
1330.5693359375,806.9470825195312,1535.5614013671875,1128.6121826171875,2.0,0.9204420447349548,2.0
801.3644409179688,907.1298217773438,2050.976806640625,1274.1920166015625,1.0,0.9511719346046448,1.0
1330.4105224609375,806.8640747070312,1535.509033203125,1128.82275390625,2.0,0.9193589687347412,2.0
801.3560791015625,906.3698120117188,2050.85888671875,1274.1229248046875,1.0,0.9511585831642151,1.0
1329.83349609375,806.9954223632812,1535.9405517578125,1128.86767578125,2.0,0.9201269745826721,2.0
801.3374633789062,905.7469482421875,2050.593994140625,1274.1556396484375,1.0,0.9511888027191162,1.0
1329.4715576171875,827.7415771484375,1536.05517578125,1127.909423828125,2.0,0.920028567314148,2.0
800.902099609375,905.3136596679688,2051.859375,1274.2459716796875,1.0,0.9501230716705322,1.0
1330.9337158203125,844.8707275390625,1536.6324462890625,1126.8895263671875,2.0,0.9219754338264465,2.0
801.134033203125,905.0223999023438,2051.22705078125,1274.0789794921875,1.0,0.9508329033851624,1.0
1329.6356201171875,848.5072631835938,1536.986083984375,1126.281982421875,2.0,0.923956036567688,2.0
801.3363037109375,905.010986328125,2050.939453125,1273.959228515625,1.0,0.9508731961250305,1.0
1329.1292724609375,849.4926147460938,1536.4254150390625,1126.31005859375,2.0,0.9242668747901917,2.0
801.271728515625,904.8070678710938,2050.822021484375,1274.0577392578125,1.0,0.9506096243858337,1.0
1328.8504638671875,849.7094116210938,1535.7596435546875,1126.4599609375,2.0,0.9263783693313599,2.0
801.2112426757812,904.9207763671875,2050.682373046875,1274.16162109375,1.0,0.9510147571563721,1.0
1329.0657958984375,849.3927001953125,1535.554931640625,1126.411376953125,2.0,0.9273251891136169,2.0
801.1356201171875,905.237060546875,2050.650634765625,1274.1380615234375,1.0,0.9509217739105225,1.0
1329.014892578125,849.7886352539062,1535.677978515625,1126.4486083984375,2.0,0.9249721169471741,2.0
801.0465698242188,905.1103515625,2050.539306640625,1274.12744140625,1.0,0.9508901238441467,1.0
1329.2889404296875,850.5134887695312,1535.947509765625,1126.845947265625,2.0,0.9278507828712463,2.0
800.5301513671875,905.0383911132812,2051.76416015625,1274.245849609375,1.0,0.9507532119750977,1.0
1329.050048828125,850.8302612304688,1536.2576904296875,1127.2847900390625,2.0,0.930029034614563,2.0
800.564453125,905.1826782226562,2052.348388671875,1274.3084716796875,1.0,0.95086669921875,1.0
1328.892578125,851.67919921875,1536.458984375,1127.1612548828125,2.0,0.9284558892250061,2.0
800.6561889648438,905.1783447265625,2052.604248046875,1274.4190673828125,1.0,0.9498805403709412,1.0
1329.4561767578125,852.2876586914062,1535.016845703125,1127.05712890625,2.0,0.9248988628387451,2.0
800.5927734375,905.1636962890625,2052.658447265625,1274.48828125,1.0,0.9482881426811218,1.0
1329.862060546875,852.4873046875,1533.35400390625,1127.1866455078125,2.0,0.9258531332015991,2.0
800.5228271484375,905.5339965820312,2052.614013671875,1274.6324462890625,1.0,0.9479967355728149,1.0
1330.461181640625,852.4266967773438,1532.5340576171875,1127.1378173828125,2.0,0.9256424903869629,2.0
800.6177368164062,905.6453857421875,2052.671875,1274.5860595703125,1.0,0.9490419030189514,1.0
1330.4886474609375,852.3878784179688,1532.1300048828125,1127.546142578125,2.0,0.9239004850387573,2.0
800.1846923828125,904.9080200195312,2052.810791015625,1274.4852294921875,1.0,0.9488798975944519,1.0
1329.9166259765625,851.6932373046875,1530.863037109375,1127.5345458984375,2.0,0.9254344701766968,2.0
800.1790771484375,904.7456665039062,2052.80224609375,1274.473388671875,1.0,0.948788046836853,1.0
1329.4215087890625,851.39306640625,1530.4521484375,1127.6845703125,2.0,0.9248759150505066,2.0
800.2423706054688,904.9903564453125,2052.857177734375,1274.437744140625,1.0,0.9493386745452881,1.0
1328.7274169921875,851.8168334960938,1530.46044921875,1127.3463134765625,2.0,0.9252129793167114,2.0
800.2182006835938,905.083984375,2052.948486328125,1274.4793701171875,1.0,0.9487605690956116,1.0
1328.7860107421875,851.3489379882812,1530.1219482421875,1127.64208984375,2.0,0.9254690408706665,2.0
800.5398559570312,905.2662963867188,2051.598876953125,1274.1693115234375,1.0,0.951411783695221,1.0
1325.878173828125,850.8678588867188,1531.23876953125,1127.3704833984375,2.0,0.9311563968658447,2.0
800.8408203125,905.6870727539062,2051.217529296875,1273.8599853515625,1.0,0.9507336020469666,1.0
1316.3013916015625,829.5827026367188,1545.144287109375,1128.43115234375,2.0,0.9447520971298218,2.0
800.615478515625,904.8572387695312,2051.25048828125,1273.677001953125,1.0,0.9522203207015991,1.0
1301.8182373046875,813.7393188476562,1590.60546875,1131.21826171875,2.0,0.9323847889900208,2.0
800.5960693359375,903.9296264648438,2051.302001953125,1273.3681640625,1.0,0.952998161315918,1.0
1295.67578125,805.4170532226562,1605.5435791015625,1132.446533203125,2.0,0.9420822262763977,2.0
800.515625,903.6932983398438,2051.40869140625,1273.1641845703125,1.0,0.9528450965881348,1.0
1293.1116943359375,801.6460571289062,1608.8466796875,1132.6729736328125,2.0,0.9401848912239075,2.0
800.6627197265625,903.5781860351562,2051.457763671875,1273.0478515625,1.0,0.9527097940444946,1.0
1291.90283203125,799.495361328125,1610.5408935546875,1133.0062255859375,2.0,0.9374231696128845,2.0
800.8643798828125,903.8382568359375,2051.41455078125,1272.97802734375,1.0,0.9524968266487122,1.0
1291.5904541015625,798.5445556640625,1610.988037109375,1132.923095703125,2.0,0.9374766945838928,2.0
801.1270751953125,903.88427734375,2051.38818359375,1272.875732421875,1.0,0.9524037837982178,1.0
1291.27099609375,798.1912231445312,1612.868896484375,1133.7952880859375,2.0,0.9354255199432373,2.0
801.1504516601562,904.2140502929688,2051.37744140625,1273.123291015625,1.0,0.951549232006073,1.0
1304.222412109375,807.9569702148438,1611.6595458984375,1134.6846923828125,2.0,0.9181026220321655,2.0
801.3114013671875,905.5433349609375,2050.7353515625,1273.64111328125,1.0,0.9490026235580444,1.0
1316.321533203125,824.2808837890625,1552.065673828125,1129.8890380859375,2.0,0.9152174592018127,2.0
801.4749755859375,906.307373046875,2050.66064453125,1273.4151611328125,1.0,0.9518598914146423,1.0
1298.448486328125,832.0886840820312,1550.07861328125,1119.7291259765625,2.0,0.9165461659431458,2.0
801.8198852539062,906.6428833007812,2050.906494140625,1273.26220703125,1.0,0.9530695080757141,1.0
1288.1309814453125,828.806640625,1553.1539306640625,1116.6865234375,2.0,0.9128416776657104,2.0
801.6874389648438,906.6831665039062,2051.09326171875,1273.2255859375,1.0,0.9533935785293579,1.0
1284.6063232421875,826.8040771484375,1554.7401123046875,1116.5108642578125,2.0,0.9068576097488403,2.0
801.6360473632812,906.54638671875,2051.3544921875,1273.2764892578125,1.0,0.9536375403404236,1.0
1282.95263671875,825.5319213867188,1555.8885498046875,1117.7486572265625,2.0,0.9124709963798523,2.0
801.5287475585938,906.4016723632812,2051.334716796875,1273.286865234375,1.0,0.9534786343574524,1.0
1278.5086669921875,824.8568115234375,1556.3759765625,1118.2708740234375,2.0,0.918379545211792,2.0
801.5675659179688,906.1522216796875,2051.359619140625,1273.4033203125,1.0,0.9534235000610352,1.0
1276.29638671875,824.5618286132812,1556.3623046875,1118.9693603515625,2.0,0.9187167882919312,2.0
801.5382080078125,905.9089965820312,2051.29052734375,1273.501953125,1.0,0.9534419178962708,1.0
1275.5509033203125,823.6566162109375,1556.48291015625,1120.1431884765625,2.0,0.9173187017440796,2.0
801.7201538085938,905.7583618164062,2051.260009765625,1273.660400390625,1.0,0.9535678625106812,1.0
1274.2723388671875,822.5293579101562,1557.0888671875,1120.2869873046875,2.0,0.9215133786201477,2.0
801.506103515625,906.0986938476562,2050.995849609375,1273.737060546875,1.0,0.9535809755325317,1.0
1273.7022705078125,822.5596313476562,1557.44189453125,1120.5328369140625,2.0,0.9207108020782471,2.0
801.4451293945312,906.15185546875,2051.054443359375,1273.91064453125,1.0,0.9536290168762207,1.0
1274.4326171875,822.537841796875,1557.2923583984375,1121.367919921875,2.0,0.9169754385948181,2.0
801.6629638671875,906.4197387695312,2051.02001953125,1274.042236328125,1.0,0.9535415172576904,1.0
1273.9423828125,821.980712890625,1557.676025390625,1121.8472900390625,2.0,0.9142953753471375,2.0
801.08154296875,905.9359741210938,2052.366943359375,1273.7572021484375,1.0,0.9522916078567505,1.0
1266.3482666015625,836.3993530273438,1591.2093505859375,1114.89794921875,2.0,0.8993132710456848,2.0
801.4417114257812,903.232421875,2051.470703125,1272.6912841796875,1.0,0.951520562171936,1.0
1197.72216796875,849.8903198242188,1650.856689453125,1112.315185546875,2.0,0.8813650608062744,2.0
801.6619873046875,902.7216796875,2050.481689453125,1271.9896240234375,1.0,0.9525495767593384,1.0
1163.549560546875,852.423095703125,1690.0662841796875,1112.9307861328125,2.0,0.8419291973114014,2.0
801.7595825195312,902.34130859375,2050.241455078125,1271.8192138671875,1.0,0.9536468982696533,1.0
1174.8515625,851.769775390625,1707.26953125,1114.324951171875,2.0,0.83663409948349,2.0
801.4710693359375,902.4121704101562,2050.27490234375,1272.0614013671875,1.0,0.9542922973632812,1.0
1161.4998779296875,848.8917236328125,1717.985107421875,1117.548583984375,2.0,0.8709865212440491,2.0
800.994140625,902.5913696289062,2050.2041015625,1271.8631591796875,1.0,0.9540978670120239,1.0
1163.993408203125,848.6583251953125,1722.6402587890625,1117.9759521484375,2.0,0.8748753666877747,2.0
800.9174194335938,902.7654418945312,2050.1591796875,1271.81884765625,1.0,0.9542359113693237,1.0
1168.653564453125,848.623046875,1724.261962890625,1120.6146240234375,2.0,0.8803354501724243,2.0
800.7305908203125,903.01513671875,2050.166748046875,1271.8248291015625,1.0,0.9542943239212036,1.0
1170.531982421875,848.1594848632812,1725.0048828125,1121.5660400390625,2.0,0.8827928900718689,2.0
800.7816162109375,902.9405517578125,2050.171630859375,1271.8785400390625,1.0,0.9542791247367859,1.0
1172.6971435546875,848.8775634765625,1725.1175537109375,1123.2066650390625,2.0,0.882344663143158,2.0
800.9318237304688,902.4786987304688,2049.961669921875,1271.8939208984375,1.0,0.9542896747589111,1.0
1173.1815185546875,848.711669921875,1724.4818115234375,1126.0257568359375,2.0,0.8839133381843567,2.0
800.9395141601562,902.2777099609375,2049.763427734375,1271.8663330078125,1.0,0.95413738489151,1.0
1177.247802734375,849.4835815429688,1721.735595703125,1124.077392578125,2.0,0.8829444646835327,2.0
801.07373046875,902.9307250976562,2052.012451171875,1272.7564697265625,1.0,0.9521762728691101,1.0
1204.7421875,849.6558837890625,1688.7513427734375,1124.0284423828125,2.0,0.8768519759178162,2.0
800.8646850585938,904.1484985351562,2052.734375,1272.508056640625,1.0,0.9536263942718506,1.0
1273.34521484375,848.3233642578125,1657.230224609375,1083.0440673828125,2.0,0.8942974209785461,2.0
800.7403564453125,904.95947265625,2052.98583984375,1272.3675537109375,1.0,0.9521915912628174,1.0
1334.0479736328125,846.636474609375,1642.464111328125,1097.502197265625,2.0,0.8891194462776184,2.0
800.77197265625,905.9089965820312,2053.30810546875,1272.297119140625,1.0,0.9531420469284058,1.0
1367.91748046875,844.6796264648438,1634.5706787109375,1101.41162109375,2.0,0.8998850584030151,2.0
800.6439208984375,906.304931640625,2053.416015625,1272.3331298828125,1.0,0.9538364410400391,1.0
1383.4793701171875,842.6414184570312,1632.6668701171875,1103.7879638671875,2.0,0.8997601866722107,2.0
800.6688232421875,906.5698852539062,2053.238037109375,1272.3233642578125,1.0,0.9539090991020203,1.0
1386.4068603515625,842.9642333984375,1633.4559326171875,1104.9774169921875,2.0,0.8937217593193054,2.0
800.7496948242188,906.6937866210938,2053.162109375,1272.346923828125,1.0,0.9540001153945923,1.0
1389.609130859375,842.8802490234375,1634.124267578125,1105.9449462890625,2.0,0.8942180871963501,2.0
800.9095458984375,906.4940795898438,2052.99365234375,1272.34912109375,1.0,0.9540231227874756,1.0
1389.4451904296875,842.9707641601562,1634.3616943359375,1105.3115234375,2.0,0.893133282661438,2.0
800.9158935546875,906.5682373046875,2053.04833984375,1272.5390625,1.0,0.9539288282394409,1.0
1389.5792236328125,842.9105834960938,1634.5841064453125,1105.747314453125,2.0,0.8921338319778442,2.0
800.42236328125,906.3837890625,2053.263671875,1272.69970703125,1.0,0.9541420340538025,1.0
1392.6224365234375,844.7227783203125,1634.244384765625,1105.412109375,2.0,0.8967447876930237,2.0
800.1456909179688,906.3283081054688,2053.27978515625,1272.69921875,1.0,0.9537612795829773,1.0
1389.634033203125,846.3226928710938,1636.2261962890625,1105.606689453125,2.0,0.8989803791046143,2.0
800.3934936523438,906.4456787109375,2053.375,1272.6168212890625,1.0,0.9536513090133667,1.0
1386.8133544921875,846.5189819335938,1637.2442626953125,1105.1160888671875,2.0,0.9008057713508606,2.0
800.397705078125,906.5704956054688,2053.287353515625,1272.552490234375,1.0,0.9535992741584778,1.0
1386.2843017578125,846.3136596679688,1638.2740478515625,1105.3653564453125,2.0,0.89899080991745,2.0
800.4182739257812,906.6062622070312,2053.409423828125,1272.483642578125,1.0,0.9533559083938599,1.0
1387.2435302734375,845.6967163085938,1638.8468017578125,1105.759765625,2.0,0.898449182510376,2.0
800.4395751953125,906.5690307617188,2053.52734375,1272.561279296875,1.0,0.9536280035972595,1.0
1387.52734375,845.2221069335938,1641.0546875,1106.132568359375,2.0,0.8968766331672668,2.0
800.5338745117188,906.6783447265625,2053.623291015625,1272.532958984375,1.0,0.9540613293647766,1.0
1390.94921875,844.2952880859375,1644.8238525390625,1105.8214111328125,2.0,0.8880059719085693,2.0
800.830810546875,905.9747924804688,2053.483154296875,1272.6116943359375,1.0,0.9525222182273865,1.0
1334.8026123046875,852.951904296875,1655.5260009765625,1073.23974609375,2.0,0.8956307172775269,2.0
801.1029052734375,904.5675048828125,2053.318603515625,1272.189208984375,1.0,0.954702615737915,1.0
1309.8477783203125,868.4114379882812,1682.3017578125,1089.3804931640625,2.0,0.8915327191352844,2.0
801.080322265625,904.2825927734375,2053.375,1272.15966796875,1.0,0.9543017148971558,1.0
1304.0738525390625,882.4386596679688,1707.2965087890625,1095.515869140625,2.0,0.8992704749107361,2.0
801.1378173828125,904.8435668945312,2053.40185546875,1272.0283203125,1.0,0.9544840455055237,1.0
1305.95166015625,888.7734985351562,1714.6961669921875,1097.7978515625,2.0,0.9000992178916931,2.0
801.0493774414062,904.8728637695312,2053.146728515625,1272.0340576171875,1.0,0.9547021389007568,1.0
1308.69091796875,888.9932861328125,1718.1439208984375,1093.752197265625,2.0,0.8955966830253601,2.0
801.114013671875,905.1878662109375,2052.941650390625,1271.964599609375,1.0,0.9546181559562683,1.0
1318.925048828125,887.1375122070312,1721.0194091796875,1095.79833984375,2.0,0.8983834385871887,2.0
801.13671875,905.2312622070312,2053.11865234375,1272.00732421875,1.0,0.9549709558486938,1.0
1322.4801025390625,885.1727905273438,1721.802001953125,1099.55810546875,2.0,0.8986101150512695,2.0
801.123779296875,904.8446655273438,2053.093505859375,1272.0091552734375,1.0,0.9549086689949036,1.0
1324.65234375,883.3663330078125,1721.8486328125,1100.510009765625,2.0,0.8988233804702759,2.0
800.7769165039062,904.4205932617188,2053.337890625,1272.180419921875,1.0,0.9547615051269531,1.0
1326.5023193359375,882.3546142578125,1721.43505859375,1101.1719970703125,2.0,0.8976659178733826,2.0
800.8515625,904.2892456054688,2053.38037109375,1272.3333740234375,1.0,0.9544988870620728,1.0
1326.4334716796875,881.1812133789062,1721.1512451171875,1101.1883544921875,2.0,0.8980520367622375,2.0
800.8577880859375,904.1452026367188,2053.236328125,1272.3299560546875,1.0,0.9545618295669556,1.0
1326.5499267578125,880.6719970703125,1721.4625244140625,1100.912109375,2.0,0.8977009654045105,2.0
800.884033203125,903.9464111328125,2053.2724609375,1272.3983154296875,1.0,0.9545493125915527,1.0
1326.55419921875,880.4066772460938,1721.347412109375,1101.5848388671875,2.0,0.899103045463562,2.0
800.8775024414062,903.781005859375,2053.296875,1272.380615234375,1.0,0.9544556736946106,1.0
1326.7713623046875,880.4935913085938,1721.2760009765625,1102.144775390625,2.0,0.8992086052894592,2.0
800.9141845703125,904.1790161132812,2053.209716796875,1272.40576171875,1.0,0.9546058177947998,1.0
1326.4912109375,880.2432861328125,1721.385009765625,1102.2874755859375,2.0,0.8982837200164795,2.0
800.8001708984375,904.4733276367188,2053.221435546875,1272.3720703125,1.0,0.9545543193817139,1.0
1326.66357421875,880.7911987304688,1721.217041015625,1100.88671875,2.0,0.8976026177406311,2.0
800.76171875,904.371337890625,2053.10791015625,1272.319580078125,1.0,0.9544622898101807,1.0
1327.1632080078125,881.1704711914062,1721.1048583984375,1099.9830322265625,2.0,0.8980317711830139,2.0
800.7738647460938,904.9689331054688,2052.986083984375,1272.19677734375,1.0,0.9540814161300659,1.0
1326.9808349609375,881.9600830078125,1720.3204345703125,1098.70556640625,2.0,0.9000949859619141,2.0
800.8839111328125,905.118408203125,2053.009521484375,1272.1927490234375,1.0,0.954104483127594,1.0
1326.9923095703125,885.3023071289062,1722.1781005859375,1101.3966064453125,2.0,0.8933573961257935,2.0
800.7998657226562,905.0353393554688,2053.10009765625,1272.1561279296875,1.0,0.954056978225708,1.0
1327.305908203125,885.6826782226562,1722.844970703125,1101.2669677734375,2.0,0.8972805738449097,2.0
800.7935791015625,905.1159057617188,2053.033203125,1272.1552734375,1.0,0.9540423154830933,1.0
1327.8118896484375,886.2960205078125,1722.94921875,1101.9637451171875,2.0,0.8950425982475281,2.0
800.9321899414062,906.23291015625,2053.237548828125,1272.2056884765625,1.0,0.953711748123169,1.0
1321.4287109375,883.564697265625,1722.978515625,1097.19091796875,2.0,0.8498984575271606,2.0
800.9417724609375,905.8851318359375,2053.0595703125,1272.0074462890625,1.0,0.9533812403678894,1.0
1319.808837890625,900.2241821289062,1733.6563720703125,1095.7933349609375,2.0,0.8912245035171509,2.0
801.2302856445312,906.2461547851562,2053.1015625,1271.880615234375,1.0,0.9536762833595276,1.0
1319.8765869140625,903.866943359375,1749.4197998046875,1093.9454345703125,2.0,0.9010629653930664,2.0
801.7838745117188,906.6646728515625,2052.876220703125,1271.7646484375,1.0,0.9542842507362366,1.0
1322.4964599609375,901.2670288085938,1756.54296875,1094.4732666015625,2.0,0.8985699415206909,2.0
802.05322265625,906.5501708984375,2052.8212890625,1271.6922607421875,1.0,0.954127311706543,1.0
1330.1219482421875,898.1427612304688,1759.495361328125,1093.85986328125,2.0,0.8968092203140259,2.0
802.0916137695312,905.947021484375,2052.8681640625,1271.8388671875,1.0,0.9541831612586975,1.0
1338.8380126953125,895.2832641601562,1760.51904296875,1094.0906982421875,2.0,0.8961014151573181,2.0
802.194091796875,905.6880493164062,2052.91455078125,1271.8358154296875,1.0,0.9541454315185547,1.0
1346.017333984375,893.4620971679688,1761.0198974609375,1093.2601318359375,2.0,0.8978179693222046,2.0
802.2092895507812,905.5093994140625,2053.137451171875,1271.8302001953125,1.0,0.9541051387786865,1.0
1346.9267578125,892.6875,1761.27734375,1093.1199951171875,2.0,0.8980231881141663,2.0
802.3054809570312,905.56689453125,2053.168701171875,1271.78515625,1.0,0.9542863368988037,1.0
1347.32373046875,892.5419311523438,1761.18017578125,1094.3267822265625,2.0,0.8992663025856018,2.0
802.4839477539062,905.7091064453125,2052.938232421875,1271.6868896484375,1.0,0.9540565609931946,1.0
1349.656494140625,892.48974609375,1761.0064697265625,1094.77392578125,2.0,0.8988891839981079,2.0
802.3970336914062,906.4110107421875,2052.6748046875,1271.7630615234375,1.0,0.9534151554107666,1.0
1353.3292236328125,893.6481323242188,1749.1123046875,1095.04248046875,2.0,0.9065893888473511,2.0
801.9379272460938,907.3197631835938,2052.42724609375,1272.2125244140625,1.0,0.9533877372741699,1.0
1356.3187255859375,889.4566040039062,1735.3177490234375,1095.597900390625,2.0,0.907623827457428,2.0
801.945068359375,907.775146484375,2052.310302734375,1272.2921142578125,1.0,0.9535907506942749,1.0
1357.1016845703125,887.1865234375,1730.124267578125,1095.8360595703125,2.0,0.907630205154419,2.0
802.0696411132812,907.8749389648438,2052.364501953125,1272.2520751953125,1.0,0.9535143971443176,1.0
1358.1295166015625,886.247802734375,1728.3475341796875,1096.0081787109375,2.0,0.9077304005622864,2.0
801.9885864257812,908.0751953125,2052.12548828125,1272.2818603515625,1.0,0.9536446332931519,1.0
1359.68896484375,885.4568481445312,1727.839599609375,1096.213134765625,2.0,0.9071655869483948,2.0
802.021240234375,908.1123657226562,2052.02587890625,1272.3223876953125,1.0,0.9535757899284363,1.0
1360.1302490234375,885.5239868164062,1727.8431396484375,1096.9720458984375,2.0,0.9081905484199524,2.0
801.9630737304688,908.3499145507812,2051.92333984375,1272.3619384765625,1.0,0.9537656307220459,1.0
1362.104248046875,885.6986083984375,1727.783447265625,1096.8775634765625,2.0,0.9099759459495544,2.0
801.9437255859375,908.2919311523438,2051.899658203125,1272.3084716796875,1.0,0.9535473585128784,1.0
1361.8460693359375,890.4520263671875,1729.66162109375,1096.6414794921875,2.0,0.905958354473114,2.0
801.58544921875,907.86865234375,2052.389892578125,1272.049072265625,1.0,0.9532374739646912,1.0
1354.2999267578125,898.35302734375,1730.5611572265625,1095.104248046875,2.0,0.894551157951355,2.0
801.5756225585938,907.7914428710938,2052.483154296875,1271.971435546875,1.0,0.9533056020736694,1.0
1356.397216796875,901.482177734375,1728.0999755859375,1094.27490234375,2.0,0.8963626623153687,2.0
801.6263427734375,907.8587646484375,2052.64794921875,1271.876953125,1.0,0.9534491896629333,1.0
1357.3492431640625,901.7930297851562,1726.6756591796875,1093.2093505859375,2.0,0.8958660364151001,2.0
801.6964721679688,908.2743530273438,2052.77099609375,1271.8194580078125,1.0,0.9534404277801514,1.0
1360.2799072265625,901.1921997070312,1725.662841796875,1093.760498046875,2.0,0.8965561389923096,2.0
801.6284790039062,908.5398559570312,2052.724853515625,1271.7930908203125,1.0,0.953494131565094,1.0
1363.2989501953125,901.0924682617188,1725.167236328125,1094.0634765625,2.0,0.9011679291725159,2.0
801.5050048828125,908.6568603515625,2052.6083984375,1271.815185546875,1.0,0.9537240862846375,1.0
1364.5677490234375,900.3269653320312,1724.96728515625,1093.703369140625,2.0,0.9026076197624207,2.0
801.3251953125,908.904541015625,2052.34814453125,1271.8597412109375,1.0,0.953393816947937,1.0
1364.005615234375,903.188232421875,1714.9498291015625,1090.5577392578125,2.0,0.8828186988830566,2.0
801.3379516601562,908.8988037109375,2052.189697265625,1272.07568359375,1.0,0.9532609581947327,1.0
1364.301025390625,906.6354370117188,1709.473388671875,1090.6204833984375,2.0,0.887885570526123,2.0
801.370361328125,909.2670288085938,2052.31787109375,1272.1431884765625,1.0,0.9532896876335144,1.0
1370.7967529296875,904.7750854492188,1706.705322265625,1089.845458984375,2.0,0.8839881420135498,2.0
801.3773803710938,909.5958251953125,2052.328369140625,1272.2379150390625,1.0,0.9529557228088379,1.0
1374.762939453125,909.77685546875,1704.852294921875,1088.330810546875,2.0,0.8861468434333801,2.0
801.3679809570312,908.9178466796875,2052.520263671875,1272.427001953125,1.0,0.9534614086151123,1.0
1361.548095703125,926.5775756835938,1701.32080078125,1090.7576904296875,2.0,0.8845567107200623,2.0
801.3668823242188,908.7103881835938,2052.866943359375,1272.3638916015625,1.0,0.953790545463562,1.0
1366.93212890625,930.33251953125,1697.2972412109375,1091.12255859375,2.0,0.8802564144134521,2.0
801.3242797851562,908.6709594726562,2053.081787109375,1272.359130859375,1.0,0.9538462162017822,1.0
1366.3302001953125,929.8450317382812,1691.92724609375,1089.328125,2.0,0.8786407113075256,2.0
801.4906005859375,908.8185424804688,2053.24169921875,1272.25,1.0,0.9538792967796326,1.0
1373.53271484375,923.25048828125,1694.1746826171875,1088.8363037109375,2.0,0.8875058889389038,2.0
801.5848999023438,908.6430053710938,2053.155517578125,1272.1671142578125,1.0,0.9541333913803101,1.0
1375.75927734375,919.540771484375,1695.53125,1088.5731201171875,2.0,0.8859807848930359,2.0
801.1841430664062,909.130615234375,2053.33349609375,1272.1942138671875,1.0,0.9539964199066162,1.0
1377.395751953125,916.0758056640625,1694.8778076171875,1088.4498291015625,2.0,0.8915254473686218,2.0
800.977783203125,909.572509765625,2053.0,1272.292236328125,1.0,0.9539478421211243,1.0
1385.28759765625,913.979248046875,1694.88232421875,1088.59716796875,2.0,0.8956508636474609,2.0
800.9976196289062,909.7116088867188,2053.321044921875,1272.3988037109375,1.0,0.9536817073822021,1.0
1384.5762939453125,911.8486328125,1695.351806640625,1088.933837890625,2.0,0.8931886553764343,2.0
800.912841796875,909.920654296875,2053.142822265625,1272.5228271484375,1.0,0.9538650512695312,1.0
1384.6435546875,911.0618896484375,1697.2254638671875,1088.4720458984375,2.0,0.890338659286499,2.0
800.9422607421875,910.1600952148438,2053.188720703125,1272.583251953125,1.0,0.9543031454086304,1.0
1388.7548828125,913.3529052734375,1694.4898681640625,1089.0595703125,2.0,0.8877698183059692,2.0
800.7931518554688,910.1466674804688,2052.93701171875,1272.62255859375,1.0,0.9540318250656128,1.0
1392.21728515625,914.0780639648438,1692.8092041015625,1089.5050048828125,2.0,0.888044536113739,2.0
800.9273071289062,910.6643676757812,2052.927001953125,1272.7017822265625,1.0,0.9538633227348328,1.0
1396.19384765625,921.2167358398438,1690.311767578125,1090.0653076171875,2.0,0.8818372488021851,2.0
801.1343383789062,911.183349609375,2052.871826171875,1272.7528076171875,1.0,0.9511515498161316,1.0
1388.9866943359375,934.2380981445312,1688.0924072265625,1093.598876953125,2.0,0.8715360760688782,2.0
801.1760864257812,911.3515625,2052.771240234375,1272.77001953125,1.0,0.9517558813095093,1.0
1391.487060546875,937.9790649414062,1685.430419921875,1094.141357421875,2.0,0.8719115853309631,2.0
801.1576538085938,911.1982421875,2052.91943359375,1272.7506103515625,1.0,0.9526511430740356,1.0
1393.9193115234375,937.412109375,1684.349609375,1093.4910888671875,2.0,0.8705577254295349,2.0
801.1149291992188,910.7852783203125,2053.080078125,1272.6988525390625,1.0,0.9533400535583496,1.0
1406.392333984375,936.1102905273438,1684.947021484375,1092.1251220703125,2.0,0.8695149421691895,2.0
801.0997924804688,910.7858276367188,2052.923095703125,1272.7332763671875,1.0,0.9534966349601746,1.0
1414.6151123046875,932.8739624023438,1685.129638671875,1091.1827392578125,2.0,0.8739759922027588,2.0
801.2388305664062,911.368408203125,2052.886962890625,1272.8402099609375,1.0,0.9518170356750488,1.0
1422.678466796875,927.0742797851562,1685.949462890625,1091.121337890625,2.0,0.8799557685852051,2.0
801.3711547851562,911.666259765625,2053.0224609375,1272.867431640625,1.0,0.9519569873809814,1.0
1421.214599609375,924.3268432617188,1686.097900390625,1091.1173095703125,2.0,0.880675196647644,2.0
801.4429321289062,911.9317016601562,2053.350830078125,1272.9344482421875,1.0,0.9519426226615906,1.0
1424.48046875,920.9481811523438,1686.3756103515625,1091.241455078125,2.0,0.884536862373352,2.0
801.95068359375,911.8090209960938,2053.343017578125,1272.978271484375,1.0,0.9519500732421875,1.0
1426.42529296875,920.6567993164062,1684.353759765625,1091.8399658203125,2.0,0.8882433176040649,2.0
802.1361083984375,911.5357666015625,2053.157958984375,1273.037353515625,1.0,0.9511466026306152,1.0
1411.7491455078125,931.5402221679688,1683.6807861328125,1092.2919921875,2.0,0.8702334761619568,2.0
802.12744140625,911.4059448242188,2053.171142578125,1272.9730224609375,1.0,0.952400803565979,1.0
1415.8759765625,933.848388671875,1685.2515869140625,1091.685791015625,2.0,0.8733848333358765,2.0
802.1419677734375,910.873291015625,2053.181884765625,1272.6392822265625,1.0,0.9533690214157104,1.0
1418.5657958984375,921.2831420898438,1688.5311279296875,1090.161376953125,2.0,0.8883269429206848,2.0
801.8768920898438,909.8359985351562,2052.890625,1272.04736328125,1.0,0.954210102558136,1.0
1395.192138671875,893.2575073242188,1692.7340087890625,1089.7386474609375,2.0,0.9004327654838562,2.0
801.614990234375,909.1085205078125,2052.60400390625,1271.8616943359375,1.0,0.9547861814498901,1.0
1382.9742431640625,881.4614868164062,1694.9298095703125,1089.3046875,2.0,0.8944718837738037,2.0
801.6954345703125,908.8707885742188,2052.555908203125,1271.8699951171875,1.0,0.95444256067276,1.0
1378.139404296875,876.8036499023438,1695.0416259765625,1088.8743896484375,2.0,0.8887203335762024,2.0
801.5679321289062,908.7047119140625,2052.614990234375,1271.8702392578125,1.0,0.9543620944023132,1.0
1378.03466796875,874.9863891601562,1694.6732177734375,1088.52685546875,2.0,0.8900047540664673,2.0
801.5325927734375,908.37890625,2052.73583984375,1272.0416259765625,1.0,0.9541317224502563,1.0
1378.701171875,872.885498046875,1694.1912841796875,1087.9110107421875,2.0,0.8840566873550415,2.0
801.6419067382812,909.3700561523438,2052.90771484375,1271.958984375,1.0,0.9537849426269531,1.0
1374.1439208984375,886.1246337890625,1691.47607421875,1087.4454345703125,2.0,0.8772516250610352,2.0
801.5669555664062,910.2007446289062,2052.958251953125,1272.01904296875,1.0,0.9531989097595215,1.0
1373.89404296875,898.4205932617188,1690.299560546875,1086.5849609375,2.0,0.8789141774177551,2.0
801.7044067382812,910.6997680664062,2052.91162109375,1272.128173828125,1.0,0.9532954096794128,1.0
1374.437255859375,902.7943725585938,1689.8768310546875,1086.26416015625,2.0,0.8828302621841431,2.0
801.9669799804688,910.8603515625,2052.88525390625,1272.1470947265625,1.0,0.9530131816864014,1.0
1376.841796875,904.2195434570312,1689.6239013671875,1086.0472412109375,2.0,0.8830024600028992,2.0
802.0803833007812,910.9451904296875,2052.8642578125,1272.1180419921875,1.0,0.9532569646835327,1.0
1377.64013671875,904.6630859375,1690.4798583984375,1086.102783203125,2.0,0.8832483291625977,2.0
801.8798828125,911.0331420898438,2052.808349609375,1272.139404296875,1.0,0.953326404094696,1.0
1374.4261474609375,905.15869140625,1691.9578857421875,1086.089599609375,2.0,0.8835486769676208,2.0
801.7319946289062,909.8834228515625,2052.87451171875,1272.0673828125,1.0,0.9536685943603516,1.0
1379.645263671875,901.3787231445312,1712.677734375,1085.549560546875,2.0,0.905728280544281,2.0
801.9838256835938,909.2249145507812,2051.8134765625,1271.53662109375,1.0,0.954533576965332,1.0
1379.060791015625,886.21533203125,1732.47998046875,1085.3597412109375,2.0,0.9178300499916077,2.0
802.1502075195312,908.9339599609375,2051.426513671875,1271.3499755859375,1.0,0.9544681906700134,1.0
1377.457763671875,880.2730102539062,1740.7550048828125,1085.504638671875,2.0,0.9158610701560974,2.0
802.1046142578125,908.7237548828125,2052.300537109375,1271.593017578125,1.0,0.9545114040374756,1.0
1376.05322265625,877.9649047851562,1743.9090576171875,1085.2060546875,2.0,0.914771556854248,2.0
802.2825927734375,908.7940063476562,2051.706298828125,1271.4700927734375,1.0,0.9545391201972961,1.0
1377.7647705078125,877.1257934570312,1744.979736328125,1085.135986328125,2.0,0.9177240133285522,2.0
802.373779296875,908.6099853515625,2051.4931640625,1271.423095703125,1.0,0.9546059966087341,1.0
1377.35205078125,877.019775390625,1745.3223876953125,1085.113037109375,2.0,0.9175966382026672,2.0
802.541748046875,908.42431640625,2051.258056640625,1271.422607421875,1.0,0.9547939896583557,1.0
1377.005859375,877.0772094726562,1745.3734130859375,1085.192138671875,2.0,0.917952835559845,2.0
802.6729125976562,908.2888793945312,2051.193359375,1271.3475341796875,1.0,0.9544457197189331,1.0
1376.5140380859375,877.0707397460938,1745.5264892578125,1085.86669921875,2.0,0.9154666662216187,2.0
802.616455078125,908.4683837890625,2051.448486328125,1271.4119873046875,1.0,0.9547088742256165,1.0
1385.210693359375,876.986328125,1746.2060546875,1085.84033203125,2.0,0.9107140302658081,2.0
802.7073364257812,908.8951416015625,2051.357666015625,1271.3426513671875,1.0,0.9539750814437866,1.0
1396.873291015625,875.179443359375,1756.51611328125,1087.173828125,2.0,0.9038809537887573,2.0
802.9180908203125,909.285888671875,2051.681640625,1271.30615234375,1.0,0.9552122354507446,1.0
1397.3702392578125,877.2946166992188,1780.589599609375,1088.3487548828125,2.0,0.8875442743301392,2.0
803.574951171875,911.50537109375,2051.3603515625,1271.2374267578125,1.0,0.9530219435691833,1.0
1418.8973388671875,893.11767578125,1819.3282470703125,1090.3079833984375,2.0,0.894061803817749,2.0
803.9812622070312,912.9979858398438,2051.44580078125,1271.1878662109375,1.0,0.952401876449585,1.0
1431.049072265625,897.2322998046875,1832.303466796875,1091.390625,2.0,0.8917160034179688,2.0
803.996826171875,913.440185546875,2051.4140625,1271.2294921875,1.0,0.9527129530906677,1.0
1451.3970947265625,899.2745361328125,1835.861083984375,1090.8128662109375,2.0,0.8927230834960938,2.0
803.9481201171875,913.8236083984375,2051.3193359375,1271.1578369140625,1.0,0.9528209567070007,1.0
1462.43896484375,899.3675537109375,1843.8291015625,1089.384521484375,2.0,0.8923735022544861,2.0
803.6295166015625,914.2335205078125,2051.4833984375,1271.2718505859375,1.0,0.9532680511474609,1.0
1466.4932861328125,899.1389770507812,1846.059814453125,1090.2998046875,2.0,0.8930678963661194,2.0
803.6467895507812,914.385009765625,2051.38134765625,1271.3214111328125,1.0,0.9534404873847961,1.0
1468.0933837890625,898.96484375,1846.719970703125,1089.8258056640625,2.0,0.8914835453033447,2.0
803.6139526367188,914.4613037109375,2051.293701171875,1271.322509765625,1.0,0.9533326029777527,1.0
1468.7857666015625,899.614990234375,1842.057861328125,1091.08984375,2.0,0.8864721655845642,2.0
803.6143188476562,914.74365234375,2051.734130859375,1271.295166015625,1.0,0.9530762434005737,1.0
1466.4510498046875,906.8674926757812,1855.0274658203125,1091.9842529296875,2.0,0.9036980867385864,2.0
803.7078247070312,915.5166625976562,2052.2216796875,1271.404296875,1.0,0.952265202999115,1.0
1459.727783203125,913.9999389648438,1872.120361328125,1092.683349609375,2.0,0.9081987738609314,2.0
803.7011108398438,915.6364135742188,2052.257080078125,1271.3560791015625,1.0,0.9522812962532043,1.0
1457.4456787109375,915.8756713867188,1880.5496826171875,1092.716552734375,2.0,0.9087504148483276,2.0
803.8729858398438,915.8367919921875,2052.1630859375,1271.3367919921875,1.0,0.9522000551223755,1.0
1456.2734375,916.1680908203125,1884.039306640625,1092.588134765625,2.0,0.9063400030136108,2.0
804.0049438476562,915.9219970703125,2052.283935546875,1271.4002685546875,1.0,0.9524631500244141,1.0
1456.9349365234375,916.211669921875,1885.2030029296875,1092.4346923828125,2.0,0.9047123789787292,2.0
803.87158203125,916.0750732421875,2052.294677734375,1271.3480224609375,1.0,0.9524319171905518,1.0
1458.6092529296875,916.2430419921875,1886.0335693359375,1092.18115234375,2.0,0.9032278060913086,2.0
803.8379516601562,915.852294921875,2052.236083984375,1271.3204345703125,1.0,0.9524145126342773,1.0
1458.8275146484375,916.0133056640625,1885.2418212890625,1091.9644775390625,2.0,0.9048041701316833,2.0
804.016845703125,915.611083984375,2052.3232421875,1271.3001708984375,1.0,0.9524477124214172,1.0
1459.24560546875,915.9306640625,1885.755126953125,1092.08251953125,2.0,0.9027168154716492,2.0
804.0855712890625,915.3929443359375,2052.235107421875,1271.3402099609375,1.0,0.9522637128829956,1.0
1460.0274658203125,915.8954467773438,1885.697021484375,1091.9307861328125,2.0,0.9029029011726379,2.0
804.2053833007812,915.39990234375,2052.204345703125,1271.3399658203125,1.0,0.9524587392807007,1.0
1458.9012451171875,915.9716796875,1886.1519775390625,1092.1490478515625,2.0,0.9027140736579895,2.0
804.2901611328125,915.3833618164062,2052.1708984375,1271.253662109375,1.0,0.9525342583656311,1.0
1459.159912109375,916.153564453125,1886.1300048828125,1091.9876708984375,2.0,0.9040436148643494,2.0
804.2327270507812,915.4141845703125,2052.102294921875,1271.3994140625,1.0,0.952185332775116,1.0
1458.5382080078125,916.1591186523438,1885.2332763671875,1091.7840576171875,2.0,0.9029871821403503,2.0
804.1112670898438,915.1071166992188,2051.943359375,1271.4854736328125,1.0,0.9523313641548157,1.0
1458.528076171875,916.152099609375,1884.5574951171875,1092.06689453125,2.0,0.9054772853851318,2.0
804.0037231445312,915.0339965820312,2051.857666015625,1271.5472412109375,1.0,0.9524552822113037,1.0
1459.6253662109375,916.2132568359375,1885.42041015625,1091.9686279296875,2.0,0.9051315188407898,2.0
803.8690185546875,914.875732421875,2051.787353515625,1271.4686279296875,1.0,0.9524382948875427,1.0
1460.040283203125,916.3193359375,1885.280517578125,1091.890625,2.0,0.9056655764579773,2.0
804.0078735351562,914.901611328125,2051.9541015625,1271.4031982421875,1.0,0.9524897933006287,1.0
1460.24658203125,916.5701904296875,1884.13330078125,1091.9141845703125,2.0,0.907245934009552,2.0
803.9880981445312,914.9365234375,2052.069091796875,1271.4407958984375,1.0,0.9523807764053345,1.0
1461.126708984375,916.5673828125,1884.033203125,1092.178466796875,2.0,0.9057647585868835,2.0
803.9288330078125,915.2095947265625,2051.924560546875,1271.43017578125,1.0,0.9522892236709595,1.0
1460.4952392578125,916.4934692382812,1883.8194580078125,1092.3455810546875,2.0,0.9047050476074219,2.0
803.8026733398438,915.3369750976562,2051.9990234375,1271.487548828125,1.0,0.9523718953132629,1.0
1460.511474609375,916.493896484375,1883.4638671875,1092.400634765625,2.0,0.9049345254898071,2.0
803.822509765625,915.3687133789062,2051.9150390625,1271.54345703125,1.0,0.9523941874504089,1.0
1460.2291259765625,916.38623046875,1881.054931640625,1092.4095458984375,2.0,0.904986560344696,2.0
803.7925415039062,914.1112670898438,2051.654296875,1271.279052734375,1.0,0.9527588486671448,1.0
1472.5491943359375,910.966064453125,1856.32470703125,1093.4332275390625,2.0,0.9095945954322815,2.0
803.7620239257812,914.7284545898438,2051.3330078125,1270.9964599609375,1.0,0.9526606798171997,1.0
1511.8458251953125,890.6800537109375,1835.6092529296875,1094.4893798828125,2.0,0.9109823703765869,2.0
803.7103271484375,914.8816528320312,2051.186279296875,1271.0450439453125,1.0,0.9527691006660461,1.0
1530.34814453125,878.471923828125,1822.82275390625,1093.92431640625,2.0,0.9064655303955078,2.0
803.6741333007812,914.959716796875,2051.09765625,1271.121826171875,1.0,0.9524011015892029,1.0
1531.422607421875,872.8665161132812,1818.139892578125,1095.3035888671875,2.0,0.9164661169052124,2.0
803.5999755859375,915.0281982421875,2051.033203125,1271.1634521484375,1.0,0.9526779055595398,1.0
1524.3048095703125,870.5454711914062,1817.40283203125,1095.44775390625,2.0,0.9133579134941101,2.0
804.0872192382812,914.3438110351562,2051.12158203125,1271.0328369140625,1.0,0.9510253071784973,1.0
1518.9378662109375,875.0639038085938,1827.2144775390625,1096.7205810546875,2.0,0.9081524014472961,2.0
803.8486938476562,915.0867919921875,2051.282958984375,1271.091064453125,1.0,0.9513063430786133,1.0
1485.7108154296875,884.8325805664062,1880.3035888671875,1094.818359375,2.0,0.8942691087722778,2.0
804.328369140625,917.2929077148438,2050.647216796875,1271.1856689453125,1.0,0.9505571722984314,1.0
1478.5732421875,893.2137451171875,1918.0865478515625,1098.7550048828125,2.0,0.8950324058532715,2.0
804.3980712890625,916.7521362304688,2050.6953125,1271.3018798828125,1.0,0.952156126499176,1.0
1481.6571044921875,894.5753173828125,1919.0272216796875,1098.3306884765625,2.0,0.8957803845405579,2.0
804.4046630859375,915.9830932617188,2050.845458984375,1271.6844482421875,1.0,0.9520496129989624,1.0
1488.48828125,878.8566284179688,1912.9180908203125,1098.0927734375,2.0,0.8971285820007324,2.0
804.462646484375,915.574951171875,2050.68701171875,1271.6839599609375,1.0,0.9513657093048096,1.0
1491.978759765625,872.6911010742188,1910.652099609375,1098.1676025390625,2.0,0.8928045630455017,2.0
804.4915771484375,915.4430541992188,2050.698486328125,1271.6456298828125,1.0,0.9513221979141235,1.0
1495.909912109375,870.1315307617188,1910.2879638671875,1097.8697509765625,2.0,0.8947404026985168,2.0
804.39013671875,915.3965454101562,2050.489990234375,1271.5433349609375,1.0,0.9510928988456726,1.0
1497.7823486328125,869.2130737304688,1909.9434814453125,1097.7618408203125,2.0,0.8924915790557861,2.0
804.43603515625,915.4093017578125,2050.552490234375,1271.4501953125,1.0,0.9510403871536255,1.0
1499.064208984375,868.517578125,1910.1695556640625,1097.8681640625,2.0,0.8920972347259521,2.0
804.4842529296875,915.7567138671875,2050.455322265625,1271.3802490234375,1.0,0.9513437747955322,1.0
1497.0885009765625,868.182861328125,1910.7412109375,1097.89599609375,2.0,0.8896864652633667,2.0
804.8175659179688,916.0614013671875,2050.408447265625,1271.3582763671875,1.0,0.9511492848396301,1.0
1496.4541015625,867.9326171875,1911.2669677734375,1098.085205078125,2.0,0.8886815309524536,2.0
804.8128051757812,915.974609375,2050.475341796875,1271.2940673828125,1.0,0.950744092464447,1.0
1496.3104248046875,867.8826293945312,1911.295166015625,1097.9957275390625,2.0,0.8889368176460266,2.0
804.7244873046875,915.9276733398438,2050.416748046875,1271.3033447265625,1.0,0.9509651064872742,1.0
1497.7447509765625,868.2464599609375,1910.7069091796875,1097.9906005859375,2.0,0.8873838186264038,2.0
804.7529296875,915.8119506835938,2050.384033203125,1271.4443359375,1.0,0.9508881568908691,1.0
1498.2779541015625,868.2514038085938,1910.34814453125,1097.8204345703125,2.0,0.8853821158409119,2.0
804.6777954101562,916.0137329101562,2050.390869140625,1271.3948974609375,1.0,0.9511499404907227,1.0
1499.4002685546875,868.0264282226562,1908.3563232421875,1097.7943115234375,2.0,0.8861475586891174,2.0
804.7051391601562,915.686279296875,2050.80517578125,1271.2886962890625,1.0,0.9516387581825256,1.0
1520.8988037109375,878.111083984375,1903.5791015625,1097.9656982421875,2.0,0.905239462852478,2.0
804.5662231445312,916.3777465820312,2050.70654296875,1271.1981201171875,1.0,0.9513415098190308,1.0
1537.9881591796875,886.6709594726562,1891.856689453125,1096.7926025390625,2.0,0.8938782215118408,2.0
804.076171875,915.315673828125,2050.414794921875,1271.1085205078125,1.0,0.9536986351013184,1.0
1571.0936279296875,879.4943237304688,1867.7200927734375,1096.5206298828125,2.0,0.8851751089096069,2.0
803.3756103515625,914.21240234375,2050.69140625,1271.1845703125,1.0,0.9550366401672363,1.0
1604.40869140625,861.1010131835938,1851.5760498046875,1095.4068603515625,2.0,0.8851062059402466,2.0
802.9258422851562,913.856201171875,2051.732177734375,1271.46142578125,1.0,0.9508156180381775,1.0
1654.449462890625,855.1339721679688,1841.28271484375,1095.847412109375,2.0,0.8836002945899963,2.0
802.7145385742188,913.6475830078125,2052.330810546875,1271.6497802734375,1.0,0.950622022151947,1.0
1674.25634765625,852.6264038085938,1836.32958984375,1096.6527099609375,2.0,0.8525751829147339,2.0
802.4700927734375,913.320068359375,2052.879150390625,1272.0029296875,1.0,0.9474271535873413,1.0
1682.947021484375,852.0721435546875,1832.178466796875,1097.4444580078125,2.0,0.8462709188461304,2.0
802.6017456054688,913.4148559570312,2052.682373046875,1272.0894775390625,1.0,0.9515724778175354,1.0
1685.73828125,852.2080078125,1829.37890625,1096.553955078125,2.0,0.8396156430244446,2.0
802.6748657226562,913.7027587890625,2052.355712890625,1271.9093017578125,1.0,0.9533657431602478,1.0
1684.760498046875,852.4269409179688,1829.7921142578125,1095.4638671875,2.0,0.855259358882904,2.0
802.6327514648438,913.5576171875,2052.383056640625,1271.959228515625,1.0,0.9529512524604797,1.0
1683.4725341796875,852.5089111328125,1830.31640625,1095.138427734375,2.0,0.8568930625915527,2.0
802.786865234375,913.3843383789062,2052.272216796875,1271.9344482421875,1.0,0.9532886147499084,1.0
1681.68212890625,852.3663330078125,1830.9051513671875,1095.2489013671875,2.0,0.8635088205337524,2.0
802.8798828125,913.4524536132812,2051.75244140625,1271.9754638671875,1.0,0.9536986351013184,1.0
1678.7100830078125,857.4468994140625,1835.7723388671875,1095.09423828125,2.0,0.8693376779556274,2.0
802.883544921875,913.5018310546875,2051.734130859375,1272.1002197265625,1.0,0.9529927372932434,1.0
1674.137939453125,860.47216796875,1836.0009765625,1095.454833984375,2.0,0.8659571409225464,2.0
802.93408203125,913.5750122070312,2051.7412109375,1272.15625,1.0,0.9529795050621033,1.0
1672.3212890625,861.5195922851562,1834.597900390625,1096.3692626953125,2.0,0.8668770790100098,2.0
802.8881225585938,913.5952758789062,2051.52392578125,1272.0469970703125,1.0,0.9540605545043945,1.0
1671.0513916015625,861.9125366210938,1834.334228515625,1096.8624267578125,2.0,0.867900550365448,2.0
803.1521606445312,913.7547607421875,2051.370849609375,1271.890869140625,1.0,0.9542052149772644,1.0
1670.5653076171875,862.0474243164062,1835.083251953125,1096.77001953125,2.0,0.8729352355003357,2.0
803.1619262695312,913.6932983398438,2051.279541015625,1271.8984375,1.0,0.9545499682426453,1.0
1670.4261474609375,861.8513793945312,1837.0599365234375,1096.7442626953125,2.0,0.878563642501831,2.0
802.7211303710938,913.622314453125,2051.23486328125,1271.702392578125,1.0,0.9549357295036316,1.0
1670.937255859375,863.5257568359375,1837.718017578125,1095.767822265625,2.0,0.8813705444335938,2.0
802.6006469726562,913.3914794921875,2051.16015625,1271.59765625,1.0,0.9549679160118103,1.0
1670.4739990234375,862.9267578125,1838.586669921875,1096.5074462890625,2.0,0.8840497732162476,2.0
802.5252075195312,913.447509765625,2051.21142578125,1271.618896484375,1.0,0.9551655650138855,1.0
1669.061279296875,867.9058837890625,1839.400634765625,1096.093505859375,2.0,0.8930144309997559,2.0
802.4568481445312,913.6957397460938,2051.039794921875,1271.8587646484375,1.0,0.9547783136367798,1.0
1662.355224609375,876.65673828125,1843.885498046875,1095.688720703125,2.0,0.8958384394645691,2.0
802.5391845703125,913.7037353515625,2050.947021484375,1271.871337890625,1.0,0.9551073908805847,1.0
1659.6685791015625,880.1597900390625,1845.6112060546875,1095.555908203125,2.0,0.8987137675285339,2.0
802.803955078125,913.6002197265625,2050.906982421875,1271.7904052734375,1.0,0.9551685452461243,1.0
1658.69921875,881.2872314453125,1846.4866943359375,1095.0126953125,2.0,0.8988440632820129,2.0
802.817138671875,913.4464111328125,2050.973388671875,1271.7838134765625,1.0,0.9550559520721436,1.0
1658.2523193359375,881.6039428710938,1845.939208984375,1094.9072265625,2.0,0.8978107571601868,2.0
802.8234252929688,913.6048583984375,2050.98486328125,1271.6768798828125,1.0,0.9550788998603821,1.0
1658.029296875,881.5397338867188,1846.7825927734375,1095.0244140625,2.0,0.8995094299316406,2.0
802.7828369140625,913.4641723632812,2050.93896484375,1271.6976318359375,1.0,0.9552169442176819,1.0
1657.9044189453125,881.4730224609375,1838.5838623046875,1096.4384765625,2.0,0.9008445739746094,2.0
802.2363891601562,911.5550537109375,2051.541259765625,1272.33837890625,1.0,0.9478643536567688,1.0
1650.1044921875,873.322021484375,1815.2178955078125,1096.7567138671875,2.0,0.9018270969390869,2.0
802.3423461914062,911.2618408203125,2051.833740234375,1272.289306640625,1.0,0.9537717700004578,1.0
1614.512451171875,868.6434326171875,1787.8250732421875,1091.8743896484375,2.0,0.8948055505752563,2.0
802.3755493164062,910.8016967773438,2052.250244140625,1272.06298828125,1.0,0.9541129469871521,1.0
1558.7587890625,868.7138671875,1767.2550048828125,1095.148193359375,2.0,0.8955667614936829,2.0
802.265869140625,911.181640625,2052.260498046875,1271.928955078125,1.0,0.9542011022567749,1.0
1534.0162353515625,869.7648315429688,1756.6202392578125,1096.9771728515625,2.0,0.8904784321784973,2.0
802.2572021484375,911.5783081054688,2052.11083984375,1271.8328857421875,1.0,0.954310417175293,1.0
1519.87744140625,870.2661743164062,1751.5897216796875,1098.081787109375,2.0,0.8975927233695984,2.0
802.36474609375,911.5184936523438,2052.109375,1271.692138671875,1.0,0.9540093541145325,1.0
1509.9697265625,870.4481811523438,1750.980712890625,1090.60009765625,2.0,0.8867872953414917,2.0
803.2438354492188,910.9246826171875,2052.41796875,1271.248779296875,1.0,0.9549102783203125,1.0
1491.5482177734375,885.5567626953125,1768.3546142578125,1090.086669921875,2.0,0.9068689942359924,2.0
803.681396484375,912.46826171875,2051.75732421875,1271.0660400390625,1.0,0.9526979327201843,1.0
1428.017578125,896.0279541015625,1791.9500732421875,1093.722900390625,2.0,0.8861826062202454,2.0
803.693603515625,913.1945190429688,2051.349609375,1271.3155517578125,1.0,0.9521176815032959,1.0
1401.22216796875,898.6007690429688,1816.1378173828125,1092.5960693359375,2.0,0.8733906745910645,2.0
803.8223876953125,914.1793212890625,2051.427001953125,1271.224365234375,1.0,0.9527555704116821,1.0
1402.1170654296875,893.417236328125,1832.057373046875,1094.091796875,2.0,0.8959591388702393,2.0
803.890625,914.35107421875,2051.412353515625,1271.0555419921875,1.0,0.9528697729110718,1.0
1409.6630859375,890.9884033203125,1841.65283203125,1093.0799560546875,2.0,0.9069424271583557,2.0
803.6661376953125,914.38720703125,2051.32861328125,1271.044677734375,1.0,0.9530972242355347,1.0
1415.4051513671875,889.947998046875,1845.8299560546875,1094.094482421875,2.0,0.9061456322669983,2.0
803.643798828125,914.2257080078125,2051.254150390625,1271.0836181640625,1.0,0.9529221653938293,1.0
1417.9515380859375,889.4779052734375,1848.7081298828125,1094.14013671875,2.0,0.909322202205658,2.0
803.6734619140625,913.956787109375,2051.241943359375,1271.1065673828125,1.0,0.9529744386672974,1.0
1419.5211181640625,889.1046142578125,1850.4339599609375,1094.3267822265625,2.0,0.9098172783851624,2.0
803.6234741210938,914.0770874023438,2051.22509765625,1271.171142578125,1.0,0.9531927704811096,1.0
1419.5301513671875,889.0755615234375,1850.751708984375,1094.1025390625,2.0,0.9105278253555298,2.0
803.6058349609375,914.12451171875,2051.33544921875,1271.2535400390625,1.0,0.953163743019104,1.0
1420.967529296875,889.253662109375,1851.23291015625,1093.4622802734375,2.0,0.907442569732666,2.0
803.629150390625,914.4552001953125,2051.35986328125,1271.5977783203125,1.0,0.9520642757415771,1.0
1419.7601318359375,897.3677368164062,1849.2315673828125,1092.9329833984375,2.0,0.8790470361709595,2.0
803.650634765625,914.7823486328125,2051.28955078125,1271.819091796875,1.0,0.9518932700157166,1.0
1417.8690185546875,901.672607421875,1853.413330078125,1093.221923828125,2.0,0.8782860040664673,2.0
803.58251953125,914.9353637695312,2051.29833984375,1271.755859375,1.0,0.9522885680198669,1.0
1415.757568359375,903.2781982421875,1854.620849609375,1093.3577880859375,2.0,0.8801578283309937,2.0
803.508544921875,914.9896850585938,2051.21142578125,1271.7149658203125,1.0,0.9525212645530701,1.0
1415.08837890625,903.8492431640625,1855.7042236328125,1093.5379638671875,2.0,0.8813212513923645,2.0
803.4879150390625,914.791015625,2051.2685546875,1271.6231689453125,1.0,0.9528018832206726,1.0
1415.0966796875,903.7156372070312,1851.208984375,1094.07275390625,2.0,0.8782046437263489,2.0
803.4428100585938,914.90966796875,2051.335205078125,1271.142333984375,1.0,0.9517859220504761,1.0
1416.51220703125,901.1890869140625,1843.6605224609375,1094.6170654296875,2.0,0.8692550659179688,2.0
803.5330810546875,914.21435546875,2051.48095703125,1271.1324462890625,1.0,0.9531264901161194,1.0
1413.3013916015625,888.8436889648438,1834.0550537109375,1094.841064453125,2.0,0.8911076784133911,2.0
803.4471435546875,913.8124389648438,2051.462890625,1271.22802734375,1.0,0.9533357620239258,1.0
1412.093017578125,882.7981567382812,1829.19287109375,1095.651123046875,2.0,0.8889171481132507,2.0
803.5003662109375,913.6226196289062,2051.445556640625,1271.30224609375,1.0,0.9528253674507141,1.0
1411.7540283203125,880.4657592773438,1827.132568359375,1096.3084716796875,2.0,0.8872066140174866,2.0
803.3811645507812,913.5880737304688,2051.5302734375,1271.4522705078125,1.0,0.9529266953468323,1.0
1411.90283203125,879.6387939453125,1826.4642333984375,1096.482421875,2.0,0.8879704475402832,2.0
803.2971801757812,913.4698486328125,2051.5126953125,1271.455810546875,1.0,0.9524142742156982,1.0
1411.81103515625,878.8251342773438,1826.025390625,1096.7144775390625,2.0,0.8874863386154175,2.0
803.5601806640625,913.4285888671875,2051.450439453125,1271.40673828125,1.0,0.9521675109863281,1.0
1411.48193359375,878.347412109375,1825.3624267578125,1096.4998779296875,2.0,0.8889445662498474,2.0
803.652099609375,913.1473388671875,2051.15087890625,1271.4000244140625,1.0,0.9520204067230225,1.0
1412.03173828125,882.5635986328125,1820.8221435546875,1096.09423828125,2.0,0.8854775428771973,2.0
803.62890625,914.3031005859375,2051.4404296875,1271.0186767578125,1.0,0.9517010450363159,1.0
1404.1695556640625,902.8218994140625,1831.783447265625,1093.384765625,2.0,0.863178014755249,2.0
803.673583984375,914.6287231445312,2051.670654296875,1271.0379638671875,1.0,0.9513525366783142,1.0
1397.9202880859375,909.505126953125,1835.7720947265625,1091.7755126953125,2.0,0.8608759045600891,2.0
803.7445678710938,914.95556640625,2051.650146484375,1271.0360107421875,1.0,0.9519460797309875,1.0
1397.5748291015625,911.7808227539062,1837.8570556640625,1091.1600341796875,2.0,0.8615217804908752,2.0
803.6939086914062,915.0055541992188,2051.53955078125,1271.0855712890625,1.0,0.9518333077430725,1.0
1399.7838134765625,912.4461669921875,1838.2584228515625,1091.5159912109375,2.0,0.8604570627212524,2.0
803.7862548828125,914.891357421875,2051.482666015625,1271.0877685546875,1.0,0.9518366456031799,1.0
1398.583740234375,912.1954345703125,1838.396240234375,1091.71630859375,2.0,0.862186849117279,2.0
803.870849609375,914.9892578125,2051.569580078125,1271.0885009765625,1.0,0.9519326090812683,1.0
1398.5057373046875,911.9546508789062,1838.9774169921875,1091.58642578125,2.0,0.8608279228210449,2.0
803.9302368164062,915.0003051757812,2051.646728515625,1270.9527587890625,1.0,0.9521446824073792,1.0
1398.5330810546875,911.7114868164062,1839.052978515625,1091.85009765625,2.0,0.8634548187255859,2.0
803.4454345703125,914.4566650390625,2051.77783203125,1271.092529296875,1.0,0.951966404914856,1.0
1398.2928466796875,911.6093139648438,1839.2547607421875,1093.0458984375,2.0,0.8628302216529846,2.0
803.3367309570312,914.1917724609375,2051.8447265625,1271.1240234375,1.0,0.95204097032547,1.0
1397.9005126953125,912.1769409179688,1838.3828125,1093.5816650390625,2.0,0.8614094853401184,2.0
803.2782592773438,914.3035278320312,2051.7763671875,1271.0263671875,1.0,0.9517940282821655,1.0
1406.1416015625,917.7522583007812,1843.00341796875,1094.468505859375,2.0,0.8612312078475952,2.0
803.1889038085938,914.3804931640625,2051.93896484375,1271.1087646484375,1.0,0.9519703984260559,1.0
1408.6903076171875,920.1307983398438,1845.809814453125,1094.799072265625,2.0,0.8618459105491638,2.0
803.1138305664062,914.2265625,2051.938232421875,1271.1395263671875,1.0,0.9520317912101746,1.0
1411.013916015625,921.1989135742188,1846.5648193359375,1094.7926025390625,2.0,0.8677101731300354,2.0
803.2667846679688,914.2373046875,2052.009765625,1271.1494140625,1.0,0.9520174860954285,1.0
1412.173583984375,921.5994262695312,1846.3314208984375,1094.4295654296875,2.0,0.8713933825492859,2.0
803.2977905273438,914.6209106445312,2051.98876953125,1271.1239013671875,1.0,0.951913058757782,1.0
1412.7896728515625,922.8502807617188,1846.8116455078125,1094.4107666015625,2.0,0.8646926879882812,2.0
803.3248291015625,914.7313842773438,2051.910888671875,1270.9432373046875,1.0,0.9523892402648926,1.0
1406.675537109375,917.98583984375,1842.4227294921875,1094.8001708984375,2.0,0.870769739151001,2.0
803.28564453125,913.5108032226562,2051.859130859375,1270.8668212890625,1.0,0.9524997472763062,1.0
1405.939453125,905.2220458984375,1835.82373046875,1094.675048828125,2.0,0.8840928673744202,2.0
803.2275390625,913.1282958984375,2051.724365234375,1270.8394775390625,1.0,0.9528381824493408,1.0
1402.48681640625,897.502685546875,1829.2008056640625,1094.787841796875,2.0,0.8761025071144104,2.0
803.2091064453125,912.7744750976562,2051.473388671875,1270.9248046875,1.0,0.9532365202903748,1.0
1403.1219482421875,894.3155517578125,1826.72265625,1095.07421875,2.0,0.8798118233680725,2.0
803.1904907226562,912.7735595703125,2051.466552734375,1271.0130615234375,1.0,0.9532889127731323,1.0
1402.257568359375,893.21337890625,1826.29248046875,1095.1282958984375,2.0,0.8791829347610474,2.0
803.254638671875,912.890380859375,2051.476318359375,1271.1302490234375,1.0,0.9530994892120361,1.0
1402.63427734375,892.8285522460938,1825.8411865234375,1095.154541015625,2.0,0.8801494240760803,2.0
803.26025390625,912.981201171875,2051.364501953125,1271.2655029296875,1.0,0.9528484344482422,1.0
1402.3775634765625,892.809814453125,1825.724853515625,1094.8179931640625,2.0,0.8800184726715088,2.0
803.0538940429688,912.785400390625,2051.5419921875,1271.343505859375,1.0,0.953185498714447,1.0
1406.4503173828125,894.7532958984375,1810.0081787109375,1094.4647216796875,2.0,0.889025092124939,2.0
802.9507446289062,912.110595703125,2051.471435546875,1271.25830078125,1.0,0.9545027017593384,1.0
1414.2183837890625,883.6994018554688,1787.1778564453125,1094.127685546875,2.0,0.8832041025161743,2.0
802.8954467773438,911.5191040039062,2052.193603515625,1271.713623046875,1.0,0.9534048438072205,1.0
1464.6015625,879.9260864257812,1770.814208984375,1089.45166015625,2.0,0.8734732270240784,2.0
802.866455078125,912.194580078125,2052.08984375,1271.966064453125,1.0,0.9526038765907288,1.0
1537.9158935546875,873.3452758789062,1757.7464599609375,1092.1243896484375,2.0,0.9035916924476624,2.0
802.9186401367188,911.6956176757812,2052.031494140625,1272.0611572265625,1.0,0.9526715278625488,1.0
1590.6229248046875,873.2138671875,1751.353271484375,1094.7989501953125,2.0,0.9063342213630676,2.0
802.9522705078125,911.4534912109375,2052.03271484375,1272.3292236328125,1.0,0.9525607228279114,1.0
1606.4071044921875,872.7388916015625,1748.892822265625,1094.3743896484375,2.0,0.8908383846282959,2.0
802.7966918945312,911.5458984375,2052.231201171875,1272.423095703125,1.0,0.9530971050262451,1.0
1612.763916015625,873.0381469726562,1745.2593994140625,1095.4525146484375,2.0,0.8909605145454407,2.0
802.6828002929688,911.7288208007812,2052.186767578125,1272.479248046875,1.0,0.9527878165245056,1.0
1610.8184814453125,875.2804565429688,1743.6976318359375,1095.62841796875,2.0,0.8873751759529114,2.0
802.5580444335938,911.7491455078125,2052.220947265625,1272.4610595703125,1.0,0.9532692432403564,1.0
1607.0369873046875,880.7886352539062,1742.7750244140625,1091.5863037109375,2.0,0.8799498677253723,2.0
802.5281982421875,911.95361328125,2052.149658203125,1272.4381103515625,1.0,0.9531591534614563,1.0
1605.1697998046875,882.4159545898438,1740.9898681640625,1089.1541748046875,2.0,0.8736003041267395,2.0
802.4920654296875,912.0247802734375,2052.094482421875,1272.371337890625,1.0,0.9531553983688354,1.0
1603.9180908203125,883.15234375,1740.30419921875,1089.3863525390625,2.0,0.8725367188453674,2.0
802.3829345703125,911.9814453125,2052.0810546875,1272.2525634765625,1.0,0.953029453754425,1.0
1603.906005859375,884.6702270507812,1740.3514404296875,1091.73681640625,2.0,0.8749684691429138,2.0
802.5557861328125,911.9981689453125,2051.991455078125,1272.1275634765625,1.0,0.9531760811805725,1.0
1602.3026123046875,883.9312133789062,1740.625,1089.7108154296875,2.0,0.8734012842178345,2.0
802.6868896484375,911.7725219726562,2052.070556640625,1272.135009765625,1.0,0.9534330368041992,1.0
1602.139404296875,884.5372924804688,1741.19873046875,1090.7003173828125,2.0,0.8750377297401428,2.0
802.8309326171875,912.060302734375,2052.08544921875,1272.1353759765625,1.0,0.953296959400177,1.0
1601.22900390625,884.3587646484375,1741.576904296875,1087.728759765625,2.0,0.875700831413269,2.0
802.8585815429688,912.2110595703125,2052.001953125,1272.19580078125,1.0,0.9529140591621399,1.0
1600.1229248046875,886.5555419921875,1742.8167724609375,1090.527587890625,2.0,0.8763597011566162,2.0
802.7066040039062,911.9756469726562,2051.8525390625,1272.2105712890625,1.0,0.9527550339698792,1.0
1599.5433349609375,884.9230346679688,1743.054931640625,1089.361572265625,2.0,0.8741839528083801,2.0
802.61474609375,911.825927734375,2051.75341796875,1272.244384765625,1.0,0.9529794454574585,1.0
1599.01318359375,883.9108276367188,1744.199951171875,1087.9791259765625,2.0,0.8714131116867065,2.0
802.4800415039062,911.7333374023438,2051.74755859375,1272.36865234375,1.0,0.9529339671134949,1.0
1598.849365234375,883.5252685546875,1745.2509765625,1088.386962890625,2.0,0.8708054423332214,2.0
802.44482421875,911.7152099609375,2051.7294921875,1272.3367919921875,1.0,0.952981173992157,1.0
1598.762939453125,883.4051513671875,1745.4671630859375,1089.6646728515625,2.0,0.8718041777610779,2.0
802.6134643554688,911.7825927734375,2051.77783203125,1272.3614501953125,1.0,0.952531635761261,1.0
1597.8426513671875,883.7597045898438,1742.534423828125,1089.9736328125,2.0,0.875882625579834,2.0
802.2611694335938,910.8561401367188,2051.53662109375,1272.7611083984375,1.0,0.9481346607208252,1.0
1572.71240234375,872.8798828125,1749.8489990234375,1080.817138671875,2.0,0.8872010111808777,2.0
802.336181640625,911.4824829101562,2051.569091796875,1272.538330078125,1.0,0.9544512629508972,1.0
1534.42919921875,853.7265014648438,1795.6500244140625,1070.142333984375,2.0,0.9185557961463928,2.0
802.51416015625,912.6259155273438,2051.47900390625,1272.2611083984375,1.0,0.9531188011169434,1.0
1505.5440673828125,844.598388671875,1842.40966796875,1075.8345947265625,2.0,0.911668062210083,2.0
802.5751342773438,913.02685546875,2051.738037109375,1272.2091064453125,1.0,0.9535133242607117,1.0
1491.3648681640625,841.091064453125,1864.5849609375,1080.4449462890625,2.0,0.9094497561454773,2.0
802.389404296875,912.6903076171875,2051.895263671875,1272.1370849609375,1.0,0.9546349048614502,1.0
1484.743896484375,839.6881713867188,1869.1217041015625,1080.7232666015625,2.0,0.9061044454574585,2.0
802.16650390625,912.541015625,2051.962890625,1272.1005859375,1.0,0.9552026987075806,1.0
1482.121337890625,839.4867553710938,1869.3267822265625,1078.1112060546875,2.0,0.903459906578064,2.0
802.1297607421875,912.3964233398438,2052.009521484375,1272.16455078125,1.0,0.9552310705184937,1.0
1481.2286376953125,839.3788452148438,1868.1685791015625,1077.044677734375,2.0,0.9033858776092529,2.0
802.1406860351562,912.5487670898438,2052.27783203125,1272.1417236328125,1.0,0.9554744362831116,1.0
1481.1121826171875,838.6548461914062,1864.5013427734375,1076.83544921875,2.0,0.9012338519096375,2.0
802.30517578125,912.3306274414062,2052.060791015625,1272.2208251953125,1.0,0.955542266368866,1.0
1480.85986328125,838.2886962890625,1860.5079345703125,1076.7073974609375,2.0,0.8981390595436096,2.0
802.3755493164062,912.69921875,2051.79296875,1272.54541015625,1.0,0.9539092183113098,1.0
1496.0736083984375,848.3861694335938,1864.81982421875,1075.6868896484375,2.0,0.9144406914710999,2.0
802.00537109375,913.0377197265625,2051.78564453125,1272.56005859375,1.0,0.954355776309967,1.0
1503.599853515625,850.8113403320312,1858.46337890625,1073.003173828125,2.0,0.9087533950805664,2.0
801.9535522460938,913.302734375,2051.714111328125,1272.66162109375,1.0,0.9543516635894775,1.0
1507.3466796875,851.2861328125,1850.55126953125,1070.246337890625,2.0,0.9099935293197632,2.0
801.835205078125,913.4456787109375,2051.66552734375,1272.708740234375,1.0,0.9544200897216797,1.0
1508.7813720703125,851.3277587890625,1846.90771484375,1067.9166259765625,2.0,0.9087973237037659,2.0
801.7280883789062,913.3836669921875,2051.57080078125,1272.6192626953125,1.0,0.9547823667526245,1.0
1509.77099609375,850.9475708007812,1842.625,1065.494384765625,2.0,0.9070526361465454,2.0
801.8275756835938,913.25927734375,2051.412841796875,1272.6318359375,1.0,0.9545563459396362,1.0
1509.7725830078125,850.8511352539062,1839.83740234375,1064.5374755859375,2.0,0.9082921147346497,2.0
801.7520141601562,912.7059326171875,2051.478271484375,1272.607666015625,1.0,0.954673171043396,1.0
1509.5679931640625,850.896728515625,1826.2933349609375,1064.5328369140625,2.0,0.8971238136291504,2.0
801.45751953125,910.5738525390625,2051.42578125,1272.3961181640625,1.0,0.9533880949020386,1.0
1506.4493408203125,851.913330078125,1771.87060546875,1077.3408203125,2.0,0.8974981307983398,2.0
801.1826171875,909.9663696289062,2051.6953125,1272.61865234375,1.0,0.9533124566078186,1.0
1500.52783203125,861.1206665039062,1710.9130859375,1062.8951416015625,2.0,0.8933867812156677,2.0
800.9976196289062,909.7160034179688,2052.579833984375,1272.6728515625,1.0,0.9519609212875366,1.0
1492.24658203125,865.94140625,1659.0555419921875,1065.3194580078125,2.0,0.8768117427825928,2.0
800.9678344726562,909.7496337890625,2052.81689453125,1272.696533203125,1.0,0.9520726203918457,1.0
1484.822265625,867.2083129882812,1642.617431640625,1062.506103515625,2.0,0.8796433806419373,2.0
800.7894897460938,909.9032592773438,2052.814453125,1272.7037353515625,1.0,0.952409565448761,1.0
1481.519287109375,867.340087890625,1633.8326416015625,1058.537109375,2.0,0.8745722770690918,2.0
800.7750854492188,910.1167602539062,2052.869140625,1272.60302734375,1.0,0.9522783756256104,1.0
1480.3831787109375,867.0587158203125,1632.96435546875,1056.45166015625,2.0,0.8723012804985046,2.0
800.6858520507812,910.226318359375,2052.7001953125,1272.6475830078125,1.0,0.9521226286888123,1.0
1480.21435546875,867.2673950195312,1634.184814453125,1056.9259033203125,2.0,0.8737318515777588,2.0
800.6239013671875,910.0689086914062,2052.689697265625,1272.5958251953125,1.0,0.9524127840995789,1.0
1480.1243896484375,867.4561157226562,1637.2523193359375,1057.217529296875,2.0,0.8760933876037598,2.0
800.627197265625,909.8037109375,2052.6337890625,1272.618896484375,1.0,0.9525924324989319,1.0
1479.9044189453125,867.3843994140625,1638.78271484375,1056.9803466796875,2.0,0.874068021774292,2.0
801.21923828125,909.9973754882812,2052.670166015625,1272.68017578125,1.0,0.9515203237533569,1.0
1480.6905517578125,869.2156372070312,1640.3529052734375,1058.2689208984375,2.0,0.8722580671310425,2.0
801.46044921875,910.1442260742188,2052.7939453125,1272.796142578125,1.0,0.9513899683952332,1.0
1479.3409423828125,864.671630859375,1640.00439453125,1059.1719970703125,2.0,0.8919388055801392,2.0
801.5978393554688,910.3189086914062,2052.755859375,1272.8736572265625,1.0,0.9514437317848206,1.0
1479.8936767578125,862.0662231445312,1640.2822265625,1060.61376953125,2.0,0.8889156579971313,2.0
801.5298461914062,910.352783203125,2052.69921875,1272.8494873046875,1.0,0.9516251683235168,1.0
1480.216064453125,860.7741088867188,1640.2841796875,1061.1180419921875,2.0,0.8846075534820557,2.0
801.5409545898438,910.040771484375,2052.812255859375,1272.8558349609375,1.0,0.9512485265731812,1.0
1480.535888671875,860.175048828125,1638.4422607421875,1061.1444091796875,2.0,0.8816310167312622,2.0
801.4869995117188,909.9376831054688,2052.65234375,1272.8739013671875,1.0,0.9514169692993164,1.0
1480.4404296875,859.9047241210938,1636.962646484375,1061.3433837890625,2.0,0.8810597062110901,2.0
801.4829711914062,909.9012451171875,2052.546142578125,1272.835205078125,1.0,0.9518952965736389,1.0
1481.361572265625,860.1044311523438,1632.80908203125,1060.626220703125,2.0,0.8894132971763611,2.0
801.517578125,910.3387451171875,2052.366455078125,1273.0301513671875,1.0,0.9502332806587219,1.0
1472.1319580078125,867.7736206054688,1625.6588134765625,1058.280029296875,2.0,0.8845528960227966,2.0
801.36279296875,909.3461303710938,2052.1806640625,1272.7845458984375,1.0,0.9528396725654602,1.0
1403.98193359375,881.0540771484375,1643.47900390625,1055.478759765625,2.0,0.9021562933921814,2.0
801.7152099609375,908.1077880859375,2052.089111328125,1272.508544921875,1.0,0.953498363494873,1.0
1358.32421875,893.6024169921875,1665.651123046875,1056.288818359375,2.0,0.8936712741851807,2.0
801.6941528320312,907.086181640625,2052.129638671875,1272.3231201171875,1.0,0.9541098475456238,1.0
1337.337646484375,896.9672241210938,1677.7578125,1057.7109375,2.0,0.8982884883880615,2.0
801.6317749023438,906.9234619140625,2052.1650390625,1272.2813720703125,1.0,0.9541711211204529,1.0
1329.35888671875,898.0713500976562,1683.8052978515625,1058.3984375,2.0,0.8923460841178894,2.0
801.6744384765625,906.654052734375,2052.2275390625,1272.2950439453125,1.0,0.9541458487510681,1.0
1326.4561767578125,898.2600708007812,1686.00244140625,1058.951171875,2.0,0.8939072489738464,2.0
801.6301879882812,906.4387817382812,2052.31201171875,1272.2998046875,1.0,0.9541428089141846,1.0
1326.19775390625,898.2109985351562,1686.8818359375,1059.2705078125,2.0,0.892905592918396,2.0
801.6138305664062,906.4718627929688,2052.3154296875,1272.3582763671875,1.0,0.9540429711341858,1.0
1327.4378662109375,898.1199951171875,1687.7569580078125,1059.092041015625,2.0,0.891811192035675,2.0
801.5341796875,906.8224487304688,2052.644775390625,1272.3974609375,1.0,0.9541130661964417,1.0
1329.3450927734375,898.1359252929688,1688.25146484375,1058.8414306640625,2.0,0.8913150429725647,2.0
801.5403442382812,906.3866577148438,2052.773681640625,1272.4134521484375,1.0,0.953927755355835,1.0
1330.2431640625,898.0176391601562,1688.677734375,1059.160400390625,2.0,0.8926810622215271,2.0
801.5757446289062,906.4046630859375,2052.785400390625,1272.4000244140625,1.0,0.9539703726768494,1.0
1333.482666015625,899.328369140625,1687.404052734375,1061.131103515625,2.0,0.8894416689872742,2.0
801.5028686523438,906.5657958984375,2052.97412109375,1272.5489501953125,1.0,0.9541365504264832,1.0
1335.09130859375,903.7415161132812,1688.49072265625,1060.693359375,2.0,0.888566792011261,2.0
801.5186767578125,906.683349609375,2053.024658203125,1272.5703125,1.0,0.9542555809020996,1.0
1335.0064697265625,904.74072265625,1688.9697265625,1061.11376953125,2.0,0.8886417746543884,2.0
801.5928955078125,907.1724243164062,2052.7744140625,1272.5997314453125,1.0,0.9542592763900757,1.0
1336.346923828125,905.1864624023438,1690.836181640625,1061.413818359375,2.0,0.8872711062431335,2.0
801.6647338867188,907.3060913085938,2052.746826171875,1272.5494384765625,1.0,0.9542242288589478,1.0
1338.04296875,905.2019653320312,1691.3646240234375,1061.8531494140625,2.0,0.8875675797462463,2.0
801.5224609375,907.19580078125,2052.695068359375,1272.4942626953125,1.0,0.9542748928070068,1.0
1340.38623046875,905.2364501953125,1691.5010986328125,1062.3016357421875,2.0,0.8852483630180359,2.0
801.505126953125,907.4357299804688,2052.619140625,1272.46533203125,1.0,0.9544177651405334,1.0
1342.2962646484375,905.158447265625,1691.7425537109375,1061.9771728515625,2.0,0.8808093667030334,2.0
801.4260864257812,907.9519653320312,2052.30029296875,1272.4722900390625,1.0,0.9545944929122925,1.0
1345.9139404296875,905.6566162109375,1700.5250244140625,1063.1314697265625,2.0,0.8814141750335693,2.0
801.3391723632812,908.2418823242188,2052.25439453125,1272.5361328125,1.0,0.9545647501945496,1.0
1347.6400146484375,905.3722534179688,1703.054931640625,1064.0185546875,2.0,0.8831064701080322,2.0
801.4160766601562,908.6879272460938,2052.2734375,1272.50830078125,1.0,0.9543507099151611,1.0
1346.807373046875,905.2438354492188,1704.1182861328125,1064.6378173828125,2.0,0.8865385055541992,2.0
801.5489501953125,908.8541259765625,2052.35498046875,1272.4656982421875,1.0,0.9543598890304565,1.0
1346.9677734375,904.8739624023438,1704.1865234375,1064.7186279296875,2.0,0.8841304183006287,2.0
801.5892944335938,909.1495361328125,2052.025390625,1272.3841552734375,1.0,0.9542525410652161,1.0
1348.7274169921875,904.7100830078125,1704.05078125,1064.5875244140625,2.0,0.8841016292572021,2.0
801.6094360351562,909.1705322265625,2052.01220703125,1272.3565673828125,1.0,0.954281747341156,1.0
1351.7684326171875,904.5413818359375,1704.020751953125,1064.3719482421875,2.0,0.8855496048927307,2.0
801.5732421875,908.8055419921875,2052.090576171875,1272.4501953125,1.0,0.954056441783905,1.0
1351.8765869140625,904.3513793945312,1704.21142578125,1064.0048828125,2.0,0.8873381018638611,2.0
801.4790649414062,908.7830810546875,2052.152099609375,1272.40771484375,1.0,0.9543436169624329,1.0
1352.9112548828125,904.096923828125,1704.2716064453125,1063.6732177734375,2.0,0.8857914209365845,2.0
801.4472045898438,908.907958984375,2052.218017578125,1272.4095458984375,1.0,0.9543086886405945,1.0
1355.9068603515625,903.8407592773438,1703.978759765625,1063.1531982421875,2.0,0.8828061819076538,2.0
801.3900146484375,908.7898559570312,2052.357177734375,1272.3770751953125,1.0,0.9544081091880798,1.0
1356.556884765625,904.0604858398438,1696.327880859375,1062.8316650390625,2.0,0.8798399567604065,2.0
801.3643798828125,908.753173828125,2052.452880859375,1272.4366455078125,1.0,0.9539974927902222,1.0
1356.9976806640625,904.3651733398438,1690.272216796875,1063.145751953125,2.0,0.8788456320762634,2.0
801.3487548828125,908.7398681640625,2052.528076171875,1272.4881591796875,1.0,0.954011082649231,1.0
1357.7247314453125,904.5904541015625,1687.63525390625,1063.1175537109375,2.0,0.8774795532226562,2.0
801.4903564453125,908.8094482421875,2052.573974609375,1272.5426025390625,1.0,0.9539454579353333,1.0
1359.5760498046875,904.3768920898438,1686.2587890625,1063.3057861328125,2.0,0.8805541396141052,2.0
801.5440063476562,908.88818359375,2052.53955078125,1272.652587890625,1.0,0.9539660811424255,1.0
1362.15087890625,904.0245361328125,1685.9876708984375,1061.1138916015625,2.0,0.8827888369560242,2.0
801.7633056640625,908.982421875,2052.8623046875,1272.6734619140625,1.0,0.9535044431686401,1.0
1355.1292724609375,907.8305053710938,1682.8514404296875,1061.9346923828125,2.0,0.8574540019035339,2.0
801.4296875,908.1841430664062,2053.025634765625,1272.734375,1.0,0.9543280005455017,1.0
1371.2098388671875,887.7566528320312,1675.9403076171875,1057.0166015625,2.0,0.8825271129608154,2.0
801.2639770507812,908.674072265625,2053.066162109375,1272.53515625,1.0,0.9550383687019348,1.0
1403.3739013671875,865.1297607421875,1675.7420654296875,1054.57958984375,2.0,0.8899651765823364,2.0
801.2865600585938,908.9175415039062,2053.05908203125,1272.3011474609375,1.0,0.9551119804382324,1.0
1459.3411865234375,850.5162353515625,1677.737060546875,1061.91796875,2.0,0.8869381546974182,2.0
801.3902587890625,909.5471801757812,2052.879150390625,1272.3057861328125,1.0,0.9546666145324707,1.0
1491.0740966796875,842.9002685546875,1681.73046875,1059.1885986328125,2.0,0.8981612920761108,2.0
801.2998657226562,910.0938110351562,2052.76708984375,1272.3466796875,1.0,0.9539396166801453,1.0
1501.7342529296875,841.0189819335938,1684.28173828125,1059.0628662109375,2.0,0.8929939270019531,2.0
801.482177734375,910.5962524414062,2052.869873046875,1272.59716796875,1.0,0.9525628089904785,1.0
1508.367919921875,841.0377807617188,1684.7025146484375,1054.88525390625,2.0,0.8762561082839966,2.0
799.6699829101562,909.7811279296875,2052.873779296875,1272.058837890625,1.0,0.9087032675743103,1.0
1538.334716796875,828.3287353515625,1685.6787109375,1054.1175537109375,2.0,0.81953364610672,2.0
800.5167846679688,910.2562866210938,2052.650146484375,1272.0335693359375,1.0,0.9403780102729797,1.0
1552.143798828125,821.8248291015625,1685.44189453125,1047.21484375,2.0,0.8366963267326355,2.0
801.033203125,910.51416015625,2052.717041015625,1272.281982421875,1.0,0.9457483291625977,1.0
1541.4228515625,818.627197265625,1679.0994873046875,1046.8045654296875,2.0,0.85846346616745,2.0
801.334716796875,910.5244750976562,2052.8017578125,1272.2691650390625,1.0,0.9520375728607178,1.0
1539.192138671875,817.8073120117188,1676.577880859375,1045.3668212890625,2.0,0.8908774256706238,2.0
801.3096923828125,910.5448608398438,2052.750244140625,1272.4461669921875,1.0,0.9529700875282288,1.0
1538.49853515625,817.9771118164062,1675.4635009765625,1045.9488525390625,2.0,0.8984520435333252,2.0
801.4677124023438,910.6766967773438,2052.689208984375,1272.678466796875,1.0,0.9528763890266418,1.0
1537.8929443359375,817.9366455078125,1678.9486083984375,1045.078369140625,2.0,0.8755627274513245,2.0
801.6710205078125,910.9862060546875,2052.593994140625,1272.6285400390625,1.0,0.9530004262924194,1.0
1537.51611328125,816.5264282226562,1686.70947265625,1043.66357421875,2.0,0.8760087490081787,2.0
801.7510986328125,911.233154296875,2052.306396484375,1272.52294921875,1.0,0.953324019908905,1.0
1536.916015625,816.17236328125,1692.337158203125,1042.917724609375,2.0,0.880181610584259,2.0
801.61181640625,911.1160888671875,2052.124755859375,1272.6126708984375,1.0,0.9531471729278564,1.0
1536.1072998046875,813.9025268554688,1697.0714111328125,1042.4481201171875,2.0,0.8840627670288086,2.0
801.8988037109375,910.977294921875,2051.753662109375,1272.8690185546875,1.0,0.9431848526000977,1.0
1534.270263671875,835.9137573242188,1692.188232421875,1036.2001953125,2.0,0.85957270860672,2.0
801.7891845703125,910.6478881835938,2051.781005859375,1272.67578125,1.0,0.9536870121955872,1.0
1529.685791015625,850.1775512695312,1699.611083984375,1042.31591796875,2.0,0.8959411978721619,2.0
801.5294799804688,910.3563842773438,2051.915771484375,1272.62841796875,1.0,0.9541012644767761,1.0
1527.9000244140625,855.6766967773438,1697.8646240234375,1044.5220947265625,2.0,0.8981990814208984,2.0
801.533203125,910.1323852539062,2051.9052734375,1272.498046875,1.0,0.9538466334342957,1.0
1526.817138671875,857.417724609375,1696.3453369140625,1045.03076171875,2.0,0.8981679081916809,2.0
801.5300903320312,910.1229858398438,2052.01171875,1272.5196533203125,1.0,0.9539656043052673,1.0
1526.23388671875,858.0184326171875,1696.410400390625,1045.212646484375,2.0,0.8989103436470032,2.0
801.5185546875,910.1167602539062,2051.85498046875,1272.5833740234375,1.0,0.9536519050598145,1.0
1525.2191162109375,858.2955932617188,1700.8917236328125,1045.1297607421875,2.0,0.897173285484314,2.0
801.2941284179688,910.0797119140625,2051.7646484375,1272.702392578125,1.0,0.95337975025177,1.0
1524.759033203125,857.614990234375,1701.060302734375,1044.184326171875,2.0,0.8947966694831848,2.0
801.1629638671875,910.1103515625,2051.6162109375,1272.6396484375,1.0,0.9532667398452759,1.0
1524.430419921875,857.4071655273438,1702.64892578125,1043.7366943359375,2.0,0.8912022709846497,2.0
801.048095703125,910.2747192382812,2051.597412109375,1272.6329345703125,1.0,0.9530330896377563,1.0
1531.88232421875,865.3881225585938,1703.470458984375,1043.7598876953125,2.0,0.87333083152771,2.0
801.0632934570312,910.34814453125,2051.861328125,1272.7498779296875,1.0,0.9523500800132751,1.0
1534.1766357421875,867.7710571289062,1697.7889404296875,1042.41162109375,2.0,0.8686704635620117,2.0
801.0516357421875,910.2498168945312,2052.13232421875,1272.818115234375,1.0,0.9526334404945374,1.0
1534.615234375,871.534423828125,1684.701416015625,1040.8199462890625,2.0,0.8580043315887451,2.0
801.0714721679688,910.2974243164062,2052.22412109375,1272.8399658203125,1.0,0.952185332775116,1.0
1535.4656982421875,872.2620849609375,1677.800048828125,1040.6090087890625,2.0,0.8594531416893005,2.0
801.0684814453125,910.19189453125,2052.200439453125,1272.7769775390625,1.0,0.9522899389266968,1.0
1534.940185546875,871.6484375,1674.882568359375,1041.301025390625,2.0,0.8620759844779968,2.0
800.9790649414062,910.2366943359375,2052.275146484375,1272.735595703125,1.0,0.9520632028579712,1.0
1534.8756103515625,871.2955932617188,1671.377197265625,1041.765380859375,2.0,0.8609966039657593,2.0
801.1598510742188,910.3675537109375,2052.26953125,1272.6832275390625,1.0,0.9513513445854187,1.0
1535.1171875,870.8284301757812,1670.90771484375,1041.7310791015625,2.0,0.8590722680091858,2.0
801.21728515625,910.2379760742188,2052.329833984375,1272.5777587890625,1.0,0.9511731266975403,1.0
1535.00341796875,870.6854248046875,1673.2574462890625,1041.8717041015625,2.0,0.8626163005828857,2.0
801.3695068359375,910.3939208984375,2052.15087890625,1272.652587890625,1.0,0.9511466026306152,1.0
1535.78857421875,870.81396484375,1674.2939453125,1041.559814453125,2.0,0.860985279083252,2.0
801.560546875,910.4302368164062,2052.154296875,1272.6727294921875,1.0,0.9513256549835205,1.0
1535.8670654296875,870.6556396484375,1674.4609375,1041.409423828125,2.0,0.8600618243217468,2.0
801.537109375,910.4614868164062,2052.248291015625,1272.714111328125,1.0,0.9510533213615417,1.0
1535.9569091796875,870.1085815429688,1672.681640625,1041.39306640625,2.0,0.855509877204895,2.0
801.4550170898438,910.482177734375,2052.362060546875,1272.7601318359375,1.0,0.9511853456497192,1.0
1536.1668701171875,870.4400024414062,1671.588623046875,1041.39013671875,2.0,0.8533956408500671,2.0
801.2352905273438,910.5090942382812,2052.510009765625,1272.7537841796875,1.0,0.9518356919288635,1.0
1536.5521240234375,869.9776611328125,1671.236572265625,1041.9779052734375,2.0,0.8565155267715454,2.0
800.7620849609375,910.9415283203125,2052.734130859375,1272.7266845703125,1.0,0.950928270816803,1.0
1538.6002197265625,871.697998046875,1668.4732666015625,1041.4415283203125,2.0,0.8491361141204834,2.0
800.7374877929688,911.1986694335938,2052.55126953125,1272.6839599609375,1.0,0.9510015845298767,1.0
1536.20361328125,861.9677734375,1682.172607421875,1042.1668701171875,2.0,0.882080078125,2.0
800.7041625976562,911.1355590820312,2052.338134765625,1272.6590576171875,1.0,0.9528328776359558,1.0
1527.533447265625,854.4465942382812,1693.191650390625,1044.4205322265625,2.0,0.8959283828735352,2.0
800.6370239257812,910.7709350585938,2052.178466796875,1272.4986572265625,1.0,0.9533552527427673,1.0
1524.7646484375,848.5855102539062,1697.3900146484375,1044.7215576171875,2.0,0.902685821056366,2.0
800.6803588867188,910.8407592773438,2052.010498046875,1272.348388671875,1.0,0.953472912311554,1.0
1525.60888671875,846.6031494140625,1698.884033203125,1045.1051025390625,2.0,0.9035529494285583,2.0
800.8185424804688,910.6873779296875,2052.1865234375,1272.3582763671875,1.0,0.9537367820739746,1.0
1529.3272705078125,845.228271484375,1699.1187744140625,1045.476318359375,2.0,0.9043333530426025,2.0
800.800048828125,910.5510864257812,2052.397705078125,1272.4949951171875,1.0,0.9535872936248779,1.0
1528.8641357421875,844.5838012695312,1698.072509765625,1045.590576171875,2.0,0.9017782211303711,2.0
800.782958984375,910.1384887695312,2052.5458984375,1272.5189208984375,1.0,0.9539864659309387,1.0
1529.1964111328125,839.6300048828125,1690.9254150390625,1045.95751953125,2.0,0.8820016980171204,2.0
800.8076782226562,910.1333618164062,2052.70556640625,1272.4765625,1.0,0.9535164833068848,1.0
1528.97265625,841.5477905273438,1687.205078125,1045.7962646484375,2.0,0.8885259628295898,2.0
800.725830078125,910.0953369140625,2052.8359375,1272.39453125,1.0,0.9536867737770081,1.0
1533.988525390625,840.11865234375,1685.1549072265625,1046.378173828125,2.0,0.8877536654472351,2.0
800.8731079101562,909.8709106445312,2052.954345703125,1272.360595703125,1.0,0.9537107348442078,1.0
1535.3565673828125,839.5306396484375,1684.07666015625,1046.4844970703125,2.0,0.8863757848739624,2.0
800.9234619140625,909.974853515625,2052.85986328125,1272.3343505859375,1.0,0.9529693722724915,1.0
1532.380615234375,839.8297119140625,1684.052490234375,1046.5301513671875,2.0,0.8861697912216187,2.0
801.1077270507812,910.0280151367188,2052.861083984375,1272.4171142578125,1.0,0.9528928995132446,1.0
1531.56103515625,840.7116088867188,1684.0858154296875,1046.3739013671875,2.0,0.889530599117279,2.0
801.1122436523438,910.0991821289062,2052.6552734375,1272.3529052734375,1.0,0.9531139135360718,1.0
1530.8787841796875,841.5551147460938,1684.2269287109375,1046.370361328125,2.0,0.8914195895195007,2.0
801.0701904296875,909.9689331054688,2052.512451171875,1272.270751953125,1.0,0.9533517956733704,1.0
1532.0968017578125,842.30126953125,1683.9947509765625,1046.66162109375,2.0,0.8920593857765198,2.0
800.9591064453125,909.8721923828125,2052.1533203125,1272.380615234375,1.0,0.9528063535690308,1.0
1532.5860595703125,842.9182739257812,1684.235595703125,1047.0008544921875,2.0,0.8946887254714966,2.0
801.1032104492188,909.53564453125,2052.0458984375,1272.393310546875,1.0,0.9531188011169434,1.0
1533.0911865234375,844.2537231445312,1684.167236328125,1047.2418212890625,2.0,0.8978879451751709,2.0
801.2041625976562,909.4557495117188,2051.974609375,1272.40869140625,1.0,0.952571451663971,1.0
1534.2845458984375,845.1160278320312,1684.06103515625,1047.4276123046875,2.0,0.8974224328994751,2.0
801.2789306640625,909.4967651367188,2051.962890625,1272.405517578125,1.0,0.9523589611053467,1.0
1536.0872802734375,845.137451171875,1683.4835205078125,1047.3560791015625,2.0,0.8955844044685364,2.0
801.3262329101562,909.5462646484375,2051.761474609375,1272.415283203125,1.0,0.9528067708015442,1.0
1536.6708984375,844.1729125976562,1683.2694091796875,1047.5068359375,2.0,0.8958885669708252,2.0
801.213623046875,909.7037963867188,2051.767333984375,1272.4339599609375,1.0,0.9529320001602173,1.0
1534.385498046875,843.824462890625,1683.428466796875,1047.5609130859375,2.0,0.8954653143882751,2.0
801.2550659179688,909.5506591796875,2051.885498046875,1272.568359375,1.0,0.9543327689170837,1.0
1519.9515380859375,851.426025390625,1689.637451171875,1046.07763671875,2.0,0.9002076983451843,2.0
801.095947265625,909.4666137695312,2051.4248046875,1272.53369140625,1.0,0.9530537128448486,1.0
1441.457763671875,836.0462036132812,1708.796630859375,1031.310791015625,2.0,0.8808860182762146,2.0
800.7669067382812,908.8001708984375,2051.439208984375,1272.3702392578125,1.0,0.9558806419372559,1.0
1417.66748046875,835.4788208007812,1719.28662109375,1043.4178466796875,2.0,0.9061474204063416,2.0
800.9130249023438,909.21826171875,2051.6015625,1272.39111328125,1.0,0.9542217254638672,1.0
1458.73681640625,837.015625,1721.1810302734375,1047.1197509765625,2.0,0.9073267579078674,2.0
800.8447265625,909.5010986328125,2051.71337890625,1272.483154296875,1.0,0.9539831876754761,1.0
1472.7874755859375,838.4430541992188,1721.9320068359375,1048.9422607421875,2.0,0.903696596622467,2.0
800.9850463867188,909.5242919921875,2051.729248046875,1272.4190673828125,1.0,0.9543021321296692,1.0
1476.3516845703125,839.937255859375,1721.903564453125,1049.65673828125,2.0,0.9049780368804932,2.0
800.99609375,909.440673828125,2051.934814453125,1272.412109375,1.0,0.9541956782341003,1.0
1476.71044921875,840.9611206054688,1722.1527099609375,1049.0811767578125,2.0,0.9035377502441406,2.0
801.0572509765625,909.7037353515625,2051.9111328125,1272.5592041015625,1.0,0.954060971736908,1.0
1475.597900390625,840.8900756835938,1722.204345703125,1048.7808837890625,2.0,0.9044592380523682,2.0
800.9945068359375,909.8134155273438,2051.81298828125,1272.5533447265625,1.0,0.954177975654602,1.0
1474.81982421875,840.9544677734375,1721.6981201171875,1048.6141357421875,2.0,0.9042132496833801,2.0
800.4739990234375,909.5342407226562,2052.29833984375,1272.3956298828125,1.0,0.9545963406562805,1.0
1474.0440673828125,840.5460205078125,1721.03271484375,1050.2637939453125,2.0,0.9082547426223755,2.0
800.181396484375,909.356201171875,2052.590576171875,1272.4259033203125,1.0,0.9546231627464294,1.0
1473.826904296875,840.4471435546875,1720.990478515625,1049.6243896484375,2.0,0.9067521691322327,2.0
800.0484619140625,909.30859375,2052.794189453125,1272.382568359375,1.0,0.9544541835784912,1.0
1472.951171875,840.3585815429688,1721.1094970703125,1048.641845703125,2.0,0.9046537280082703,2.0
800.224609375,909.3374633789062,2052.83642578125,1272.37109375,1.0,0.9543355703353882,1.0
1472.47119140625,841.803466796875,1712.8277587890625,1048.73193359375,2.0,0.9071080684661865,2.0
800.328369140625,909.296630859375,2052.9755859375,1272.3709716796875,1.0,0.9540130496025085,1.0
1471.60595703125,839.3897705078125,1704.4620361328125,1048.3668212890625,2.0,0.9032263159751892,2.0
800.3005981445312,909.1717529296875,2052.786865234375,1272.332275390625,1.0,0.9541153311729431,1.0
1474.505859375,835.53271484375,1700.9935302734375,1048.234130859375,2.0,0.8958176970481873,2.0
800.3533325195312,909.1847534179688,2052.7880859375,1272.4317626953125,1.0,0.9541451930999756,1.0
1475.748046875,834.3500366210938,1699.682373046875,1048.3128662109375,2.0,0.8962027430534363,2.0
800.3898315429688,909.2341918945312,2052.785400390625,1272.4163818359375,1.0,0.954131543636322,1.0
1477.1712646484375,834.6414184570312,1699.919921875,1048.6025390625,2.0,0.8964860439300537,2.0
800.6376342773438,909.1922607421875,2052.738037109375,1272.4486083984375,1.0,0.9541393518447876,1.0
1477.812255859375,834.5968017578125,1699.9052734375,1049.096435546875,2.0,0.895111083984375,2.0
800.568359375,909.6641235351562,2052.80908203125,1272.4031982421875,1.0,0.9539601802825928,1.0
1479.6236572265625,842.638671875,1697.73095703125,1048.7325439453125,2.0,0.9148851037025452,2.0
800.639892578125,909.8529663085938,2052.7451171875,1272.4154052734375,1.0,0.9542232155799866,1.0
1479.21484375,846.0006103515625,1696.54345703125,1048.2847900390625,2.0,0.9167237281799316,2.0
800.6302490234375,909.7631225585938,2052.884033203125,1272.4715576171875,1.0,0.9537088871002197,1.0
1480.5286865234375,846.94970703125,1695.0518798828125,1048.0897216796875,2.0,0.9161178469657898,2.0
800.7698364257812,909.62060546875,2053.070556640625,1272.43212890625,1.0,0.9534006118774414,1.0
1482.197021484375,847.5116577148438,1694.0335693359375,1047.8944091796875,2.0,0.9177065491676331,2.0
800.5855712890625,909.5537109375,2052.9912109375,1272.484130859375,1.0,0.9532619714736938,1.0
1483.6651611328125,847.5665283203125,1693.2340087890625,1047.9920654296875,2.0,0.9190250635147095,2.0
800.575439453125,909.6357421875,2052.866455078125,1272.489501953125,1.0,0.9533882737159729,1.0
1486.155029296875,846.8363647460938,1692.6270751953125,1047.8277587890625,2.0,0.9191932082176208,2.0
800.6222534179688,909.3758544921875,2052.71337890625,1272.4146728515625,1.0,0.953550398349762,1.0
1487.396484375,845.945556640625,1693.1455078125,1049.9151611328125,2.0,0.9196244478225708,2.0
800.6730346679688,909.3323974609375,2052.736328125,1272.3360595703125,1.0,0.9538370966911316,1.0
1488.14599609375,845.8953857421875,1693.33349609375,1050.1483154296875,2.0,0.9196765422821045,2.0
800.7620239257812,909.293212890625,2052.70361328125,1272.3521728515625,1.0,0.9537051320075989,1.0
1490.373291015625,845.2888793945312,1693.134521484375,1050.36865234375,2.0,0.9184573292732239,2.0
800.8778076171875,909.4241943359375,2052.611083984375,1272.31591796875,1.0,0.9522226452827454,1.0
1489.471923828125,857.5936279296875,1686.39697265625,1050.8260498046875,2.0,0.9240428805351257,2.0
801.0369873046875,910.072998046875,2052.606689453125,1272.45361328125,1.0,0.9505298137664795,1.0
1490.3885498046875,865.3584594726562,1685.693359375,1050.02490234375,2.0,0.9089637398719788,2.0
800.9998779296875,910.2011108398438,2052.730224609375,1272.49462890625,1.0,0.9522252082824707,1.0
1493.654052734375,868.2789916992188,1684.8856201171875,1049.432373046875,2.0,0.9110910892486572,2.0
801.0446166992188,910.3670654296875,2052.75341796875,1272.550537109375,1.0,0.9512679576873779,1.0
1497.160888671875,869.5613403320312,1684.6986083984375,1048.855712890625,2.0,0.9094080328941345,2.0
801.0411987304688,910.453857421875,2052.7744140625,1272.507080078125,1.0,0.9517622590065002,1.0
1501.248046875,870.4723510742188,1684.9346923828125,1048.6767578125,2.0,0.9050257802009583,2.0
801.0933227539062,910.3587036132812,2052.7451171875,1272.5140380859375,1.0,0.9521178007125854,1.0
1503.1910400390625,870.5508422851562,1684.6605224609375,1048.707275390625,2.0,0.9034117460250854,2.0
801.0435180664062,910.1802368164062,2052.818115234375,1272.5887451171875,1.0,0.9524737596511841,1.0
1504.1988525390625,869.9653930664062,1682.6644287109375,1048.6075439453125,2.0,0.9039468765258789,2.0
801.1586303710938,910.0481567382812,2052.823974609375,1272.596923828125,1.0,0.9536579251289368,1.0
1507.55126953125,866.660400390625,1684.8990478515625,1048.9012451171875,2.0,0.9214240908622742,2.0
801.0894775390625,910.0016479492188,2052.92578125,1272.5859375,1.0,0.9537006616592407,1.0
1510.9705810546875,860.28759765625,1685.60009765625,1049.2044677734375,2.0,0.923037588596344,2.0
801.2158203125,910.004638671875,2053.0146484375,1272.5556640625,1.0,0.9536135196685791,1.0
1513.1884765625,856.9583129882812,1685.5225830078125,1049.087158203125,2.0,0.9182006120681763,2.0
801.3801879882812,910.1603393554688,2052.7998046875,1272.5784912109375,1.0,0.9532667398452759,1.0
1514.76708984375,855.6312255859375,1685.9818115234375,1049.06591796875,2.0,0.9167478084564209,2.0
801.437744140625,910.1741333007812,2052.68212890625,1272.5047607421875,1.0,0.953298032283783,1.0
1515.7457275390625,854.947021484375,1686.408203125,1048.8438720703125,2.0,0.9175621271133423,2.0
801.3606567382812,910.0455932617188,2052.429443359375,1272.6094970703125,1.0,0.9532605409622192,1.0
1518.2017822265625,854.6368408203125,1686.643310546875,1049.1224365234375,2.0,0.9172132015228271,2.0
801.552978515625,910.0123901367188,2052.226318359375,1272.613525390625,1.0,0.9529415369033813,1.0
1518.7445068359375,854.5110473632812,1686.571044921875,1049.088623046875,2.0,0.9172880053520203,2.0
801.58154296875,910.1467895507812,2052.16259765625,1272.5316162109375,1.0,0.9530861973762512,1.0
1520.0020751953125,853.85107421875,1686.697509765625,1048.964599609375,2.0,0.9149194955825806,2.0
801.3877563476562,909.8639526367188,2052.19970703125,1272.5115966796875,1.0,0.9531099200248718,1.0
1521.63525390625,851.4405517578125,1686.5821533203125,1049.030517578125,2.0,0.910422146320343,2.0
801.3212280273438,909.5109252929688,2052.385498046875,1272.579345703125,1.0,0.9532299041748047,1.0
1522.3751220703125,849.0833129882812,1686.3670654296875,1048.5252685546875,2.0,0.9032647609710693,2.0
801.2437133789062,909.416748046875,2052.421875,1272.6190185546875,1.0,0.9532360434532166,1.0
1524.043701171875,848.3246459960938,1686.491943359375,1048.5413818359375,2.0,0.9028791785240173,2.0
801.2388305664062,909.3131103515625,2052.412109375,1272.564453125,1.0,0.953191339969635,1.0
1525.3731689453125,847.87255859375,1686.5513916015625,1048.8802490234375,2.0,0.9015085101127625,2.0
801.2620239257812,909.0469970703125,2052.462890625,1272.49853515625,1.0,0.9530952572822571,1.0
1526.2327880859375,847.6240844726562,1686.67333984375,1049.0987548828125,2.0,0.904280424118042,2.0
801.3311157226562,909.1959228515625,2052.452880859375,1272.51904296875,1.0,0.9530667066574097,1.0
1526.463134765625,847.6390380859375,1686.39306640625,1049.26220703125,2.0,0.9057435989379883,2.0
801.2951049804688,909.3837280273438,2052.4609375,1272.5880126953125,1.0,0.9534167647361755,1.0
1528.3587646484375,849.9214477539062,1685.628173828125,1049.4228515625,2.0,0.9084095358848572,2.0
801.3648071289062,909.523193359375,2052.5947265625,1272.5626220703125,1.0,0.954376757144928,1.0
1539.6385498046875,847.8541259765625,1684.545654296875,1050.0482177734375,2.0,0.9047491550445557,2.0
801.2474975585938,909.6819458007812,2052.568603515625,1272.5716552734375,1.0,0.9543713331222534,1.0
1543.249267578125,846.7232055664062,1682.8126220703125,1050.6541748046875,2.0,0.902346670627594,2.0
801.2130126953125,909.6824951171875,2052.518310546875,1272.4515380859375,1.0,0.9543508887290955,1.0
1544.36328125,846.615478515625,1682.6004638671875,1051.1162109375,2.0,0.9062741994857788,2.0
801.1047973632812,909.6464233398438,2052.47900390625,1272.484130859375,1.0,0.9545268416404724,1.0
1545.2315673828125,846.4249877929688,1682.2939453125,1051.2431640625,2.0,0.906914472579956,2.0
801.1627807617188,909.8988037109375,2052.355712890625,1272.5494384765625,1.0,0.9544951319694519,1.0
1545.3265380859375,846.3027954101562,1682.4078369140625,1051.0709228515625,2.0,0.9062201380729675,2.0
800.8796997070312,909.6774291992188,2052.5185546875,1272.5562744140625,1.0,0.9544053077697754,1.0
1546.0986328125,846.6149291992188,1680.728515625,1051.9822998046875,2.0,0.9008687734603882,2.0
800.7459106445312,909.23974609375,2052.796630859375,1272.525634765625,1.0,0.9547900557518005,1.0
1541.847900390625,853.6455688476562,1680.125244140625,1052.5941162109375,2.0,0.9131742119789124,2.0
800.5439453125,909.7523803710938,2052.9580078125,1272.8162841796875,1.0,0.9504877924919128,1.0
1518.634765625,842.2765502929688,1655.078125,1050.764892578125,2.0,0.8808265328407288,2.0
800.6002197265625,909.5140380859375,2053.008544921875,1272.77294921875,1.0,0.9522193670272827,1.0
1481.9952392578125,837.9981079101562,1638.1341552734375,1048.6468505859375,2.0,0.8555241227149963,2.0
800.4019775390625,907.7522583007812,2053.530029296875,1272.776611328125,1.0,0.9535070657730103,1.0
1438.7027587890625,852.3284912109375,1638.70458984375,1052.665283203125,2.0,0.8842083811759949,2.0
800.3711547851562,907.1732177734375,2053.671142578125,1272.77734375,1.0,0.9516674876213074,1.0
1397.2440185546875,858.7792358398438,1630.5498046875,1056.0748291015625,2.0,0.891267716884613,2.0
800.3860473632812,906.5888671875,2053.611083984375,1272.78369140625,1.0,0.9528329372406006,1.0
1375.6829833984375,854.77294921875,1623.9642333984375,1053.656005859375,2.0,0.9194597005844116,2.0
800.5221557617188,905.8849487304688,2053.348388671875,1272.6607666015625,1.0,0.9532245993614197,1.0
1364.5018310546875,853.2847900390625,1617.2857666015625,1050.913330078125,2.0,0.9175765514373779,2.0
800.63134765625,905.6493530273438,2053.161865234375,1272.6558837890625,1.0,0.9529417157173157,1.0
1360.3580322265625,852.6033935546875,1614.6114501953125,1049.2481689453125,2.0,0.9071328639984131,2.0
800.8168334960938,905.8289794921875,2052.9833984375,1272.7996826171875,1.0,0.952341616153717,1.0
1357.8714599609375,851.8005981445312,1610.8441162109375,1047.986083984375,2.0,0.8899527192115784,2.0
801.1221923828125,906.1488037109375,2051.97802734375,1272.7169189453125,1.0,0.9520599842071533,1.0
1354.7061767578125,841.423828125,1595.6361083984375,1044.4072265625,2.0,0.882011353969574,2.0
800.9904174804688,906.4595336914062,2052.42041015625,1272.9344482421875,1.0,0.9505443572998047,1.0
1349.5169677734375,829.906982421875,1573.10498046875,1048.6881103515625,2.0,0.8923265933990479,2.0
801.1416625976562,907.2797241210938,2051.801513671875,1272.865234375,1.0,0.9486948251724243,1.0
1342.7982177734375,823.7941284179688,1552.4049072265625,1049.7506103515625,2.0,0.8984041810035706,2.0
801.0803833007812,907.8223876953125,2051.548828125,1272.841552734375,1.0,0.9496979713439941,1.0
1338.5391845703125,821.5543212890625,1541.87158203125,1049.404052734375,2.0,0.8914334177970886,2.0
800.8206176757812,907.6988525390625,2051.260498046875,1272.98388671875,1.0,0.9493686556816101,1.0
1332.06494140625,818.7308349609375,1536.66455078125,1050.845703125,2.0,0.8765420913696289,2.0
800.8600463867188,909.1800537109375,2051.100830078125,1272.90478515625,1.0,0.9483230710029602,1.0
1314.3062744140625,808.5791625976562,1537.4835205078125,1050.0311279296875,2.0,0.9076471924781799,2.0
800.9032592773438,909.7197265625,2051.010498046875,1272.943603515625,1.0,0.9484413266181946,1.0
1307.195556640625,803.1248779296875,1539.239501953125,1049.3681640625,2.0,0.9136306047439575,2.0
801.0040893554688,909.7074584960938,2051.0478515625,1272.8599853515625,1.0,0.9486382603645325,1.0
1305.4468994140625,800.8877563476562,1540.6195068359375,1049.70263671875,2.0,0.9209672212600708,2.0
800.9212646484375,909.70654296875,2051.09375,1272.8592529296875,1.0,0.9484438300132751,1.0
1305.6258544921875,800.0980224609375,1541.8577880859375,1049.244140625,2.0,0.922021210193634,2.0
801.0146484375,909.6929321289062,2051.23388671875,1272.8826904296875,1.0,0.9482728838920593,1.0
1305.3304443359375,799.8555908203125,1542.694091796875,1049.2218017578125,2.0,0.9206399321556091,2.0
801.1351928710938,909.2841796875,2051.245361328125,1272.9356689453125,1.0,0.9482836127281189,1.0
1306.1680908203125,799.4887084960938,1543.068359375,1050.0205078125,2.0,0.9183892607688904,2.0
801.0521850585938,909.1998291015625,2050.94384765625,1272.8795166015625,1.0,0.9484097361564636,1.0
1307.4566650390625,799.145263671875,1543.5101318359375,1050.3779296875,2.0,0.9177752733230591,2.0
801.02587890625,908.9794311523438,2051.048828125,1272.9158935546875,1.0,0.9487305283546448,1.0
1308.185302734375,799.177734375,1544.009033203125,1050.3946533203125,2.0,0.9186400175094604,2.0
801.1473388671875,909.1439208984375,2051.21875,1272.9449462890625,1.0,0.9490042328834534,1.0
1308.10205078125,799.2801513671875,1544.694091796875,1050.837158203125,2.0,0.919419527053833,2.0
801.181396484375,908.8584594726562,2051.46728515625,1273.0712890625,1.0,0.9495686292648315,1.0
1311.995361328125,799.6669921875,1547.086181640625,1050.556884765625,2.0,0.9102753400802612,2.0
801.1871948242188,908.4898071289062,2051.208251953125,1273.0526123046875,1.0,0.9495274424552917,1.0
1314.219482421875,802.669677734375,1548.4234619140625,1050.6162109375,2.0,0.9061756134033203,2.0
801.2399291992188,908.4827270507812,2051.139892578125,1273.12158203125,1.0,0.9497483968734741,1.0
1315.4063720703125,804.7848510742188,1548.14013671875,1050.0792236328125,2.0,0.9063372611999512,2.0
801.0390014648438,908.054443359375,2052.304931640625,1273.3455810546875,1.0,0.9495565891265869,1.0
1315.9853515625,805.557373046875,1547.562744140625,1050.2630615234375,2.0,0.9084949493408203,2.0
801.160888671875,908.0443725585938,2051.519775390625,1273.2412109375,1.0,0.9494869709014893,1.0
1316.5098876953125,806.284423828125,1547.5018310546875,1050.62060546875,2.0,0.9067236185073853,2.0
801.0892333984375,907.6651000976562,2052.30810546875,1273.3377685546875,1.0,0.9493234157562256,1.0
1316.9698486328125,807.0303955078125,1547.7955322265625,1050.7608642578125,2.0,0.9060590267181396,2.0
800.8759765625,908.13330078125,2052.718017578125,1273.37646484375,1.0,0.9492626190185547,1.0
1317.044921875,807.5438232421875,1547.850341796875,1051.299072265625,2.0,0.9097144603729248,2.0
800.9043579101562,908.2156982421875,2052.953369140625,1273.4002685546875,1.0,0.9494363069534302,1.0
1317.1400146484375,807.2088623046875,1547.6961669921875,1051.60595703125,2.0,0.9091822504997253,2.0
801.1279907226562,908.199951171875,2053.07666015625,1273.435302734375,1.0,0.9492894411087036,1.0
1317.3515625,807.1550903320312,1547.598388671875,1051.3489990234375,2.0,0.9104161262512207,2.0
801.2644653320312,908.51611328125,2051.9345703125,1273.236572265625,1.0,0.9492135047912598,1.0
1317.407958984375,807.06689453125,1547.7286376953125,1051.52001953125,2.0,0.911125123500824,2.0
801.0410766601562,908.4281616210938,2051.484130859375,1273.2205810546875,1.0,0.9491999745368958,1.0
1317.345703125,807.1166381835938,1547.52880859375,1051.8450927734375,2.0,0.9118388891220093,2.0
801.0349731445312,908.2802124023438,2051.236572265625,1273.1611328125,1.0,0.949752926826477,1.0
1317.0450439453125,807.7246704101562,1548.889892578125,1051.697021484375,2.0,0.9077237248420715,2.0
800.821044921875,907.7601928710938,2052.10595703125,1273.359375,1.0,0.9505009651184082,1.0
1313.1507568359375,815.3587036132812,1550.903564453125,1052.5567626953125,2.0,0.9140222072601318,2.0
800.82080078125,907.5698852539062,2052.353515625,1273.48876953125,1.0,0.9492948055267334,1.0
1311.3831787109375,818.3021850585938,1548.0335693359375,1052.8773193359375,2.0,0.9140064716339111,2.0
800.8322143554688,907.4943237304688,2052.433349609375,1273.5948486328125,1.0,0.9494551420211792,1.0
1310.3045654296875,820.0399780273438,1547.118408203125,1052.7901611328125,2.0,0.9150404930114746,2.0
800.64111328125,907.392822265625,2052.510009765625,1273.5850830078125,1.0,0.9497444033622742,1.0
1309.953857421875,820.8402709960938,1548.4232177734375,1052.8154296875,2.0,0.9155828952789307,2.0
800.5792236328125,907.053466796875,2052.624267578125,1273.5780029296875,1.0,0.9494467377662659,1.0
1312.6549072265625,820.3905639648438,1546.95654296875,1052.9656982421875,2.0,0.9102804064750671,2.0
800.4456176757812,906.8994750976562,2052.874755859375,1273.63134765625,1.0,0.9495468139648438,1.0
1314.3221435546875,820.5410766601562,1546.4642333984375,1053.08447265625,2.0,0.9079173803329468,2.0
800.4912719726562,907.0487670898438,2052.8701171875,1273.6768798828125,1.0,0.9495435953140259,1.0
1314.6328125,819.9081420898438,1546.1673583984375,1053.263916015625,2.0,0.9067515730857849,2.0
800.37646484375,907.17041015625,2052.9638671875,1273.7373046875,1.0,0.9498758316040039,1.0
1314.9281005859375,819.2587890625,1545.9876708984375,1053.06884765625,2.0,0.9086882472038269,2.0
800.3714599609375,907.1989135742188,2052.981201171875,1273.7342529296875,1.0,0.9498403072357178,1.0
1314.75830078125,818.849365234375,1546.1795654296875,1052.8558349609375,2.0,0.9085789918899536,2.0
800.419921875,907.4139404296875,2052.907958984375,1273.6259765625,1.0,0.9497963190078735,1.0
1314.6378173828125,818.9058837890625,1546.954833984375,1052.47314453125,2.0,0.906244695186615,2.0
800.7508544921875,907.3114624023438,2052.820068359375,1273.5338134765625,1.0,0.9497556090354919,1.0
1314.543212890625,819.1637573242188,1547.1578369140625,1052.4940185546875,2.0,0.9066653251647949,2.0
800.8319091796875,907.6039428710938,2052.742919921875,1273.517578125,1.0,0.949995756149292,1.0
1314.46533203125,818.9054565429688,1547.1368408203125,1052.7220458984375,2.0,0.907080888748169,2.0
800.8969116210938,907.8294677734375,2052.713134765625,1273.6099853515625,1.0,0.9500282406806946,1.0
1314.5543212890625,818.8654174804688,1547.4166259765625,1052.8905029296875,2.0,0.9068804383277893,2.0
800.901611328125,907.7859497070312,2052.7783203125,1273.6859130859375,1.0,0.9500826001167297,1.0
1314.5499267578125,818.3417358398438,1547.3831787109375,1052.973876953125,2.0,0.906222403049469,2.0
800.839111328125,907.4112548828125,2052.8603515625,1273.6671142578125,1.0,0.9499278664588928,1.0
1314.569091796875,818.2147827148438,1547.244873046875,1052.859130859375,2.0,0.9069796800613403,2.0
800.7802124023438,907.2775268554688,2053.102294921875,1273.663330078125,1.0,0.95017409324646,1.0
1314.5772705078125,818.1600341796875,1547.1513671875,1052.5740966796875,2.0,0.9078022241592407,2.0
800.8512573242188,907.136962890625,2053.064453125,1273.6514892578125,1.0,0.9501346945762634,1.0
1314.5638427734375,818.400146484375,1546.722900390625,1052.4970703125,2.0,0.9076836705207825,2.0
800.7263793945312,907.0892944335938,2053.03515625,1273.5584716796875,1.0,0.9501165747642517,1.0
1314.5478515625,818.258544921875,1546.394775390625,1052.591552734375,2.0,0.907601535320282,2.0
800.8394165039062,906.9360961914062,2052.959716796875,1273.55078125,1.0,0.9498540759086609,1.0
1314.592529296875,818.6654663085938,1546.0037841796875,1052.8450927734375,2.0,0.9076770544052124,2.0
800.8983154296875,906.809326171875,2052.739013671875,1273.5540771484375,1.0,0.9497827887535095,1.0
1314.304931640625,818.4501342773438,1545.628662109375,1052.8292236328125,2.0,0.9086819887161255,2.0
800.739990234375,906.7132568359375,2052.696533203125,1273.548095703125,1.0,0.9499689936637878,1.0
1314.096435546875,818.6015014648438,1545.4239501953125,1052.428466796875,2.0,0.9084553718566895,2.0
800.6856079101562,906.793701171875,2052.731201171875,1273.56689453125,1.0,0.9499229192733765,1.0
1315.6131591796875,823.2078857421875,1546.0443115234375,1052.341796875,2.0,0.9056926965713501,2.0
800.8390502929688,907.005859375,2052.74267578125,1273.584716796875,1.0,0.9492014646530151,1.0
1318.3863525390625,826.6143188476562,1544.673095703125,1052.4324951171875,2.0,0.9048280119895935,2.0
800.6212158203125,907.0443115234375,2052.771484375,1273.578125,1.0,0.9491526484489441,1.0
1319.427978515625,828.1861572265625,1543.7618408203125,1052.032958984375,2.0,0.9032529592514038,2.0
800.3052978515625,907.309814453125,2052.93408203125,1273.62060546875,1.0,0.9490276575088501,1.0
1319.2352294921875,828.815673828125,1543.0159912109375,1051.8482666015625,2.0,0.9053175449371338,2.0
800.3329467773438,907.4199829101562,2053.105712890625,1273.7108154296875,1.0,0.9491595029830933,1.0
1319.2398681640625,828.7533569335938,1543.41455078125,1051.5076904296875,2.0,0.9036354422569275,2.0
800.4624633789062,907.4810791015625,2053.158447265625,1273.64599609375,1.0,0.9491991400718689,1.0
1319.0609130859375,829.0054321289062,1543.279541015625,1050.907958984375,2.0,0.9045218229293823,2.0
800.6142578125,907.4292602539062,2053.12939453125,1273.6629638671875,1.0,0.9491020441055298,1.0
1319.2376708984375,828.5777587890625,1542.9832763671875,1050.4971923828125,2.0,0.90546715259552,2.0
800.8029174804688,907.7427368164062,2051.9658203125,1273.55712890625,1.0,0.948876142501831,1.0
1319.230712890625,828.2171630859375,1542.58447265625,1050.605224609375,2.0,0.9086208939552307,2.0
801.0596313476562,908.1119995117188,2051.52783203125,1273.42041015625,1.0,0.9483689665794373,1.0
1304.873046875,832.8294067382812,1540.1859130859375,1051.7772216796875,2.0,0.9016992449760437,2.0
800.919189453125,908.0606079101562,2052.57177734375,1273.36962890625,1.0,0.9481053948402405,1.0
1274.1806640625,831.9801635742188,1543.9537353515625,1051.8363037109375,2.0,0.9085798859596252,2.0
800.8310546875,907.9140625,2052.769287109375,1273.3150634765625,1.0,0.9480535387992859,1.0
1264.029052734375,829.895263671875,1544.8231201171875,1051.415771484375,2.0,0.918046236038208,2.0
800.764404296875,907.8822021484375,2052.747314453125,1273.3614501953125,1.0,0.9477797150611877,1.0
1259.981201171875,829.0383911132812,1543.9434814453125,1050.469482421875,2.0,0.915615975856781,2.0
800.8019409179688,907.9415893554688,2052.789306640625,1273.387939453125,1.0,0.9481601715087891,1.0
1258.749267578125,829.2138061523438,1543.898681640625,1050.0025634765625,2.0,0.9166280031204224,2.0
800.897216796875,907.813232421875,2052.90380859375,1273.546875,1.0,0.9486978054046631,1.0
1258.272705078125,829.3961181640625,1544.655029296875,1051.4327392578125,2.0,0.9184010624885559,2.0
801.1063232421875,906.6970825195312,2052.88916015625,1273.609375,1.0,0.9490852952003479,1.0
1254.311767578125,839.0737915039062,1539.4078369140625,1052.1224365234375,2.0,0.9099435806274414,2.0
801.1105346679688,905.4691162109375,2052.88623046875,1273.5185546875,1.0,0.9501583576202393,1.0
1232.966064453125,837.09423828125,1546.50537109375,1045.1661376953125,2.0,0.9051253795623779,2.0
801.07421875,905.8522338867188,2052.767333984375,1273.6876220703125,1.0,0.9500788450241089,1.0
1194.402099609375,845.4500122070312,1543.7445068359375,1040.505615234375,2.0,0.9175911545753479,2.0
801.1593627929688,907.1383666992188,2052.5625,1273.9691162109375,1.0,0.9474470615386963,1.0
1159.6337890625,837.4656982421875,1529.7840576171875,1048.514892578125,2.0,0.931780993938446,2.0
801.2103881835938,907.7037353515625,2052.03076171875,1273.82958984375,1.0,0.9472436904907227,1.0
1144.6964111328125,834.47216796875,1517.7037353515625,1047.302734375,2.0,0.9128327369689941,2.0
801.429443359375,908.1231079101562,2051.01025390625,1273.6995849609375,1.0,0.9474947452545166,1.0
1138.7049560546875,833.1475219726562,1511.7235107421875,1044.7041015625,2.0,0.9123824834823608,2.0
801.367431640625,908.0859985351562,2050.72998046875,1273.7169189453125,1.0,0.9472357630729675,1.0
1136.5872802734375,832.6119995117188,1509.922119140625,1047.1656494140625,2.0,0.9065380096435547,2.0
801.2022705078125,908.4682006835938,2051.962646484375,1274.0980224609375,1.0,0.9461721181869507,1.0
1138.1065673828125,843.30126953125,1494.3707275390625,1050.820556640625,2.0,0.9157719016075134,2.0
801.2070922851562,907.52490234375,2052.40966796875,1273.9744873046875,1.0,0.9475173354148865,1.0
1163.234619140625,844.1821899414062,1481.50146484375,1056.3507080078125,2.0,0.9094087481498718,2.0
801.2818603515625,907.4107666015625,2052.569580078125,1273.775390625,1.0,0.947134792804718,1.0
1179.16357421875,839.994873046875,1471.01611328125,1059.3724365234375,2.0,0.9112653732299805,2.0
801.22900390625,907.8253784179688,2052.634033203125,1273.6533203125,1.0,0.9466663002967834,1.0
1184.8896484375,837.6903076171875,1469.0081787109375,1058.8955078125,2.0,0.9059464931488037,2.0
801.2621459960938,907.5929565429688,2052.45556640625,1273.594970703125,1.0,0.947684645652771,1.0
1187.404052734375,836.6853637695312,1469.5267333984375,1057.3662109375,2.0,0.9127139449119568,2.0
801.2431030273438,907.5740356445312,2052.5166015625,1273.6011962890625,1.0,0.9474424123764038,1.0
1188.0347900390625,836.332275390625,1468.887451171875,1057.7464599609375,2.0,0.911589503288269,2.0
801.1675415039062,907.2373657226562,2052.62548828125,1273.6412353515625,1.0,0.9474189877510071,1.0
1188.00732421875,836.4560546875,1470.266845703125,1059.287109375,2.0,0.91152423620224,2.0
801.11474609375,907.2742309570312,2052.718505859375,1273.5675048828125,1.0,0.9475124478340149,1.0
1187.432373046875,836.6923828125,1468.7138671875,1060.5931396484375,2.0,0.9101666212081909,2.0
801.0877685546875,908.8558349609375,2052.737548828125,1273.5498046875,1.0,0.9460422992706299,1.0
1168.44677734375,842.2609252929688,1465.5450439453125,1059.478515625,2.0,0.9136632084846497,2.0
801.2409057617188,909.695068359375,2052.553955078125,1273.6402587890625,1.0,0.9457823634147644,1.0
1156.8353271484375,840.7740478515625,1466.0556640625,1058.5009765625,2.0,0.920376718044281,2.0
801.3394775390625,909.773193359375,2052.6630859375,1273.652587890625,1.0,0.9465212225914001,1.0
1151.862548828125,840.5125732421875,1466.7557373046875,1057.1678466796875,2.0,0.9225065112113953,2.0
801.4749145507812,909.69384765625,2052.704833984375,1273.6181640625,1.0,0.9470573663711548,1.0
1150.1700439453125,840.3313598632812,1467.1756591796875,1057.1156005859375,2.0,0.9258273839950562,2.0
801.4912109375,909.940673828125,2052.790771484375,1273.741943359375,1.0,0.9470868706703186,1.0
1150.0064697265625,839.7901611328125,1468.0645751953125,1057.30712890625,2.0,0.92496258020401,2.0
801.39453125,910.0068969726562,2052.6611328125,1273.830078125,1.0,0.9468538165092468,1.0
1150.08837890625,839.773193359375,1469.9471435546875,1056.810791015625,2.0,0.9224684238433838,2.0
801.3012084960938,909.9889526367188,2052.592529296875,1273.82666015625,1.0,0.9473990797996521,1.0
1150.0968017578125,839.1452026367188,1467.6214599609375,1058.374755859375,2.0,0.922894299030304,2.0
801.2040405273438,909.8360595703125,2052.515869140625,1273.821533203125,1.0,0.9477073550224304,1.0
1150.0242919921875,839.17626953125,1468.0443115234375,1060.8555908203125,2.0,0.9245332479476929,2.0
801.1952514648438,909.9429321289062,2052.246337890625,1273.843505859375,1.0,0.9467644691467285,1.0
1142.2110595703125,840.3132934570312,1459.5672607421875,1062.9649658203125,2.0,0.9264665246009827,2.0
801.33837890625,910.0278930664062,2052.237548828125,1273.810791015625,1.0,0.9465643167495728,1.0
1139.9573974609375,832.1914672851562,1461.5457763671875,1064.791259765625,2.0,0.9345203638076782,2.0
801.4901123046875,909.7420043945312,2052.306396484375,1273.730712890625,1.0,0.9461632966995239,1.0
1139.146728515625,828.7620239257812,1464.303955078125,1066.372314453125,2.0,0.9351926445960999,2.0
801.5638427734375,909.515625,2052.37451171875,1273.7027587890625,1.0,0.9460335373878479,1.0
1138.627197265625,827.1396484375,1467.4835205078125,1066.2967529296875,2.0,0.935361385345459,2.0
801.7316284179688,909.3519287109375,2052.35888671875,1273.7325439453125,1.0,0.9459450840950012,1.0
1137.8927001953125,826.4339599609375,1469.5882568359375,1067.7095947265625,2.0,0.935371994972229,2.0
801.7572631835938,909.0418090820312,2052.30810546875,1273.708740234375,1.0,0.9461203813552856,1.0
1138.17529296875,826.2095336914062,1471.2138671875,1067.8087158203125,2.0,0.9366347193717957,2.0
801.696533203125,909.5155029296875,2052.2880859375,1273.8043212890625,1.0,0.9462475180625916,1.0
1138.1541748046875,826.0991821289062,1471.321044921875,1065.4202880859375,2.0,0.9334989190101624,2.0
801.5676879882812,909.6163940429688,2052.271484375,1273.99755859375,1.0,0.9473984837532043,1.0
1139.477294921875,832.150390625,1462.115478515625,1060.6304931640625,2.0,0.9233362078666687,2.0
801.46533203125,909.7772827148438,2052.32666015625,1273.96484375,1.0,0.9473608136177063,1.0
1146.274169921875,841.6517333984375,1482.6517333984375,1051.126953125,2.0,0.9075954556465149,2.0
801.7008056640625,909.8489990234375,2052.223388671875,1273.9090576171875,1.0,0.945846676826477,1.0
1136.564453125,838.22216796875,1490.60400390625,1046.1751708984375,2.0,0.9106463193893433,2.0
801.8134765625,910.3258056640625,2052.169921875,1273.8399658203125,1.0,0.9447791576385498,1.0
1118.2664794921875,838.2382202148438,1476.250732421875,1047.599609375,2.0,0.9027325510978699,2.0
801.670654296875,911.1893920898438,2052.256103515625,1273.811279296875,1.0,0.9445586204528809,1.0
1107.76953125,835.6937255859375,1455.63623046875,1042.351806640625,2.0,0.9050482511520386,2.0
801.4935913085938,911.798095703125,2052.268798828125,1273.88525390625,1.0,0.9455680847167969,1.0
1102.765380859375,834.316650390625,1432.928466796875,1039.493408203125,2.0,0.9008844494819641,2.0
801.3863525390625,911.5504760742188,2052.204833984375,1273.86181640625,1.0,0.9456695318222046,1.0
1100.064453125,833.3526611328125,1421.2264404296875,1040.15966796875,2.0,0.8989534974098206,2.0
801.357421875,911.5684204101562,2052.10205078125,1273.91748046875,1.0,0.9451605677604675,1.0
1098.2694091796875,832.7147827148438,1416.6549072265625,1039.1392822265625,2.0,0.8939813375473022,2.0
800.984375,911.3442993164062,2051.99853515625,1274.0267333984375,1.0,0.9449505805969238,1.0
1096.946533203125,832.4677734375,1414.82568359375,1044.91552734375,2.0,0.8988361954689026,2.0
801.166259765625,911.8682250976562,2051.921875,1274.3253173828125,1.0,0.9447258114814758,1.0
1080.09765625,834.4930419921875,1413.3385009765625,1040.0888671875,2.0,0.9085781574249268,2.0
800.9664916992188,912.056396484375,2051.86328125,1274.3970947265625,1.0,0.945651113986969,1.0
1071.1339111328125,826.6692504882812,1417.0997314453125,1042.2489013671875,2.0,0.8950205445289612,2.0
800.9169921875,911.999755859375,2051.78955078125,1274.2689208984375,1.0,0.9444692730903625,1.0
1070.2252197265625,818.126708984375,1421.159912109375,1046.4688720703125,2.0,0.8892219066619873,2.0
800.9379272460938,912.0577392578125,2051.8544921875,1274.1705322265625,1.0,0.9444772601127625,1.0
1069.797607421875,814.7279663085938,1422.6121826171875,1047.0224609375,2.0,0.8917562961578369,2.0
800.9359741210938,911.9351806640625,2052.0732421875,1274.171875,1.0,0.9440450668334961,1.0
1070.0897216796875,813.4918212890625,1421.192138671875,1047.6883544921875,2.0,0.8940142393112183,2.0
801.181884765625,912.0513305664062,2052.2080078125,1274.1507568359375,1.0,0.9435616135597229,1.0
1070.377685546875,813.1470947265625,1417.6856689453125,1048.0169677734375,2.0,0.898581326007843,2.0
801.2080078125,911.9044189453125,2052.267578125,1274.1197509765625,1.0,0.9436178803443909,1.0
1070.0234375,812.3556518554688,1416.344970703125,1047.7374267578125,2.0,0.8984013795852661,2.0
801.2440185546875,911.8171997070312,2052.214599609375,1274.162841796875,1.0,0.9444822669029236,1.0
1069.649169921875,811.73828125,1415.30908203125,1048.2891845703125,2.0,0.8987573981285095,2.0
801.1879272460938,911.8496704101562,2052.066650390625,1274.0628662109375,1.0,0.9441348314285278,1.0
1070.1473388671875,811.4259643554688,1415.72119140625,1048.69482421875,2.0,0.8967720866203308,2.0
801.0362548828125,912.066162109375,2051.80908203125,1274.1444091796875,1.0,0.9440476298332214,1.0
1070.6060791015625,811.5744018554688,1415.3543701171875,1048.73388671875,2.0,0.8952460885047913,2.0
800.6842651367188,912.4043579101562,2051.68017578125,1274.258544921875,1.0,0.9440821409225464,1.0
1071.2569580078125,810.5836791992188,1415.3551025390625,1049.7398681640625,2.0,0.8958804607391357,2.0
800.5092163085938,912.3833618164062,2051.71435546875,1274.340576171875,1.0,0.9441090226173401,1.0
1071.343017578125,809.8775024414062,1414.926513671875,1050.315185546875,2.0,0.8939036130905151,2.0
800.4132690429688,912.188720703125,2051.723876953125,1274.2991943359375,1.0,0.9442921280860901,1.0
1071.6644287109375,809.1555786132812,1413.248291015625,1050.54931640625,2.0,0.8982871770858765,2.0
800.560546875,912.483642578125,2051.843505859375,1274.2117919921875,1.0,0.9445548057556152,1.0
1060.87109375,818.1451416015625,1421.8260498046875,1051.26806640625,2.0,0.9079853892326355,2.0
800.4224853515625,912.7345581054688,2051.7939453125,1274.1373291015625,1.0,0.9444420337677002,1.0
1051.0438232421875,819.8059692382812,1424.6005859375,1051.437744140625,2.0,0.9081318974494934,2.0
800.5315551757812,913.0001831054688,2051.952880859375,1274.2222900390625,1.0,0.9448685050010681,1.0
1045.856689453125,820.3025512695312,1422.0618896484375,1050.5958251953125,2.0,0.9110639691352844,2.0
800.6943969726562,913.0987548828125,2051.845947265625,1274.2210693359375,1.0,0.9446742534637451,1.0
1043.142822265625,820.6058959960938,1415.871826171875,1050.4224853515625,2.0,0.908145010471344,2.0
800.9674072265625,913.1298217773438,2051.7529296875,1274.2030029296875,1.0,0.9449374079704285,1.0
1042.1212158203125,820.6002807617188,1418.1829833984375,1050.5067138671875,2.0,0.9072509407997131,2.0
800.9166870117188,913.0308227539062,2051.77490234375,1274.2034912109375,1.0,0.9444838166236877,1.0
1041.7862548828125,820.5181884765625,1420.64892578125,1049.3985595703125,2.0,0.9063833951950073,2.0
801.0677490234375,912.7291870117188,2051.6689453125,1274.1937255859375,1.0,0.9450430870056152,1.0
1039.560791015625,839.3016357421875,1423.421875,1049.971923828125,2.0,0.8925395607948303,2.0
801.087646484375,912.5999755859375,2051.602783203125,1274.0435791015625,1.0,0.9443371295928955,1.0
1034.2684326171875,850.06982421875,1425.20556640625,1050.9488525390625,2.0,0.884036123752594,2.0
801.1334838867188,912.5735473632812,2051.60302734375,1273.9990234375,1.0,0.9449023604393005,1.0
1032.12890625,853.2290649414062,1427.350341796875,1051.4051513671875,2.0,0.8820016384124756,2.0
801.0885620117188,912.4924926757812,2051.562744140625,1274.06103515625,1.0,0.9451446533203125,1.0
1031.32421875,854.1355590820312,1427.3023681640625,1051.6888427734375,2.0,0.885292649269104,2.0
801.1383056640625,912.26123046875,2051.594482421875,1274.02099609375,1.0,0.9454351663589478,1.0
1030.89990234375,854.461669921875,1428.876953125,1052.1363525390625,2.0,0.8830955624580383,2.0
801.1962890625,912.0799560546875,2051.55419921875,1274.129638671875,1.0,0.9453452229499817,1.0
1030.8594970703125,854.5801391601562,1430.778076171875,1052.392822265625,2.0,0.8826815485954285,2.0
801.3970947265625,911.7398071289062,2051.5087890625,1274.28076171875,1.0,0.9451619386672974,1.0
1031.0726318359375,855.1859741210938,1431.7242431640625,1052.1912841796875,2.0,0.8852623701095581,2.0
801.3705444335938,911.727783203125,2051.645751953125,1274.3349609375,1.0,0.9454402923583984,1.0
1027.465576171875,854.767578125,1433.8670654296875,1051.8140869140625,2.0,0.8861377835273743,2.0
801.4683227539062,911.8720703125,2051.829833984375,1274.2802734375,1.0,0.9456976056098938,1.0
1025.9276123046875,854.0090942382812,1433.7674560546875,1051.3072509765625,2.0,0.8870589733123779,2.0
801.7492065429688,911.8662719726562,2052.008544921875,1274.1190185546875,1.0,0.9458153247833252,1.0
1024.957275390625,853.6566772460938,1433.2738037109375,1050.6201171875,2.0,0.8881531357765198,2.0
801.847900390625,911.8401489257812,2052.03857421875,1274.187744140625,1.0,0.9458816051483154,1.0
1024.834228515625,853.5089721679688,1432.6580810546875,1050.5411376953125,2.0,0.8898233771324158,2.0
801.8279418945312,911.9049072265625,2051.93505859375,1274.12060546875,1.0,0.9458733201026917,1.0
1024.7120361328125,853.3773193359375,1432.5478515625,1050.60107421875,2.0,0.8900471329689026,2.0
801.7923583984375,912.0626831054688,2051.8681640625,1274.0753173828125,1.0,0.9458200931549072,1.0
1024.1270751953125,853.1646728515625,1428.7774658203125,1051.0335693359375,2.0,0.8941518664360046,2.0
801.6444702148438,912.1483154296875,2051.899658203125,1274.024658203125,1.0,0.9453730583190918,1.0
1023.7069702148438,853.0963134765625,1423.6259765625,1051.1259765625,2.0,0.8975231647491455,2.0
801.6830444335938,911.7476806640625,2052.03564453125,1273.958251953125,1.0,0.9449704885482788,1.0
1018.5028076171875,853.5853881835938,1417.1365966796875,1050.46435546875,2.0,0.9063340425491333,2.0
801.5479736328125,911.6813354492188,2052.07568359375,1273.956298828125,1.0,0.9460362792015076,1.0
1015.422607421875,851.8488159179688,1413.30712890625,1049.8306884765625,2.0,0.9068671464920044,2.0
801.4091796875,911.591552734375,2051.86083984375,1273.88427734375,1.0,0.9458974003791809,1.0
1013.8600463867188,851.3410034179688,1412.6339111328125,1049.7059326171875,2.0,0.9063618183135986,2.0
801.5308837890625,911.4102783203125,2051.9287109375,1273.83642578125,1.0,0.9458645582199097,1.0
1013.25537109375,851.246337890625,1411.865478515625,1049.5478515625,2.0,0.906558632850647,2.0
801.6011352539062,911.3526000976562,2052.0078125,1273.8465576171875,1.0,0.9459792375564575,1.0
1012.7196044921875,851.1150512695312,1411.7059326171875,1050.037841796875,2.0,0.9083487391471863,2.0
801.4564819335938,911.2212524414062,2051.86474609375,1273.8802490234375,1.0,0.9463119506835938,1.0
1012.7024536132812,851.0479736328125,1413.0211181640625,1049.9468994140625,2.0,0.907467246055603,2.0
801.4608154296875,911.0660400390625,2051.9140625,1273.8966064453125,1.0,0.945947527885437,1.0
1012.529052734375,850.7738037109375,1414.2388916015625,1050.119140625,2.0,0.906266450881958,2.0
801.10302734375,911.2763671875,2051.96240234375,1273.986083984375,1.0,0.9459249377250671,1.0
1012.6484375,850.1454467773438,1412.86669921875,1051.5438232421875,2.0,0.903635561466217,2.0
801.0310668945312,911.202392578125,2052.05224609375,1274.0186767578125,1.0,0.9458196759223938,1.0
1012.2869262695312,849.9869384765625,1411.4105224609375,1053.2972412109375,2.0,0.9037376642227173,2.0
801.4365234375,911.2365112304688,2051.78857421875,1274.089599609375,1.0,0.944865345954895,1.0
1014.1699829101562,849.7192993164062,1370.285400390625,1049.7823486328125,2.0,0.916016697883606,2.0
801.4625854492188,910.65185546875,2051.907470703125,1273.9722900390625,1.0,0.9428916573524475,1.0
1010.6693115234375,859.0667724609375,1375.4815673828125,1053.0155029296875,2.0,0.9087470769882202,2.0
801.590087890625,910.4921875,2051.923095703125,1274.148193359375,1.0,0.9420675039291382,1.0
1007.2479248046875,873.7638549804688,1364.453125,1050.99951171875,2.0,0.8911313414573669,2.0
802.0142822265625,910.5076293945312,2051.930908203125,1274.195068359375,1.0,0.9412896037101746,1.0
1005.7953491210938,879.1900024414062,1355.957763671875,1051.4154052734375,2.0,0.8884079456329346,2.0
802.2337036132812,910.79150390625,2051.926025390625,1274.201904296875,1.0,0.9412716031074524,1.0
1005.4180908203125,882.1001586914062,1347.0205078125,1053.0567626953125,2.0,0.8923565745353699,2.0
802.1940307617188,910.9985961914062,2051.991455078125,1274.42724609375,1.0,0.9399140477180481,1.0
986.7017211914062,881.9478149414062,1332.849853515625,1056.3560791015625,2.0,0.8627679347991943,2.0
802.45263671875,911.4144287109375,2051.924072265625,1274.74658203125,1.0,0.9405170679092407,1.0
963.4169921875,898.6912231445312,1324.214599609375,1055.366455078125,2.0,0.8601545095443726,2.0
802.0745849609375,910.8388061523438,2051.911865234375,1274.9915771484375,1.0,0.9411276578903198,1.0
967.4185791015625,907.3592529296875,1317.0460205078125,1055.2193603515625,2.0,0.8758219480514526,2.0
802.0358276367188,911.4982299804688,2052.066650390625,1274.6978759765625,1.0,0.9406576156616211,1.0
966.8909912109375,909.7332763671875,1313.8414306640625,1056.961669921875,2.0,0.8812152743339539,2.0
802.04296875,910.8939819335938,2052.298583984375,1274.4449462890625,1.0,0.9424958825111389,1.0
966.7383422851562,906.0507202148438,1315.80078125,1056.0186767578125,2.0,0.8758661150932312,2.0
802.0285034179688,910.97802734375,2052.193359375,1274.2587890625,1.0,0.9416918754577637,1.0
967.4149169921875,903.3109130859375,1313.7412109375,1055.3668212890625,2.0,0.8749527931213379,2.0
802.0731201171875,910.750732421875,2052.178955078125,1274.217041015625,1.0,0.9414224624633789,1.0
968.0223388671875,902.04296875,1312.565185546875,1054.5682373046875,2.0,0.8743462562561035,2.0
802.065185546875,910.6925048828125,2051.96923828125,1274.15185546875,1.0,0.9415779113769531,1.0
967.8259887695312,901.22119140625,1313.3212890625,1054.5521240234375,2.0,0.8720669150352478,2.0
802.1077270507812,910.514404296875,2051.777587890625,1274.1651611328125,1.0,0.9418835639953613,1.0
967.7611083984375,901.2927856445312,1310.7181396484375,1051.951416015625,2.0,0.8705853819847107,2.0
802.31787109375,910.6531372070312,2051.653076171875,1274.25537109375,1.0,0.9426929354667664,1.0
968.8952026367188,901.5982055664062,1308.6280517578125,1051.625,2.0,0.8721157312393188,2.0
802.46875,910.5914306640625,2051.86572265625,1274.6019287109375,1.0,0.9413246512413025,1.0
966.06689453125,904.23974609375,1304.193115234375,1054.15380859375,2.0,0.8665546774864197,2.0
802.5068359375,910.6192626953125,2051.95751953125,1274.7288818359375,1.0,0.9406566023826599,1.0
967.9772338867188,904.966064453125,1302.3673095703125,1053.6861572265625,2.0,0.8678827881813049,2.0
802.6709594726562,910.4842529296875,2051.994873046875,1274.7333984375,1.0,0.9411730766296387,1.0
966.6536865234375,905.6259155273438,1299.3681640625,1054.4595947265625,2.0,0.8668103218078613,2.0
802.7926635742188,910.562744140625,2051.980224609375,1274.7354736328125,1.0,0.9389065504074097,1.0
963.6527709960938,907.4315185546875,1300.086181640625,1051.59716796875,2.0,0.869244396686554,2.0
802.7593994140625,910.5026245117188,2051.89990234375,1274.7315673828125,1.0,0.9396427273750305,1.0
954.49853515625,910.3662719726562,1305.743408203125,1051.7242431640625,2.0,0.8732706308364868,2.0
802.55224609375,910.7144775390625,2051.8095703125,1274.6483154296875,1.0,0.9401761293411255,1.0
968.69921875,911.0502319335938,1305.306396484375,1050.48681640625,2.0,0.8929693102836609,2.0
802.3753662109375,911.0636596679688,2051.7353515625,1274.586669921875,1.0,0.9389310479164124,1.0
984.2860717773438,903.8865356445312,1306.5228271484375,1051.2139892578125,2.0,0.8977276682853699,2.0
802.707275390625,909.6730346679688,2051.87646484375,1274.8084716796875,1.0,0.937677800655365,1.0
998.0010986328125,884.8600463867188,1298.097412109375,1052.7265625,2.0,0.90607750415802,2.0
802.8104248046875,909.771240234375,2051.891357421875,1274.841552734375,1.0,0.9376124739646912,1.0
1004.5208129882812,875.3972778320312,1297.2569580078125,1052.1976318359375,2.0,0.90496426820755,2.0
802.7962646484375,909.6787719726562,2052.0048828125,1274.75,1.0,0.9390755891799927,1.0
1006.8302612304688,871.5576782226562,1295.513671875,1052.07958984375,2.0,0.9053143858909607,2.0
802.8090209960938,909.3900146484375,2051.85302734375,1274.7293701171875,1.0,0.9389218688011169,1.0
1007.41162109375,869.9063720703125,1288.4361572265625,1051.99169921875,2.0,0.9093124270439148,2.0
802.5296020507812,909.0596313476562,2051.861572265625,1274.802978515625,1.0,0.9377752542495728,1.0
1006.6277465820312,869.15673828125,1290.086181640625,1050.6611328125,2.0,0.9034478068351746,2.0
802.3946533203125,909.1970825195312,2051.699951171875,1274.6597900390625,1.0,0.9408553242683411,1.0
1000.47998046875,872.5764770507812,1291.94970703125,1050.517822265625,2.0,0.9169296622276306,2.0
802.7189331054688,909.6536865234375,2051.914794921875,1274.5540771484375,1.0,0.9418763518333435,1.0
991.0361328125,874.1798706054688,1295.2542724609375,1051.0413818359375,2.0,0.9108387231826782,2.0
802.8971557617188,909.6454467773438,2051.864990234375,1274.6195068359375,1.0,0.9411675930023193,1.0
986.3093872070312,873.8097534179688,1296.7413330078125,1050.9947509765625,2.0,0.9118936061859131,2.0
803.0619506835938,909.5558471679688,2051.880126953125,1274.5540771484375,1.0,0.9412994980812073,1.0
983.8980102539062,873.6056518554688,1297.7109375,1050.44677734375,2.0,0.9102743864059448,2.0
803.1831665039062,909.5745239257812,2051.68505859375,1274.578125,1.0,0.9412451982498169,1.0
982.8490600585938,873.3518676757812,1297.894775390625,1050.0264892578125,2.0,0.9099366664886475,2.0
803.1760864257812,909.4002075195312,2051.775634765625,1274.6177978515625,1.0,0.9408714175224304,1.0
982.6492309570312,873.217041015625,1298.8350830078125,1050.4400634765625,2.0,0.9096878170967102,2.0
802.764404296875,909.7876586914062,2050.7783203125,1274.6671142578125,1.0,0.9324702024459839,1.0
971.2213134765625,876.3838500976562,1287.55712890625,1049.5850830078125,2.0,0.8755859136581421,2.0
803.17529296875,910.38916015625,2050.640625,1273.99560546875,1.0,0.9303509593009949,1.0
968.4599609375,870.9775390625,1314.3963623046875,1052.29296875,2.0,0.8790643811225891,2.0
803.4205932617188,912.2833862304688,2051.1826171875,1273.8370361328125,1.0,0.9369239211082458,1.0
958.465576171875,843.773193359375,1296.7974853515625,1033.6229248046875,2.0,0.875341534614563,2.0
803.5988159179688,912.2123413085938,2051.370361328125,1273.8309326171875,1.0,0.9375067353248596,1.0
944.6452026367188,826.1439208984375,1244.865478515625,1003.4490356445312,2.0,0.8785194754600525,2.0
803.08544921875,912.5645141601562,2050.91796875,1273.7923583984375,1.0,0.9221404790878296,1.0
932.7880859375,818.4087524414062,1204.48046875,986.9330444335938,2.0,0.8808377385139465,2.0
803.0264282226562,911.7758178710938,2050.849853515625,1273.689453125,1.0,0.9262855052947998,1.0
926.5576171875,815.3729248046875,1171.885986328125,983.6060791015625,2.0,0.8881030082702637,2.0
803.1189575195312,911.308349609375,2050.464599609375,1274.010009765625,1.0,0.9147841334342957,1.0
923.6725463867188,818.947509765625,1148.308837890625,984.365966796875,2.0,0.8719002604484558,2.0
803.5942993164062,911.0391235351562,2050.455322265625,1274.386962890625,1.0,0.771882176399231,1.0
914.1456909179688,820.7675170898438,1137.11328125,981.6590576171875,2.0,0.85035640001297,2.0
803.4942626953125,910.5963745117188,2050.618408203125,1274.670654296875,1.0,0.8130301833152771,1.0
907.2857055664062,821.4139404296875,1126.7762451171875,979.3486328125,2.0,0.8277389407157898,2.0
803.6001586914062,911.9009399414062,2050.75,1274.705810546875,1.0,0.8493663668632507,1.0
901.239501953125,815.751953125,1120.3099365234375,976.8851318359375,2.0,0.8370583057403564,2.0
803.4939575195312,912.2109985351562,2050.68701171875,1274.2178955078125,1.0,0.9123052954673767,1.0
899.395751953125,814.5331420898438,1101.0457763671875,975.1630859375,2.0,0.8381077647209167,2.0
803.41650390625,912.7467041015625,2050.749267578125,1274.230712890625,1.0,0.8973142504692078,1.0
897.6244506835938,813.25341796875,1088.60205078125,971.7677001953125,2.0,0.8357911705970764,2.0
803.44482421875,912.7904663085938,2050.861572265625,1274.228271484375,1.0,0.9037164449691772,1.0
897.0165405273438,812.55224609375,1083.2974853515625,969.1632690429688,2.0,0.8296239972114563,2.0
803.4883422851562,913.0308227539062,2050.919677734375,1274.2408447265625,1.0,0.9044489860534668,1.0
897.57177734375,811.4495849609375,1082.3671875,968.2328491210938,2.0,0.8295908570289612,2.0
803.5414428710938,913.2982788085938,2050.781982421875,1274.26806640625,1.0,0.9055820107460022,1.0
897.9203491210938,811.9502563476562,1080.5330810546875,968.5281372070312,2.0,0.8285999298095703,2.0
803.6716918945312,913.4073486328125,2050.66796875,1274.1854248046875,1.0,0.9060299396514893,1.0
898.4298095703125,811.3937377929688,1079.1903076171875,969.3840942382812,2.0,0.8230290412902832,2.0
803.5913696289062,913.6619262695312,2050.828857421875,1274.1981201171875,1.0,0.9052572846412659,1.0
898.2306518554688,810.965576171875,1076.470458984375,968.8609619140625,2.0,0.8291360139846802,2.0
803.5755615234375,914.0390625,2050.93603515625,1274.378173828125,1.0,0.8640621900558472,1.0
904.73828125,814.9881591796875,1069.465576171875,970.6602783203125,2.0,0.7889561057090759,2.0
802.5394287109375,913.2606201171875,2050.78759765625,1274.0927734375,1.0,0.8500237464904785,1.0
805.3663330078125,909.775146484375,2050.94921875,1270.0208740234375,1.0,0.553854763507843,1.0
805.7265014648438,905.6718139648438,2051.033203125,1265.5614013671875,1.0,0.8516761660575867,1.0
802.2197875976562,902.4811401367188,2052.56982421875,1262.7081298828125,1.0,0.9488214254379272,1.0
799.3338012695312,901.6141967773438,2053.25048828125,1261.9893798828125,1.0,0.9397357702255249,1.0
795.8965454101562,899.2774047851562,2053.5283203125,1260.8895263671875,1.0,0.9572967886924744,1.0
794.45263671875,897.9207763671875,2053.542236328125,1260.4320068359375,1.0,0.9573612809181213,1.0
794.392822265625,895.9534912109375,2053.540771484375,1260.3641357421875,1.0,0.9568475484848022,1.0
794.4591064453125,895.1698608398438,2053.401123046875,1260.2877197265625,1.0,0.9569370746612549,1.0
794.4467163085938,895.1002807617188,2053.407470703125,1260.405029296875,1.0,0.9569783210754395,1.0
794.2348022460938,895.1926879882812,2053.15966796875,1260.3868408203125,1.0,0.9570158123970032,1.0
794.06494140625,895.1101684570312,2053.268310546875,1260.42041015625,1.0,0.9569395780563354,1.0
794.0801391601562,895.088623046875,2053.172607421875,1260.5281982421875,1.0,0.9568962454795837,1.0
794.0194702148438,895.0866088867188,2053.287841796875,1260.52685546875,1.0,0.9568662047386169,1.0
794.1996459960938,895.0711669921875,2053.2392578125,1260.547119140625,1.0,0.9568551182746887,1.0
794.2943725585938,895.2072143554688,2053.1494140625,1260.694580078125,1.0,0.9569622874259949,1.0
794.546630859375,895.265625,2053.123046875,1260.7196044921875,1.0,0.9569315910339355,1.0
794.6685791015625,895.2761840820312,2053.023193359375,1260.723388671875,1.0,0.95688796043396,1.0
794.5648803710938,895.33056640625,2053.0654296875,1260.6187744140625,1.0,0.9569641351699829,1.0
794.5680541992188,895.4120483398438,2053.19873046875,1260.7047119140625,1.0,0.9569427371025085,1.0
794.5440673828125,895.3935546875,2053.2919921875,1260.7030029296875,1.0,0.9568979740142822,1.0
794.45849609375,895.5075073242188,2053.544677734375,1260.6611328125,1.0,0.956955075263977,1.0
794.2562866210938,895.69580078125,2053.6708984375,1260.62158203125,1.0,0.9569337964057922,1.0
794.2362060546875,895.9254760742188,2053.701171875,1260.5584716796875,1.0,0.9570595622062683,1.0
794.3573608398438,895.7783203125,2053.808837890625,1260.6019287109375,1.0,0.9568613171577454,1.0
794.3994140625,895.600830078125,2053.947509765625,1260.6690673828125,1.0,0.9568575024604797,1.0
794.333740234375,895.5227661132812,2053.899658203125,1260.7479248046875,1.0,0.9568304419517517,1.0
794.3399047851562,895.6044311523438,2053.84521484375,1260.7947998046875,1.0,0.9569283127784729,1.0
794.3313598632812,895.7119750976562,2053.799560546875,1260.759033203125,1.0,0.9569846987724304,1.0
794.3770141601562,895.6116943359375,2053.838134765625,1260.7315673828125,1.0,0.956967830657959,1.0
794.3319091796875,895.5631713867188,2053.773681640625,1260.75341796875,1.0,0.9569311738014221,1.0
794.2549438476562,895.64306640625,2053.888671875,1260.7716064453125,1.0,0.9569517970085144,1.0
794.3422241210938,895.6240844726562,2053.8330078125,1260.731689453125,1.0,0.9569046497344971,1.0
794.423828125,895.6351318359375,2053.848388671875,1260.7908935546875,1.0,0.9569599032402039,1.0
794.46142578125,895.8212280273438,2053.683837890625,1260.7498779296875,1.0,0.9570778012275696,1.0
794.3182983398438,895.8251953125,2053.746337890625,1260.7587890625,1.0,0.9570575952529907,1.0
794.3634033203125,895.8758544921875,2053.707275390625,1260.7537841796875,1.0,0.9571123123168945,1.0
794.34228515625,895.9148559570312,2053.584716796875,1260.9498291015625,1.0,0.9570900201797485,1.0
794.4527587890625,895.8650512695312,2053.391845703125,1260.871826171875,1.0,0.9570208191871643,1.0
794.5241088867188,895.92919921875,2053.353271484375,1260.8817138671875,1.0,0.9570682048797607,1.0
794.7738037109375,895.8361206054688,2053.235595703125,1260.7625732421875,1.0,0.9570898413658142,1.0
794.90087890625,895.7477416992188,2053.288818359375,1260.74951171875,1.0,0.9569655656814575,1.0
794.8511352539062,895.6392211914062,2053.403076171875,1260.724609375,1.0,0.9569390416145325,1.0
794.7183227539062,895.6741333007812,2053.35498046875,1260.9017333984375,1.0,0.9569152593612671,1.0
794.6094970703125,895.4985961914062,2053.46533203125,1260.8553466796875,1.0,0.9569056630134583,1.0
794.5513916015625,895.4086303710938,2053.531005859375,1260.8477783203125,1.0,0.9569297432899475,1.0
794.5338745117188,895.5608520507812,2053.43310546875,1260.872802734375,1.0,0.9570164680480957,1.0
794.45751953125,895.5887451171875,2053.365966796875,1260.8720703125,1.0,0.9569050073623657,1.0
794.5554809570312,895.7879638671875,2053.469482421875,1260.861083984375,1.0,0.9570074081420898,1.0
794.6235961914062,895.7100830078125,2053.65966796875,1260.8345947265625,1.0,0.9569569230079651,1.0
794.5872192382812,895.6160278320312,2053.422119140625,1260.799560546875,1.0,0.956880509853363,1.0
794.732177734375,895.5059204101562,2053.576416015625,1260.815673828125,1.0,0.9568588137626648,1.0
794.5686645507812,895.5808715820312,2053.5654296875,1260.85498046875,1.0,0.9569646716117859,1.0
794.6250610351562,895.80078125,2053.449462890625,1260.85986328125,1.0,0.9570711255073547,1.0
794.6207275390625,895.9003295898438,2053.58740234375,1260.895751953125,1.0,0.9570266008377075,1.0
794.4791259765625,895.948974609375,2053.579833984375,1260.7960205078125,1.0,0.9569570422172546,1.0
794.46435546875,895.8644409179688,2053.46826171875,1260.85400390625,1.0,0.9569026827812195,1.0
794.4176025390625,895.7518920898438,2053.620849609375,1260.8577880859375,1.0,0.9569269418716431,1.0
794.3587646484375,895.5322875976562,2053.559814453125,1260.7862548828125,1.0,0.956885576248169,1.0
794.4287109375,895.7019653320312,2053.65087890625,1260.87939453125,1.0,0.956942617893219,1.0
794.3193359375,895.8519897460938,2053.83447265625,1260.940185546875,1.0,0.9569346904754639,1.0
794.2440795898438,895.8516845703125,2053.87158203125,1260.782470703125,1.0,0.9569276571273804,1.0
794.2596435546875,895.7888793945312,2053.747314453125,1260.716064453125,1.0,0.9569223523139954,1.0
794.2711791992188,895.74609375,2053.785888671875,1260.695068359375,1.0,0.9568662047386169,1.0
794.2020263671875,895.6472778320312,2053.6513671875,1260.6993408203125,1.0,0.9568648934364319,1.0
794.2138061523438,895.6036987304688,2053.5771484375,1260.7093505859375,1.0,0.9568699598312378,1.0
794.1758422851562,895.3141479492188,2053.57275390625,1260.675537109375,1.0,0.9566971063613892,1.0
793.95166015625,895.1873168945312,2053.34814453125,1260.6348876953125,1.0,0.9567722678184509,1.0
794.0711669921875,895.056884765625,2053.398193359375,1260.6385498046875,1.0,0.9567731618881226,1.0
794.1104125976562,895.0313720703125,2053.381103515625,1260.7127685546875,1.0,0.9567317962646484,1.0
794.2877807617188,894.9179077148438,2053.3798828125,1260.707275390625,1.0,0.9567162990570068,1.0
794.3396606445312,894.9525146484375,2053.308837890625,1260.7347412109375,1.0,0.9567919969558716,1.0
794.41015625,894.8355712890625,2053.23779296875,1260.728515625,1.0,0.9567325711250305,1.0
794.483154296875,894.8460693359375,2053.46435546875,1260.763916015625,1.0,0.9566732048988342,1.0
794.3694458007812,894.831787109375,2053.416259765625,1260.798583984375,1.0,0.9566985964775085,1.0
794.206298828125,894.9530029296875,2053.412841796875,1260.7919921875,1.0,0.956696093082428,1.0
794.3003540039062,895.1950073242188,2053.604248046875,1260.8292236328125,1.0,0.956800639629364,1.0
794.3126831054688,895.2421264648438,2053.802978515625,1260.792724609375,1.0,0.956828773021698,1.0
794.3300170898438,895.158935546875,2053.74951171875,1260.84912109375,1.0,0.9568327069282532,1.0
794.2924194335938,895.1152954101562,2053.76904296875,1260.8037109375,1.0,0.9568231105804443,1.0
794.3048095703125,894.9984130859375,2053.763427734375,1260.7227783203125,1.0,0.9568119645118713,1.0
794.1763916015625,895.029052734375,2053.70654296875,1260.7548828125,1.0,0.9567545652389526,1.0
794.0704345703125,895.1123046875,2053.559326171875,1260.7061767578125,1.0,0.9567654132843018,1.0
794.23046875,895.1016235351562,2053.451416015625,1260.704833984375,1.0,0.956774890422821,1.0
794.619873046875,895.2554321289062,2053.3408203125,1260.685302734375,1.0,0.9568700790405273,1.0
794.9243774414062,895.3342895507812,2053.2919921875,1260.69775390625,1.0,0.9568932056427002,1.0
794.9195556640625,895.4110107421875,2053.392578125,1260.6953125,1.0,0.9568684101104736,1.0
794.9444580078125,895.48193359375,2053.3310546875,1260.7772216796875,1.0,0.956825315952301,1.0
794.8839721679688,895.5625,2053.19873046875,1260.747802734375,1.0,0.9568362236022949,1.0
794.8031616210938,895.4780883789062,2053.060791015625,1260.677734375,1.0,0.9567842483520508,1.0
794.53466796875,895.37744140625,2052.9072265625,1260.552978515625,1.0,0.956786036491394,1.0
794.6337280273438,895.5553588867188,2053.0234375,1260.5511474609375,1.0,0.9569268226623535,1.0
794.6265869140625,895.4984130859375,2053.217529296875,1260.5721435546875,1.0,0.9568706154823303,1.0
794.5632934570312,895.5917358398438,2053.462158203125,1260.61962890625,1.0,0.9569410085678101,1.0
794.4972534179688,895.5712890625,2053.494384765625,1260.6173095703125,1.0,0.9569212198257446,1.0
794.4351196289062,895.54052734375,2053.578125,1260.6458740234375,1.0,0.9568912386894226,1.0
794.3914184570312,895.6307983398438,2053.547607421875,1260.6380615234375,1.0,0.9569321870803833,1.0
794.2817993164062,895.851318359375,2053.560302734375,1260.778076171875,1.0,0.9569510221481323,1.0
794.2659301757812,895.8690795898438,2053.37158203125,1260.8441162109375,1.0,0.9569756984710693,1.0
794.3363037109375,895.694580078125,2053.400390625,1260.84326171875,1.0,0.9568354487419128,1.0
794.2300415039062,895.4578857421875,2053.48388671875,1260.8504638671875,1.0,0.9568634033203125,1.0
794.2482299804688,895.3759765625,2053.420654296875,1260.8907470703125,1.0,0.9568518400192261,1.0
794.534423828125,895.6333618164062,2053.61279296875,1260.9072265625,1.0,0.9569135904312134,1.0
794.709228515625,895.6388549804688,2053.50390625,1260.89892578125,1.0,0.9569135904312134,1.0
794.7571411132812,895.7268676757812,2053.489501953125,1260.8316650390625,1.0,0.9569622874259949,1.0
794.8439331054688,895.8469848632812,2053.55615234375,1260.8431396484375,1.0,0.9569989442825317,1.0
794.8947143554688,895.7337646484375,2053.466064453125,1260.71484375,1.0,0.9568641781806946,1.0
794.9176025390625,895.6904907226562,2053.685546875,1260.615478515625,1.0,0.9569080471992493,1.0
794.7409057617188,895.6570434570312,2053.644775390625,1260.602294921875,1.0,0.9569271206855774,1.0
794.8043212890625,895.5756225585938,2053.55859375,1260.604248046875,1.0,0.9568228125572205,1.0
794.7650756835938,895.5073852539062,2053.4306640625,1260.6849365234375,1.0,0.9567694067955017,1.0
794.8946533203125,895.4453735351562,2053.370361328125,1260.7264404296875,1.0,0.9567815661430359,1.0
794.709716796875,895.2117919921875,2053.488037109375,1260.82080078125,1.0,0.956850528717041,1.0
794.6437377929688,895.0751953125,2053.426025390625,1260.8292236328125,1.0,0.9567357301712036,1.0
794.7080688476562,895.0635375976562,2053.523681640625,1260.8297119140625,1.0,0.9568057656288147,1.0
794.7783813476562,895.1187133789062,2053.638671875,1260.7734375,1.0,0.9568508267402649,1.0
794.938232421875,895.2274169921875,2053.5712890625,1260.7259521484375,1.0,0.9568421244621277,1.0
794.7830200195312,895.1073608398438,2053.440673828125,1260.7620849609375,1.0,0.956770658493042,1.0
794.6743774414062,895.0675659179688,2053.46533203125,1260.7806396484375,1.0,0.9567306041717529,1.0
794.7920532226562,894.9950561523438,2053.654296875,1260.75927734375,1.0,0.956695556640625,1.0
794.8856201171875,895.1047973632812,2053.744384765625,1260.7069091796875,1.0,0.956679105758667,1.0
794.805419921875,895.1472778320312,2053.611328125,1260.683349609375,1.0,0.9568169116973877,1.0
794.7621459960938,895.1309204101562,2053.364501953125,1260.6412353515625,1.0,0.9567998647689819,1.0
794.864013671875,895.1593017578125,2053.40380859375,1260.6370849609375,1.0,0.9568093419075012,1.0
794.9147338867188,895.2169189453125,2053.380126953125,1260.7596435546875,1.0,0.9568107724189758,1.0
795.0097045898438,895.1838989257812,2053.406494140625,1260.7987060546875,1.0,0.9566798210144043,1.0
795.02490234375,894.9995727539062,2053.3798828125,1260.78271484375,1.0,0.9566324949264526,1.0
794.5842895507812,894.7066040039062,2053.254150390625,1261.08056640625,1.0,0.9564666152000427,1.0
794.5712280273438,894.4818725585938,2053.308837890625,1261.064453125,1.0,0.9564445614814758,1.0
794.5498046875,894.4714965820312,2053.249755859375,1260.9591064453125,1.0,0.9564893841743469,1.0
794.3839111328125,894.6389770507812,2053.265869140625,1261.051513671875,1.0,0.9566082954406738,1.0
794.3182373046875,894.8388671875,2053.044677734375,1261.1044921875,1.0,0.9566478729248047,1.0
794.3502807617188,895.0836791992188,2053.09130859375,1261.1632080078125,1.0,0.9566667675971985,1.0
794.2920532226562,894.9866333007812,2053.27099609375,1261.0577392578125,1.0,0.9565696716308594,1.0
794.2440185546875,894.98486328125,2053.20458984375,1261.02978515625,1.0,0.9566558599472046,1.0
794.2003173828125,894.994140625,2053.10498046875,1261.0556640625,1.0,0.9567556977272034,1.0
794.258544921875,895.0001220703125,2053.276123046875,1260.9761962890625,1.0,0.9567031860351562,1.0
794.3074340820312,895.0589599609375,2053.3125,1260.9190673828125,1.0,0.9567039608955383,1.0
794.14208984375,894.8528442382812,2053.3056640625,1260.8629150390625,1.0,0.9565275311470032,1.0
794.13720703125,894.8690795898438,2053.296875,1260.887939453125,1.0,0.9565815329551697,1.0
794.2216796875,894.8659057617188,2053.347412109375,1260.84375,1.0,0.9565975666046143,1.0
794.3228759765625,894.8992309570312,2053.2490234375,1260.8770751953125,1.0,0.9566624164581299,1.0
794.3569946289062,895.3129272460938,2053.190673828125,1260.931640625,1.0,0.9570121765136719,1.0
794.210205078125,895.521240234375,2053.422119140625,1260.959228515625,1.0,0.9570080637931824,1.0
794.2863159179688,895.47900390625,2053.491455078125,1260.9600830078125,1.0,0.9569833874702454,1.0
794.5142211914062,895.3038940429688,2053.371337890625,1260.9219970703125,1.0,0.9568819403648376,1.0
794.498291015625,895.2652587890625,2053.1826171875,1260.8375244140625,1.0,0.9568433165550232,1.0
794.4388427734375,895.5007934570312,2053.140380859375,1260.7685546875,1.0,0.9569105505943298,1.0
794.4517211914062,895.6546630859375,2053.18408203125,1260.774658203125,1.0,0.9570186138153076,1.0
794.4259643554688,895.620361328125,2053.060302734375,1260.7943115234375,1.0,0.9569599032402039,1.0
794.5509033203125,895.678466796875,2053.031005859375,1260.7772216796875,1.0,0.9568858742713928,1.0
794.54541015625,895.4494018554688,2053.067138671875,1260.834716796875,1.0,0.9568411111831665,1.0
794.63525390625,895.4432983398438,2053.197265625,1260.86083984375,1.0,0.9567957520484924,1.0
794.5769653320312,895.3536987304688,2053.01513671875,1260.813720703125,1.0,0.9567995667457581,1.0
794.7108154296875,895.4041137695312,2052.99169921875,1260.806884765625,1.0,0.9568231105804443,1.0
794.8909912109375,895.2280883789062,2052.94482421875,1260.716796875,1.0,0.9567667245864868,1.0
794.9793701171875,895.2424926757812,2053.062744140625,1260.7720947265625,1.0,0.9568043351173401,1.0
794.73974609375,895.077880859375,2053.1357421875,1260.75244140625,1.0,0.9567298293113708,1.0
794.6820678710938,894.9550170898438,2053.016357421875,1260.8218994140625,1.0,0.9567844867706299,1.0
794.7340698242188,894.8948974609375,2052.869384765625,1260.9239501953125,1.0,0.9567756652832031,1.0
794.7392578125,894.749267578125,2052.940673828125,1260.852294921875,1.0,0.9567327499389648,1.0
794.5811157226562,894.9226684570312,2053.1357421875,1260.8797607421875,1.0,0.9567680954933167,1.0
794.4408569335938,894.968017578125,2053.110595703125,1260.76123046875,1.0,0.9568395018577576,1.0
794.4551391601562,895.0282592773438,2052.99560546875,1260.6978759765625,1.0,0.9568004012107849,1.0
794.44189453125,895.127685546875,2053.123291015625,1260.6981201171875,1.0,0.9567804336547852,1.0
794.5308837890625,895.0931396484375,2053.202880859375,1260.72216796875,1.0,0.9567571878433228,1.0
794.6766357421875,895.1103515625,2053.33056640625,1260.7628173828125,1.0,0.9567968249320984,1.0
794.638671875,895.0305786132812,2053.502197265625,1260.7451171875,1.0,0.9567458629608154,1.0
794.7409057617188,895.1044311523438,2053.484619140625,1260.74267578125,1.0,0.9567531943321228,1.0
794.9013671875,895.223876953125,2053.57568359375,1260.6785888671875,1.0,0.9567910432815552,1.0
794.7820434570312,895.3358764648438,2053.34814453125,1260.7003173828125,1.0,0.9567943215370178,1.0
794.7831420898438,895.43603515625,2053.341552734375,1260.70947265625,1.0,0.956802248954773,1.0
793.9775390625,895.55712890625,2053.218017578125,1260.69580078125,1.0,0.9569353461265564,1.0
793.7876586914062,895.5736083984375,2053.053955078125,1260.80322265625,1.0,0.9569613337516785,1.0
793.7725219726562,895.3677368164062,2053.142333984375,1260.76611328125,1.0,0.9568304419517517,1.0
793.7833251953125,895.5340576171875,2053.143310546875,1260.8658447265625,1.0,0.9569646716117859,1.0
793.8098754882812,895.7608642578125,2053.248291015625,1260.972412109375,1.0,0.9569957256317139,1.0
793.7398071289062,895.6560668945312,2053.449462890625,1260.95751953125,1.0,0.9569320678710938,1.0
793.8347778320312,895.6000366210938,2053.32421875,1260.9705810546875,1.0,0.9568802118301392,1.0
793.850341796875,895.5676879882812,2053.23291015625,1260.954833984375,1.0,0.9569214582443237,1.0
793.799560546875,895.5158081054688,2053.188720703125,1260.9288330078125,1.0,0.9568966627120972,1.0
793.77978515625,895.5497436523438,2053.241943359375,1260.9296875,1.0,0.9569157958030701,1.0
793.9720458984375,895.594482421875,2053.174560546875,1260.9984130859375,1.0,0.9569146037101746,1.0
794.0310668945312,895.6439819335938,2053.050048828125,1260.9752197265625,1.0,0.9569722414016724,1.0
794.0613403320312,895.7297973632812,2053.112060546875,1260.8568115234375,1.0,0.9569361805915833,1.0
794.1036987304688,895.6976928710938,2052.995849609375,1260.869140625,1.0,0.9568843245506287,1.0
793.94482421875,895.7203979492188,2052.98828125,1260.7740478515625,1.0,0.9569216966629028,1.0
794.1535034179688,895.7929077148438,2053.021728515625,1260.9154052734375,1.0,0.9568217992782593,1.0
794.149169921875,896.0061645507812,2053.003662109375,1260.8740234375,1.0,0.9569367170333862,1.0
794.1390991210938,895.8563232421875,2052.939697265625,1260.8736572265625,1.0,0.9568724632263184,1.0
794.1219482421875,895.9009399414062,2053.056640625,1260.91357421875,1.0,0.9569957852363586,1.0
793.9671630859375,895.76708984375,2053.4296875,1260.94140625,1.0,0.9569335579872131,1.0
793.972900390625,895.7772827148438,2053.390380859375,1260.931884765625,1.0,0.9569897055625916,1.0
794.0530395507812,895.7329711914062,2053.471923828125,1260.8592529296875,1.0,0.9569383859634399,1.0
794.1325073242188,895.7198486328125,2053.578369140625,1260.853271484375,1.0,0.9568996429443359,1.0
794.1782836914062,895.9390869140625,2053.388916015625,1260.904541015625,1.0,0.9569940567016602,1.0
794.099853515625,895.8758544921875,2053.362060546875,1260.8988037109375,1.0,0.9569292068481445,1.0
794.0360717773438,895.7094116210938,2053.361328125,1260.9560546875,1.0,0.9569050073623657,1.0
793.9696655273438,895.6021728515625,2053.503173828125,1261.05810546875,1.0,0.9568580389022827,1.0
794.0096435546875,895.6329956054688,2053.543701171875,1261.0252685546875,1.0,0.9568802118301392,1.0
794.0730590820312,895.7837524414062,2053.631103515625,1261.00341796875,1.0,0.9569050073623657,1.0
794.276123046875,895.8043212890625,2053.748779296875,1261.0048828125,1.0,0.9568791389465332,1.0
794.1417236328125,895.2763061523438,2053.73193359375,1261.017822265625,1.0,0.9566650986671448,1.0
794.0676879882812,895.0343017578125,2053.545166015625,1260.8763427734375,1.0,0.95663982629776,1.0
794.2291870117188,894.81787109375,2053.491943359375,1260.784912109375,1.0,0.9566150307655334,1.0
794.3399658203125,894.6849975585938,2053.5244140625,1260.8966064453125,1.0,0.9566217064857483,1.0
794.3632202148438,894.9180908203125,2053.4482421875,1260.996826171875,1.0,0.9567712545394897,1.0
794.4392700195312,895.09033203125,2053.505126953125,1260.9947509765625,1.0,0.9567851424217224,1.0
794.648681640625,895.1666259765625,2053.43017578125,1260.9822998046875,1.0,0.9568507075309753,1.0
794.711669921875,895.0361938476562,2053.454345703125,1260.9150390625,1.0,0.9567010402679443,1.0
794.8771362304688,895.0584106445312,2053.510498046875,1260.89013671875,1.0,0.9567139744758606,1.0
794.8052368164062,895.0411376953125,2053.486328125,1260.9080810546875,1.0,0.9567238092422485,1.0
794.7852783203125,895.02734375,2053.43115234375,1260.8983154296875,1.0,0.9567063450813293,1.0
794.6752319335938,894.816162109375,2053.388671875,1260.903076171875,1.0,0.9566276669502258,1.0
794.6470336914062,894.8381958007812,2053.519287109375,1260.9532470703125,1.0,0.9566511511802673,1.0
794.6199340820312,894.9995727539062,2053.37353515625,1261.0048828125,1.0,0.9567495584487915,1.0
794.71923828125,894.9585571289062,2053.281494140625,1261.0498046875,1.0,0.9566265940666199,1.0
794.9073486328125,894.5823364257812,2053.224609375,1260.971435546875,1.0,0.9564765095710754,1.0
795.0228881835938,894.6288452148438,2053.282958984375,1260.9173583984375,1.0,0.9565528631210327,1.0
795.0902099609375,894.6375122070312,2053.11865234375,1260.8980712890625,1.0,0.9565975069999695,1.0
795.1798706054688,894.5703735351562,2053.10986328125,1260.818115234375,1.0,0.9565907120704651,1.0
795.404052734375,894.5075073242188,2053.185546875,1260.8616943359375,1.0,0.9566074013710022,1.0
795.33447265625,894.375244140625,2053.1796875,1260.7598876953125,1.0,0.9565491676330566,1.0
795.3997802734375,894.3921508789062,2053.310302734375,1260.80322265625,1.0,0.9565122723579407,1.0
795.3053588867188,894.3934326171875,2053.5478515625,1260.81201171875,1.0,0.9565101265907288,1.0
795.1929931640625,894.556396484375,2053.5986328125,1260.8133544921875,1.0,0.9564753174781799,1.0
795.1947021484375,894.4750366210938,2053.41796875,1260.8212890625,1.0,0.9563790559768677,1.0
795.1021118164062,894.4159545898438,2053.37841796875,1260.830078125,1.0,0.956394374370575,1.0
795.0628051757812,894.3298950195312,2053.5234375,1260.859130859375,1.0,0.9564252495765686,1.0
795.0301513671875,894.3862915039062,2053.5498046875,1260.9248046875,1.0,0.956519365310669,1.0
795.0372924804688,894.55712890625,2053.531494140625,1260.9619140625,1.0,0.9565989971160889,1.0
795.05615234375,894.6480102539062,2053.571533203125,1260.9683837890625,1.0,0.9566044807434082,1.0
794.5426635742188,894.951416015625,2053.262939453125,1261.1075439453125,1.0,0.956653356552124,1.0
794.50244140625,895.0046997070312,2053.091064453125,1260.992919921875,1.0,0.9567383527755737,1.0
794.4561767578125,894.8388061523438,2053.251953125,1260.981201171875,1.0,0.956645667552948,1.0
794.649169921875,895.220703125,2053.2373046875,1260.951904296875,1.0,0.9568477869033813,1.0
794.7780151367188,895.3531494140625,2053.0859375,1260.8876953125,1.0,0.9569739699363708,1.0
794.6903686523438,895.5154418945312,2052.846435546875,1261.009765625,1.0,0.9569730758666992,1.0
794.5867309570312,895.5091552734375,2052.928955078125,1261.0030517578125,1.0,0.9568584561347961,1.0
794.5175170898438,895.4144897460938,2052.85302734375,1260.9534912109375,1.0,0.9567807912826538,1.0
794.6323852539062,895.4195556640625,2052.9892578125,1260.9393310546875,1.0,0.9568546414375305,1.0
794.634033203125,895.4347534179688,2053.09619140625,1260.81494140625,1.0,0.9568665623664856,1.0
794.6626586914062,895.2356567382812,2052.97998046875,1260.777099609375,1.0,0.9567766189575195,1.0
794.7365112304688,895.2338256835938,2052.982421875,1260.7315673828125,1.0,0.9568429589271545,1.0
794.618408203125,895.2456665039062,2053.19140625,1260.775390625,1.0,0.9568470120429993,1.0
794.6318359375,895.227783203125,2053.25244140625,1260.7264404296875,1.0,0.9567658305168152,1.0
794.6144409179688,895.3578491210938,2053.3271484375,1260.74853515625,1.0,0.9568963646888733,1.0
794.7484741210938,895.4913940429688,2053.225830078125,1260.708740234375,1.0,0.956979513168335,1.0
794.950927734375,895.3865966796875,2053.21337890625,1260.7884521484375,1.0,0.9569116234779358,1.0
794.9021606445312,895.5076904296875,2053.34228515625,1260.8060302734375,1.0,0.9569390416145325,1.0
794.8843383789062,895.5484008789062,2053.2490234375,1260.831298828125,1.0,0.9570367336273193,1.0
794.8113403320312,895.46484375,2053.116455078125,1260.7354736328125,1.0,0.9570619463920593,1.0
794.9560546875,895.4525146484375,2052.995849609375,1260.67822265625,1.0,0.9569995999336243,1.0
794.7614135742188,895.4608154296875,2052.858642578125,1260.7542724609375,1.0,0.9569517970085144,1.0
794.5982666015625,895.2940673828125,2052.73193359375,1260.7408447265625,1.0,0.956916868686676,1.0
794.7523803710938,895.287841796875,2052.89599609375,1260.81396484375,1.0,0.9569786787033081,1.0
794.7981567382812,895.1298217773438,2052.8251953125,1260.8267822265625,1.0,0.9568789005279541,1.0
794.7891845703125,895.1404418945312,2052.981201171875,1260.9261474609375,1.0,0.9568723440170288,1.0
794.8016967773438,895.0801391601562,2053.091064453125,1260.95458984375,1.0,0.9568732976913452,1.0
794.7394409179688,895.1435546875,2053.202392578125,1260.873291015625,1.0,0.9568697214126587,1.0
794.5579833984375,895.2213745117188,2053.216064453125,1260.766357421875,1.0,0.9568316340446472,1.0
794.4930419921875,895.4613037109375,2053.2802734375,1260.8204345703125,1.0,0.9569617509841919,1.0
793.857666015625,895.3644409179688,2053.25048828125,1260.8123779296875,1.0,0.9569141268730164,1.0
793.7717895507812,895.3685302734375,2053.4052734375,1260.784912109375,1.0,0.9569151401519775,1.0
793.8033447265625,895.3441772460938,2053.295166015625,1260.8046875,1.0,0.9568976759910583,1.0
793.97216796875,895.4567260742188,2053.4482421875,1260.8096923828125,1.0,0.9568822979927063,1.0
794.02734375,895.555908203125,2053.69677734375,1260.7880859375,1.0,0.9569058418273926,1.0
794.169677734375,895.6767578125,2053.963134765625,1260.856689453125,1.0,0.9569286704063416,1.0
794.2027587890625,895.6349487304688,2053.7587890625,1260.814453125,1.0,0.9568936228752136,1.0
794.0471801757812,895.6024169921875,2053.66845703125,1260.777099609375,1.0,0.9568595886230469,1.0
794.10546875,895.4310913085938,2053.75927734375,1260.6689453125,1.0,0.9568094611167908,1.0
794.1153564453125,895.5084228515625,2053.6982421875,1260.572265625,1.0,0.9568451642990112,1.0
794.173095703125,895.4814453125,2053.591552734375,1260.4915771484375,1.0,0.9567354917526245,1.0
794.1409301757812,895.5181884765625,2053.605224609375,1260.555908203125,1.0,0.9568201899528503,1.0
794.0808715820312,895.4061889648438,2053.601318359375,1260.476806640625,1.0,0.9567729234695435,1.0
794.067626953125,895.203125,2053.47607421875,1260.45654296875,1.0,0.9566913843154907,1.0
794.02392578125,895.1500854492188,2053.558837890625,1260.5235595703125,1.0,0.9566964507102966,1.0
793.92919921875,894.8350830078125,2053.23681640625,1260.5994873046875,1.0,0.956654965877533,1.0
794.0775756835938,894.65966796875,2053.160888671875,1260.699462890625,1.0,0.9565912485122681,1.0
794.1820678710938,894.8861694335938,2053.287841796875,1260.769287109375,1.0,0.9567197561264038,1.0
794.1780395507812,894.905517578125,2053.4375,1260.7576904296875,1.0,0.9567468166351318,1.0
794.1926879882812,894.9061889648438,2053.27587890625,1260.7327880859375,1.0,0.9566711187362671,1.0
794.2572631835938,894.8954467773438,2053.07177734375,1260.6993408203125,1.0,0.9567062258720398,1.0
794.314208984375,895.1176147460938,2053.0927734375,1260.744384765625,1.0,0.956799328327179,1.0
794.35888671875,895.1854858398438,2053.092041015625,1260.8018798828125,1.0,0.9568379521369934,1.0
794.4229125976562,895.2319946289062,2053.12353515625,1260.8509521484375,1.0,0.9568328261375427,1.0
794.5740966796875,895.109130859375,2053.0634765625,1260.8822021484375,1.0,0.9568035006523132,1.0
794.6806640625,894.9823608398438,2053.02197265625,1260.8221435546875,1.0,0.9566298723220825,1.0
794.7908325195312,894.8704833984375,2053.16162109375,1260.78955078125,1.0,0.9566193222999573,1.0
794.6981811523438,894.9801635742188,2053.052978515625,1260.7894287109375,1.0,0.9566735029220581,1.0
794.5591430664062,895.0305786132812,2053.066162109375,1260.850830078125,1.0,0.9567487239837646,1.0
794.571533203125,895.0487670898438,2053.2548828125,1260.915283203125,1.0,0.9567475914955139,1.0
794.4443969726562,894.8642578125,2053.498291015625,1260.8941650390625,1.0,0.9565984606742859,1.0
794.4356079101562,894.8536376953125,2053.46142578125,1260.8565673828125,1.0,0.9566453695297241,1.0
794.5548706054688,894.8995361328125,2053.42236328125,1260.783935546875,1.0,0.9567222595214844,1.0
794.552734375,894.9263305664062,2053.54052734375,1260.8333740234375,1.0,0.9566968679428101,1.0
794.543701171875,894.8485107421875,2053.328857421875,1260.8065185546875,1.0,0.9567025303840637,1.0
794.515869140625,894.8350219726562,2053.25634765625,1260.7882080078125,1.0,0.9566856026649475,1.0
794.5836791992188,894.7439575195312,2053.380615234375,1260.7646484375,1.0,0.9566725492477417,1.0
794.56689453125,894.7887573242188,2053.271240234375,1260.75634765625,1.0,0.9567744731903076,1.0
794.7589111328125,894.675537109375,2053.46484375,1260.8233642578125,1.0,0.9566087126731873,1.0
794.625,894.7764892578125,2053.718994140625,1260.797119140625,1.0,0.9566690325737,1.0
794.5307006835938,894.8291015625,2053.651123046875,1260.6416015625,1.0,0.9566465616226196,1.0
794.4869995117188,894.9461059570312,2053.69970703125,1260.6778564453125,1.0,0.9567036032676697,1.0
794.36474609375,895.08984375,2053.769287109375,1260.7552490234375,1.0,0.9567592740058899,1.0
794.299072265625,895.2394409179688,2053.909912109375,1260.810302734375,1.0,0.9568391442298889,1.0
794.437744140625,895.4701538085938,2053.812255859375,1260.818603515625,1.0,0.9568637013435364,1.0
794.2817993164062,895.2638549804688,2053.348388671875,1260.7686767578125,1.0,0.956863284111023,1.0
794.2269287109375,894.9970092773438,2053.07861328125,1260.8271484375,1.0,0.9568212628364563,1.0
794.2305908203125,894.91259765625,2053.0498046875,1260.8553466796875,1.0,0.9567827582359314,1.0
794.1365356445312,894.9843139648438,2053.10986328125,1260.896240234375,1.0,0.9567911624908447,1.0
794.288818359375,894.8951416015625,2053.15625,1260.916015625,1.0,0.9567487239837646,1.0
794.38134765625,894.9210205078125,2052.897216796875,1260.8612060546875,1.0,0.9566614031791687,1.0
794.363037109375,894.9927978515625,2052.75830078125,1260.8421630859375,1.0,0.9567055106163025,1.0
794.3361206054688,895.0496215820312,2052.783935546875,1260.75634765625,1.0,0.9567859172821045,1.0
794.2503051757812,894.9887084960938,2052.82080078125,1260.749267578125,1.0,0.9567937850952148,1.0
794.2591552734375,895.1531982421875,2052.87744140625,1260.90234375,1.0,0.9567890763282776,1.0
794.2857666015625,895.231201171875,2052.956787109375,1260.960693359375,1.0,0.9567587375640869,1.0
794.1539306640625,895.194580078125,2052.861083984375,1260.8861083984375,1.0,0.9567438960075378,1.0
794.1071166992188,895.1947631835938,2053.078369140625,1260.84619140625,1.0,0.9567316770553589,1.0
793.9859619140625,895.0662231445312,2053.191650390625,1260.9234619140625,1.0,0.9567461013793945,1.0
793.8935546875,894.918212890625,2053.217041015625,1260.867431640625,1.0,0.9566609859466553,1.0
794.259765625,895.0599365234375,2053.377197265625,1261.076171875,1.0,0.9567335247993469,1.0
794.254150390625,895.3323364257812,2053.52685546875,1261.1044921875,1.0,0.9568637013435364,1.0
794.2468872070312,895.333740234375,2053.653564453125,1261.057373046875,1.0,0.9568770527839661,1.0
794.3408813476562,895.336181640625,2053.647216796875,1261.0537109375,1.0,0.9568840265274048,1.0
794.3818359375,895.285888671875,2053.6416015625,1260.9044189453125,1.0,0.9567997455596924,1.0
794.4685668945312,895.2589111328125,2053.341064453125,1260.8095703125,1.0,0.9568140506744385,1.0
794.4656372070312,895.2177734375,2053.509765625,1260.8165283203125,1.0,0.9567320942878723,1.0
794.5330810546875,895.3432006835938,2053.33349609375,1260.8284912109375,1.0,0.956890881061554,1.0
794.6312255859375,895.3423461914062,2053.22412109375,1260.8770751953125,1.0,0.9568886160850525,1.0
794.6077880859375,895.4845581054688,2053.436767578125,1260.9400634765625,1.0,0.9569783210754395,1.0
794.6342163085938,895.4375610351562,2053.355224609375,1260.9710693359375,1.0,0.9568462371826172,1.0
794.7098999023438,895.5068359375,2053.405029296875,1260.92578125,1.0,0.9568403363227844,1.0
794.7320556640625,895.2888793945312,2053.3681640625,1260.9892578125,1.0,0.9567364454269409,1.0
794.6866455078125,895.158203125,2053.419921875,1260.9573974609375,1.0,0.9567928910255432,1.0
794.8175048828125,895.1738891601562,2053.50927734375,1260.9130859375,1.0,0.9568474888801575,1.0
794.7298583984375,895.2310180664062,2053.747314453125,1260.9290771484375,1.0,0.9568650126457214,1.0
794.6795654296875,895.1361083984375,2053.770751953125,1260.914794921875,1.0,0.9568883776664734,1.0
794.6674194335938,895.1925048828125,2053.688720703125,1260.862060546875,1.0,0.9568464756011963,1.0
794.81591796875,895.1387939453125,2053.604248046875,1260.86083984375,1.0,0.9567822217941284,1.0
794.792724609375,895.1769409179688,2053.569091796875,1260.7330322265625,1.0,0.9567622542381287,1.0
794.9081420898438,895.2026977539062,2053.505126953125,1260.7386474609375,1.0,0.9568108916282654,1.0
794.979736328125,895.14111328125,2053.550048828125,1260.727783203125,1.0,0.956774890422821,1.0
795.1057739257812,895.127685546875,2053.60546875,1260.65625,1.0,0.9567277431488037,1.0
795.0396118164062,895.1486206054688,2053.68798828125,1260.6885986328125,1.0,0.9567805528640747,1.0
795.0034790039062,895.1702880859375,2053.397216796875,1260.7191162109375,1.0,0.9567431211471558,1.0
794.8743286132812,895.3388061523438,2053.50634765625,1260.731689453125,1.0,0.9568907022476196,1.0
794.8219604492188,895.3651733398438,2053.694091796875,1260.80908203125,1.0,0.9567943215370178,1.0
794.7032470703125,895.2978515625,2053.57861328125,1260.847412109375,1.0,0.9567431211471558,1.0
794.7322998046875,895.1906127929688,2053.432861328125,1260.8592529296875,1.0,0.9566898941993713,1.0
794.7677001953125,895.1803588867188,2053.44287109375,1260.8365478515625,1.0,0.9566958546638489,1.0
794.82763671875,894.96875,2053.386962890625,1260.8726806640625,1.0,0.9566532373428345,1.0
794.7350463867188,894.8983764648438,2053.159912109375,1260.7852783203125,1.0,0.9566604495048523,1.0
794.6671142578125,895.0616455078125,2053.009765625,1260.827880859375,1.0,0.9567978978157043,1.0
794.6232299804688,895.0388793945312,2052.88720703125,1260.838623046875,1.0,0.9567848443984985,1.0
794.6183471679688,895.0935668945312,2053.125,1260.8741455078125,1.0,0.956912100315094,1.0
794.5953979492188,895.3016967773438,2053.221435546875,1260.86572265625,1.0,0.9568844437599182,1.0
794.5618286132812,895.3561401367188,2053.37939453125,1260.9503173828125,1.0,0.9568501710891724,1.0
794.4910278320312,895.2686157226562,2053.292236328125,1260.9256591796875,1.0,0.9568409323692322,1.0
794.3228759765625,895.138671875,2053.207275390625,1260.938232421875,1.0,0.9567387700080872,1.0
794.3489379882812,895.158935546875,2053.2333984375,1260.9486083984375,1.0,0.9568065404891968,1.0
794.3590087890625,895.2235717773438,2053.218505859375,1260.896484375,1.0,0.9568408131599426,1.0
794.3840942382812,895.1767578125,2053.38916015625,1260.867431640625,1.0,0.9568493366241455,1.0
794.4742431640625,895.3402709960938,2053.412109375,1260.8575439453125,1.0,0.9569078087806702,1.0
794.5574951171875,895.2481079101562,2053.28759765625,1260.8232421875,1.0,0.9568464756011963,1.0
794.5947265625,895.413818359375,2053.20166015625,1260.8250732421875,1.0,0.9569348692893982,1.0
794.5160522460938,895.50048828125,2053.060546875,1260.926513671875,1.0,0.9569486379623413,1.0
794.5419921875,895.469970703125,2053.029052734375,1260.97412109375,1.0,0.9569227695465088,1.0
794.65283203125,895.3652954101562,2053.1357421875,1260.9833984375,1.0,0.9568558931350708,1.0
794.6923828125,895.402587890625,2053.224365234375,1261.05322265625,1.0,0.9568119049072266,1.0
794.6107788085938,895.3810424804688,2053.05078125,1261.0601806640625,1.0,0.9567885398864746,1.0
794.5989379882812,895.4230346679688,2053.08935546875,1261.022705078125,1.0,0.9567352533340454,1.0
794.7010498046875,895.39892578125,2053.152587890625,1260.9671630859375,1.0,0.9567633271217346,1.0
794.8372192382812,895.463623046875,2053.285400390625,1261.0057373046875,1.0,0.9567601680755615,1.0
794.8400268554688,895.3240356445312,2053.249755859375,1261.03369140625,1.0,0.9566545486450195,1.0
794.7680053710938,895.203125,2053.246826171875,1261.0323486328125,1.0,0.95661461353302,1.0
794.9017944335938,895.0501098632812,2053.30126953125,1261.00439453125,1.0,0.9565276503562927,1.0
795.0171508789062,895.1239624023438,2053.323974609375,1260.958251953125,1.0,0.9566501975059509,1.0
795.0670776367188,895.2872314453125,2053.415283203125,1260.948486328125,1.0,0.9567315578460693,1.0
795.0271606445312,895.4175415039062,2053.29443359375,1260.8634033203125,1.0,0.9567803144454956,1.0
794.9920654296875,895.2112426757812,2053.228515625,1260.8759765625,1.0,0.9566928148269653,1.0
794.8243408203125,895.633544921875,2053.03076171875,1260.9345703125,1.0,0.9570649266242981,1.0
794.8292846679688,895.725830078125,2052.906982421875,1260.9188232421875,1.0,0.9570788741111755,1.0
794.9282836914062,895.7528686523438,2052.821533203125,1260.9478759765625,1.0,0.9570857882499695,1.0
795.0343627929688,895.90625,2052.99560546875,1261.032958984375,1.0,0.9570919871330261,1.0
795.1810302734375,895.9346313476562,2052.90087890625,1261.0296630859375,1.0,0.9570721387863159,1.0
795.078125,895.7564086914062,2052.852294921875,1260.9873046875,1.0,0.9569869637489319,1.0
795.0289306640625,895.6231689453125,2053.037841796875,1261.0079345703125,1.0,0.9569701552391052,1.0
794.9796752929688,895.5911865234375,2053.30078125,1260.98046875,1.0,0.9569419026374817,1.0
794.8546142578125,895.727294921875,2053.396484375,1260.9791259765625,1.0,0.9569990634918213,1.0
794.6384887695312,895.729248046875,2053.47998046875,1261.00537109375,1.0,0.9569039940834045,1.0
794.680908203125,895.6193237304688,2053.60888671875,1260.8992919921875,1.0,0.9568283557891846,1.0
794.6790771484375,895.6946411132812,2053.626953125,1260.913330078125,1.0,0.9569385051727295,1.0
794.6964721679688,895.32177734375,2053.49755859375,1260.86962890625,1.0,0.9567239284515381,1.0
794.618408203125,895.127685546875,2053.443359375,1260.8236083984375,1.0,0.9566701054573059,1.0
794.4136962890625,895.258544921875,2053.44873046875,1260.81005859375,1.0,0.9567890763282776,1.0
794.172607421875,895.1546630859375,2053.65966796875,1260.6639404296875,1.0,0.9567704200744629,1.0
794.1206665039062,895.3347778320312,2053.820556640625,1260.5953369140625,1.0,0.9568179845809937,1.0
794.046142578125,895.2745971679688,2053.804931640625,1260.5802001953125,1.0,0.9568274617195129,1.0
794.0538330078125,895.2753295898438,2053.61474609375,1260.6842041015625,1.0,0.9569109678268433,1.0
794.3079223632812,895.1760864257812,2053.545654296875,1260.750244140625,1.0,0.9568228125572205,1.0
794.3987426757812,895.2457885742188,2053.680419921875,1260.741943359375,1.0,0.9568254947662354,1.0
794.4373168945312,895.2860717773438,2053.755859375,1260.7391357421875,1.0,0.9568350315093994,1.0
794.42919921875,895.4147338867188,2053.635009765625,1260.6529541015625,1.0,0.9568765163421631,1.0
794.6102294921875,895.4497680664062,2053.66015625,1260.669189453125,1.0,0.9568592309951782,1.0
794.534912109375,895.3324584960938,2053.508544921875,1260.686767578125,1.0,0.9567658305168152,1.0
794.638427734375,895.3101806640625,2053.58740234375,1260.74462890625,1.0,0.9567555785179138,1.0
794.651611328125,895.1795654296875,2053.560302734375,1260.6514892578125,1.0,0.9566636085510254,1.0
794.6932983398438,895.20849609375,2053.37060546875,1260.5902099609375,1.0,0.9566941261291504,1.0
794.838134765625,895.3228759765625,2053.4638671875,1260.6173095703125,1.0,0.956803560256958,1.0
794.7449951171875,895.3391723632812,2053.330322265625,1260.673583984375,1.0,0.956814706325531,1.0
794.4349365234375,895.2377319335938,2052.940673828125,1260.931396484375,1.0,0.9568366408348083,1.0
794.2962036132812,895.2498779296875,2053.1318359375,1261.038330078125,1.0,0.9568325281143188,1.0
794.3760375976562,895.2633056640625,2053.37744140625,1261.0050048828125,1.0,0.9568281173706055,1.0
794.220947265625,895.3402709960938,2053.348388671875,1260.94677734375,1.0,0.956913411617279,1.0
794.1925048828125,895.3062133789062,2053.45703125,1260.914794921875,1.0,0.956839382648468,1.0
794.3624267578125,895.3203735351562,2053.48388671875,1260.872802734375,1.0,0.9568681716918945,1.0
794.3478393554688,895.4389038085938,2053.497314453125,1260.9537353515625,1.0,0.956942617893219,1.0
794.4639282226562,895.4384765625,2053.63427734375,1261.12841796875,1.0,0.9568691849708557,1.0
794.5724487304688,895.3932495117188,2053.735595703125,1261.150634765625,1.0,0.9568871855735779,1.0
794.677490234375,895.3318481445312,2053.68115234375,1261.13671875,1.0,0.9569674134254456,1.0
794.6939697265625,895.1870727539062,2053.583984375,1261.11279296875,1.0,0.9569055438041687,1.0
794.7984619140625,895.1114501953125,2053.458740234375,1261.0098876953125,1.0,0.9569404721260071,1.0
794.6416015625,895.2391967773438,2053.289794921875,1260.9256591796875,1.0,0.9570550918579102,1.0
794.6190795898438,895.3406982421875,2053.410888671875,1260.9359130859375,1.0,0.9569602012634277,1.0
794.7077026367188,895.3952026367188,2053.50732421875,1261.0189208984375,1.0,0.9569106698036194,1.0
794.7814331054688,895.260498046875,2053.3232421875,1260.935546875,1.0,0.9568520188331604,1.0
794.6925659179688,895.1419677734375,2053.40380859375,1260.88330078125,1.0,0.9568010568618774,1.0
794.6219482421875,894.9873657226562,2053.412109375,1260.8106689453125,1.0,0.9567174911499023,1.0
794.5256958007812,894.8251953125,2053.29150390625,1260.7694091796875,1.0,0.9566875100135803,1.0
794.5608520507812,894.867919921875,2053.414794921875,1260.6903076171875,1.0,0.9567487239837646,1.0
794.5975341796875,894.9938354492188,2053.2978515625,1260.6649169921875,1.0,0.9567977786064148,1.0
794.580078125,894.9561767578125,2053.051025390625,1260.7222900390625,1.0,0.9568048119544983,1.0
794.5477294921875,895.2136840820312,2052.840576171875,1260.787109375,1.0,0.9569213390350342,1.0
794.6289672851562,895.3713989257812,2052.852783203125,1260.838623046875,1.0,0.9569218158721924,1.0
794.672607421875,895.4006958007812,2052.808349609375,1260.794677734375,1.0,0.956878662109375,1.0
794.724609375,895.475341796875,2052.994384765625,1260.742919921875,1.0,0.9568589329719543,1.0
794.704345703125,895.5354614257812,2053.16796875,1260.72314453125,1.0,0.9568083882331848,1.0
794.6233520507812,895.4780883789062,2053.123291015625,1260.63232421875,1.0,0.9568796753883362,1.0
794.7169189453125,895.36865234375,2053.05810546875,1260.61328125,1.0,0.9568014144897461,1.0
794.9365844726562,895.3464965820312,2053.085693359375,1260.6273193359375,1.0,0.9567596316337585,1.0
794.9896240234375,895.3663940429688,2053.218505859375,1260.845703125,1.0,0.9568713903427124,1.0
794.916748046875,895.451171875,2053.246337890625,1260.99365234375,1.0,0.956941545009613,1.0
794.9450073242188,895.5845336914062,2053.413330078125,1261.0078125,1.0,0.9569911360740662,1.0
795.0516357421875,895.7371826171875,2053.47900390625,1261.0865478515625,1.0,0.9568895101547241,1.0
795.0748901367188,895.7654418945312,2053.4150390625,1261.009033203125,1.0,0.9569915533065796,1.0
794.9793090820312,895.6240234375,2053.161376953125,1261.0927734375,1.0,0.9569410085678101,1.0
794.8610229492188,895.7216796875,2053.16455078125,1261.0936279296875,1.0,0.9570082426071167,1.0
794.8547973632812,895.49853515625,2053.13427734375,1261.11181640625,1.0,0.9568827152252197,1.0
794.8367309570312,895.3584594726562,2053.039306640625,1261.048828125,1.0,0.9568780064582825,1.0
794.68798828125,895.3442993164062,2052.94970703125,1260.9840087890625,1.0,0.956929624080658,1.0
794.6023559570312,895.3524780273438,2053.05322265625,1261.0196533203125,1.0,0.9569370746612549,1.0
794.5181884765625,895.2509155273438,2053.088623046875,1261.041015625,1.0,0.956887423992157,1.0
794.2824096679688,895.3058471679688,2053.318603515625,1261.00390625,1.0,0.9569881558418274,1.0
794.3946533203125,895.336181640625,2053.560546875,1260.9854736328125,1.0,0.9569811820983887,1.0
794.5324096679688,895.2748413085938,2053.590576171875,1260.9132080078125,1.0,0.956977128982544,1.0
794.4026489257812,895.2481079101562,2053.27197265625,1260.9510498046875,1.0,0.9568836092948914,1.0
794.360595703125,895.4011840820312,2053.020263671875,1260.9063720703125,1.0,0.9570293426513672,1.0
794.3265991210938,895.4172973632812,2052.82080078125,1260.9200439453125,1.0,0.9569908976554871,1.0
794.2633666992188,895.4092407226562,2052.926025390625,1260.90673828125,1.0,0.9569196105003357,1.0
794.3939208984375,895.2543334960938,2053.065673828125,1260.988037109375,1.0,0.9568138718605042,1.0
794.38720703125,895.2171630859375,2052.9560546875,1260.939208984375,1.0,0.9568033814430237,1.0
794.3949584960938,895.1458129882812,2053.200439453125,1260.858642578125,1.0,0.9568037986755371,1.0
794.4672241210938,895.1796264648438,2053.17578125,1260.9619140625,1.0,0.9568158388137817,1.0
794.5355834960938,895.18896484375,2053.178955078125,1260.9017333984375,1.0,0.9568288922309875,1.0
794.6478881835938,895.3444213867188,2053.181396484375,1260.835205078125,1.0,0.9568824768066406,1.0
794.655517578125,895.4085693359375,2053.193359375,1260.805908203125,1.0,0.9568468332290649,1.0
794.5643310546875,895.5082397460938,2053.334716796875,1260.8284912109375,1.0,0.9568904638290405,1.0
794.5938110351562,895.5650024414062,2053.353271484375,1260.9354248046875,1.0,0.9568862318992615,1.0
794.5860595703125,895.4857177734375,2053.303955078125,1260.8748779296875,1.0,0.9568829536437988,1.0
794.6123657226562,895.4464111328125,2053.350830078125,1260.7371826171875,1.0,0.9568806290626526,1.0
794.7604370117188,895.2147827148438,2053.64501953125,1260.904541015625,1.0,0.9567928910255432,1.0
794.6836547851562,895.3009643554688,2053.753173828125,1260.912353515625,1.0,0.9568538069725037,1.0
794.6454467773438,895.4246826171875,2053.586669921875,1260.9293212890625,1.0,0.9568434357643127,1.0
794.6697387695312,895.5604858398438,2053.762939453125,1261.0281982421875,1.0,0.9568996429443359,1.0
794.5335693359375,895.771240234375,2053.699462890625,1261.011474609375,1.0,0.9570282101631165,1.0
794.4197387695312,895.5556030273438,2053.682373046875,1261.0145263671875,1.0,0.9569637179374695,1.0
794.3977661132812,895.5313110351562,2053.810302734375,1261.0030517578125,1.0,0.9570105671882629,1.0
794.244873046875,895.6053466796875,2053.6943359375,1260.886474609375,1.0,0.9570368528366089,1.0
794.11279296875,895.68310546875,2053.641845703125,1260.8973388671875,1.0,0.9570128321647644,1.0
794.066162109375,895.5339965820312,2053.623779296875,1260.8984375,1.0,0.9568604230880737,1.0
794.1875,895.4645385742188,2053.4765625,1260.8758544921875,1.0,0.9569224715232849,1.0
794.1644287109375,895.3854370117188,2053.36962890625,1260.82177734375,1.0,0.9568292498588562,1.0
794.4537353515625,895.40185546875,2053.28173828125,1260.8035888671875,1.0,0.9568049907684326,1.0
794.406494140625,895.5014038085938,2053.219482421875,1260.725341796875,1.0,0.9568049907684326,1.0
794.5423583984375,895.6387939453125,2053.135498046875,1260.7701416015625,1.0,0.9568790197372437,1.0
794.4634399414062,895.39501953125,2053.11328125,1260.8096923828125,1.0,0.9568613171577454,1.0
794.4061889648438,895.2493896484375,2053.155517578125,1260.72509765625,1.0,0.9568913578987122,1.0
794.2823486328125,895.26708984375,2053.1171875,1260.7554931640625,1.0,0.9568693041801453,1.0
794.2754516601562,895.172607421875,2053.20263671875,1260.71923828125,1.0,0.9568057656288147,1.0
794.3198852539062,895.2432861328125,2053.10888671875,1260.8114013671875,1.0,0.9568054676055908,1.0
794.2853393554688,895.1852416992188,2053.13037109375,1260.781982421875,1.0,0.9567773938179016,1.0
794.2469482421875,895.134521484375,2053.01611328125,1260.7537841796875,1.0,0.9568124413490295,1.0
794.3109741210938,894.9472045898438,2053.02978515625,1260.80029296875,1.0,0.9567247033119202,1.0
794.2272338867188,894.9078369140625,2053.204833984375,1260.78125,1.0,0.9568163752555847,1.0
794.2648315429688,894.9454956054688,2053.225341796875,1260.7760009765625,1.0,0.9567364454269409,1.0
794.3944091796875,894.9620361328125,2053.293212890625,1260.7435302734375,1.0,0.9566762447357178,1.0
794.5443725585938,894.8268432617188,2053.220703125,1260.6824951171875,1.0,0.9566397070884705,1.0
794.5645751953125,894.720703125,2053.297607421875,1260.6851806640625,1.0,0.9566585421562195,1.0
794.548583984375,894.9031372070312,2053.306396484375,1260.695556640625,1.0,0.9567471742630005,1.0
794.58837890625,894.9451293945312,2053.25537109375,1260.80810546875,1.0,0.9567899703979492,1.0
794.37060546875,895.0971069335938,2053.47314453125,1260.9139404296875,1.0,0.9566922783851624,1.0
794.1943359375,895.1588134765625,2053.46875,1260.9173583984375,1.0,0.9568207263946533,1.0
794.1590576171875,895.1483764648438,2053.57470703125,1260.962158203125,1.0,0.9568116664886475,1.0
794.2110595703125,895.1229248046875,2053.7119140625,1260.885009765625,1.0,0.9567047357559204,1.0
794.294921875,895.0261840820312,2053.88671875,1260.9375,1.0,0.9566356539726257,1.0
794.3825073242188,894.79833984375,2053.765869140625,1260.97119140625,1.0,0.9566632509231567,1.0
794.2612915039062,894.8723754882812,2053.61962890625,1261.0186767578125,1.0,0.9567095041275024,1.0
794.14599609375,894.8695678710938,2053.572021484375,1261.0491943359375,1.0,0.956683874130249,1.0
794.0867919921875,894.9185791015625,2053.538330078125,1260.994140625,1.0,0.956659197807312,1.0
794.2485961914062,894.9495239257812,2053.51025390625,1260.9959716796875,1.0,0.9566996097564697,1.0
794.1878051757812,895.0861206054688,2053.3955078125,1260.8541259765625,1.0,0.9567746520042419,1.0
794.21728515625,895.2677612304688,2053.524658203125,1260.8494873046875,1.0,0.9567793607711792,1.0
794.2205810546875,895.2928466796875,2053.790283203125,1260.97509765625,1.0,0.9567396640777588,1.0
794.2294921875,895.252685546875,2053.6494140625,1260.9722900390625,1.0,0.9568778872489929,1.0
794.2759399414062,895.0896606445312,2053.5556640625,1260.99462890625,1.0,0.9567093849182129,1.0
794.0894775390625,895.1141357421875,2053.375732421875,1261.057373046875,1.0,0.9567327499389648,1.0
793.8509521484375,895.0397338867188,2053.37158203125,1261.0504150390625,1.0,0.9567301273345947,1.0
793.9164428710938,894.7196044921875,2053.308837890625,1261.0484619140625,1.0,0.9565563797950745,1.0
793.9673461914062,894.853515625,2053.392333984375,1261.0401611328125,1.0,0.9566761255264282,1.0
794.0423583984375,895.0016479492188,2053.6328125,1261.1058349609375,1.0,0.9567800164222717,1.0
794.0570068359375,895.2535400390625,2053.618896484375,1261.10693359375,1.0,0.9568354487419128,1.0
794.171142578125,895.2349853515625,2053.56494140625,1260.9930419921875,1.0,0.9568637013435364,1.0
794.14794921875,895.1814575195312,2053.509033203125,1260.94775390625,1.0,0.9568086862564087,1.0
794.1131591796875,895.230224609375,2053.369384765625,1260.9613037109375,1.0,0.9567995667457581,1.0
794.2267456054688,895.2420654296875,2053.215087890625,1261.061279296875,1.0,0.9567622542381287,1.0
794.2695922851562,895.261962890625,2053.16650390625,1261.0482177734375,1.0,0.9567607045173645,1.0
794.4149169921875,895.3282470703125,2053.0244140625,1261.0831298828125,1.0,0.9568137526512146,1.0
794.4568481445312,895.2705078125,2052.9619140625,1261.08056640625,1.0,0.9567773938179016,1.0
794.4766845703125,895.3609008789062,2053.041748046875,1261.0599365234375,1.0,0.9567561149597168,1.0
794.4679565429688,895.2645263671875,2053.26953125,1260.93359375,1.0,0.9567387700080872,1.0
794.6032104492188,895.2470092773438,2053.427490234375,1260.7969970703125,1.0,0.9567031860351562,1.0
794.7601928710938,895.443603515625,2053.498046875,1260.751220703125,1.0,0.9567805528640747,1.0
794.7705688476562,895.4000854492188,2053.553955078125,1260.7803955078125,1.0,0.956724226474762,1.0
794.8334350585938,895.4148559570312,2053.35888671875,1260.9129638671875,1.0,0.956710159778595,1.0
794.6973266601562,895.2824096679688,2053.0654296875,1260.861083984375,1.0,0.9566500782966614,1.0
794.634765625,895.5294189453125,2053.097412109375,1260.8367919921875,1.0,0.9568798542022705,1.0
794.5602416992188,895.4063720703125,2053.12646484375,1260.8592529296875,1.0,0.9567956328392029,1.0
794.5404663085938,895.3441162109375,2053.164306640625,1260.9205322265625,1.0,0.9567719101905823,1.0
794.53515625,895.2731323242188,2053.10205078125,1260.9442138671875,1.0,0.9567453265190125,1.0
794.5416870117188,895.1962890625,2053.3212890625,1260.8360595703125,1.0,0.9567467570304871,1.0
794.4734497070312,895.2677001953125,2053.361083984375,1260.739501953125,1.0,0.9567947387695312,1.0
794.396728515625,895.1708374023438,2053.699462890625,1260.7154541015625,1.0,0.9567245841026306,1.0
794.312255859375,895.138427734375,2053.870849609375,1260.7410888671875,1.0,0.9566707611083984,1.0
794.123291015625,895.305908203125,2053.72119140625,1260.771240234375,1.0,0.9567484855651855,1.0
794.0739135742188,895.5267944335938,2053.6787109375,1260.819091796875,1.0,0.9568401575088501,1.0
794.3318481445312,895.3933715820312,2053.520263671875,1260.7855224609375,1.0,0.9568657875061035,1.0
794.2828369140625,895.5001831054688,2053.385009765625,1260.796630859375,1.0,0.9569364190101624,1.0
794.376220703125,895.7313232421875,2053.51611328125,1260.7987060546875,1.0,0.9570359587669373,1.0
794.4664916992188,895.7471923828125,2053.503173828125,1260.84521484375,1.0,0.956992506980896,1.0
794.4558715820312,895.7647094726562,2053.64111328125,1260.865478515625,1.0,0.9568830132484436,1.0
794.4505615234375,895.6410522460938,2053.668212890625,1260.801025390625,1.0,0.9568660259246826,1.0
794.5296020507812,895.7483520507812,2053.616943359375,1260.849365234375,1.0,0.9568857550621033,1.0
794.62939453125,895.6597900390625,2053.75537109375,1260.806396484375,1.0,0.9568145275115967,1.0
794.7825317382812,895.5381469726562,2053.596923828125,1260.834228515625,1.0,0.9568033814430237,1.0
794.8334350585938,895.509033203125,2053.345947265625,1260.865478515625,1.0,0.9567923545837402,1.0
794.73583984375,895.533447265625,2053.0205078125,1260.7943115234375,1.0,0.9569001793861389,1.0
794.7468872070312,895.534912109375,2053.06640625,1260.8223876953125,1.0,0.9568431973457336,1.0
794.8245849609375,895.5992431640625,2053.295166015625,1260.86083984375,1.0,0.9568679928779602,1.0
794.8864135742188,895.4107055664062,2053.6064453125,1260.8978271484375,1.0,0.9567671418190002,1.0
794.8173217773438,895.3599853515625,2053.62841796875,1260.81298828125,1.0,0.9567657113075256,1.0
794.3966674804688,895.5283203125,2053.567626953125,1260.86279296875,1.0,0.956842303276062,1.0
794.2666015625,895.41650390625,2053.381591796875,1260.8590087890625,1.0,0.9566990733146667,1.0
794.37548828125,895.3057861328125,2053.446044921875,1260.843994140625,1.0,0.9566431641578674,1.0
794.4255981445312,895.3621215820312,2053.399658203125,1260.8651123046875,1.0,0.9567747712135315,1.0
794.403076171875,895.1610107421875,2053.359619140625,1260.8463134765625,1.0,0.9566119909286499,1.0
794.3114624023438,895.1702270507812,2053.340087890625,1260.845703125,1.0,0.9566285610198975,1.0
794.0532836914062,895.3245849609375,2053.321533203125,1260.8541259765625,1.0,0.9567968249320984,1.0
794.1004028320312,895.3905639648438,2053.34619140625,1260.8489990234375,1.0,0.9568132758140564,1.0
794.005126953125,895.5227661132812,2053.36865234375,1260.8880615234375,1.0,0.9568088054656982,1.0
794.060791015625,895.4437866210938,2053.47802734375,1260.9649658203125,1.0,0.9567867517471313,1.0
794.17578125,895.5538940429688,2053.671630859375,1260.951904296875,1.0,0.9568707346916199,1.0
794.330078125,895.370361328125,2053.720458984375,1261.013427734375,1.0,0.9568327069282532,1.0
794.22705078125,895.1405029296875,2053.65283203125,1261.0587158203125,1.0,0.9566881656646729,1.0
794.1411743164062,895.118408203125,2053.85595703125,1261.0491943359375,1.0,0.9566148519515991,1.0
794.3360595703125,895.2437744140625,2054.015869140625,1261.0181884765625,1.0,0.9567233920097351,1.0
794.4873046875,895.3933715820312,2053.489013671875,1261.1221923828125,1.0,0.9569752812385559,1.0
794.6436767578125,895.4635009765625,2053.565673828125,1261.0374755859375,1.0,0.9569665789604187,1.0
794.6805419921875,895.3023071289062,2053.40478515625,1260.967529296875,1.0,0.956925630569458,1.0
794.5946655273438,895.2794799804688,2053.398193359375,1260.960205078125,1.0,0.9569458961486816,1.0
794.6536865234375,895.2788696289062,2053.317138671875,1261.0439453125,1.0,0.9568337202072144,1.0
794.6859741210938,895.2883911132812,2053.282470703125,1261.093994140625,1.0,0.9568091630935669,1.0
794.65869140625,895.34814453125,2053.135986328125,1261.0682373046875,1.0,0.956863522529602,1.0
794.6707153320312,895.4694213867188,2053.197998046875,1261.0794677734375,1.0,0.9568556547164917,1.0
794.6060791015625,895.4713745117188,2053.170166015625,1261.0970458984375,1.0,0.9569641351699829,1.0
794.4214477539062,895.4401245117188,2053.1513671875,1261.03125,1.0,0.9569854140281677,1.0
794.468994140625,895.3846435546875,2053.281982421875,1261.0035400390625,1.0,0.9569671154022217,1.0
794.3721313476562,895.40234375,2053.2412109375,1260.9542236328125,1.0,0.9569560885429382,1.0
794.4100341796875,895.3377685546875,2053.173583984375,1260.9755859375,1.0,0.9568648338317871,1.0
794.423828125,895.423828125,2053.25244140625,1261.0054931640625,1.0,0.9569344520568848,1.0
794.5233764648438,895.4132080078125,2053.116455078125,1260.92431640625,1.0,0.9570174217224121,1.0
794.4567260742188,895.6563110351562,2052.976806640625,1261.0628662109375,1.0,0.9570963978767395,1.0
794.22119140625,895.6735229492188,2053.1884765625,1261.0303955078125,1.0,0.9571149349212646,1.0
794.3012084960938,895.362548828125,2053.123046875,1260.856689453125,1.0,0.9569599032402039,1.0
794.51904296875,895.393798828125,2053.281005859375,1260.781494140625,1.0,0.9570267200469971,1.0
794.5389404296875,895.2362670898438,2053.378173828125,1260.87841796875,1.0,0.9569233059883118,1.0
794.5411376953125,895.1162109375,2053.414794921875,1260.92236328125,1.0,0.956860363483429,1.0
794.4620361328125,895.1182861328125,2053.43896484375,1261.0081787109375,1.0,0.9567890763282776,1.0
794.480712890625,895.1340942382812,2053.45458984375,1261.074462890625,1.0,0.9567446708679199,1.0
794.3434448242188,895.1315307617188,2053.537109375,1261.0487060546875,1.0,0.9567299485206604,1.0
794.1666870117188,895.0697021484375,2053.5244140625,1260.9830322265625,1.0,0.9567743539810181,1.0
794.1550903320312,895.1201171875,2053.414794921875,1260.9287109375,1.0,0.956873893737793,1.0
794.1881103515625,895.2899780273438,2053.347900390625,1260.8150634765625,1.0,0.9568090438842773,1.0
794.2891845703125,895.2355346679688,2053.32763671875,1260.7061767578125,1.0,0.9567574262619019,1.0
794.3314208984375,895.1016235351562,2053.388671875,1260.734619140625,1.0,0.9567803144454956,1.0
794.4443969726562,895.1228637695312,2053.484375,1260.6859130859375,1.0,0.9567919969558716,1.0
794.5101318359375,895.225341796875,2053.66064453125,1260.7900390625,1.0,0.9567732214927673,1.0
794.7098999023438,895.3093872070312,2053.8505859375,1260.85888671875,1.0,0.9568602442741394,1.0
794.6820068359375,895.1809692382812,2053.989013671875,1260.9078369140625,1.0,0.9567923545837402,1.0
794.629150390625,895.0350952148438,2053.91259765625,1260.8194580078125,1.0,0.9567558765411377,1.0
794.665771484375,894.7611694335938,2053.783935546875,1260.8450927734375,1.0,0.9566065073013306,1.0
794.5111083984375,894.6459350585938,2053.83203125,1260.839111328125,1.0,0.9565538167953491,1.0
794.4415283203125,894.5540161132812,2053.53076171875,1260.8759765625,1.0,0.9565467834472656,1.0
794.4141235351562,894.8544311523438,2053.587646484375,1260.9168701171875,1.0,0.9566560387611389,1.0
794.4003295898438,894.810302734375,2053.486572265625,1260.8978271484375,1.0,0.9565962553024292,1.0
794.4776000976562,895.0244750976562,2053.383544921875,1260.7930908203125,1.0,0.9567248821258545,1.0
794.5153198242188,894.9705200195312,2053.460693359375,1260.789306640625,1.0,0.9566856026649475,1.0
794.4852294921875,895.0850219726562,2053.401611328125,1260.774169921875,1.0,0.9568169116973877,1.0
794.5468139648438,895.1083374023438,2053.231201171875,1260.8223876953125,1.0,0.9567245841026306,1.0
794.40283203125,895.0515747070312,2053.250244140625,1260.76123046875,1.0,0.9567297101020813,1.0
794.314453125,894.9957885742188,2053.24560546875,1260.6962890625,1.0,0.9567457437515259,1.0
794.5208740234375,895.3060302734375,2053.2080078125,1260.8001708984375,1.0,0.956849217414856,1.0
794.5886840820312,895.5150756835938,2053.175048828125,1260.851318359375,1.0,0.9568992853164673,1.0
794.7111206054688,895.7313842773438,2053.1533203125,1260.899658203125,1.0,0.9569253921508789,1.0
794.5845947265625,895.75146484375,2052.95263671875,1260.9166259765625,1.0,0.956965982913971,1.0
794.5960693359375,895.6494750976562,2052.98974609375,1260.9627685546875,1.0,0.9569600820541382,1.0
794.5797729492188,895.531982421875,2052.97021484375,1261.06005859375,1.0,0.9568700790405273,1.0
794.6014404296875,895.6263427734375,2053.10107421875,1261.0714111328125,1.0,0.9569717645645142,1.0
794.4819946289062,895.6565551757812,2053.176513671875,1261.0213623046875,1.0,0.9570070505142212,1.0
794.4406127929688,895.5997314453125,2053.06982421875,1261.0411376953125,1.0,0.9569664597511292,1.0
794.3706665039062,895.50048828125,2052.98583984375,1260.986083984375,1.0,0.9569686055183411,1.0
794.3866577148438,895.4712524414062,2053.12744140625,1260.9876708984375,1.0,0.9569999575614929,1.0
794.4920043945312,895.4818725585938,2053.033935546875,1260.9796142578125,1.0,0.9569677710533142,1.0
794.6703491210938,895.4952392578125,2052.998779296875,1260.9189453125,1.0,0.9569860100746155,1.0
794.7730102539062,895.6776123046875,2053.158203125,1261.0,1.0,0.9571396112442017,1.0
794.9118041992188,895.5465087890625,2053.238525390625,1260.9595947265625,1.0,0.9569775462150574,1.0
794.6710815429688,895.8399658203125,2053.181884765625,1260.8648681640625,1.0,0.9570171236991882,1.0
794.5322265625,895.8488159179688,2053.0244140625,1260.8123779296875,1.0,0.9570119380950928,1.0
794.4244384765625,895.8442993164062,2053.10791015625,1260.833984375,1.0,0.9570345878601074,1.0
794.482666015625,895.777587890625,2053.1279296875,1260.8985595703125,1.0,0.9570406675338745,1.0
794.427490234375,895.6151733398438,2053.091064453125,1260.915283203125,1.0,0.9569497108459473,1.0
794.5245971679688,895.6063232421875,2053.048583984375,1260.989501953125,1.0,0.9569411277770996,1.0
794.70068359375,895.615478515625,2053.233642578125,1260.9825439453125,1.0,0.9569357633590698,1.0
794.682373046875,895.7545166015625,2053.262451171875,1260.9412841796875,1.0,0.9569491744041443,1.0
794.548583984375,895.821044921875,2053.23974609375,1260.986328125,1.0,0.9568355679512024,1.0
794.4898071289062,895.8565673828125,2053.100830078125,1260.972412109375,1.0,0.9568766951560974,1.0
794.3622436523438,895.8003540039062,2053.051513671875,1260.9202880859375,1.0,0.9569071531295776,1.0
794.367919921875,895.6271362304688,2053.061279296875,1260.92529296875,1.0,0.9568749666213989,1.0
794.3920288085938,895.41748046875,2052.847412109375,1260.8787841796875,1.0,0.9567532539367676,1.0
794.5578002929688,895.3411254882812,2052.9140625,1260.8037109375,1.0,0.9567438960075378,1.0
794.652587890625,895.4678955078125,2053.082763671875,1260.875732421875,1.0,0.9568312168121338,1.0
794.357421875,895.74267578125,2053.222412109375,1260.93310546875,1.0,0.9569565057754517,1.0
794.2756958007812,895.5370483398438,2052.95361328125,1261.003662109375,1.0,0.9569770097732544,1.0
794.3709716796875,895.399169921875,2052.984619140625,1260.994384765625,1.0,0.9568907022476196,1.0
794.3548583984375,895.4600219726562,2053.029052734375,1260.9351806640625,1.0,0.9569486379623413,1.0
794.3467407226562,895.5853881835938,2052.857421875,1260.888916015625,1.0,0.9569801092147827,1.0
794.2919311523438,895.5311279296875,2052.814697265625,1260.8206787109375,1.0,0.9569516777992249,1.0
794.3738403320312,895.6946411132812,2052.61962890625,1260.812255859375,1.0,0.9570604562759399,1.0
794.4261474609375,895.860107421875,2052.644775390625,1260.853271484375,1.0,0.9570695161819458,1.0
794.4052734375,895.929931640625,2052.61474609375,1260.811767578125,1.0,0.9570609927177429,1.0
794.3123779296875,895.803955078125,2052.63427734375,1260.8724365234375,1.0,0.9569474458694458,1.0
794.322998046875,895.8854370117188,2052.538818359375,1260.7772216796875,1.0,0.957023561000824,1.0
794.3077392578125,895.7456665039062,2052.601318359375,1260.78759765625,1.0,0.9569780230522156,1.0
794.2550659179688,895.5484008789062,2052.843994140625,1260.99267578125,1.0,0.9568511843681335,1.0
794.1417236328125,895.2194213867188,2053.065185546875,1261.079345703125,1.0,0.9567872285842896,1.0
794.2193603515625,895.183349609375,2053.137451171875,1261.0137939453125,1.0,0.9568223357200623,1.0
794.2316284179688,895.4845581054688,2053.251220703125,1260.9979248046875,1.0,0.9570190906524658,1.0
794.0690307617188,895.4498901367188,2053.240966796875,1260.890380859375,1.0,0.9570145606994629,1.0
794.1251220703125,895.3463134765625,2053.372314453125,1260.8848876953125,1.0,0.9568952918052673,1.0
794.2308349609375,895.3583374023438,2053.5263671875,1260.8721923828125,1.0,0.9567910432815552,1.0
794.2866821289062,895.29931640625,2053.37060546875,1260.88818359375,1.0,0.9568313360214233,1.0
794.1469116210938,895.4041137695312,2053.361328125,1260.8411865234375,1.0,0.9568709135055542,1.0
794.193603515625,895.38232421875,2053.419189453125,1260.8175048828125,1.0,0.9569053053855896,1.0
794.0691528320312,895.429443359375,2053.607666015625,1260.82275390625,1.0,0.9568701386451721,1.0
794.0040283203125,895.3788452148438,2053.51806640625,1260.78466796875,1.0,0.9568127393722534,1.0
794.0031127929688,895.3001708984375,2053.45703125,1260.861572265625,1.0,0.9567817449569702,1.0
794.1864013671875,895.3358154296875,2053.474365234375,1260.9375,1.0,0.956710934638977,1.0
794.2369384765625,895.3973388671875,2053.441162109375,1261.0081787109375,1.0,0.9568196535110474,1.0
794.3448486328125,895.2698364257812,2053.603759765625,1260.9515380859375,1.0,0.9567309021949768,1.0
794.4430541992188,895.0942993164062,2053.44677734375,1260.9739990234375,1.0,0.956656277179718,1.0
794.4228515625,894.9876708984375,2053.64794921875,1260.921630859375,1.0,0.9566699266433716,1.0
794.4867553710938,894.9578857421875,2053.265625,1260.9710693359375,1.0,0.9566566348075867,1.0
794.6952514648438,894.9530029296875,2053.24072265625,1260.9754638671875,1.0,0.9567055106163025,1.0
794.7149658203125,894.9830322265625,2053.08935546875,1261.0057373046875,1.0,0.9567378759384155,1.0
794.7913208007812,895.135009765625,2053.0400390625,1260.97021484375,1.0,0.9568391442298889,1.0
794.7791748046875,895.3445434570312,2052.89208984375,1261.0675048828125,1.0,0.956826388835907,1.0
794.7932739257812,895.1980590820312,2052.95654296875,1261.075439453125,1.0,0.9567146301269531,1.0
794.9227294921875,895.1594848632812,2052.952880859375,1261.025146484375,1.0,0.9566813707351685,1.0
794.8670654296875,895.1553955078125,2052.92431640625,1260.982666015625,1.0,0.956697940826416,1.0
794.7453002929688,895.06640625,2052.916015625,1260.8779296875,1.0,0.9567720293998718,1.0
794.655029296875,894.990234375,2053.2119140625,1260.8834228515625,1.0,0.9567112922668457,1.0
794.7679443359375,895.0284423828125,2053.2529296875,1260.84521484375,1.0,0.9567399621009827,1.0
794.6953735351562,895.1644897460938,2053.358642578125,1260.78955078125,1.0,0.9567707180976868,1.0
794.6775512695312,895.1048583984375,2053.327880859375,1260.8389892578125,1.0,0.9567542672157288,1.0
794.5733642578125,895.2296142578125,2053.349609375,1260.7850341796875,1.0,0.9568341374397278,1.0
794.4932861328125,895.3726196289062,2053.248779296875,1260.82568359375,1.0,0.9569978713989258,1.0
794.2446899414062,895.6271362304688,2053.25537109375,1260.8961181640625,1.0,0.9569956064224243,1.0
794.2590942382812,895.6243896484375,2053.25244140625,1260.8447265625,1.0,0.9569976925849915,1.0
794.270263671875,895.555419921875,2053.082275390625,1260.885986328125,1.0,0.956875741481781,1.0
794.3661499023438,895.3259887695312,2052.98779296875,1261.0008544921875,1.0,0.9568148255348206,1.0
794.3526611328125,895.21484375,2053.107666015625,1260.9630126953125,1.0,0.9568687677383423,1.0
794.5037231445312,895.3579711914062,2053.0908203125,1261.0791015625,1.0,0.9568674564361572,1.0
794.64013671875,895.37744140625,2053.002685546875,1260.99853515625,1.0,0.9568907022476196,1.0
794.5293579101562,895.489013671875,2053.03369140625,1260.97900390625,1.0,0.9569406509399414,1.0
794.4125366210938,895.4012451171875,2052.987548828125,1260.94970703125,1.0,0.9569147825241089,1.0
794.4402465820312,895.3627319335938,2053.021484375,1260.9549560546875,1.0,0.9569084644317627,1.0
794.6029663085938,895.1563720703125,2053.0771484375,1260.8720703125,1.0,0.9568148255348206,1.0
794.661376953125,895.2540283203125,2053.1728515625,1260.9083251953125,1.0,0.9568175673484802,1.0
794.6497802734375,895.08984375,2053.357421875,1260.958740234375,1.0,0.9566959738731384,1.0
794.5252075195312,895.0706176757812,2053.4892578125,1260.945068359375,1.0,0.9566829204559326,1.0
794.4351806640625,894.9480590820312,2053.4560546875,1260.9945068359375,1.0,0.9566636085510254,1.0
794.5647583007812,895.3312377929688,2053.942626953125,1260.957763671875,1.0,0.9569573998451233,1.0
794.4475708007812,895.3316040039062,2053.97314453125,1260.9666748046875,1.0,0.9569499492645264,1.0
794.4866943359375,895.2723388671875,2054.107177734375,1261.052978515625,1.0,0.9568009376525879,1.0
794.5198364257812,895.2247314453125,2053.90966796875,1261.047119140625,1.0,0.9568346738815308,1.0
794.597900390625,895.3632202148438,2053.705078125,1261.0445556640625,1.0,0.9568345546722412,1.0
794.6373901367188,895.4364624023438,2053.613037109375,1261.0390625,1.0,0.9568422436714172,1.0
794.6793823242188,895.4193725585938,2053.6748046875,1261.0986328125,1.0,0.9568244218826294,1.0
794.6982421875,895.68408203125,2053.763427734375,1261.091064453125,1.0,0.9569615125656128,1.0
794.5706787109375,895.792724609375,2053.838134765625,1261.17529296875,1.0,0.9569109678268433,1.0
794.6538696289062,895.7890625,2053.692138671875,1261.0872802734375,1.0,0.956978440284729,1.0
794.5581665039062,895.6148681640625,2053.70751953125,1260.964599609375,1.0,0.9569193720817566,1.0
794.5300903320312,895.390380859375,2053.716552734375,1260.866455078125,1.0,0.9567751884460449,1.0
794.7288818359375,895.1967163085938,2053.749267578125,1260.93115234375,1.0,0.9567558169364929,1.0
794.83984375,895.3397827148438,2053.584716796875,1260.9366455078125,1.0,0.9568597078323364,1.0
794.8085327148438,895.4488525390625,2053.604736328125,1260.9613037109375,1.0,0.9568332433700562,1.0
794.5745849609375,895.5734252929688,2053.48046875,1260.9609375,1.0,0.9570125937461853,1.0
794.4677124023438,895.6100463867188,2053.237060546875,1260.970458984375,1.0,0.9570709466934204,1.0
794.4871826171875,895.5325927734375,2053.390625,1260.9539794921875,1.0,0.9569970369338989,1.0
794.5157470703125,895.4163818359375,2053.499267578125,1260.9100341796875,1.0,0.956969141960144,1.0
794.4421997070312,895.2811889648438,2053.503173828125,1260.8946533203125,1.0,0.9569417834281921,1.0
794.4890747070312,895.2356567382812,2053.410888671875,1260.8165283203125,1.0,0.9569050073623657,1.0
794.6112670898438,895.33740234375,2053.3974609375,1260.9267578125,1.0,0.956866443157196,1.0
794.736572265625,895.4353637695312,2053.2138671875,1260.78466796875,1.0,0.9570323824882507,1.0
794.7214965820312,895.4716186523438,2053.176513671875,1260.8282470703125,1.0,0.9569333791732788,1.0
794.9324340820312,895.2648315429688,2053.271240234375,1260.7310791015625,1.0,0.9568679928779602,1.0
795.0209350585938,894.9610595703125,2053.45849609375,1260.7381591796875,1.0,0.9566873908042908,1.0
795.013427734375,895.1744995117188,2053.477294921875,1260.653564453125,1.0,0.9568815231323242,1.0
794.81494140625,895.3140869140625,2053.416259765625,1260.6033935546875,1.0,0.9569284319877625,1.0
794.6936645507812,895.5939331054688,2053.367919921875,1260.578369140625,1.0,0.9569687247276306,1.0
794.6387329101562,895.6141357421875,2053.387939453125,1260.6279296875,1.0,0.9569045305252075,1.0
794.2252807617188,895.5833129882812,2052.917236328125,1260.5887451171875,1.0,0.9570683240890503,1.0
794.0296020507812,895.554443359375,2052.78076171875,1260.560546875,1.0,0.957005500793457,1.0
794.05615234375,895.4814453125,2052.872314453125,1260.6328125,1.0,0.956942081451416,1.0
794.04541015625,895.4766235351562,2052.7919921875,1260.62939453125,1.0,0.9570335745811462,1.0
794.1378784179688,895.4442138671875,2052.91455078125,1260.6878662109375,1.0,0.957027792930603,1.0
794.023681640625,895.5199584960938,2052.98388671875,1260.7919921875,1.0,0.9570035338401794,1.0
794.0142211914062,895.5028076171875,2052.92041015625,1260.703125,1.0,0.9570217728614807,1.0
794.2174682617188,895.4597778320312,2052.98681640625,1260.645751953125,1.0,0.9568684101104736,1.0
794.516845703125,895.478515625,2053.01611328125,1260.6197509765625,1.0,0.9569165706634521,1.0
794.7130737304688,895.5431518554688,2053.086181640625,1260.6317138671875,1.0,0.9569652676582336,1.0
794.61572265625,895.6000366210938,2053.3173828125,1260.613037109375,1.0,0.9570574164390564,1.0
794.4632568359375,895.4005126953125,2053.27099609375,1260.5771484375,1.0,0.9568963646888733,1.0
794.3119506835938,895.4612426757812,2053.13720703125,1260.606689453125,1.0,0.956912100315094,1.0
794.2354736328125,895.4693603515625,2053.2421875,1260.638671875,1.0,0.9569436311721802,1.0
794.2861328125,895.5062255859375,2053.43310546875,1260.561767578125,1.0,0.9570453763008118,1.0
794.5147705078125,895.5228271484375,2053.90673828125,1260.7747802734375,1.0,0.9570022225379944,1.0
794.52685546875,895.4550170898438,2053.865966796875,1260.81396484375,1.0,0.9569616317749023,1.0
794.5426635742188,895.4791870117188,2053.7939453125,1260.8997802734375,1.0,0.9570069313049316,1.0
794.6177368164062,895.21435546875,2053.78369140625,1260.890380859375,1.0,0.9568986296653748,1.0
794.596923828125,895.192626953125,2053.74072265625,1260.821533203125,1.0,0.9568917751312256,1.0
794.7339477539062,895.1199951171875,2053.572509765625,1260.782958984375,1.0,0.956867516040802,1.0
794.731689453125,895.31787109375,2053.629638671875,1260.860595703125,1.0,0.9569413065910339,1.0
794.795654296875,895.3306274414062,2053.472900390625,1260.8900146484375,1.0,0.9569301009178162,1.0
794.8819580078125,895.40966796875,2053.290771484375,1260.9937744140625,1.0,0.9569804072380066,1.0
794.8855590820312,895.2128295898438,2053.467041015625,1261.046142578125,1.0,0.9568734169006348,1.0
794.9531860351562,895.2280883789062,2053.520263671875,1261.0081787109375,1.0,0.9568958282470703,1.0
794.8819580078125,895.4102172851562,2053.56689453125,1260.9901123046875,1.0,0.9569693803787231,1.0
794.9689331054688,895.5240478515625,2053.5361328125,1261.022705078125,1.0,0.9569176435470581,1.0
794.7767333984375,895.5724487304688,2053.42626953125,1261.05712890625,1.0,0.956929087638855,1.0
794.6364135742188,895.5595092773438,2053.444580078125,1261.027587890625,1.0,0.9568761587142944,1.0
794.7459106445312,895.0692138671875,2053.5048828125,1261.1025390625,1.0,0.956706166267395,1.0
794.5682983398438,894.8267211914062,2053.323974609375,1261.1331787109375,1.0,0.9567453265190125,1.0
794.5143432617188,894.8689575195312,2053.496337890625,1261.0616455078125,1.0,0.9568487405776978,1.0
794.5975952148438,894.90576171875,2053.447265625,1261.0233154296875,1.0,0.9568413496017456,1.0
794.5807495117188,894.8740844726562,2053.547607421875,1261.0682373046875,1.0,0.9567952752113342,1.0
794.5878295898438,894.9004516601562,2053.574951171875,1260.97705078125,1.0,0.9568211436271667,1.0
794.445556640625,894.8212280273438,2053.515380859375,1260.8743896484375,1.0,0.95671147108078,1.0
794.4657592773438,894.9447021484375,2053.552734375,1260.865478515625,1.0,0.9567481279373169,1.0
794.501708984375,895.0910034179688,2053.419677734375,1260.9140625,1.0,0.9568015336990356,1.0
794.4286499023438,895.26318359375,2053.46533203125,1260.9354248046875,1.0,0.9567949771881104,1.0
794.5091552734375,895.3445434570312,2053.535888671875,1260.952880859375,1.0,0.9568814039230347,1.0
794.646240234375,895.265625,2053.5615234375,1260.9644775390625,1.0,0.9568007588386536,1.0
794.6959228515625,895.30810546875,2053.419921875,1260.981689453125,1.0,0.9568142890930176,1.0
794.552978515625,895.220703125,2053.468017578125,1261.076171875,1.0,0.9567919373512268,1.0
794.4149169921875,895.2669067382812,2053.447998046875,1261.1163330078125,1.0,0.9567719101905823,1.0
794.1844482421875,895.07763671875,2053.36474609375,1261.0244140625,1.0,0.9567219614982605,1.0
794.0938720703125,895.04052734375,2053.28564453125,1261.008056640625,1.0,0.9567773938179016,1.0
794.1661987304688,895.0493774414062,2053.361572265625,1260.94287109375,1.0,0.956800103187561,1.0
794.1286010742188,895.0059204101562,2053.463134765625,1260.9898681640625,1.0,0.9567729234695435,1.0
794.1781616210938,894.891357421875,2053.347900390625,1261.040771484375,1.0,0.9567363858222961,1.0
794.1957397460938,894.8580322265625,2053.30126953125,1261.059326171875,1.0,0.9567758440971375,1.0
794.1334838867188,894.9125366210938,2053.30615234375,1261.1383056640625,1.0,0.9567003846168518,1.0
794.07861328125,895.1082153320312,2053.273193359375,1261.15185546875,1.0,0.9568220376968384,1.0
794.1875,895.232421875,2053.379150390625,1261.1785888671875,1.0,0.9567912817001343,1.0
794.0729370117188,895.2462158203125,2053.3134765625,1261.1173095703125,1.0,0.9568590521812439,1.0
794.1382446289062,895.10888671875,2053.345458984375,1261.0037841796875,1.0,0.956784188747406,1.0
794.1746215820312,895.2044677734375,2053.27734375,1260.9722900390625,1.0,0.956853985786438,1.0
794.1854858398438,895.1402587890625,2053.2646484375,1260.9407958984375,1.0,0.9568039178848267,1.0
794.3016357421875,895.2239990234375,2053.38720703125,1261.02587890625,1.0,0.9568088054656982,1.0
794.2606201171875,895.194580078125,2053.470458984375,1261.006103515625,1.0,0.9568436145782471,1.0
794.5769653320312,895.3245849609375,2053.630126953125,1260.9254150390625,1.0,0.9567233920097351,1.0
794.5692749023438,895.3492431640625,2053.779541015625,1261.007568359375,1.0,0.9567857980728149,1.0
794.4219970703125,895.2957763671875,2053.580322265625,1261.0740966796875,1.0,0.9568061232566833,1.0
794.5453491210938,895.0326538085938,2053.414306640625,1261.14599609375,1.0,0.9566746354103088,1.0
794.4697875976562,894.8965454101562,2053.09619140625,1261.09130859375,1.0,0.956667959690094,1.0
794.3579711914062,894.8680419921875,2053.06689453125,1261.018310546875,1.0,0.9567033052444458,1.0
794.3971557617188,894.8598022460938,2053.132568359375,1260.9315185546875,1.0,0.9567633271217346,1.0
794.1719970703125,894.8018188476562,2053.277587890625,1260.94775390625,1.0,0.9566044807434082,1.0
793.99951171875,894.6849365234375,2053.162109375,1260.952392578125,1.0,0.9566425085067749,1.0
794.17724609375,894.533203125,2053.13134765625,1260.89404296875,1.0,0.956601619720459,1.0
794.26953125,894.6857299804688,2053.290771484375,1261.0091552734375,1.0,0.9566740393638611,1.0
794.256103515625,894.9380493164062,2053.248046875,1261.0054931640625,1.0,0.9566857218742371,1.0
794.2116088867188,895.0798950195312,2053.24365234375,1260.96728515625,1.0,0.9567291736602783,1.0
794.3078002929688,895.0535888671875,2053.157470703125,1260.934326171875,1.0,0.9567042589187622,1.0
794.3294677734375,894.7813720703125,2053.1455078125,1260.889892578125,1.0,0.9565010666847229,1.0
794.619140625,894.792236328125,2053.485107421875,1260.8756103515625,1.0,0.9567453265190125,1.0
794.462646484375,894.7967529296875,2053.640380859375,1260.8905029296875,1.0,0.9566876888275146,1.0
794.4447631835938,894.9273681640625,2053.455078125,1260.87841796875,1.0,0.9568088054656982,1.0
794.4703979492188,895.0655517578125,2053.435546875,1260.9383544921875,1.0,0.9568361043930054,1.0
794.4591674804688,895.1032104492188,2053.60107421875,1260.869140625,1.0,0.9568040370941162,1.0
794.224853515625,895.177978515625,2053.796875,1260.89697265625,1.0,0.9568588137626648,1.0
794.2269287109375,895.2852783203125,2053.7568359375,1260.9093017578125,1.0,0.9568437337875366,1.0
794.2219848632812,895.2775268554688,2053.507568359375,1260.8662109375,1.0,0.9568312168121338,1.0
794.2952880859375,895.4437255859375,2053.6787109375,1260.8472900390625,1.0,0.9569199085235596,1.0
794.4823608398438,895.5006103515625,2053.70556640625,1260.8641357421875,1.0,0.9569817185401917,1.0
794.5027465820312,895.2153930664062,2053.804443359375,1260.8206787109375,1.0,0.9567146301269531,1.0
794.396484375,895.02880859375,2053.837158203125,1260.775390625,1.0,0.9566652178764343,1.0
794.4986572265625,894.959716796875,2053.87646484375,1260.80859375,1.0,0.9566531181335449,1.0
794.3654174804688,895.0964965820312,2053.72265625,1260.7322998046875,1.0,0.9568358063697815,1.0
794.531005859375,895.2224731445312,2053.668701171875,1260.703857421875,1.0,0.9567443132400513,1.0
794.7141723632812,895.2713623046875,2053.5810546875,1260.77783203125,1.0,0.9567505717277527,1.0
794.6539916992188,895.2349853515625,2053.505126953125,1260.7227783203125,1.0,0.9567248821258545,1.0
794.6259765625,895.2481689453125,2053.49609375,1260.7613525390625,1.0,0.9567593932151794,1.0
794.5824584960938,895.2327880859375,2053.50634765625,1260.843505859375,1.0,0.956790030002594,1.0
794.4240112304688,895.1589965820312,2053.392578125,1260.8382568359375,1.0,0.9567461013793945,1.0
794.4189453125,895.086181640625,2053.541015625,1260.8758544921875,1.0,0.9566333889961243,1.0
794.5481567382812,895.0675048828125,2053.70849609375,1260.947021484375,1.0,0.9566112160682678,1.0
794.5338745117188,895.0556030273438,2053.513916015625,1260.90380859375,1.0,0.956758975982666,1.0
794.4825439453125,895.0447998046875,2053.5986328125,1261.01953125,1.0,0.9567482471466064,1.0
794.3524780273438,894.906494140625,2053.48681640625,1260.908447265625,1.0,0.956667959690094,1.0
794.4144897460938,894.8165283203125,2053.533935546875,1260.8763427734375,1.0,0.9565598368644714,1.0
794.3674926757812,894.6478881835938,2053.63525390625,1260.965576171875,1.0,0.9564710855484009,1.0
794.3411865234375,894.6242065429688,2053.75439453125,1260.9368896484375,1.0,0.9564800262451172,1.0
794.4736938476562,894.7220458984375,2053.89697265625,1260.96142578125,1.0,0.9565125107765198,1.0
794.571044921875,895.0548095703125,2053.97216796875,1260.9796142578125,1.0,0.9566289782524109,1.0
794.3623046875,895.284423828125,2053.8427734375,1261.0401611328125,1.0,0.9568843245506287,1.0
794.4295043945312,895.4170532226562,2053.70654296875,1260.9757080078125,1.0,0.9569470882415771,1.0
794.3571166992188,895.384033203125,2053.733642578125,1260.9822998046875,1.0,0.9568778872489929,1.0
794.3599853515625,895.3240356445312,2053.750244140625,1260.9376220703125,1.0,0.9569214582443237,1.0
794.4612426757812,895.2770385742188,2053.8857421875,1261.0203857421875,1.0,0.9568156003952026,1.0
794.468994140625,895.2384033203125,2053.866455078125,1261.025634765625,1.0,0.9568349123001099,1.0
794.3758544921875,895.3510131835938,2053.8740234375,1261.010498046875,1.0,0.9568490982055664,1.0
794.2244873046875,895.3775634765625,2053.860595703125,1260.97265625,1.0,0.9568917751312256,1.0
794.3217163085938,895.3521728515625,2053.962890625,1260.8692626953125,1.0,0.9569200277328491,1.0
794.4420166015625,895.2550659179688,2053.8173828125,1260.890380859375,1.0,0.9568164348602295,1.0
794.6000366210938,895.1875610351562,2053.706787109375,1260.9097900390625,1.0,0.9568437337875366,1.0
794.5921020507812,895.2823486328125,2053.613037109375,1260.9571533203125,1.0,0.9568795561790466,1.0
794.6689453125,895.1483764648438,2053.6884765625,1260.9395751953125,1.0,0.9567810893058777,1.0
794.6537475585938,895.2778930664062,2053.711669921875,1260.8941650390625,1.0,0.9568187594413757,1.0
794.6135864257812,895.3109741210938,2053.65673828125,1260.8648681640625,1.0,0.9567958116531372,1.0
794.4287719726562,895.2188720703125,2053.474853515625,1260.8709716796875,1.0,0.9568203091621399,1.0
794.470947265625,895.2814331054688,2053.5283203125,1260.8790283203125,1.0,0.9568936228752136,1.0
794.5213623046875,895.2326049804688,2053.4912109375,1260.8294677734375,1.0,0.956842303276062,1.0
794.7297973632812,895.444091796875,2053.612060546875,1260.8525390625,1.0,0.9569470286369324,1.0
794.7382202148438,895.4819946289062,2053.658935546875,1260.8458251953125,1.0,0.9569510221481323,1.0
794.5802001953125,895.4805297851562,2053.671875,1260.8974609375,1.0,0.9569129347801208,1.0
794.4906616210938,895.3282470703125,2053.551513671875,1260.9044189453125,1.0,0.9568920731544495,1.0
794.5577392578125,895.3942260742188,2053.5595703125,1260.9384765625,1.0,0.9569371938705444,1.0
794.5975341796875,895.361572265625,2053.3759765625,1260.9091796875,1.0,0.9568982124328613,1.0
794.6669921875,895.2587890625,2053.20654296875,1260.95849609375,1.0,0.9568266272544861,1.0
794.8649291992188,895.2910766601562,2053.12939453125,1260.994873046875,1.0,0.9568843245506287,1.0
794.695556640625,895.1597290039062,2053.17431640625,1260.9285888671875,1.0,0.9567795991897583,1.0
794.4794311523438,895.1505737304688,2053.109130859375,1261.0328369140625,1.0,0.9567918181419373,1.0
794.4563598632812,895.2068481445312,2053.0986328125,1261.0084228515625,1.0,0.9567434787750244,1.0
794.526611328125,895.1505737304688,2053.323974609375,1260.93798828125,1.0,0.9567669034004211,1.0
794.4609375,895.0791625976562,2053.285888671875,1260.87646484375,1.0,0.9567674398422241,1.0
794.4191284179688,895.2791748046875,2053.416015625,1260.9520263671875,1.0,0.9568975567817688,1.0
794.49462890625,895.297607421875,2053.452392578125,1260.8773193359375,1.0,0.9568060040473938,1.0
794.3636474609375,895.3988647460938,2053.213134765625,1260.8302001953125,1.0,0.9568665623664856,1.0
794.5831909179688,895.6617431640625,2053.263427734375,1260.8375244140625,1.0,0.9569797515869141,1.0
794.5744018554688,895.6487426757812,2053.4453125,1260.8084716796875,1.0,0.9569629430770874,1.0
794.5737915039062,895.6648559570312,2053.343505859375,1260.7581787109375,1.0,0.9569490551948547,1.0
794.7139892578125,895.65283203125,2053.407470703125,1260.817138671875,1.0,0.9569554328918457,1.0
794.7185668945312,895.7884521484375,2053.218505859375,1260.958984375,1.0,0.9569185376167297,1.0
794.5736694335938,895.7582397460938,2053.173095703125,1261.0185546875,1.0,0.9569330215454102,1.0
794.5889282226562,895.7422485351562,2053.004150390625,1261.0118408203125,1.0,0.956903338432312,1.0
794.597412109375,895.4674682617188,2053.053955078125,1260.9239501953125,1.0,0.9568547606468201,1.0
794.5992431640625,895.38916015625,2053.055908203125,1260.9190673828125,1.0,0.9568315148353577,1.0
794.530517578125,895.4707641601562,2052.967041015625,1260.812744140625,1.0,0.9569720029830933,1.0
794.5235595703125,895.5269775390625,2053.234619140625,1260.8485107421875,1.0,0.9569088816642761,1.0
794.5741577148438,895.5167236328125,2053.4677734375,1260.8712158203125,1.0,0.9567936658859253,1.0
794.5828857421875,895.4014892578125,2053.620361328125,1260.83642578125,1.0,0.9568144083023071,1.0
794.625,895.3668823242188,2053.692138671875,1260.885498046875,1.0,0.9567733407020569,1.0
794.5160522460938,895.310302734375,2053.779296875,1260.85498046875,1.0,0.9567946195602417,1.0
794.5221557617188,895.0874633789062,2053.37109375,1260.7972412109375,1.0,0.956737220287323,1.0
794.4994506835938,895.0139770507812,2053.199462890625,1260.8238525390625,1.0,0.9568119049072266,1.0
794.5267944335938,895.0553588867188,2053.054931640625,1260.8050537109375,1.0,0.9568266272544861,1.0
794.4204711914062,895.2171020507812,2053.137939453125,1260.885009765625,1.0,0.9568660259246826,1.0
794.5617065429688,895.1754760742188,2053.183349609375,1260.8856201171875,1.0,0.9567814469337463,1.0
794.6006469726562,895.0383911132812,2053.262939453125,1260.8760986328125,1.0,0.9567909240722656,1.0
794.689208984375,895.0599365234375,2053.333740234375,1260.8421630859375,1.0,0.95681232213974,1.0
794.6078491210938,895.003173828125,2053.495849609375,1260.8427734375,1.0,0.9566956758499146,1.0
794.699951171875,895.0017700195312,2053.5166015625,1260.8685302734375,1.0,0.9566577076911926,1.0
794.8801879882812,895.1048583984375,2053.635009765625,1260.837158203125,1.0,0.9566963315010071,1.0
794.8342895507812,895.2201538085938,2053.657470703125,1260.89892578125,1.0,0.9567373394966125,1.0
794.52099609375,895.424072265625,2053.632568359375,1261.0714111328125,1.0,0.9569590091705322,1.0
794.6334838867188,895.3938598632812,2053.5810546875,1261.13232421875,1.0,0.956912636756897,1.0
794.604736328125,895.632080078125,2053.555419921875,1261.068359375,1.0,0.957059919834137,1.0
794.4557495117188,895.6588745117188,2053.455078125,1260.9969482421875,1.0,0.9570035338401794,1.0
794.4278564453125,895.5453491210938,2053.4091796875,1260.9515380859375,1.0,0.9570218920707703,1.0
794.23828125,895.4368896484375,2053.423583984375,1260.9046630859375,1.0,0.9569748640060425,1.0
794.2947998046875,895.4781494140625,2053.537841796875,1260.90869140625,1.0,0.9569870829582214,1.0
794.3055419921875,895.5167846679688,2053.669677734375,1260.929443359375,1.0,0.9570084810256958,1.0
794.3947143554688,895.4682006835938,2053.559326171875,1260.941162109375,1.0,0.9569390416145325,1.0
794.6533203125,895.62548828125,2053.4970703125,1261.0380859375,1.0,0.9570183157920837,1.0
794.6173095703125,895.7005004882812,2053.40087890625,1261.01220703125,1.0,0.957063615322113,1.0
794.5382080078125,895.3690795898438,2053.443603515625,1260.9969482421875,1.0,0.9568815231323242,1.0
794.6463623046875,895.41650390625,2053.65234375,1260.945556640625,1.0,0.9569063782691956,1.0
794.5606079101562,895.1600952148438,2053.6826171875,1260.9078369140625,1.0,0.9567313194274902,1.0
794.6067504882812,895.0912475585938,2053.769287109375,1260.8665771484375,1.0,0.956770658493042,1.0
794.7667236328125,895.1128540039062,2053.97900390625,1260.8258056640625,1.0,0.9568194150924683,1.0
794.86572265625,895.0453491210938,2054.11083984375,1260.788330078125,1.0,0.9567495584487915,1.0
794.88720703125,895.160400390625,2054.181396484375,1260.7308349609375,1.0,0.9567658305168152,1.0
794.84765625,895.0286865234375,2053.922607421875,1260.7291259765625,1.0,0.9567810893058777,1.0
794.9005737304688,894.9832763671875,2053.695556640625,1260.82177734375,1.0,0.9567089676856995,1.0
794.8223876953125,895.0153198242188,2053.62744140625,1260.8848876953125,1.0,0.9566410183906555,1.0
794.7387084960938,894.9842529296875,2053.435546875,1260.791259765625,1.0,0.9566512703895569,1.0
794.620361328125,894.8855590820312,2053.533447265625,1260.7548828125,1.0,0.9566545486450195,1.0
794.56689453125,895.0503540039062,2053.56884765625,1260.7646484375,1.0,0.9567052721977234,1.0
794.503173828125,895.0972290039062,2053.4130859375,1260.785400390625,1.0,0.9567352533340454,1.0
794.5846557617188,895.0426635742188,2053.400634765625,1260.7236328125,1.0,0.9567185640335083,1.0
794.4607543945312,895.0625,2053.431396484375,1260.7381591796875,1.0,0.9567915797233582,1.0
794.503173828125,895.16015625,2053.467529296875,1260.734375,1.0,0.9568250775337219,1.0
794.43359375,895.228271484375,2053.510986328125,1260.8128662109375,1.0,0.9568174481391907,1.0
794.3978271484375,895.1532592773438,2053.311767578125,1260.80810546875,1.0,0.9566895365715027,1.0
794.3289184570312,894.9570922851562,2053.149658203125,1260.837646484375,1.0,0.9567306637763977,1.0
794.1521606445312,894.720947265625,2053.235107421875,1260.8656005859375,1.0,0.9565994143486023,1.0
794.114013671875,894.7130737304688,2053.35791015625,1260.926513671875,1.0,0.9566013813018799,1.0
794.315185546875,894.780029296875,2053.38330078125,1260.838623046875,1.0,0.9567184448242188,1.0
794.3362426757812,894.9934692382812,2053.301513671875,1260.7916259765625,1.0,0.9568650126457214,1.0
794.1936645507812,895.1939697265625,2053.50048828125,1260.7755126953125,1.0,0.9568246603012085,1.0
794.1692504882812,895.3604736328125,2053.523193359375,1260.7939453125,1.0,0.9568942785263062,1.0
794.169921875,895.3693237304688,2053.184814453125,1260.791259765625,1.0,0.9569025635719299,1.0
794.1090087890625,895.2682495117188,2052.951171875,1260.757080078125,1.0,0.9568217992782593,1.0
794.0116577148438,895.23046875,2053.052490234375,1260.8448486328125,1.0,0.9567969441413879,1.0
793.895751953125,895.4337768554688,2052.941162109375,1260.930908203125,1.0,0.9568999409675598,1.0
794.585205078125,895.7999267578125,2053.022216796875,1260.9735107421875,1.0,0.9571396112442017,1.0
795.3907470703125,896.074951171875,2053.039306640625,1261.12353515625,1.0,0.957138180732727,1.0
798.0759887695312,898.9774169921875,2052.28662109375,1263.1395263671875,1.0,0.9547489881515503,1.0
799.576904296875,902.9151611328125,2052.288818359375,1266.1705322265625,1.0,0.9521161317825317,1.0
801.7857666015625,906.134033203125,2052.287109375,1269.0699462890625,1.0,0.9473375678062439,1.0
372.35772705078125,951.8359985351562,565.1524658203125,1283.846923828125,16.0,0.8218369483947754,2.0
802.47216796875,907.5616455078125,2052.29296875,1270.6461181640625,1.0,0.9452125430107117,1.0
412.599365234375,882.6734619140625,730.0712890625,1273.1514892578125,16.0,0.835371196269989,2.0
808.503173828125,908.717529296875,2052.000244140625,1272.4180908203125,1.0,0.9205336570739746,1.0
523.8323364257812,885.71875,802.9510498046875,1246.382568359375,16.0,0.9021719098091125,2.0
815.9080200195312,909.3004760742188,2052.552978515625,1273.6885986328125,1.0,0.13347962498664856,1.0
669.9249267578125,901.3831176757812,877.3028564453125,1275.381103515625,16.0,0.47337669134140015,0.0
665.3790893554688,886.8825073242188,979.7975463867188,1203.5252685546875,16.0,0.5350635647773743,0.0
681.1427612304688,871.2708129882812,1030.8232421875,1158.311767578125,16.0,0.5908195376396179,2.0
654.2642211914062,868.7991333007812,1009.2003173828125,1156.8387451171875,18.0,0.40948644280433655,0.0
683.1476440429688,863.5545654296875,1049.769287109375,1135.235595703125,16.0,0.4916883409023285,0.0
665.432373046875,870.810791015625,1010.1358642578125,1137.4168701171875,18.0,0.6363564133644104,2.0
667.9978637695312,871.7529296875,1010.7377319335938,1118.032958984375,18.0,0.6752079129219055,2.0
676.4072265625,871.4411010742188,1012.776611328125,1108.724853515625,18.0,0.6458019018173218,2.0
679.172119140625,872.0673217773438,1015.405517578125,1141.4742431640625,18.0,0.8065705299377441,2.0
675.455078125,864.1295166015625,1024.7613525390625,1079.9029541015625,18.0,0.8465310335159302,2.0
805.9398193359375,915.4635620117188,2051.302734375,1275.1591796875,1.0,0.7842875719070435,1.0
674.571044921875,857.4855346679688,1047.4339599609375,1047.242431640625,18.0,0.8389658331871033,2.0
805.6476440429688,915.6722412109375,2051.011474609375,1275.0367431640625,1.0,0.7436199188232422,1.0
675.0332641601562,855.2431640625,1057.950927734375,1041.002197265625,18.0,0.8595306277275085,2.0
806.0512084960938,916.3740844726562,2050.917724609375,1274.9345703125,1.0,0.8897956609725952,1.0
673.6879272460938,853.1597290039062,1060.31494140625,1036.5428466796875,18.0,0.8558523058891296,2.0
805.9685668945312,916.5899047851562,2050.93017578125,1274.89892578125,1.0,0.8653419017791748,1.0
676.037353515625,852.5064697265625,1060.780029296875,1037.03466796875,18.0,0.858481228351593,2.0
805.3056030273438,916.8085327148438,2051.0244140625,1274.61669921875,1.0,0.8946346640586853,1.0
678.0804443359375,851.2472534179688,1058.732666015625,1036.682861328125,18.0,0.8621846437454224,2.0
805.22998046875,917.3943481445312,2051.187744140625,1274.672119140625,1.0,0.9109957218170166,1.0
678.3577270507812,850.5711669921875,1058.32177734375,1037.5506591796875,18.0,0.8629144430160522,2.0
805.4508056640625,917.6436767578125,2051.471435546875,1274.7681884765625,1.0,0.915717601776123,1.0
676.617431640625,850.281005859375,1062.640869140625,1039.0670166015625,18.0,0.8575600981712341,2.0
806.4719848632812,917.9847412109375,2051.027587890625,1274.944091796875,1.0,0.8666627407073975,1.0
676.29931640625,851.4137573242188,1068.3016357421875,1034.26611328125,18.0,0.8604570031166077,2.0
806.4915771484375,918.0908813476562,2050.819091796875,1274.97265625,1.0,0.8702189922332764,1.0
678.8115844726562,851.7682495117188,1069.9388427734375,1027.6737060546875,18.0,0.8677712678909302,2.0
805.6868286132812,918.0016479492188,2051.2080078125,1274.68359375,1.0,0.9146105051040649,1.0
678.8043823242188,851.9098510742188,1070.5994873046875,1033.944091796875,18.0,0.8666276335716248,2.0
805.5859985351562,918.304931640625,2051.4443359375,1274.497802734375,1.0,0.9179245829582214,1.0
683.3312377929688,851.7456665039062,1070.3673095703125,1029.3817138671875,18.0,0.8695599436759949,2.0
805.2789916992188,918.4306640625,2051.4716796875,1274.399169921875,1.0,0.918864369392395,1.0
681.0128173828125,853.0758666992188,1071.30224609375,1027.61279296875,18.0,0.8697353601455688,2.0
804.8870239257812,918.2435913085938,2051.713623046875,1274.4906005859375,1.0,0.9165775775909424,1.0
715.1936645507812,851.0509033203125,1087.4664306640625,1043.525634765625,18.0,0.8509200215339661,2.0
803.3677368164062,918.7858276367188,2051.67431640625,1274.1427001953125,1.0,0.9282510876655579,1.0
741.3141479492188,843.1163330078125,1098.07470703125,1038.6607666015625,18.0,0.852586567401886,2.0
800.7442016601562,916.4493408203125,2051.500732421875,1274.0704345703125,1.0,0.9303245544433594,1.0
764.6099243164062,843.4379272460938,1119.7841796875,1042.4560546875,18.0,0.8332494497299194,2.0
798.7239379882812,914.8267822265625,2051.55615234375,1274.6380615234375,1.0,0.9095500111579895,1.0
872.5062255859375,843.0325927734375,1133.2535400390625,1041.475830078125,18.0,0.8702839612960815,2.0
799.057373046875,910.4762573242188,2051.49267578125,1274.9859619140625,1.0,0.8437709808349609,1.0
915.032958984375,842.793212890625,1138.082763671875,1041.0845947265625,18.0,0.867482602596283,2.0
799.1649169921875,909.0585327148438,2051.540771484375,1275.02978515625,1.0,0.868574857711792,1.0
926.2057495117188,842.1638793945312,1141.1029052734375,1039.95361328125,18.0,0.8604646325111389,2.0
799.1381225585938,908.3519287109375,2051.609619140625,1274.9183349609375,1.0,0.8870021104812622,1.0
927.5195922851562,841.0953979492188,1144.0999755859375,1041.452392578125,18.0,0.8556926846504211,2.0
799.110595703125,908.1679077148438,2051.57861328125,1274.7314453125,1.0,0.8834246397018433,1.0
926.9017944335938,843.8170166015625,1145.6705322265625,1042.4820556640625,18.0,0.8592761754989624,2.0
799.1719360351562,908.0112915039062,2051.523681640625,1274.2666015625,1.0,0.9062849283218384,1.0
922.2971801757812,860.6254272460938,1154.5618896484375,1040.7933349609375,18.0,0.8468688130378723,2.0
800.83642578125,909.8285522460938,2050.9951171875,1273.8499755859375,1.0,0.9131288528442383,1.0
921.0946044921875,867.5877075195312,1157.7979736328125,1040.5157470703125,18.0,0.8481037616729736,2.0
801.5816650390625,910.5128173828125,2050.828125,1273.7415771484375,1.0,0.9142664670944214,1.0
922.2318115234375,869.9027709960938,1159.26806640625,1040.8707275390625,18.0,0.8497472405433655,2.0
800.0941162109375,909.6306762695312,2051.108154296875,1273.828857421875,1.0,0.9118654727935791,1.0
923.0733642578125,870.6937255859375,1159.231201171875,1040.9833984375,18.0,0.8471544981002808,2.0
799.6515502929688,909.2794189453125,2051.27197265625,1273.8367919921875,1.0,0.9128404259681702,1.0
922.4146728515625,871.150634765625,1159.1456298828125,1041.182861328125,18.0,0.8452610969543457,2.0
800.9810791015625,910.1954956054688,2051.048095703125,1273.8272705078125,1.0,0.9164817929267883,1.0
922.8922729492188,870.6032104492188,1158.888671875,1041.209228515625,18.0,0.8457576036453247,2.0
801.6580810546875,910.4962768554688,2050.777587890625,1273.772216796875,1.0,0.9171842932701111,1.0
922.0293579101562,870.2632446289062,1158.4429931640625,1041.29638671875,18.0,0.8468023538589478,2.0
800.4410400390625,909.7352905273438,2050.8408203125,1273.8067626953125,1.0,0.9146188497543335,1.0
920.8049926757812,870.2906494140625,1158.826904296875,1040.974365234375,18.0,0.8483221530914307,2.0
801.5504150390625,910.2987670898438,2050.5498046875,1273.829833984375,1.0,0.9169580936431885,1.0
920.9295043945312,870.6791381835938,1158.992431640625,1040.986572265625,18.0,0.8495728373527527,2.0
801.8263549804688,910.3820190429688,2050.58642578125,1273.846435546875,1.0,0.9221280217170715,1.0
920.815673828125,872.97509765625,1175.3472900390625,1039.929443359375,18.0,0.8472862243652344,2.0
800.176513671875,909.2705078125,2051.01025390625,1274.1693115234375,1.0,0.9090920686721802,1.0
922.720947265625,867.6618041992188,1201.676025390625,1038.9534912109375,18.0,0.8813764452934265,2.0
801.401611328125,908.6981201171875,2050.805419921875,1273.9244384765625,1.0,0.9308542609214783,1.0
923.1617431640625,862.2576904296875,1217.138427734375,1038.6968994140625,18.0,0.8924156427383423,2.0
802.0667724609375,908.2117309570312,2050.638916015625,1273.771484375,1.0,0.9317420721054077,1.0
918.0093383789062,859.7651977539062,1222.766845703125,1038.28564453125,18.0,0.8922290205955505,2.0
802.6348266601562,908.8535766601562,2050.777587890625,1273.36181640625,1.0,0.9325103759765625,1.0
935.3616943359375,858.80517578125,1224.77294921875,1037.969482421875,18.0,0.8842771649360657,2.0
802.384521484375,908.944580078125,2050.73779296875,1273.4912109375,1.0,0.9315999150276184,1.0
950.6607666015625,858.75244140625,1224.795166015625,1038.27294921875,18.0,0.8912275433540344,2.0
802.5234375,909.09521484375,2051.812744140625,1273.7841796875,1.0,0.932815670967102,1.0
920.561279296875,858.1664428710938,1225.29833984375,1041.238037109375,18.0,0.9194284677505493,2.0
802.7821655273438,908.6734008789062,2052.158203125,1273.80517578125,1.0,0.9358131885528564,1.0
938.3865966796875,853.5380249023438,1240.8525390625,1042.324462890625,18.0,0.9156339764595032,2.0
803.5086669921875,908.4723510742188,2052.248046875,1273.7353515625,1.0,0.9386218190193176,1.0
921.7864379882812,847.4251098632812,1272.835205078125,1042.583251953125,18.0,0.9107189178466797,2.0
802.5767822265625,908.64208984375,2052.388916015625,1273.8629150390625,1.0,0.942226767539978,1.0
920.2925415039062,839.6930541992188,1300.0435791015625,1041.2828369140625,18.0,0.9080608487129211,2.0
801.9439086914062,908.7562255859375,2052.481201171875,1273.9072265625,1.0,0.9412916898727417,1.0
924.4368286132812,836.1414184570312,1312.86572265625,1045.4566650390625,18.0,0.8992053270339966,2.0
801.6898803710938,908.5731811523438,2052.66943359375,1273.8154296875,1.0,0.9407713413238525,1.0
933.7697143554688,834.4825439453125,1317.1160888671875,1049.2186279296875,18.0,0.8989619016647339,2.0
801.9049072265625,908.0553588867188,2052.897705078125,1273.8040771484375,1.0,0.9407047033309937,1.0
939.5206909179688,834.119384765625,1318.406494140625,1051.4962158203125,18.0,0.894657552242279,2.0
801.9918212890625,907.8692016601562,2052.9326171875,1273.6429443359375,1.0,0.9408116936683655,1.0
942.2294921875,834.292724609375,1319.024658203125,1051.4854736328125,18.0,0.8936240673065186,2.0
802.0819091796875,907.8001098632812,2052.690185546875,1273.5899658203125,1.0,0.9410679340362549,1.0
944.51025390625,834.166259765625,1315.824951171875,1051.8609619140625,18.0,0.8925246596336365,2.0
802.2444458007812,907.99462890625,2052.583740234375,1273.41357421875,1.0,0.9409698843955994,1.0
943.9981689453125,837.2053833007812,1319.722900390625,1050.47021484375,18.0,0.8995944261550903,2.0
802.2454223632812,907.6397705078125,2052.6416015625,1273.35791015625,1.0,0.9417396187782288,1.0
945.0253295898438,843.2807006835938,1323.6383056640625,1050.0218505859375,18.0,0.8987630605697632,2.0
802.3656616210938,907.5643920898438,2052.612548828125,1273.3057861328125,1.0,0.9422014355659485,1.0
946.5333251953125,845.9556884765625,1324.6234130859375,1049.8203125,18.0,0.900041401386261,2.0
802.4913940429688,907.582275390625,2052.686767578125,1273.3740234375,1.0,0.9425238370895386,1.0
947.70458984375,846.7047729492188,1324.824951171875,1050.1956787109375,18.0,0.8969694375991821,2.0
802.5152587890625,907.7300415039062,2052.597412109375,1273.4124755859375,1.0,0.9425039887428284,1.0
949.0208129882812,846.8336181640625,1321.40087890625,1050.5653076171875,18.0,0.8970245122909546,2.0
802.5462036132812,907.9612426757812,2052.789794921875,1273.4075927734375,1.0,0.9428579211235046,1.0
950.6634521484375,845.7027587890625,1319.92333984375,1050.7540283203125,18.0,0.897061824798584,2.0
802.4212646484375,908.5721435546875,2052.822265625,1273.41455078125,1.0,0.9432878494262695,1.0
951.6807250976562,846.1564331054688,1319.187255859375,1050.666748046875,18.0,0.8977479338645935,2.0
802.311767578125,908.7354125976562,2052.764404296875,1273.30419921875,1.0,0.9435555338859558,1.0
952.90869140625,845.9951171875,1318.6627197265625,1050.4832763671875,18.0,0.8983950018882751,2.0
802.2876586914062,908.8771362304688,2052.616455078125,1273.2392578125,1.0,0.943943202495575,1.0
956.9219970703125,845.9757690429688,1318.35498046875,1051.3533935546875,18.0,0.9000694751739502,2.0
802.4144897460938,909.1048583984375,2052.505859375,1273.3272705078125,1.0,0.9445724487304688,1.0
955.3536376953125,848.7863159179688,1313.9168701171875,1053.8675537109375,18.0,0.9102360606193542,2.0
802.509033203125,908.9591064453125,2052.556884765625,1273.3931884765625,1.0,0.9422720670700073,1.0
1012.8212280273438,854.226806640625,1297.590087890625,1047.1270751953125,18.0,0.8971599340438843,2.0
802.3922119140625,910.4900512695312,2052.739013671875,1273.467529296875,1.0,0.9440982937812805,1.0
1097.248291015625,862.1825561523438,1289.788818359375,1057.002685546875,18.0,0.9031441807746887,2.0
802.06982421875,911.6931762695312,2052.706298828125,1273.85107421875,1.0,0.9453266263008118,1.0
1134.3336181640625,864.6286010742188,1289.23193359375,1068.376220703125,18.0,0.8974470496177673,2.0
801.8538818359375,911.9130249023438,2052.69384765625,1273.9549560546875,1.0,0.945376455783844,1.0
1142.9814453125,865.301025390625,1289.7987060546875,1072.5333251953125,18.0,0.8931254744529724,2.0
801.8390502929688,911.7655639648438,2052.8291015625,1274.037109375,1.0,0.9451237916946411,1.0
1145.5455322265625,865.4381103515625,1290.162841796875,1073.6630859375,18.0,0.8925392627716064,2.0
802.0056762695312,911.570068359375,2052.91162109375,1274.09228515625,1.0,0.9446738362312317,1.0
1145.907470703125,865.6669921875,1290.31494140625,1073.81494140625,18.0,0.8889045119285583,2.0
802.0685424804688,911.26513671875,2053.00146484375,1274.1085205078125,1.0,0.9448946118354797,1.0
1145.7210693359375,865.76904296875,1290.70458984375,1074.3634033203125,18.0,0.8893541693687439,2.0
802.2837524414062,911.465087890625,2052.851318359375,1274.1510009765625,1.0,0.9448868632316589,1.0
1145.1357421875,865.7721557617188,1290.8092041015625,1074.7962646484375,18.0,0.8896660804748535,2.0
802.3348999023438,911.1541748046875,2052.683837890625,1274.109375,1.0,0.9448044896125793,1.0
1144.3841552734375,865.8583374023438,1290.8236083984375,1074.9595947265625,18.0,0.8871789574623108,2.0
802.2921752929688,910.8219604492188,2052.61474609375,1274.062744140625,1.0,0.9447898864746094,1.0
1147.1004638671875,868.8190307617188,1290.43798828125,1075.4405517578125,18.0,0.8698031902313232,2.0
802.2761840820312,910.7164306640625,2052.548583984375,1274.150390625,1.0,0.9433102607727051,1.0
1136.2236328125,866.2413940429688,1290.9149169921875,1074.4473876953125,18.0,0.9018619060516357,2.0
801.9978637695312,911.6768188476562,2051.806640625,1273.90625,1.0,0.9395040273666382,1.0
1129.808349609375,864.7123413085938,1287.7276611328125,1074.8641357421875,18.0,0.9069646596908569,2.0
801.9302978515625,912.1824340820312,2052.21044921875,1274.1322021484375,1.0,0.9410724639892578,1.0
1127.2081298828125,864.102294921875,1286.272216796875,1075.1934814453125,18.0,0.9083454012870789,2.0
801.7893676757812,912.42529296875,2052.529296875,1274.2017822265625,1.0,0.9417831897735596,1.0
1125.95263671875,863.8106689453125,1286.2218017578125,1075.1004638671875,18.0,0.9071616530418396,2.0
801.6083984375,912.455078125,2052.690185546875,1274.1146240234375,1.0,0.9418835639953613,1.0
1125.178955078125,863.6484985351562,1285.934814453125,1075.0697021484375,18.0,0.9090783596038818,2.0
801.647705078125,912.3939208984375,2052.711669921875,1274.0947265625,1.0,0.941914975643158,1.0
1124.5703125,863.5740966796875,1285.2303466796875,1074.9892578125,18.0,0.908149003982544,2.0
801.739013671875,912.3223266601562,2052.734130859375,1274.07568359375,1.0,0.941984236240387,1.0
1124.283203125,863.4823608398438,1284.11279296875,1075.0078125,18.0,0.9088305830955505,2.0
801.8471069335938,912.4714965820312,2052.6044921875,1274.069091796875,1.0,0.9415491819381714,1.0
1123.8890380859375,863.3546752929688,1283.9254150390625,1074.6544189453125,18.0,0.9049423336982727,2.0
801.9902954101562,912.6063232421875,2051.93798828125,1273.765380859375,1.0,0.9394202828407288,1.0
1123.5875244140625,863.4637451171875,1283.9727783203125,1074.5849609375,18.0,0.9076023101806641,2.0
802.0490112304688,912.6815795898438,2051.587158203125,1273.722412109375,1.0,0.9399223923683167,1.0
1127.1978759765625,862.6783447265625,1283.209228515625,1074.78271484375,18.0,0.9001128673553467,2.0
802.0482788085938,912.5418090820312,2051.411376953125,1273.8291015625,1.0,0.9383128881454468,1.0
1133.3114013671875,854.4841918945312,1281.48828125,1074.4656982421875,18.0,0.889912486076355,2.0
802.0245361328125,912.0588989257812,2052.280029296875,1274.18603515625,1.0,0.9448754191398621,1.0
1136.7410888671875,847.1283569335938,1282.57275390625,1073.573486328125,18.0,0.9036426544189453,2.0
801.9425659179688,911.6005859375,2052.73974609375,1274.2633056640625,1.0,0.9458098411560059,1.0
1138.3768310546875,843.6320190429688,1283.3345947265625,1073.4246826171875,18.0,0.907480001449585,2.0
801.9564208984375,910.8912353515625,2052.899169921875,1274.2493896484375,1.0,0.9454942941665649,1.0
1138.4176025390625,842.6510009765625,1283.7783203125,1073.26123046875,18.0,0.9083422422409058,2.0
801.809814453125,910.6024780273438,2052.8056640625,1274.2578125,1.0,0.9454277157783508,1.0
1138.41650390625,842.2553100585938,1283.697265625,1073.28955078125,18.0,0.9057328701019287,2.0
801.874755859375,910.3817749023438,2052.832275390625,1274.219482421875,1.0,0.9453993439674377,1.0
1138.8114013671875,841.4605712890625,1284.657958984375,1073.8314208984375,18.0,0.9035994410514832,2.0
801.611572265625,909.4961547851562,2052.853515625,1274.0909423828125,1.0,0.9452305436134338,1.0
1139.0169677734375,841.2965087890625,1284.476806640625,1074.5579833984375,18.0,0.9014862179756165,2.0
801.47216796875,909.0833129882812,2052.922607421875,1274.0836181640625,1.0,0.9442523717880249,1.0
1125.755615234375,839.0440063476562,1288.1551513671875,1061.2930908203125,18.0,0.8976399898529053,2.0
801.589111328125,909.6671142578125,2052.7861328125,1274.013916015625,1.0,0.9431032538414001,1.0
1131.47119140625,844.1922607421875,1287.5054931640625,1065.28857421875,18.0,0.9225000739097595,2.0
801.2862548828125,909.8699951171875,2052.874755859375,1273.9185791015625,1.0,0.9449693560600281,1.0
1134.997802734375,850.2951049804688,1293.1895751953125,1066.274169921875,18.0,0.9019423723220825,2.0
801.2192993164062,909.8026123046875,2052.843017578125,1273.7391357421875,1.0,0.9447629451751709,1.0
1136.0068359375,852.592529296875,1294.645751953125,1069.2564697265625,18.0,0.9096073508262634,2.0
801.0306396484375,909.947265625,2052.865966796875,1273.7581787109375,1.0,0.9454511404037476,1.0
1136.51513671875,853.4132690429688,1294.7105712890625,1070.386474609375,18.0,0.9105790853500366,2.0
801.1903076171875,910.2031860351562,2052.94287109375,1273.7764892578125,1.0,0.945101797580719,1.0
1136.9169921875,853.372314453125,1294.8408203125,1070.153564453125,18.0,0.909562349319458,2.0
801.2349853515625,910.2392578125,2052.98828125,1273.8031005859375,1.0,0.9451612830162048,1.0
1137.20556640625,852.9940185546875,1294.7347412109375,1070.0006103515625,18.0,0.9087198972702026,2.0
801.396728515625,910.4879760742188,2053.0458984375,1273.7486572265625,1.0,0.9452806115150452,1.0
1137.5474853515625,853.1654663085938,1294.977294921875,1069.80224609375,18.0,0.9077926874160767,2.0
801.591064453125,910.6245727539062,2053.062744140625,1273.8338623046875,1.0,0.9454951882362366,1.0
1137.9564208984375,853.1699829101562,1294.86083984375,1069.9090576171875,18.0,0.9065217971801758,2.0
801.9835205078125,910.7730102539062,2052.98876953125,1273.8551025390625,1.0,0.9456550478935242,1.0
1138.0406494140625,854.4668579101562,1295.2518310546875,1069.2236328125,18.0,0.9133763313293457,2.0
802.1325073242188,911.0797729492188,2052.786376953125,1273.90234375,1.0,0.945112943649292,1.0
1138.7769775390625,855.9072265625,1295.321044921875,1069.257568359375,18.0,0.9085850715637207,2.0
802.2003784179688,910.9542236328125,2052.69287109375,1273.9007568359375,1.0,0.9452840089797974,1.0
1138.3116455078125,856.024169921875,1294.382080078125,1069.8240966796875,18.0,0.9086253046989441,2.0
802.1668701171875,910.7910766601562,2052.751708984375,1273.891357421875,1.0,0.9450052976608276,1.0
1138.044921875,855.6748657226562,1293.147216796875,1070.068603515625,18.0,0.9090348482131958,2.0
802.2105712890625,910.6328735351562,2052.887451171875,1273.8765869140625,1.0,0.9449305534362793,1.0
1138.0072021484375,855.2639770507812,1290.492431640625,1070.8642578125,18.0,0.9089957475662231,2.0
802.0158081054688,911.287841796875,2052.70751953125,1273.928955078125,1.0,0.9459410309791565,1.0
1137.9189453125,854.9906005859375,1290.317138671875,1071.0283203125,18.0,0.9093190431594849,2.0
801.8963623046875,911.4570922851562,2052.706298828125,1273.956787109375,1.0,0.9454295039176941,1.0
1137.66748046875,855.1522216796875,1289.6988525390625,1070.5809326171875,18.0,0.9082431197166443,2.0
801.85498046875,911.5913696289062,2052.8505859375,1273.9937744140625,1.0,0.9458037614822388,1.0
1137.8526611328125,856.3187255859375,1290.84326171875,1071.076416015625,18.0,0.9144148826599121,2.0
801.826171875,911.5582885742188,2052.837890625,1274.041015625,1.0,0.9454572200775146,1.0
1138.2147216796875,853.8532104492188,1292.05224609375,1071.09033203125,18.0,0.9131712317466736,2.0
802.009033203125,911.515625,2053.028076171875,1273.9615478515625,1.0,0.9462459087371826,1.0
1138.66357421875,852.9383544921875,1292.083740234375,1071.316650390625,18.0,0.9165058135986328,2.0
802.16455078125,911.4452514648438,2053.137939453125,1273.8768310546875,1.0,0.9462093114852905,1.0
1138.7310791015625,852.6234741210938,1292.0406494140625,1070.912353515625,18.0,0.9174131751060486,2.0
802.1956176757812,911.4603881835938,2052.9951171875,1273.8743896484375,1.0,0.9463935494422913,1.0
1138.64208984375,852.6818237304688,1292.1348876953125,1070.7657470703125,18.0,0.915620744228363,2.0
802.0802001953125,911.2313842773438,2053.08935546875,1273.8560791015625,1.0,0.9459801912307739,1.0
1138.5308837890625,852.6544799804688,1292.425048828125,1071.100830078125,18.0,0.9145976305007935,2.0
801.79541015625,911.215576171875,2053.192626953125,1273.9708251953125,1.0,0.9461044669151306,1.0
1138.3642578125,852.6214599609375,1292.7259521484375,1071.2261962890625,18.0,0.913673460483551,2.0
801.8960571289062,910.9802856445312,2053.0810546875,1274.12841796875,1.0,0.946301281452179,1.0
1138.323486328125,852.8143310546875,1292.744140625,1072.1229248046875,18.0,0.9153599739074707,2.0
802.187744140625,910.85107421875,2053.02685546875,1274.152587890625,1.0,0.946222186088562,1.0
1140.1722412109375,858.9706420898438,1295.5518798828125,1071.9388427734375,18.0,0.9026159048080444,2.0
802.297607421875,911.0348510742188,2051.865234375,1274.083984375,1.0,0.9416108727455139,1.0
1133.484130859375,865.0611572265625,1298.8812255859375,1070.3358154296875,18.0,0.891712486743927,2.0
802.4373779296875,911.0805053710938,2051.397705078125,1274.0174560546875,1.0,0.9399258494377136,1.0
1130.544921875,867.2520141601562,1296.1234130859375,1070.8284912109375,18.0,0.8928595185279846,2.0
802.455810546875,910.9982299804688,2051.2607421875,1273.95654296875,1.0,0.9380468726158142,1.0
1129.5401611328125,867.967529296875,1294.2708740234375,1070.3123779296875,18.0,0.8936600089073181,2.0
802.3771362304688,910.9722900390625,2051.04931640625,1273.89013671875,1.0,0.9367967247962952,1.0
1129.120361328125,868.4829711914062,1292.6781005859375,1069.8870849609375,18.0,0.8872862458229065,2.0
802.1231689453125,911.441162109375,2051.121337890625,1273.8609619140625,1.0,0.9309520721435547,1.0
1128.7381591796875,868.5347900390625,1294.6455078125,1069.611083984375,18.0,0.8883175253868103,2.0
802.2698364257812,911.589599609375,2051.118896484375,1273.7640380859375,1.0,0.9389912486076355,1.0
1131.82666015625,865.2479248046875,1295.012939453125,1059.4825439453125,18.0,0.8865324854850769,2.0
802.392578125,911.8975219726562,2052.078125,1273.93505859375,1.0,0.944318950176239,1.0
1138.55419921875,842.4332885742188,1301.6505126953125,1055.3970947265625,18.0,0.8708460330963135,2.0
802.076904296875,911.1192626953125,2052.496826171875,1273.8721923828125,1.0,0.9454059600830078,1.0
1141.5540771484375,830.8883666992188,1302.6109619140625,1070.63330078125,18.0,0.9002894163131714,2.0
801.9449462890625,910.628662109375,2052.821533203125,1273.93115234375,1.0,0.9455302357673645,1.0
1141.372314453125,826.3395385742188,1302.7353515625,1074.424560546875,18.0,0.9025899767875671,2.0
801.7701416015625,910.4842529296875,2052.9462890625,1273.96044921875,1.0,0.9453726410865784,1.0
1140.6494140625,824.7294921875,1303.42138671875,1078.06640625,18.0,0.9083320498466492,2.0
801.4969482421875,910.5942993164062,2052.990478515625,1274.0107421875,1.0,0.946131706237793,1.0
1140.1846923828125,824.1539306640625,1303.328369140625,1079.6019287109375,18.0,0.9090961813926697,2.0
801.5096435546875,910.6680908203125,2052.946533203125,1273.9449462890625,1.0,0.9461400508880615,1.0
1139.701904296875,826.0489501953125,1303.4359130859375,1080.8699951171875,18.0,0.9036370515823364,2.0
801.4775390625,910.4126586914062,2053.029296875,1273.988525390625,1.0,0.9461680054664612,1.0
1142.45556640625,841.8179931640625,1307.6041259765625,1081.5941162109375,18.0,0.8797571659088135,2.0
801.5175170898438,910.6281127929688,2052.695556640625,1274.0447998046875,1.0,0.9428549408912659,1.0
1141.0404052734375,853.955078125,1307.3704833984375,1080.9666748046875,18.0,0.8778842687606812,2.0
801.52685546875,911.0722045898438,2052.682861328125,1274.19580078125,1.0,0.9430813789367676,1.0
1140.0853271484375,858.641357421875,1306.72412109375,1081.0771484375,18.0,0.8781018257141113,2.0
801.5820922851562,911.095947265625,2052.71875,1274.2025146484375,1.0,0.9441971182823181,1.0
1138.71435546875,860.6392822265625,1306.267822265625,1080.241943359375,18.0,0.875211775302887,2.0
801.6375122070312,910.7775268554688,2052.651611328125,1274.0899658203125,1.0,0.9452130794525146,1.0
1138.0552978515625,861.5249633789062,1305.5262451171875,1080.151123046875,18.0,0.8784573674201965,2.0
801.6051635742188,910.9031982421875,2052.641357421875,1274.046142578125,1.0,0.9456415176391602,1.0
1137.548095703125,861.8983764648438,1305.871337890625,1080.937744140625,18.0,0.8758020401000977,2.0
801.7318725585938,910.7911376953125,2052.541259765625,1274.0440673828125,1.0,0.9450770616531372,1.0
1136.76953125,861.4765014648438,1305.667724609375,1079.8204345703125,18.0,0.8770009875297546,2.0
801.3837890625,911.156982421875,2052.708984375,1274.067138671875,1.0,0.9455183744430542,1.0
1137.138916015625,863.0718383789062,1304.954345703125,1081.35009765625,18.0,0.8637466430664062,2.0
801.148193359375,911.2389526367188,2052.807373046875,1274.195556640625,1.0,0.9459989666938782,1.0
1134.3206787109375,870.6157836914062,1307.244140625,1082.532958984375,18.0,0.8653323650360107,2.0
801.3244018554688,911.3917846679688,2052.66552734375,1274.3802490234375,1.0,0.9464783072471619,1.0
1130.1448974609375,877.5907592773438,1305.00830078125,1079.228759765625,18.0,0.8613322973251343,2.0
801.436767578125,911.3060913085938,2052.667724609375,1274.3194580078125,1.0,0.9467049837112427,1.0
1128.4949951171875,880.9732055664062,1304.50634765625,1077.895263671875,18.0,0.871751070022583,2.0
801.5869750976562,911.1595458984375,2052.58740234375,1274.313720703125,1.0,0.9466317892074585,1.0
1126.83203125,882.6829223632812,1304.203857421875,1077.966064453125,18.0,0.8758898377418518,2.0
801.7947998046875,910.92822265625,2052.254150390625,1274.28076171875,1.0,0.9453117847442627,1.0
1127.186767578125,883.2501831054688,1303.3592529296875,1079.8389892578125,18.0,0.8642145991325378,2.0
801.8341674804688,911.0152587890625,2052.29833984375,1274.1612548828125,1.0,0.9463212490081787,1.0
1124.195556640625,880.4869384765625,1300.2335205078125,1079.6793212890625,18.0,0.8831906914710999,2.0
801.92724609375,910.8290405273438,2052.209716796875,1274.06201171875,1.0,0.9466009140014648,1.0
1123.5216064453125,853.9884643554688,1323.1466064453125,1076.904541015625,18.0,0.9136174321174622,2.0
802.0221557617188,911.4799194335938,2052.098388671875,1274.0059814453125,1.0,0.9434241652488708,1.0
1121.765380859375,831.4830322265625,1337.063232421875,1077.4324951171875,18.0,0.9317927956581116,2.0
801.9829711914062,911.6995849609375,2052.209716796875,1274.1060791015625,1.0,0.9438093900680542,1.0
1121.669677734375,822.29833984375,1342.9716796875,1077.75146484375,18.0,0.928633987903595,2.0
802.0104370117188,911.4715576171875,2052.205078125,1273.9727783203125,1.0,0.9435961842536926,1.0
1121.98486328125,818.3973999023438,1345.0848388671875,1077.51123046875,18.0,0.9274437427520752,2.0
801.903564453125,911.3118286132812,2052.251220703125,1273.937744140625,1.0,0.9441435933113098,1.0
1123.275146484375,817.2346801757812,1347.079345703125,1077.612060546875,18.0,0.9293096661567688,2.0
801.7868041992188,911.1812133789062,2052.123779296875,1273.9658203125,1.0,0.9440984129905701,1.0
1124.04541015625,816.5052490234375,1347.65478515625,1077.336181640625,18.0,0.9280697107315063,2.0
801.8156127929688,911.0923461914062,2052.06787109375,1273.8634033203125,1.0,0.9445644617080688,1.0
1124.40380859375,816.8194580078125,1345.710205078125,1077.3763427734375,18.0,0.9256027340888977,2.0
801.837158203125,910.8331909179688,2052.0126953125,1273.7823486328125,1.0,0.9439749717712402,1.0
1124.482421875,821.2855834960938,1349.0283203125,1075.3624267578125,18.0,0.9199109077453613,2.0
801.7694091796875,910.7099609375,2052.314697265625,1273.688232421875,1.0,0.9435120224952698,1.0
1125.3272705078125,826.1857299804688,1346.2789306640625,1074.7572021484375,18.0,0.9135230183601379,2.0
801.1339111328125,910.9263916015625,2051.844970703125,1273.6265869140625,1.0,0.9431421160697937,1.0
1126.503173828125,828.1363525390625,1346.394775390625,1074.2396240234375,18.0,0.9152706265449524,2.0
800.7976684570312,910.8109130859375,2051.68017578125,1273.628662109375,1.0,0.9433369636535645,1.0
1126.83984375,828.5855712890625,1347.1407470703125,1073.838623046875,18.0,0.9182486534118652,2.0
801.25,910.3336181640625,2052.266845703125,1273.700927734375,1.0,0.9440075755119324,1.0
1126.8140869140625,828.2411499023438,1343.803466796875,1073.0078125,18.0,0.9095052480697632,2.0
801.3836059570312,910.2626342773438,2052.400390625,1273.6600341796875,1.0,0.9438472986221313,1.0
1126.8681640625,825.8326416015625,1341.278564453125,1073.859130859375,18.0,0.9175543785095215,2.0
801.4183349609375,910.2958374023438,2052.347412109375,1273.7098388671875,1.0,0.943977415561676,1.0
1127.4022216796875,824.6954345703125,1340.1138916015625,1073.91259765625,18.0,0.9173940420150757,2.0
801.3560791015625,910.30810546875,2052.546142578125,1273.7796630859375,1.0,0.9434424042701721,1.0
1128.314453125,824.07177734375,1340.679931640625,1073.8206787109375,18.0,0.9174242615699768,2.0
800.9625244140625,910.7760009765625,2052.029052734375,1273.7353515625,1.0,0.9431046843528748,1.0
1128.8370361328125,823.8570556640625,1341.2728271484375,1073.8594970703125,18.0,0.9157533049583435,2.0
800.7669677734375,910.783935546875,2051.91162109375,1273.668212890625,1.0,0.9429816007614136,1.0
1129.190185546875,824.3653564453125,1331.6812744140625,1073.677001953125,18.0,0.9007524251937866,2.0
800.7618408203125,910.741455078125,2051.7255859375,1273.702880859375,1.0,0.9422970414161682,1.0
1129.8389892578125,824.2559204101562,1333.8734130859375,1073.448486328125,18.0,0.9063462615013123,2.0
800.666748046875,910.8370361328125,2051.671630859375,1273.59765625,1.0,0.9439641237258911,1.0
1130.181884765625,824.301513671875,1334.618408203125,1072.771484375,18.0,0.9035382270812988,2.0
800.6976928710938,910.7937622070312,2051.801025390625,1273.5457763671875,1.0,0.9444252848625183,1.0
1130.128173828125,824.4756469726562,1334.9725341796875,1073.1455078125,18.0,0.9068880081176758,2.0
800.80810546875,910.9970092773438,2051.700927734375,1273.547607421875,1.0,0.9445710778236389,1.0
1130.374755859375,824.708740234375,1335.4705810546875,1073.6962890625,18.0,0.9076471924781799,2.0
800.8399047851562,910.8738403320312,2051.556884765625,1273.6396484375,1.0,0.9444491863250732,1.0
1130.49755859375,824.741455078125,1335.497314453125,1074.01953125,18.0,0.9073557257652283,2.0
800.8824462890625,911.28271484375,2051.59912109375,1273.6685791015625,1.0,0.9442234635353088,1.0
1130.910400390625,825.2156372070312,1335.8359375,1073.8275146484375,18.0,0.9080276489257812,2.0
801.2968139648438,910.878662109375,2052.341552734375,1273.7884521484375,1.0,0.9440717697143555,1.0
1130.8765869140625,830.4459838867188,1329.2982177734375,1074.60400390625,18.0,0.8973520994186401,2.0
801.5068969726562,910.666015625,2052.59716796875,1273.9178466796875,1.0,0.9448381066322327,1.0
1133.413818359375,838.6507568359375,1318.7998046875,1076.7357177734375,18.0,0.9045113325119019,2.0
801.6299438476562,911.0035400390625,2052.84521484375,1273.9908447265625,1.0,0.9453886151313782,1.0
1134.5303955078125,842.3099365234375,1312.90380859375,1076.1595458984375,18.0,0.90245521068573,2.0
801.5717163085938,911.1445922851562,2052.858642578125,1274.089111328125,1.0,0.9448901414871216,1.0
1134.698486328125,843.1703491210938,1310.6904296875,1075.661865234375,18.0,0.9046526551246643,2.0
801.6199951171875,911.3007202148438,2053.079833984375,1274.0550537109375,1.0,0.9453052878379822,1.0
1134.80126953125,843.4031982421875,1310.218017578125,1075.0242919921875,18.0,0.9040132164955139,2.0
801.7662963867188,911.1021728515625,2053.1181640625,1274.0350341796875,1.0,0.944987952709198,1.0
1134.6959228515625,842.52587890625,1310.2969970703125,1075.318603515625,18.0,0.9028307795524597,2.0
801.764892578125,911.214599609375,2053.067626953125,1274.056884765625,1.0,0.9448209404945374,1.0
1134.964599609375,842.3612670898438,1309.7354736328125,1075.736572265625,18.0,0.902729332447052,2.0
801.560791015625,910.9663696289062,2053.132568359375,1274.04931640625,1.0,0.9449288845062256,1.0
1135.08447265625,842.58544921875,1309.5498046875,1076.56396484375,18.0,0.9026034474372864,2.0
801.5867309570312,911.2449951171875,2053.05224609375,1274.121337890625,1.0,0.9450938105583191,1.0
1135.3875732421875,842.637939453125,1309.450927734375,1076.8787841796875,18.0,0.9012947678565979,2.0
801.508056640625,911.25537109375,2053.047119140625,1274.09375,1.0,0.9454037547111511,1.0
1135.44482421875,842.3635864257812,1309.8157958984375,1076.3612060546875,18.0,0.9003860950469971,2.0
801.5617065429688,911.4213256835938,2053.046142578125,1274.15478515625,1.0,0.9452725052833557,1.0
1136.9842529296875,847.9885864257812,1313.466064453125,1077.1728515625,18.0,0.903087854385376,2.0
801.6668090820312,911.1021728515625,2053.069091796875,1274.136474609375,1.0,0.9451749324798584,1.0
1139.1788330078125,861.9598999023438,1319.4346923828125,1074.6552734375,18.0,0.8747308850288391,2.0
801.6577758789062,910.7718505859375,2052.946044921875,1273.9920654296875,1.0,0.9458966851234436,1.0
1134.4288330078125,877.6737060546875,1331.926513671875,1074.05126953125,18.0,0.8641678094863892,2.0
801.3045654296875,909.3325805664062,2052.984375,1274.1502685546875,1.0,0.9475810527801514,1.0
1132.5113525390625,885.9356079101562,1337.7840576171875,1075.671875,18.0,0.8544695377349854,2.0
801.0869140625,908.5548095703125,2053.155029296875,1274.063232421875,1.0,0.9475899338722229,1.0
1131.537109375,887.0332641601562,1340.11181640625,1079.5999755859375,18.0,0.8535972237586975,2.0
801.21484375,908.8248291015625,2053.037353515625,1273.93603515625,1.0,0.9480056166648865,1.0
1129.289794921875,886.1097412109375,1341.0809326171875,1080.8052978515625,18.0,0.8549505472183228,2.0
801.5371704101562,908.9163208007812,2052.9580078125,1273.9073486328125,1.0,0.9478003978729248,1.0
1125.5213623046875,884.10888671875,1341.468017578125,1082.0299072265625,18.0,0.8541046977043152,2.0
801.6980590820312,909.2015991210938,2052.81884765625,1273.8988037109375,1.0,0.9475951790809631,1.0
1122.39794921875,882.8788452148438,1341.5084228515625,1083.8773193359375,18.0,0.8604050874710083,2.0
801.8063354492188,909.103271484375,2052.89404296875,1273.8631591796875,1.0,0.9473647475242615,1.0
1120.253173828125,881.3082885742188,1341.350341796875,1084.3436279296875,18.0,0.8607765436172485,2.0
801.8414916992188,909.3178100585938,2053.143310546875,1273.827880859375,1.0,0.9473464488983154,1.0
1120.1505126953125,880.568359375,1341.232421875,1084.598388671875,18.0,0.8619967103004456,2.0
801.93115234375,909.4276733398438,2053.1796875,1273.8543701171875,1.0,0.9476429224014282,1.0
1120.76953125,880.0922241210938,1341.1676025390625,1084.5120849609375,18.0,0.8613387942314148,2.0
802.02392578125,909.4196166992188,2053.212646484375,1273.866455078125,1.0,0.9476351141929626,1.0
1117.0081787109375,879.9508666992188,1349.391845703125,1082.6143798828125,18.0,0.8744522929191589,2.0
802.00341796875,909.2102661132812,2053.264404296875,1273.8790283203125,1.0,0.9479137063026428,1.0
1108.135009765625,867.8368530273438,1389.0509033203125,1075.6031494140625,18.0,0.9016855359077454,2.0
801.765869140625,908.4719848632812,2053.2216796875,1273.8515625,1.0,0.9470561742782593,1.0
1074.732177734375,848.5308227539062,1407.3917236328125,1069.5474853515625,18.0,0.9205763339996338,2.0
801.8597412109375,907.6857299804688,2053.3779296875,1273.423828125,1.0,0.9459237456321716,1.0
1060.5552978515625,840.6224365234375,1415.1219482421875,1062.50390625,18.0,0.9174573421478271,2.0
801.9331665039062,907.0267333984375,2053.41552734375,1273.1943359375,1.0,0.9461857080459595,1.0
1057.2408447265625,837.4247436523438,1418.7186279296875,1061.455810546875,18.0,0.9153718948364258,2.0
801.9317626953125,907.1196899414062,2053.343505859375,1273.15283203125,1.0,0.9464471340179443,1.0
1054.46142578125,835.67041015625,1420.5299072265625,1061.520751953125,18.0,0.9110021591186523,2.0
801.9247436523438,907.4283447265625,2053.250732421875,1273.1373291015625,1.0,0.9463338255882263,1.0
1055.9246826171875,834.5838623046875,1420.54443359375,1060.36767578125,18.0,0.9083249568939209,2.0
801.9241943359375,907.5355834960938,2053.313232421875,1273.053466796875,1.0,0.9462690353393555,1.0
1054.2811279296875,834.0542602539062,1420.7344970703125,1060.58447265625,18.0,0.9080241918563843,2.0
801.7017211914062,907.502197265625,2053.267578125,1273.0611572265625,1.0,0.946623682975769,1.0
1054.29833984375,833.3638305664062,1417.7489013671875,1059.7174072265625,18.0,0.9113616943359375,2.0
801.8789672851562,907.6810913085938,2053.1064453125,1273.1763916015625,1.0,0.9452762007713318,1.0
1054.106689453125,830.3697509765625,1417.2945556640625,1057.2659912109375,18.0,0.9103690385818481,2.0
802.0040283203125,908.0899047851562,2053.063720703125,1273.2862548828125,1.0,0.9440886378288269,1.0
1054.7393798828125,828.958251953125,1417.2713623046875,1058.3807373046875,18.0,0.9097771048545837,2.0
801.9960327148438,907.98486328125,2052.88818359375,1273.4305419921875,1.0,0.9445713758468628,1.0
1052.7032470703125,828.6761474609375,1417.71484375,1060.4166259765625,18.0,0.9072362184524536,2.0
802.205810546875,907.9396362304688,2052.923095703125,1273.3946533203125,1.0,0.9443445801734924,1.0
1051.9766845703125,828.0762939453125,1417.8809814453125,1061.365234375,18.0,0.9067849516868591,2.0
802.2814331054688,908.185302734375,2052.826171875,1273.364990234375,1.0,0.9443426728248596,1.0
1052.002197265625,827.9882202148438,1414.9617919921875,1063.8720703125,18.0,0.9056878089904785,2.0
802.314697265625,908.1746215820312,2052.83984375,1273.3682861328125,1.0,0.9442864060401917,1.0
1052.2880859375,830.1795043945312,1419.137451171875,1063.6907958984375,18.0,0.9030349850654602,2.0
802.2162475585938,907.9469604492188,2052.82470703125,1273.2559814453125,1.0,0.9448776841163635,1.0
1046.12744140625,827.776123046875,1408.9525146484375,1066.98779296875,18.0,0.9105814695358276,2.0
802.0617065429688,907.71630859375,2052.9287109375,1273.2620849609375,1.0,0.9448074698448181,1.0
1044.4185791015625,824.98681640625,1403.044921875,1065.31201171875,18.0,0.9158682823181152,2.0
802.025390625,907.5824584960938,2052.956298828125,1273.1845703125,1.0,0.944934070110321,1.0
1045.6490478515625,824.2305908203125,1400.072998046875,1066.0467529296875,18.0,0.9117570519447327,2.0
801.9991455078125,907.4268188476562,2053.117431640625,1273.231201171875,1.0,0.9448797106742859,1.0
1045.5101318359375,823.8271484375,1398.2113037109375,1067.461181640625,18.0,0.9121825098991394,2.0
802.1204833984375,907.4448852539062,2053.09814453125,1273.3330078125,1.0,0.9451403021812439,1.0
1055.6126708984375,834.1229248046875,1405.72998046875,1066.154052734375,18.0,0.9158157706260681,2.0
802.2860107421875,907.24560546875,2053.021240234375,1273.2587890625,1.0,0.9464415907859802,1.0
1036.87109375,846.260498046875,1434.4605712890625,1065.6329345703125,18.0,0.8943886756896973,2.0
802.1419067382812,906.802734375,2053.151611328125,1273.5341796875,1.0,0.945085346698761,1.0
1016.1262817382812,837.8773193359375,1457.6514892578125,1070.2216796875,18.0,0.8850630521774292,2.0
802.1502075195312,905.87109375,2053.24462890625,1273.6962890625,1.0,0.9456363916397095,1.0
996.970703125,835.415283203125,1472.0467529296875,1063.59716796875,18.0,0.8821738362312317,2.0
801.845947265625,905.29541015625,2053.31982421875,1273.7352294921875,1.0,0.9452990293502808,1.0
999.44873046875,833.3152465820312,1479.47998046875,1070.6993408203125,18.0,0.8699379563331604,2.0
801.5464477539062,906.5792846679688,2053.323486328125,1273.748291015625,1.0,0.9458544254302979,1.0
993.0444946289062,832.2737426757812,1482.1212158203125,1073.0032958984375,18.0,0.8649884462356567,2.0
801.5659790039062,907.6539916992188,2053.093994140625,1273.6060791015625,1.0,0.945202112197876,1.0
994.1701049804688,831.787353515625,1484.011474609375,1073.87939453125,18.0,0.8624963164329529,2.0
801.550537109375,907.7228393554688,2052.808837890625,1273.54150390625,1.0,0.9454202651977539,1.0
1000.7781982421875,832.5780639648438,1482.8563232421875,1071.5611572265625,18.0,0.8674314022064209,2.0
801.5388793945312,907.8956298828125,2052.72265625,1273.635986328125,1.0,0.9463896751403809,1.0
1000.8657836914062,841.0531005859375,1466.167724609375,1057.072265625,18.0,0.8901102542877197,2.0
801.586181640625,907.2843627929688,2053.037353515625,1273.4822998046875,1.0,0.9461976289749146,1.0
1048.53662109375,839.6192016601562,1448.27294921875,1066.4781494140625,18.0,0.91318678855896,2.0
801.4882202148438,907.114501953125,2053.10205078125,1273.422607421875,1.0,0.9464699029922485,1.0
1088.319091796875,837.3215942382812,1437.4344482421875,1072.129150390625,18.0,0.907699465751648,2.0
801.5060424804688,906.767822265625,2053.242431640625,1273.3804931640625,1.0,0.9480929374694824,1.0
1100.9097900390625,836.066162109375,1432.72607421875,1077.6015625,18.0,0.9081283807754517,2.0
801.643310546875,906.4453125,2053.375244140625,1273.30126953125,1.0,0.9482178092002869,1.0
1107.338134765625,835.8135375976562,1431.4654541015625,1078.4307861328125,18.0,0.9097976088523865,2.0
801.9222412109375,906.2559204101562,2053.225830078125,1273.2965087890625,1.0,0.9482909440994263,1.0
1111.0137939453125,835.7506103515625,1431.065185546875,1078.08544921875,18.0,0.9095731973648071,2.0
802.453369140625,905.7886962890625,2052.2548828125,1272.982421875,1.0,0.9480727314949036,1.0
1114.2239990234375,835.8492431640625,1430.810302734375,1077.60986328125,18.0,0.908298909664154,2.0
802.6494750976562,905.512451171875,2051.948486328125,1272.85986328125,1.0,0.9482611417770386,1.0
1116.360107421875,836.4744262695312,1432.4547119140625,1076.6468505859375,18.0,0.9050635695457458,2.0
802.201904296875,905.9224243164062,2052.710693359375,1273.0264892578125,1.0,0.9479765892028809,1.0
1114.6219482421875,837.4388427734375,1448.7496337890625,1073.778076171875,18.0,0.8993101716041565,2.0
801.65966796875,906.0953369140625,2053.071044921875,1273.15625,1.0,0.9482553005218506,1.0
1113.21484375,836.8698120117188,1457.5992431640625,1073.7108154296875,18.0,0.9008593559265137,2.0
801.491455078125,905.80517578125,2053.26806640625,1273.1444091796875,1.0,0.9483938217163086,1.0
1111.3402099609375,836.2230224609375,1463.5128173828125,1073.6646728515625,18.0,0.9033206701278687,2.0
801.6286010742188,905.7875366210938,2053.39453125,1273.1925048828125,1.0,0.948183000087738,1.0
1109.6993408203125,836.067626953125,1465.42236328125,1074.117431640625,18.0,0.9018614292144775,2.0
801.4622192382812,905.603515625,2053.519287109375,1273.221923828125,1.0,0.9479949474334717,1.0
1108.698486328125,835.8765869140625,1468.279052734375,1074.23291015625,18.0,0.9020821452140808,2.0
801.4668579101562,905.9954223632812,2053.40869140625,1273.215576171875,1.0,0.9484250545501709,1.0
1107.7059326171875,836.0045166015625,1469.1192626953125,1074.0546875,18.0,0.9024533629417419,2.0
801.5193481445312,905.8707885742188,2053.466064453125,1273.232666015625,1.0,0.9484161138534546,1.0
1105.9083251953125,836.1451416015625,1468.9525146484375,1074.231689453125,18.0,0.9017958641052246,2.0
801.537109375,906.11279296875,2053.421630859375,1273.1561279296875,1.0,0.948586106300354,1.0
1104.8719482421875,836.27294921875,1468.2515869140625,1074.6661376953125,18.0,0.9023619294166565,2.0
801.552490234375,906.1455688476562,2053.444091796875,1273.1375732421875,1.0,0.9484807848930359,1.0
1104.4840087890625,836.4822998046875,1467.602783203125,1075.3763427734375,18.0,0.8985689878463745,2.0
801.5977783203125,906.5234375,2053.622314453125,1273.21484375,1.0,0.948526918888092,1.0
1104.858154296875,837.5645751953125,1467.3714599609375,1074.783203125,18.0,0.8992790579795837,2.0
801.775390625,906.517333984375,2053.463134765625,1273.235595703125,1.0,0.9486095309257507,1.0
1104.1221923828125,844.2918701171875,1458.1070556640625,1076.7301025390625,18.0,0.906528651714325,2.0
801.8005981445312,906.305419921875,2053.4736328125,1273.1419677734375,1.0,0.9487583041191101,1.0
1108.646484375,840.8153076171875,1432.87255859375,1078.7225341796875,18.0,0.9044703841209412,2.0
802.0323486328125,906.9866943359375,2053.2412109375,1272.9886474609375,1.0,0.9478787183761597,1.0
1116.696044921875,834.4627075195312,1420.916015625,1079.524169921875,18.0,0.8969531655311584,2.0
802.0736694335938,907.2415771484375,2053.177978515625,1273.1212158203125,1.0,0.9482065439224243,1.0
1121.1605224609375,831.7432250976562,1415.6082763671875,1079.889404296875,18.0,0.8996448516845703,2.0
802.1419067382812,907.2789306640625,2053.083740234375,1273.17431640625,1.0,0.9483886957168579,1.0
1120.552490234375,829.8452758789062,1413.7677001953125,1080.0572509765625,18.0,0.9004241228103638,2.0
802.215087890625,907.30517578125,2053.108154296875,1273.2347412109375,1.0,0.9482207894325256,1.0
1118.66064453125,829.4812622070312,1412.641357421875,1080.0289306640625,18.0,0.905425488948822,2.0
802.3466186523438,907.4677734375,2053.084228515625,1273.259765625,1.0,0.948183000087738,1.0
1116.8284912109375,829.305419921875,1412.0830078125,1079.6412353515625,18.0,0.9084662795066833,2.0
802.4065551757812,907.283935546875,2053.12255859375,1273.1834716796875,1.0,0.9478856325149536,1.0
1121.919677734375,830.4199829101562,1409.9124755859375,1079.4288330078125,18.0,0.9071545600891113,2.0
802.578857421875,907.0656127929688,2052.06640625,1272.99072265625,1.0,0.9471742510795593,1.0
1185.6781005859375,822.2822265625,1408.6180419921875,1080.4715576171875,18.0,0.9157640933990479,2.0
802.4956665039062,906.0250244140625,2051.486328125,1273.0645751953125,1.0,0.9472011923789978,1.0
1184.911865234375,810.3436279296875,1432.0848388671875,1059.4891357421875,18.0,0.8839537501335144,2.0
801.9906005859375,906.4605102539062,2051.369140625,1272.9429931640625,1.0,0.9448838829994202,1.0
1159.2052001953125,826.3084106445312,1516.57080078125,1071.953369140625,18.0,0.9344350099563599,2.0
801.2371215820312,906.6489868164062,2052.342529296875,1273.2247314453125,1.0,0.9479464888572693,1.0
1146.0845947265625,838.6520385742188,1574.21435546875,1077.94140625,18.0,0.9002622961997986,2.0
800.994873046875,905.7932739257812,2052.796142578125,1273.4525146484375,1.0,0.949492335319519,1.0
1139.2603759765625,841.3781127929688,1601.393310546875,1081.47021484375,18.0,0.9074738025665283,2.0
800.8181762695312,905.5509033203125,2053.07763671875,1273.5682373046875,1.0,0.9489626884460449,1.0
1136.38427734375,842.5167846679688,1605.568115234375,1083.2955322265625,18.0,0.9103106260299683,2.0
800.8009643554688,905.5555419921875,2053.10107421875,1273.5040283203125,1.0,0.9490760564804077,1.0
1134.7574462890625,843.6871337890625,1606.19970703125,1083.8004150390625,18.0,0.9106147885322571,2.0
800.77880859375,905.6144409179688,2052.962890625,1273.4637451171875,1.0,0.948998749256134,1.0
1133.0130615234375,843.904296875,1604.8214111328125,1084.3555908203125,18.0,0.9084920883178711,2.0
800.6964111328125,905.7136840820312,2053.000244140625,1273.5399169921875,1.0,0.9490578770637512,1.0
1134.7005615234375,848.7345581054688,1607.4512939453125,1084.5712890625,18.0,0.9022535681724548,2.0
800.8486938476562,906.0457763671875,2053.021240234375,1273.5465087890625,1.0,0.9493556618690491,1.0
1130.74609375,862.5303955078125,1614.9949951171875,1084.843994140625,18.0,0.8690713047981262,2.0
800.92431640625,905.370361328125,2053.24755859375,1273.474365234375,1.0,0.9486927390098572,1.0
1131.8638916015625,868.3223266601562,1601.7052001953125,1084.0296630859375,18.0,0.8742334246635437,2.0
800.7935180664062,904.9775390625,2053.172119140625,1273.4556884765625,1.0,0.9486914873123169,1.0
1131.7320556640625,870.2615966796875,1596.0377197265625,1083.1885986328125,18.0,0.8745085597038269,2.0
800.753173828125,905.189697265625,2053.04541015625,1273.4837646484375,1.0,0.9485985636711121,1.0
1130.9716796875,870.44287109375,1593.5714111328125,1082.3875732421875,18.0,0.8707424998283386,2.0
800.75439453125,905.1876831054688,2053.06689453125,1273.3704833984375,1.0,0.9483354091644287,1.0
1130.7117919921875,870.3167724609375,1592.9085693359375,1082.3609619140625,18.0,0.8718715906143188,2.0
800.6298217773438,904.732666015625,2053.36328125,1273.427001953125,1.0,0.948214590549469,1.0
1129.850830078125,870.016845703125,1590.299560546875,1082.0894775390625,18.0,0.8701578378677368,2.0
800.8642578125,904.9033203125,2053.43310546875,1273.60205078125,1.0,0.9479793906211853,1.0
1120.4482421875,871.4736938476562,1603.9156494140625,1082.8634033203125,18.0,0.8619489669799805,2.0
801.0234985351562,905.0203247070312,2053.50390625,1273.6951904296875,1.0,0.9485683441162109,1.0
1111.012939453125,871.4796142578125,1609.98193359375,1081.8837890625,18.0,0.8715636730194092,2.0
800.8689575195312,905.0230712890625,2053.416748046875,1273.8511962890625,1.0,0.9484589099884033,1.0
1107.433837890625,871.1306762695312,1611.1744384765625,1081.9249267578125,18.0,0.8697023391723633,2.0
800.9034423828125,905.4649658203125,2053.437744140625,1273.8289794921875,1.0,0.9482774138450623,1.0
1106.060546875,870.553466796875,1611.170166015625,1082.1278076171875,18.0,0.8722505569458008,2.0
801.0735473632812,905.8848266601562,2053.52294921875,1273.876220703125,1.0,0.9483007788658142,1.0
1105.823486328125,870.2141723632812,1610.29296875,1082.227294921875,18.0,0.8738057613372803,2.0
801.065673828125,906.0956420898438,2053.57421875,1273.8485107421875,1.0,0.9482402205467224,1.0
1105.70703125,869.9642333984375,1610.5469970703125,1082.5286865234375,18.0,0.873643159866333,2.0
800.9684448242188,906.130126953125,2053.521240234375,1273.7984619140625,1.0,0.9486467242240906,1.0
1105.93505859375,869.7235107421875,1601.838134765625,1082.27783203125,18.0,0.8775091171264648,2.0
800.9179077148438,906.2260131835938,2053.40234375,1273.8145751953125,1.0,0.9483370184898376,1.0
1106.483154296875,869.7926025390625,1595.373779296875,1082.439453125,18.0,0.8790243268013,2.0
800.9445190429688,906.5050048828125,2053.2880859375,1273.8570556640625,1.0,0.9484184980392456,1.0
1105.503662109375,869.5796508789062,1594.984375,1082.5711669921875,18.0,0.8781988620758057,2.0
800.9178466796875,906.8841552734375,2053.393798828125,1273.905517578125,1.0,0.9483526945114136,1.0
1086.85595703125,864.6209106445312,1593.4815673828125,1082.5960693359375,18.0,0.8665603995323181,2.0
800.9420776367188,906.6594848632812,2053.2841796875,1273.6796875,1.0,0.9464602470397949,1.0
1079.360107421875,859.6162109375,1606.409423828125,1081.9085693359375,18.0,0.8611516356468201,2.0
800.9614868164062,906.1437377929688,2053.351806640625,1273.4683837890625,1.0,0.9466516971588135,1.0
1076.2767333984375,857.8314819335938,1609.490234375,1082.0732421875,18.0,0.8621508479118347,2.0
801.110107421875,905.9891357421875,2053.303466796875,1273.5118408203125,1.0,0.9466975927352905,1.0
1075.116943359375,856.8690795898438,1611.326416015625,1081.698974609375,18.0,0.8630245327949524,2.0
801.2334594726562,905.8922119140625,2053.27880859375,1273.53662109375,1.0,0.9463620185852051,1.0
1074.685302734375,856.4595336914062,1611.8656005859375,1081.672607421875,18.0,0.8612251877784729,2.0
801.1762084960938,905.7599487304688,2053.14990234375,1273.5203857421875,1.0,0.9466634392738342,1.0
1074.873046875,856.3931884765625,1611.3292236328125,1081.8277587890625,18.0,0.8636269569396973,2.0
801.0779418945312,905.35107421875,2053.16015625,1273.5614013671875,1.0,0.9459180235862732,1.0
1074.999755859375,856.059814453125,1604.592529296875,1081.6728515625,18.0,0.8657100796699524,2.0
801.1483764648438,904.9559326171875,2053.207763671875,1273.574462890625,1.0,0.9453092217445374,1.0
1075.6217041015625,858.091552734375,1604.9820556640625,1081.9666748046875,18.0,0.8653130531311035,2.0
801.1716918945312,904.7476806640625,2053.223388671875,1273.516845703125,1.0,0.9456634521484375,1.0
1076.1619873046875,862.6569213867188,1604.570556640625,1082.395263671875,18.0,0.8655065298080444,2.0
801.16943359375,904.3310546875,2053.19384765625,1273.5196533203125,1.0,0.9458775520324707,1.0
1076.908447265625,865.02001953125,1604.7364501953125,1082.52685546875,18.0,0.8646191954612732,2.0
801.2173461914062,903.8828125,2053.1806640625,1273.5125732421875,1.0,0.9461850523948669,1.0
1076.878662109375,865.6728515625,1603.412841796875,1082.85595703125,18.0,0.8667196035385132,2.0
801.0447998046875,903.8866577148438,2053.37060546875,1273.5020751953125,1.0,0.9459674954414368,1.0
1077.0394287109375,866.2318725585938,1602.64599609375,1082.65380859375,18.0,0.8658287525177002,2.0
800.9664306640625,903.9918212890625,2053.54931640625,1273.571533203125,1.0,0.9463635087013245,1.0
1076.951416015625,866.258544921875,1604.493896484375,1082.6522216796875,18.0,0.8649134039878845,2.0
800.9391479492188,903.9864501953125,2053.71630859375,1273.5992431640625,1.0,0.9460920095443726,1.0
1076.8211669921875,865.9827880859375,1606.75927734375,1082.618896484375,18.0,0.8652201890945435,2.0
800.9144897460938,903.937744140625,2053.59619140625,1273.627197265625,1.0,0.9463143348693848,1.0
1076.5927734375,865.79833984375,1606.3944091796875,1082.7344970703125,18.0,0.8650749921798706,2.0
800.745849609375,903.8259887695312,2053.610595703125,1273.6102294921875,1.0,0.9463112354278564,1.0
1076.7044677734375,864.2171020507812,1603.8450927734375,1083.60400390625,18.0,0.8610504269599915,2.0
800.7044067382812,903.9144287109375,2053.5927734375,1273.5130615234375,1.0,0.9458960294723511,1.0
1074.1505126953125,863.360595703125,1550.5009765625,1075.5916748046875,18.0,0.8658605813980103,2.0
800.86865234375,904.287841796875,2053.7021484375,1273.4732666015625,1.0,0.9455435276031494,1.0
1055.7484130859375,871.4193725585938,1571.7529296875,1076.863525390625,18.0,0.853465735912323,2.0
801.0374145507812,904.7683715820312,2053.748291015625,1273.65673828125,1.0,0.9470297694206238,1.0
1050.088134765625,859.0161743164062,1568.3763427734375,1077.1693115234375,18.0,0.8808028697967529,2.0
801.143310546875,905.6428833007812,2053.49072265625,1273.843017578125,1.0,0.9475204348564148,1.0
1048.1329345703125,853.691650390625,1563.93115234375,1077.6507568359375,18.0,0.8835870027542114,2.0
801.1516723632812,905.59375,2053.14306640625,1273.8970947265625,1.0,0.9472158551216125,1.0
1047.3538818359375,850.8765258789062,1560.736083984375,1077.396484375,18.0,0.8858605623245239,2.0
801.220947265625,905.5839233398438,2052.96044921875,1273.8697509765625,1.0,0.9475311636924744,1.0
1047.4359130859375,848.6878662109375,1553.7347412109375,1077.316650390625,18.0,0.8910524249076843,2.0
801.663330078125,907.110107421875,2053.085205078125,1273.8848876953125,1.0,0.9480096101760864,1.0
1046.8466796875,848.7162475585938,1550.48291015625,1077.5433349609375,18.0,0.8882132172584534,2.0
801.71923828125,907.574951171875,2053.11865234375,1273.8477783203125,1.0,0.9480656385421753,1.0
1045.4913330078125,866.2815551757812,1555.11474609375,1078.525634765625,18.0,0.8574222922325134,2.0
801.8251342773438,907.1925048828125,2053.20068359375,1273.896484375,1.0,0.9449566602706909,1.0
1047.97705078125,878.9284057617188,1560.022705078125,1079.9290771484375,18.0,0.8441130518913269,2.0
802.0547485351562,905.7335815429688,2053.115234375,1274.1497802734375,1.0,0.9459818005561829,1.0
1047.6375732421875,884.146728515625,1556.9564208984375,1079.7542724609375,18.0,0.8456123471260071,2.0
802.0355834960938,905.0665283203125,2052.9375,1274.155029296875,1.0,0.9460932016372681,1.0
1046.485595703125,887.5814819335938,1552.1710205078125,1079.7056884765625,18.0,0.8438719511032104,2.0
801.7777099609375,904.22119140625,2052.990478515625,1274.2862548828125,1.0,0.9458634853363037,1.0
1043.424072265625,894.6614379882812,1561.4654541015625,1080.1728515625,18.0,0.8160255551338196,2.0
801.5337524414062,903.9385375976562,2053.05078125,1274.64208984375,1.0,0.9451014399528503,1.0
1042.8209228515625,897.3497924804688,1565.1845703125,1081.435546875,18.0,0.8165416717529297,2.0
801.4049072265625,904.1298828125,2053.128173828125,1274.72265625,1.0,0.9457200765609741,1.0
1045.052978515625,896.3692016601562,1548.969482421875,1082.25439453125,18.0,0.8206229209899902,2.0
801.3713989257812,903.8380737304688,2053.318603515625,1274.564697265625,1.0,0.9461089968681335,1.0
1045.68896484375,894.47509765625,1555.1900634765625,1080.468994140625,18.0,0.8307287693023682,2.0
801.4754028320312,904.1237182617188,2053.274169921875,1274.21826171875,1.0,0.9464536309242249,1.0
1043.8228759765625,893.2498779296875,1560.7701416015625,1079.72607421875,18.0,0.829628050327301,2.0
801.6302490234375,904.1573486328125,2053.3505859375,1274.136962890625,1.0,0.946364164352417,1.0
1044.0267333984375,893.0767211914062,1564.3048095703125,1080.0966796875,18.0,0.8322189450263977,2.0
801.5796508789062,903.8355102539062,2053.441162109375,1274.145263671875,1.0,0.9462794065475464,1.0
1043.29736328125,892.6749877929688,1561.6756591796875,1079.1700439453125,18.0,0.8378860950469971,2.0
801.45068359375,904.0096435546875,2053.432861328125,1274.1884765625,1.0,0.9465948343276978,1.0
1044.3695068359375,892.3036499023438,1558.7269287109375,1079.0667724609375,18.0,0.8407225012779236,2.0
801.3140258789062,904.3350830078125,2053.438720703125,1274.252685546875,1.0,0.9464901685714722,1.0
1044.3763427734375,892.106689453125,1557.1370849609375,1078.4866943359375,18.0,0.840793251991272,2.0
801.556640625,904.395263671875,2053.436279296875,1274.3031005859375,1.0,0.9462669491767883,1.0
1042.724853515625,892.203125,1555.5673828125,1079.298583984375,18.0,0.8417081236839294,2.0
801.47802734375,903.8933715820312,2053.376708984375,1274.3311767578125,1.0,0.9461896419525146,1.0
1042.5408935546875,892.0485229492188,1551.9373779296875,1079.3521728515625,18.0,0.8409824371337891,2.0
801.4783325195312,903.5852661132812,2053.467529296875,1274.2552490234375,1.0,0.946380078792572,1.0
1039.7657470703125,893.05810546875,1558.4129638671875,1079.8980712890625,18.0,0.8328781723976135,2.0
801.714111328125,903.5147094726562,2053.58154296875,1274.634521484375,1.0,0.9456112384796143,1.0
1044.549560546875,896.11279296875,1563.252197265625,1080.2349853515625,18.0,0.8201140761375427,2.0
801.5846557617188,903.8194580078125,2053.649169921875,1274.94287109375,1.0,0.9450175762176514,1.0
1049.1395263671875,896.8441162109375,1557.953857421875,1080.82177734375,18.0,0.8347918391227722,2.0
801.70166015625,904.4747314453125,2053.474609375,1274.7899169921875,1.0,0.9466102123260498,1.0
1051.2642822265625,893.8751220703125,1555.633544921875,1079.6746826171875,18.0,0.8444886207580566,2.0
801.737548828125,905.4452514648438,2053.453369140625,1274.464111328125,1.0,0.9464284777641296,1.0
1051.396728515625,891.7862548828125,1557.838623046875,1079.8704833984375,18.0,0.8407432436943054,2.0
801.8340454101562,905.1927490234375,2053.392333984375,1274.2423095703125,1.0,0.9460210800170898,1.0
1051.32177734375,890.6962890625,1558.30322265625,1079.8956298828125,18.0,0.8419356942176819,2.0
801.9224853515625,904.6594848632812,2053.553955078125,1273.9981689453125,1.0,0.9464920163154602,1.0
1051.4600830078125,889.884765625,1556.38623046875,1080.28271484375,18.0,0.842953085899353,2.0
802.0189819335938,904.2971801757812,2053.456787109375,1273.937744140625,1.0,0.9465134739875793,1.0
1050.7596435546875,888.5597534179688,1551.4237060546875,1079.82861328125,18.0,0.8470035791397095,2.0
802.0586547851562,904.1503295898438,2053.434814453125,1274.0242919921875,1.0,0.9463521242141724,1.0
1050.8662109375,887.9695434570312,1548.1910400390625,1079.87646484375,18.0,0.8471333980560303,2.0
802.0993041992188,904.291748046875,2053.182861328125,1274.0716552734375,1.0,0.9461612701416016,1.0
1054.3447265625,888.658203125,1549.141845703125,1080.9588623046875,18.0,0.8504869341850281,2.0
802.023681640625,904.3756713867188,2052.970458984375,1274.099365234375,1.0,0.9465146064758301,1.0
1050.809326171875,889.0943603515625,1548.575439453125,1080.990478515625,18.0,0.8468552231788635,2.0
802.0083618164062,904.0707397460938,2053.037841796875,1274.0274658203125,1.0,0.9461737275123596,1.0
1048.657958984375,888.8775634765625,1550.5452880859375,1080.836181640625,18.0,0.8458737134933472,2.0
801.9378662109375,904.1072387695312,2053.1884765625,1274.0491943359375,1.0,0.9459137320518494,1.0
1047.5518798828125,888.8911743164062,1551.913330078125,1080.237548828125,18.0,0.8450315594673157,2.0
801.8984375,903.9931640625,2053.21923828125,1274.0367431640625,1.0,0.9459307193756104,1.0
1046.4813232421875,888.5051879882812,1551.2093505859375,1080.7498779296875,18.0,0.8448694348335266,2.0
801.7177734375,903.784912109375,2053.100341796875,1274.1279296875,1.0,0.9457758665084839,1.0
1045.8660888671875,888.2640380859375,1550.6317138671875,1081.1568603515625,18.0,0.8451071381568909,2.0
801.6436767578125,903.5040283203125,2053.102783203125,1274.2059326171875,1.0,0.9455834031105042,1.0
1045.38525390625,887.9826049804688,1550.87353515625,1080.9005126953125,18.0,0.8448596596717834,2.0
801.4523315429688,903.0113525390625,2052.868896484375,1274.10400390625,1.0,0.9456151723861694,1.0
1042.9063720703125,888.6865234375,1554.9586181640625,1080.876220703125,18.0,0.8354406952857971,2.0
801.4375610351562,902.9476318359375,2052.896484375,1274.1573486328125,1.0,0.9455164670944214,1.0
1034.7659912109375,891.4583740234375,1555.7802734375,1081.05322265625,18.0,0.8272653818130493,2.0
801.2106323242188,902.8447265625,2052.779052734375,1274.2689208984375,1.0,0.9450907111167908,1.0
1030.1451416015625,892.3733520507812,1555.99365234375,1080.9969482421875,18.0,0.8264461755752563,2.0
801.1719970703125,902.8663940429688,2052.771240234375,1274.3502197265625,1.0,0.945145845413208,1.0
1030.0606689453125,892.5493774414062,1553.029052734375,1081.45654296875,18.0,0.8265417814254761,2.0
801.1246337890625,903.072998046875,2052.734130859375,1274.458984375,1.0,0.9449788928031921,1.0
1028.7525634765625,892.4137573242188,1553.6661376953125,1080.9989013671875,18.0,0.8263920545578003,2.0
801.0440673828125,903.310546875,2052.645263671875,1274.5274658203125,1.0,0.9447510242462158,1.0
1027.371826171875,892.36376953125,1552.3885498046875,1081.1956787109375,18.0,0.8268086314201355,2.0
800.9442138671875,903.4309692382812,2052.733154296875,1274.4544677734375,1.0,0.944968581199646,1.0
1027.445068359375,892.158935546875,1551.5107421875,1081.2342529296875,18.0,0.8282215595245361,2.0
800.82421875,903.3802490234375,2052.822509765625,1274.352783203125,1.0,0.9451536536216736,1.0
1026.589599609375,892.1388549804688,1552.257080078125,1081.246826171875,18.0,0.8284770846366882,2.0
800.9386596679688,903.3822631835938,2052.899169921875,1274.34033203125,1.0,0.9451301097869873,1.0
1026.4337158203125,891.8045043945312,1551.7440185546875,1080.814453125,18.0,0.829955518245697,2.0
800.8898315429688,903.6322021484375,2053.0263671875,1274.4410400390625,1.0,0.9454421997070312,1.0
1036.1358642578125,891.4273071289062,1549.7784423828125,1080.7740478515625,18.0,0.837149977684021,2.0
800.99658203125,903.2213134765625,2053.117431640625,1274.5078125,1.0,0.9459133148193359,1.0
1041.2427978515625,890.8268432617188,1550.7244873046875,1079.8856201171875,18.0,0.838779866695404,2.0
801.1542358398438,903.276123046875,2053.092529296875,1274.3370361328125,1.0,0.9460027813911438,1.0
1041.851318359375,889.1370849609375,1549.5234375,1079.3253173828125,18.0,0.847791850566864,2.0
801.3995361328125,903.3431396484375,2053.03564453125,1273.9847412109375,1.0,0.946607768535614,1.0
1041.8265380859375,888.1121215820312,1548.918701171875,1079.215087890625,18.0,0.8461725115776062,2.0
801.5567016601562,903.5219116210938,2053.314453125,1273.8272705078125,1.0,0.9468370676040649,1.0
1041.36376953125,887.6174926757812,1549.8260498046875,1079.189453125,18.0,0.8457440733909607,2.0
801.6952514648438,903.6461181640625,2053.2548828125,1273.7421875,1.0,0.9464923143386841,1.0
1041.13134765625,887.644775390625,1551.0562744140625,1078.9874267578125,18.0,0.8455487489700317,2.0
801.7053833007812,903.6810302734375,2053.144287109375,1273.7169189453125,1.0,0.9465962052345276,1.0
1041.3212890625,887.1232299804688,1550.9815673828125,1078.9417724609375,18.0,0.8464755415916443,2.0
801.6863403320312,903.7320556640625,2053.233642578125,1273.7628173828125,1.0,0.9463986754417419,1.0
1040.95263671875,886.8682250976562,1550.003662109375,1079.134521484375,18.0,0.8455424308776855,2.0
801.8045043945312,903.826904296875,2053.28662109375,1273.837890625,1.0,0.9462975859642029,1.0
1040.6864013671875,886.8652954101562,1550.595947265625,1079.1937255859375,18.0,0.8462691307067871,2.0
801.6959228515625,903.7543334960938,2053.38671875,1273.9066162109375,1.0,0.9462229609489441,1.0
1039.3089599609375,886.92919921875,1550.54248046875,1078.1329345703125,18.0,0.8402408361434937,2.0
801.632568359375,903.6737670898438,2053.2783203125,1273.9671630859375,1.0,0.9453811645507812,1.0
1038.0015869140625,887.7003173828125,1547.7899169921875,1079.035400390625,18.0,0.8396134972572327,2.0
801.6345825195312,903.7487182617188,2053.3134765625,1274.1029052734375,1.0,0.9452717304229736,1.0
1036.376953125,887.783935546875,1546.10205078125,1079.45458984375,18.0,0.8406485319137573,2.0
801.6100463867188,904.0618896484375,2053.176025390625,1274.1785888671875,1.0,0.9454988837242126,1.0
1036.4710693359375,887.7970581054688,1546.272705078125,1079.3646240234375,18.0,0.8420318961143494,2.0
801.447265625,904.0425415039062,2053.160400390625,1274.1995849609375,1.0,0.9453523755073547,1.0
1035.2724609375,887.2756958007812,1547.1051025390625,1078.492919921875,18.0,0.8394439816474915,2.0
801.3121337890625,903.655517578125,2052.975341796875,1274.149169921875,1.0,0.945356011390686,1.0
1037.5582275390625,887.49658203125,1543.8194580078125,1078.6224365234375,18.0,0.846909761428833,2.0
801.5546875,903.8154907226562,2053.038330078125,1273.8885498046875,1.0,0.9450968503952026,1.0
1027.505126953125,885.8746337890625,1541.05859375,1077.283935546875,18.0,0.8482946157455444,2.0
801.6281127929688,903.9760131835938,2053.092041015625,1273.7269287109375,1.0,0.9449057579040527,1.0
1016.238037109375,883.530517578125,1540.1773681640625,1078.121337890625,18.0,0.8365319967269897,2.0
801.6597900390625,903.8844604492188,2053.067138671875,1273.68701171875,1.0,0.9447423219680786,1.0
1014.9805297851562,883.1827392578125,1542.2724609375,1076.94775390625,18.0,0.837360680103302,2.0
801.82373046875,903.81982421875,2052.919189453125,1273.6678466796875,1.0,0.9446115493774414,1.0
1011.3331298828125,882.15673828125,1541.660888671875,1077.9642333984375,18.0,0.8366870284080505,2.0
801.2617797851562,904.2760009765625,2053.01318359375,1273.63818359375,1.0,0.9448499083518982,1.0
1010.5826416015625,881.8255615234375,1539.9288330078125,1078.2252197265625,18.0,0.8384819030761719,2.0
801.1746215820312,904.4296264648438,2053.166748046875,1273.7337646484375,1.0,0.944822371006012,1.0
1009.769775390625,881.9633178710938,1539.745361328125,1078.37060546875,18.0,0.8382146954536438,2.0
801.1342163085938,904.2498779296875,2053.199462890625,1273.664306640625,1.0,0.9448322653770447,1.0
1019.3078002929688,884.2026977539062,1545.5443115234375,1076.8526611328125,18.0,0.8420562148094177,2.0
801.1942749023438,905.5220947265625,2053.019775390625,1273.706787109375,1.0,0.9456285834312439,1.0
1020.4191284179688,894.2796020507812,1533.504150390625,1079.0281982421875,18.0,0.8145214915275574,2.0
801.3522338867188,905.9970703125,2052.9560546875,1274.1146240234375,1.0,0.9425593018531799,1.0
1013.9999389648438,901.6992797851562,1521.6090087890625,1082.0091552734375,18.0,0.8247858881950378,2.0
800.5830078125,901.9268798828125,2052.0712890625,1274.303466796875,1.0,0.9433161020278931,1.0
1009.145263671875,900.37451171875,1500.4017333984375,1079.651611328125,18.0,0.841157853603363,2.0
800.26611328125,900.1024780273438,2051.862548828125,1274.4658203125,1.0,0.9419143199920654,1.0
1007.9078369140625,897.0794677734375,1487.7164306640625,1078.3040771484375,18.0,0.8515227437019348,2.0
800.0367431640625,899.8991088867188,2051.730224609375,1274.551513671875,1.0,0.9416834115982056,1.0
1004.8711547851562,891.5734252929688,1478.20654296875,1079.5611572265625,18.0,0.8557984232902527,2.0
800.9490356445312,900.83154296875,2052.062744140625,1274.7679443359375,1.0,0.9419488310813904,1.0
999.9273071289062,887.8677978515625,1475.0594482421875,1078.9603271484375,18.0,0.8653777837753296,2.0
801.3026733398438,901.1094970703125,2052.147705078125,1274.656982421875,1.0,0.9418415427207947,1.0
993.6943969726562,897.2064819335938,1479.271240234375,1077.8408203125,18.0,0.8248924016952515,2.0
800.533935546875,900.875,2051.87646484375,1274.5068359375,1.0,0.9412290453910828,1.0
997.5352172851562,904.9050903320312,1491.1785888671875,1078.8568115234375,18.0,0.8251461386680603,2.0
801.5252075195312,903.1815795898438,2052.322021484375,1274.6732177734375,1.0,0.9414604306221008,1.0
1003.4691162109375,907.4443969726562,1492.9801025390625,1078.133544921875,18.0,0.8361837863922119,2.0
801.6677856445312,904.005859375,2052.375732421875,1274.49072265625,1.0,0.9421972036361694,1.0
1021.6657104492188,887.6876831054688,1481.0213623046875,1074.6051025390625,18.0,0.8742532730102539,2.0
801.9121704101562,906.4868774414062,2052.28466796875,1274.189697265625,1.0,0.9406031370162964,1.0
1035.9705810546875,864.9417724609375,1475.3382568359375,1074.449462890625,18.0,0.8885611295700073,2.0
801.888671875,908.3482666015625,2052.184326171875,1274.0662841796875,1.0,0.940032422542572,1.0
1043.6910400390625,854.7877807617188,1476.6229248046875,1073.113037109375,18.0,0.884880542755127,2.0
801.5426025390625,908.5219116210938,2052.91943359375,1273.9566650390625,1.0,0.9418218731880188,1.0
1046.1094970703125,850.4923706054688,1482.01123046875,1071.796875,18.0,0.880561113357544,2.0
801.5662841796875,908.2974243164062,2053.083251953125,1273.941650390625,1.0,0.941453218460083,1.0
1046.852783203125,848.55615234375,1481.6199951171875,1071.588623046875,18.0,0.8829150199890137,2.0
801.6375732421875,908.3671875,2053.085693359375,1273.9228515625,1.0,0.9423865675926208,1.0
1044.691162109375,850.5672607421875,1486.5684814453125,1072.961181640625,18.0,0.8808611631393433,2.0
801.88916015625,908.8193359375,2053.16357421875,1273.763427734375,1.0,0.9439548850059509,1.0
1005.6649169921875,864.7872924804688,1472.63232421875,1074.4078369140625,18.0,0.8664008975028992,2.0
802.161376953125,905.80908203125,2053.152587890625,1273.7852783203125,1.0,0.9432774782180786,1.0
985.4851684570312,866.8916625976562,1492.376220703125,1074.3878173828125,18.0,0.8738182783126831,2.0
802.4912719726562,906.4368286132812,2052.884765625,1273.5814208984375,1.0,0.9413624405860901,1.0
977.4660034179688,865.607177734375,1499.2479248046875,1073.9326171875,18.0,0.877324104309082,2.0
802.5739135742188,906.0270385742188,2052.828857421875,1273.4488525390625,1.0,0.9422048330307007,1.0
974.2959594726562,864.4763793945312,1502.1759033203125,1073.2867431640625,18.0,0.8739602565765381,2.0
802.522216796875,905.947021484375,2052.69921875,1273.3408203125,1.0,0.9421318173408508,1.0
973.8980712890625,864.0493774414062,1502.6053466796875,1072.857421875,18.0,0.8759391903877258,2.0
802.5668334960938,905.8448486328125,2052.771728515625,1273.3358154296875,1.0,0.9427032470703125,1.0
977.8255615234375,865.854248046875,1504.6259765625,1072.829345703125,18.0,0.8744246959686279,2.0
802.320556640625,905.0045776367188,2052.8310546875,1273.3289794921875,1.0,0.9425039291381836,1.0
979.5661010742188,872.3779296875,1505.658203125,1072.76123046875,18.0,0.8660825490951538,2.0
801.9791870117188,903.8007202148438,2052.682861328125,1273.21435546875,1.0,0.9421442151069641,1.0
979.4910278320312,874.8687744140625,1504.944091796875,1072.1607666015625,18.0,0.8634821176528931,2.0
801.915771484375,903.497802734375,2052.585693359375,1273.2139892578125,1.0,0.9420079588890076,1.0
979.6749877929688,875.716796875,1504.014404296875,1071.7255859375,18.0,0.8638147711753845,2.0
801.779541015625,903.3569946289062,2052.578125,1273.189697265625,1.0,0.9420052766799927,1.0
979.9133911132812,875.9146118164062,1503.8922119140625,1072.0050048828125,18.0,0.862427830696106,2.0
801.8758544921875,903.365478515625,2052.617431640625,1273.337158203125,1.0,0.9419068098068237,1.0
981.0714111328125,875.6222534179688,1502.8917236328125,1074.411376953125,18.0,0.8620277047157288,2.0
802.4075317382812,905.3788452148438,2052.4580078125,1273.545654296875,1.0,0.942208468914032,1.0
983.3745727539062,872.3755493164062,1498.753173828125,1074.816650390625,18.0,0.8702208399772644,2.0
802.5980834960938,905.8416748046875,2052.293701171875,1273.661865234375,1.0,0.9437273144721985,1.0
983.4954223632812,871.4487915039062,1498.1429443359375,1075.1358642578125,18.0,0.8699830770492554,2.0
802.5729370117188,906.104736328125,2052.45361328125,1273.60498046875,1.0,0.9436463117599487,1.0
983.5344848632812,871.1453247070312,1497.2264404296875,1074.987060546875,18.0,0.8688705563545227,2.0
802.6605224609375,906.161376953125,2052.50830078125,1273.6702880859375,1.0,0.9436438679695129,1.0
989.1029663085938,873.0338745117188,1495.36474609375,1074.6611328125,18.0,0.8708220720291138,2.0
802.5697631835938,905.7863159179688,2052.303466796875,1273.8758544921875,1.0,0.9429908394813538,1.0
1017.4004516601562,869.2205200195312,1428.6722412109375,1068.605712890625,18.0,0.9126901030540466,2.0
802.4906616210938,908.1213989257812,2052.51806640625,1273.8883056640625,1.0,0.9452523589134216,1.0
1042.783935546875,867.3026733398438,1377.8184814453125,1057.94580078125,18.0,0.8943798542022705,2.0
802.5430908203125,910.0928955078125,2052.287841796875,1274.075927734375,1.0,0.9468697309494019,1.0
1050.6710205078125,868.5823364257812,1292.2235107421875,1066.569091796875,18.0,0.9157044291496277,2.0
802.7246704101562,909.8953247070312,2052.179931640625,1274.3568115234375,1.0,0.9464457631111145,1.0
1058.322265625,865.0296630859375,1240.68017578125,1069.21630859375,18.0,0.8911493420600891,2.0
802.8460083007812,909.802734375,2052.110107421875,1274.24658203125,1.0,0.9439067840576172,1.0
1063.969970703125,863.4541015625,1225.667236328125,1066.48583984375,18.0,0.8860077261924744,2.0
802.806396484375,909.9346923828125,2052.247314453125,1274.16845703125,1.0,0.9429425001144409,1.0
1066.45361328125,862.864013671875,1223.8951416015625,1065.5982666015625,18.0,0.8907562494277954,2.0
802.8988647460938,909.8510131835938,2052.318359375,1274.1552734375,1.0,0.9434858560562134,1.0
1066.7122802734375,862.7427978515625,1222.66064453125,1064.5638427734375,18.0,0.898510754108429,2.0
802.9282836914062,909.8109741210938,2052.3896484375,1274.058837890625,1.0,0.9427058100700378,1.0
1066.5755615234375,862.3523559570312,1221.651611328125,1063.387451171875,18.0,0.898475170135498,2.0
802.848876953125,909.9443969726562,2052.5244140625,1274.0322265625,1.0,0.9428930282592773,1.0
1065.4639892578125,861.9684448242188,1221.7392578125,1064.0909423828125,18.0,0.9008913040161133,2.0
802.8075561523438,910.0730590820312,2052.41162109375,1274.086181640625,1.0,0.9431775808334351,1.0
1065.3751220703125,863.9423217773438,1223.2646484375,1064.1556396484375,18.0,0.8969281315803528,2.0
802.5590209960938,910.1167602539062,2052.473388671875,1274.059326171875,1.0,0.9433555603027344,1.0
1064.86474609375,863.4623413085938,1222.720703125,1065.326904296875,18.0,0.8932426571846008,2.0
802.5853271484375,910.154052734375,2052.515625,1274.0712890625,1.0,0.9438841342926025,1.0
1064.2835693359375,862.749267578125,1219.4273681640625,1065.68798828125,18.0,0.8958874344825745,2.0
802.1417236328125,910.2841186523438,2052.50390625,1273.9053955078125,1.0,0.9433686137199402,1.0
1063.015869140625,862.271240234375,1218.8743896484375,1065.4107666015625,18.0,0.8962092995643616,2.0
802.1641845703125,910.3304443359375,2052.63037109375,1273.7923583984375,1.0,0.9446044564247131,1.0
1062.5225830078125,862.0726928710938,1218.6573486328125,1064.74755859375,18.0,0.8981364369392395,2.0
802.1912841796875,910.5384521484375,2052.570068359375,1273.8831787109375,1.0,0.9441835284233093,1.0
1062.3143310546875,862.0259399414062,1218.7115478515625,1065.376220703125,18.0,0.8967476487159729,2.0
802.2564086914062,910.4796142578125,2052.566162109375,1273.941650390625,1.0,0.944023072719574,1.0
1061.345703125,862.1329345703125,1219.926025390625,1065.9891357421875,18.0,0.8962774872779846,2.0
802.114990234375,910.2555541992188,2052.7841796875,1273.932861328125,1.0,0.9442940950393677,1.0
1058.39501953125,861.9342651367188,1219.4051513671875,1065.9561767578125,18.0,0.8963748216629028,2.0
802.2063598632812,909.9474487304688,2052.850830078125,1273.9520263671875,1.0,0.9445056319236755,1.0
1056.562255859375,862.4305419921875,1218.0982666015625,1065.568603515625,18.0,0.8889133930206299,2.0
802.3530883789062,909.9120483398438,2052.8154296875,1273.8763427734375,1.0,0.9435123801231384,1.0
1053.0328369140625,858.5245971679688,1222.3751220703125,1066.07080078125,18.0,0.8940370082855225,2.0
802.392822265625,910.1069946289062,2052.76611328125,1273.8052978515625,1.0,0.9441498517990112,1.0
1050.6229248046875,855.6903076171875,1226.6112060546875,1065.724853515625,18.0,0.8931791186332703,2.0
802.4290161132812,910.1738891601562,2052.953369140625,1273.8310546875,1.0,0.9440830945968628,1.0
1049.6033935546875,854.8087158203125,1228.4468994140625,1065.6907958984375,18.0,0.8945363163948059,2.0
802.4678344726562,910.2991333007812,2053.095703125,1273.9461669921875,1.0,0.9443061947822571,1.0
1048.5887451171875,854.514404296875,1229.3121337890625,1065.738037109375,18.0,0.895972490310669,2.0
802.6312866210938,910.21337890625,2053.09521484375,1273.938232421875,1.0,0.9442273378372192,1.0
1048.26806640625,854.44189453125,1229.510009765625,1065.800537109375,18.0,0.8953397274017334,2.0
802.8163452148438,910.1322021484375,2053.026611328125,1273.988037109375,1.0,0.9446208477020264,1.0
1047.461181640625,854.5187377929688,1231.0264892578125,1065.4132080078125,18.0,0.89853435754776,2.0
802.6640014648438,909.901611328125,2052.905029296875,1274.0308837890625,1.0,0.9446688890457153,1.0
1045.5950927734375,856.2572631835938,1238.600341796875,1064.174072265625,18.0,0.9030645489692688,2.0
802.6076049804688,909.7015991210938,2052.76708984375,1274.0592041015625,1.0,0.9443029165267944,1.0
1019.3592529296875,860.594482421875,1276.135498046875,1064.0994873046875,18.0,0.9406751394271851,2.0
803.2142333984375,909.3208618164062,2052.59912109375,1273.88916015625,1.0,0.9446694254875183,1.0
999.7552490234375,852.3234252929688,1335.7467041015625,1064.7838134765625,18.0,0.9267269372940063,2.0
802.920654296875,909.8057861328125,2052.577392578125,1273.7958984375,1.0,0.9468144774436951,1.0
989.5709228515625,848.6884155273438,1360.2823486328125,1064.513671875,18.0,0.9232171773910522,2.0
802.88330078125,910.2081298828125,2052.50146484375,1273.75537109375,1.0,0.9471298456192017,1.0
984.918701171875,847.1622924804688,1369.23828125,1064.812255859375,18.0,0.9261198043823242,2.0
803.0303344726562,910.4392700195312,2052.356689453125,1273.67822265625,1.0,0.9470630288124084,1.0
983.4199829101562,846.4780883789062,1372.1368408203125,1064.145263671875,18.0,0.9293807148933411,2.0
803.3074340820312,910.61767578125,2052.496337890625,1273.58203125,1.0,0.946819543838501,1.0
983.0900268554688,846.3903198242188,1375.2774658203125,1063.9644775390625,18.0,0.9233421683311462,2.0
803.2826538085938,910.5967407226562,2052.642822265625,1273.6339111328125,1.0,0.9466715455055237,1.0
983.0567016601562,846.2005615234375,1374.4093017578125,1064.163818359375,18.0,0.9277576804161072,2.0
803.2019653320312,910.6563110351562,2052.646240234375,1273.6527099609375,1.0,0.9465879797935486,1.0
982.88671875,846.0306396484375,1373.5655517578125,1063.7725830078125,18.0,0.9270333647727966,2.0
803.3486328125,910.4908447265625,2052.510986328125,1273.5716552734375,1.0,0.9462205171585083,1.0
980.6679077148438,845.0509033203125,1373.3739013671875,1063.6124267578125,18.0,0.9238544702529907,2.0
802.9949340820312,909.9913940429688,2052.640380859375,1273.5469970703125,1.0,0.9462814331054688,1.0
1000.9057006835938,841.2208251953125,1369.574951171875,1062.74169921875,18.0,0.8953056931495667,2.0
802.5198974609375,909.9967041015625,2052.67919921875,1273.8729248046875,1.0,0.9447066783905029,1.0
1011.7462158203125,839.4378051757812,1367.455810546875,1062.4346923828125,18.0,0.9039881825447083,2.0
802.4730834960938,910.0603637695312,2052.6884765625,1274.0552978515625,1.0,0.9455564618110657,1.0
1016.0343627929688,838.2135009765625,1366.302001953125,1061.793212890625,18.0,0.9043692350387573,2.0
802.3843383789062,910.2351684570312,2052.656494140625,1274.1456298828125,1.0,0.9454686045646667,1.0
1017.5045166015625,837.858642578125,1365.79345703125,1061.621337890625,18.0,0.9066577553749084,2.0
802.3499145507812,910.1698608398438,2052.678466796875,1274.1217041015625,1.0,0.9457429051399231,1.0
1021.1849365234375,837.3224487304688,1362.5634765625,1060.78759765625,18.0,0.9067190885543823,2.0
802.4075927734375,909.9700927734375,2052.632568359375,1274.13427734375,1.0,0.9460653066635132,1.0
1029.755615234375,842.8301391601562,1319.9912109375,1071.599609375,18.0,0.8972766399383545,2.0
802.6204833984375,908.6920166015625,2052.4375,1273.96484375,1.0,0.9412209391593933,1.0
1043.7557373046875,839.6278686523438,1240.3670654296875,1069.768310546875,18.0,0.8926167488098145,2.0
802.5148315429688,910.2935180664062,2052.429931640625,1274.0421142578125,1.0,0.9384866952896118,1.0
1053.1810302734375,835.837646484375,1217.988037109375,1059.837158203125,18.0,0.8670052886009216,2.0
801.68603515625,911.2520141601562,2052.062255859375,1274.0037841796875,1.0,0.9385439157485962,1.0
1060.075927734375,836.2974243164062,1211.727294921875,1057.481689453125,18.0,0.8780192136764526,2.0
801.1937866210938,911.2081909179688,2052.041748046875,1274.0709228515625,1.0,0.9383596777915955,1.0
1065.9334716796875,836.4478149414062,1212.009521484375,1057.0372314453125,18.0,0.8788161873817444,2.0
801.0829467773438,911.4896240234375,2052.052490234375,1274.140869140625,1.0,0.9372680187225342,1.0
1069.2569580078125,837.9063110351562,1213.2041015625,1056.320068359375,18.0,0.8811171650886536,2.0
800.9430541992188,911.7554931640625,2051.91650390625,1274.246826171875,1.0,0.935487687587738,1.0
1069.7757568359375,838.7659301757812,1213.402587890625,1054.9637451171875,18.0,0.8814630508422852,2.0
800.8850708007812,911.8922119140625,2051.669921875,1274.066650390625,1.0,0.9349619746208191,1.0
1070.1923828125,838.7595825195312,1214.095458984375,1054.8631591796875,18.0,0.8811550140380859,2.0
800.9867553710938,911.8819580078125,2051.53564453125,1273.9144287109375,1.0,0.9355456829071045,1.0
1070.2266845703125,845.2352905273438,1215.0611572265625,1054.472412109375,18.0,0.8919149041175842,2.0
801.0760498046875,911.8744506835938,2051.6201171875,1273.8948974609375,1.0,0.9383431077003479,1.0
1070.49462890625,858.9210815429688,1216.5662841796875,1055.2283935546875,18.0,0.8936792612075806,2.0
801.3949584960938,911.8385009765625,2051.541015625,1273.9073486328125,1.0,0.9394024014472961,1.0
1071.38916015625,864.548583984375,1218.1077880859375,1056.472900390625,18.0,0.8954253792762756,2.0
801.8837280273438,911.4998779296875,2052.38232421875,1274.2430419921875,1.0,0.9407559633255005,1.0
1071.467529296875,866.40576171875,1218.9813232421875,1058.0750732421875,18.0,0.8976420164108276,2.0
802.0755004882812,911.3677978515625,2052.716064453125,1274.3118896484375,1.0,0.9413411021232605,1.0
1070.7479248046875,866.74560546875,1220.099853515625,1058.7706298828125,18.0,0.8968579173088074,2.0
802.1500854492188,911.22900390625,2052.87646484375,1274.4095458984375,1.0,0.9409564733505249,1.0
1070.2283935546875,866.9407348632812,1221.5540771484375,1058.447998046875,18.0,0.8978075385093689,2.0
802.2459106445312,911.3352661132812,2052.75048828125,1274.4141845703125,1.0,0.9409463405609131,1.0
1070.2921142578125,867.3347778320312,1224.04541015625,1057.4298095703125,18.0,0.8968292474746704,2.0
802.22900390625,911.5210571289062,2053.013427734375,1274.501953125,1.0,0.9416663646697998,1.0
1070.264404296875,867.4389038085938,1226.4920654296875,1056.9801025390625,18.0,0.8955392837524414,2.0
801.9021606445312,911.8148803710938,2052.500732421875,1274.239990234375,1.0,0.9407843351364136,1.0
1071.1114501953125,868.5768432617188,1227.2991943359375,1059.1729736328125,18.0,0.8934738636016846,2.0
801.8551025390625,911.9156494140625,2052.186279296875,1274.2137451171875,1.0,0.9399277567863464,1.0
1072.3155517578125,864.6429443359375,1228.7576904296875,1060.379150390625,18.0,0.895439863204956,2.0
801.8531494140625,912.5170288085938,2051.734130859375,1274.1810302734375,1.0,0.9391050934791565,1.0
1072.5372314453125,863.2015380859375,1225.785400390625,1060.2457275390625,18.0,0.8973047733306885,2.0
801.683349609375,912.7760009765625,2051.974609375,1274.0933837890625,1.0,0.9394073486328125,1.0
1072.6883544921875,862.0904541015625,1225.746826171875,1059.8203125,18.0,0.8969062566757202,2.0
801.714111328125,912.7670288085938,2051.917236328125,1274.0284423828125,1.0,0.9395349025726318,1.0
1072.7176513671875,860.7266235351562,1226.2744140625,1059.2222900390625,18.0,0.8945059776306152,2.0
801.8480224609375,912.88232421875,2051.901123046875,1274.02978515625,1.0,0.9391880631446838,1.0
1072.72314453125,859.9171752929688,1225.0704345703125,1060.4288330078125,18.0,0.8921115398406982,2.0
801.9931640625,913.0345458984375,2052.072998046875,1273.9776611328125,1.0,0.9388474822044373,1.0
1070.57568359375,861.04248046875,1222.021240234375,1059.5772705078125,18.0,0.9037618637084961,2.0
801.9071044921875,912.76513671875,2051.96044921875,1273.7738037109375,1.0,0.9398549795150757,1.0
1063.7564697265625,854.4608154296875,1218.2381591796875,1053.128662109375,18.0,0.8661967515945435,2.0
802.00341796875,913.6028442382812,2051.82373046875,1273.8016357421875,1.0,0.9366374015808105,1.0
1055.1917724609375,848.0808715820312,1220.2374267578125,1054.472900390625,18.0,0.9127282500267029,2.0
802.3624267578125,912.6436157226562,2052.59716796875,1274.11181640625,1.0,0.9426964521408081,1.0
1049.62353515625,839.7625732421875,1214.3016357421875,1055.36328125,18.0,0.890682578086853,2.0
802.2347412109375,912.1085205078125,2052.66748046875,1274.2542724609375,1.0,0.9417353272438049,1.0
1045.721435546875,836.8618774414062,1211.2325439453125,1057.3521728515625,18.0,0.9070543050765991,2.0
802.2850341796875,912.1598510742188,2052.692626953125,1274.3013916015625,1.0,0.9419278502464294,1.0
1043.939208984375,835.8583984375,1208.8162841796875,1057.0277099609375,18.0,0.9043940901756287,2.0
802.478515625,912.3003540039062,2052.677001953125,1274.30224609375,1.0,0.9413737654685974,1.0
1043.2855224609375,834.825439453125,1207.082275390625,1056.4923095703125,18.0,0.8994621634483337,2.0
802.4306640625,912.3850708007812,2052.7431640625,1274.327392578125,1.0,0.9405099153518677,1.0
1041.7783203125,834.5942993164062,1206.073974609375,1058.1357421875,18.0,0.9015856385231018,2.0
802.20068359375,912.0390014648438,2052.69677734375,1274.311279296875,1.0,0.9397414922714233,1.0
1038.8497314453125,837.2916259765625,1199.0361328125,1057.3326416015625,18.0,0.9078646898269653,2.0
800.8433227539062,913.5784912109375,2052.30712890625,1274.424560546875,1.0,0.912621796131134,1.0
1023.6697387695312,842.0332641601562,1235.8646240234375,1050.2169189453125,18.0,0.9257857799530029,2.0
801.80322265625,913.0367431640625,2052.278076171875,1274.229736328125,1.0,0.9412961006164551,1.0
1014.4754638671875,838.794677734375,1252.5338134765625,1047.294189453125,18.0,0.9298608899116516,2.0
801.85400390625,912.9154052734375,2052.026611328125,1274.1488037109375,1.0,0.9432204961776733,1.0
1010.3075561523438,837.546630859375,1259.4110107421875,1046.4345703125,18.0,0.9238722920417786,2.0
801.9730224609375,912.8599243164062,2051.91357421875,1274.110107421875,1.0,0.9424787759780884,1.0
1008.9431762695312,837.3015747070312,1259.678466796875,1046.455322265625,18.0,0.9255384206771851,2.0
801.8456420898438,912.8786010742188,2051.999755859375,1274.143798828125,1.0,0.9425129890441895,1.0
1008.5228271484375,837.3803100585938,1259.9083251953125,1046.302490234375,18.0,0.9277840852737427,2.0
801.8683471679688,912.93603515625,2052.001220703125,1274.15576171875,1.0,0.9425148963928223,1.0
1008.7451171875,838.0570068359375,1263.10107421875,1046.3984375,18.0,0.9273786544799805,2.0
801.736083984375,912.7977905273438,2051.912353515625,1274.2198486328125,1.0,0.9429426193237305,1.0
1011.0407104492188,851.3162231445312,1266.1512451171875,1046.3759765625,18.0,0.9323179125785828,2.0
801.8182373046875,912.995361328125,2051.892333984375,1274.2493896484375,1.0,0.9427821636199951,1.0
1012.4127197265625,859.3839721679688,1266.497314453125,1045.864990234375,18.0,0.9285637736320496,2.0
802.0213623046875,913.2593383789062,2051.914306640625,1274.221923828125,1.0,0.9433826804161072,1.0
1013.2975463867188,861.7607421875,1265.284912109375,1045.83837890625,18.0,0.9265665411949158,2.0
801.93994140625,913.1594848632812,2052.03515625,1274.2972412109375,1.0,0.9432188272476196,1.0
1014.1968994140625,862.2876586914062,1265.32080078125,1047.330322265625,18.0,0.9268897175788879,2.0
802.0092163085938,913.22998046875,2052.138916015625,1274.3309326171875,1.0,0.942973792552948,1.0
1014.8511352539062,862.5640869140625,1265.787353515625,1048.05078125,18.0,0.9249341487884521,2.0
802.0360107421875,913.4671020507812,2052.233154296875,1274.41943359375,1.0,0.9427335262298584,1.0
1020.4588012695312,861.4546508789062,1264.81201171875,1049.068603515625,18.0,0.9083225131034851,2.0
802.0115966796875,913.2064208984375,2052.18896484375,1274.3236083984375,1.0,0.9420755505561829,1.0
1022.5283813476562,847.4022216796875,1224.1226806640625,1048.037353515625,18.0,0.9054818749427795,2.0
801.6552734375,912.58056640625,2052.216552734375,1274.3638916015625,1.0,0.9369220733642578,1.0
1027.1668701171875,841.807373046875,1200.771240234375,1046.264892578125,18.0,0.9065825343132019,2.0
800.9710083007812,913.0655517578125,2051.66162109375,1274.2823486328125,1.0,0.9359900951385498,1.0
1031.34521484375,839.5052490234375,1190.1497802734375,1045.7694091796875,18.0,0.9019559621810913,2.0
800.5654907226562,913.3366088867188,2051.481689453125,1274.2481689453125,1.0,0.9351210594177246,1.0
1033.0152587890625,838.7767944335938,1187.8870849609375,1044.6839599609375,18.0,0.9002830386161804,2.0
800.5797729492188,913.4073486328125,2051.41796875,1274.236328125,1.0,0.935487687587738,1.0
1034.0814208984375,838.0352783203125,1186.2266845703125,1044.150146484375,18.0,0.9048963189125061,2.0
801.5025634765625,912.5990600585938,2052.02880859375,1274.3201904296875,1.0,0.9386143088340759,1.0
1035.1605224609375,837.8287353515625,1184.848388671875,1043.8433837890625,18.0,0.903896689414978,2.0
801.2068481445312,912.7152099609375,2051.55615234375,1274.26318359375,1.0,0.937329113483429,1.0
1037.9713134765625,837.5950317382812,1183.7591552734375,1044.728271484375,18.0,0.8950217962265015,2.0
801.7094116210938,912.4987182617188,2051.69873046875,1274.2706298828125,1.0,0.9392410516738892,1.0
1035.2115478515625,834.8184204101562,1196.5963134765625,1050.7510986328125,18.0,0.8937444686889648,2.0
801.7440795898438,912.4596557617188,2052.052978515625,1274.3756103515625,1.0,0.9391462206840515,1.0
982.6968994140625,833.6165161132812,1227.2947998046875,1047.6405029296875,18.0,0.9002090692520142,2.0
802.4202270507812,910.3801879882812,2051.922119140625,1273.8770751953125,1.0,0.9393710494041443,1.0
957.7659912109375,843.0336303710938,1262.3319091796875,1049.6002197265625,18.0,0.9330249428749084,2.0
801.9957275390625,909.6820678710938,2052.1396484375,1273.859130859375,1.0,0.9430168271064758,1.0
947.842529296875,845.3674926757812,1279.751220703125,1054.24365234375,18.0,0.9337282180786133,2.0
801.7510986328125,909.2343139648438,2052.219970703125,1273.77587890625,1.0,0.9435572624206543,1.0
926.9588012695312,846.32177734375,1287.9405517578125,1055.803955078125,18.0,0.9326752424240112,2.0
801.4171142578125,909.3623046875,2052.414794921875,1273.642333984375,1.0,0.944146990776062,1.0
916.573974609375,846.4393920898438,1291.4913330078125,1055.690185546875,18.0,0.9297767877578735,2.0
801.3308715820312,909.379638671875,2052.407958984375,1273.66259765625,1.0,0.9435378313064575,1.0
912.325439453125,846.6107177734375,1292.6453857421875,1055.1097412109375,18.0,0.9270660281181335,2.0
801.2605590820312,909.33447265625,2052.481689453125,1273.57275390625,1.0,0.9429600238800049,1.0
910.0787353515625,846.2669067382812,1292.9271240234375,1054.68212890625,18.0,0.9253689050674438,2.0
801.2708129882812,909.1328735351562,2052.467529296875,1273.544677734375,1.0,0.9431377649307251,1.0
909.0874633789062,846.1229858398438,1292.934326171875,1054.5216064453125,18.0,0.9259850978851318,2.0
801.3294677734375,908.974365234375,2052.5966796875,1273.514892578125,1.0,0.9430597424507141,1.0
909.7534790039062,845.6746826171875,1292.523681640625,1054.125244140625,18.0,0.9257408380508423,2.0
801.3670654296875,908.8428955078125,2052.643310546875,1273.4305419921875,1.0,0.9430136680603027,1.0
910.6486206054688,845.5033569335938,1292.6063232421875,1053.486572265625,18.0,0.925094485282898,2.0
801.47265625,908.8684692382812,2052.799072265625,1273.4525146484375,1.0,0.9430293440818787,1.0
911.6849975585938,845.2619018554688,1292.917724609375,1053.461669921875,18.0,0.9230315089225769,2.0
801.38916015625,908.7960205078125,2052.6796875,1273.447265625,1.0,0.9433924555778503,1.0
911.9794311523438,846.3796997070312,1293.7891845703125,1053.4957275390625,18.0,0.9252504110336304,2.0
801.1944580078125,908.5820922851562,2052.642333984375,1273.506591796875,1.0,0.9431079030036926,1.0
913.3406372070312,841.9298706054688,1294.60986328125,1053.477294921875,18.0,0.9201370477676392,2.0
800.9007568359375,908.8790283203125,2052.564208984375,1273.5972900390625,1.0,0.9414488077163696,1.0
913.02685546875,839.1036987304688,1295.01123046875,1053.3966064453125,18.0,0.9203544855117798,2.0
800.9446411132812,908.920166015625,2052.467529296875,1273.63427734375,1.0,0.9427089691162109,1.0
913.265869140625,838.1123046875,1295.195068359375,1052.7227783203125,18.0,0.921117901802063,2.0
800.8071899414062,909.1080322265625,2052.653076171875,1273.5703125,1.0,0.9428863525390625,1.0
914.3025512695312,837.8164672851562,1295.2130126953125,1052.27197265625,18.0,0.9214648604393005,2.0
800.9528198242188,909.1115112304688,2052.65966796875,1273.5826416015625,1.0,0.9427626729011536,1.0
915.3593139648438,837.6524047851562,1295.234619140625,1052.6112060546875,18.0,0.9239219427108765,2.0
800.8973999023438,909.0787353515625,2052.58642578125,1273.6259765625,1.0,0.942939043045044,1.0
915.6295166015625,837.5379638671875,1295.170654296875,1052.956787109375,18.0,0.9235051274299622,2.0
800.9891967773438,909.1685791015625,2052.538330078125,1273.7142333984375,1.0,0.9425515532493591,1.0
916.22314453125,837.354248046875,1295.013427734375,1052.3905029296875,18.0,0.9224879145622253,2.0
800.8121948242188,909.0538330078125,2052.504150390625,1273.7001953125,1.0,0.9428778886795044,1.0
917.2640380859375,837.3250732421875,1295.6678466796875,1052.5472412109375,18.0,0.9207490682601929,2.0
800.7278442382812,909.3038330078125,2052.468994140625,1273.7838134765625,1.0,0.9422310590744019,1.0
919.055908203125,838.3447265625,1295.1658935546875,1051.1158447265625,18.0,0.9170941710472107,2.0
800.8265991210938,909.3165893554688,2052.57080078125,1273.748046875,1.0,0.9434879422187805,1.0
921.9769287109375,834.4891967773438,1294.06005859375,1049.616455078125,18.0,0.9154368042945862,2.0
800.9780883789062,909.2770385742188,2052.74169921875,1273.71337890625,1.0,0.9434372186660767,1.0
925.4371337890625,832.7937622070312,1293.1824951171875,1048.5333251953125,18.0,0.9151124358177185,2.0
801.0679931640625,909.332763671875,2052.7880859375,1273.694580078125,1.0,0.943008542060852,1.0
927.2645874023438,832.060791015625,1292.7828369140625,1047.8040771484375,18.0,0.9134454727172852,2.0
801.167724609375,909.4935302734375,2052.887451171875,1273.6640625,1.0,0.9427229166030884,1.0
928.9005126953125,832.0846557617188,1292.8621826171875,1046.579833984375,18.0,0.9135793447494507,2.0
801.2960205078125,909.3372802734375,2052.720458984375,1273.7196044921875,1.0,0.9425906538963318,1.0
934.6727905273438,832.1986694335938,1292.350341796875,1046.7677001953125,18.0,0.9108157753944397,2.0
801.2511596679688,909.2810668945312,2052.595458984375,1273.71142578125,1.0,0.9429640173912048,1.0
953.187744140625,834.1653442382812,1288.2061767578125,1048.605712890625,18.0,0.9021934270858765,2.0
801.520751953125,909.0838012695312,2052.869873046875,1273.7435302734375,1.0,0.9405465722084045,1.0
960.4908447265625,825.9093017578125,1309.2109375,1039.2479248046875,18.0,0.8988216519355774,2.0
801.6353759765625,908.9472045898438,2052.897705078125,1273.29638671875,1.0,0.9417807459831238,1.0
995.4166259765625,839.6807250976562,1334.4000244140625,1042.1317138671875,18.0,0.9225753545761108,2.0
802.0399169921875,907.0071411132812,2053.08544921875,1273.1414794921875,1.0,0.9438217282295227,1.0
1039.775146484375,869.894287109375,1361.5369873046875,1046.64599609375,18.0,0.9022000432014465,2.0
801.8195190429688,906.3755493164062,2052.927734375,1273.29443359375,1.0,0.9439903497695923,1.0
1070.730224609375,882.4606323242188,1371.79931640625,1042.94873046875,18.0,0.9000909328460693,2.0
801.5276489257812,906.2540283203125,2052.978271484375,1273.37939453125,1.0,0.9455105066299438,1.0
1092.716064453125,885.91455078125,1375.853515625,1041.8526611328125,18.0,0.8788233399391174,2.0
801.302001953125,906.0975952148438,2053.072998046875,1273.31103515625,1.0,0.945880115032196,1.0
1099.419677734375,888.3394165039062,1376.255615234375,1047.0655517578125,18.0,0.8835856914520264,2.0
801.184326171875,906.0964965820312,2052.872314453125,1273.474853515625,1.0,0.9461950063705444,1.0
1101.220703125,891.0780029296875,1381.310546875,1058.27734375,18.0,0.8709754347801208,2.0
800.9367065429688,906.5308227539062,2052.812744140625,1273.510986328125,1.0,0.9460258483886719,1.0
1114.391357421875,894.2481689453125,1381.771484375,1060.5809326171875,18.0,0.879123330116272,2.0
801.2410278320312,906.8907470703125,2052.68896484375,1273.7276611328125,1.0,0.9461857080459595,1.0
1126.87890625,894.4747924804688,1383.8145751953125,1048.7373046875,18.0,0.8784950971603394,2.0
801.3008422851562,907.6873168945312,2052.879150390625,1273.6829833984375,1.0,0.9462805986404419,1.0
1121.507080078125,891.0724487304688,1390.1239013671875,1045.9608154296875,18.0,0.8940948247909546,2.0
801.444091796875,907.9369506835938,2052.978759765625,1273.677490234375,1.0,0.9462429881095886,1.0
1123.0179443359375,886.369873046875,1391.7080078125,1045.7332763671875,18.0,0.902436375617981,2.0
801.4998779296875,908.0781860351562,2053.0673828125,1273.67822265625,1.0,0.9459337592124939,1.0
1118.1793212890625,883.6825561523438,1395.1385498046875,1046.0601806640625,18.0,0.90635085105896,2.0
801.5113525390625,907.8333129882812,2053.22021484375,1273.6722412109375,1.0,0.9463761448860168,1.0
1115.1988525390625,879.7705078125,1395.7255859375,1046.90771484375,18.0,0.9074358940124512,2.0
801.7174682617188,907.546875,2053.293701171875,1273.692138671875,1.0,0.9464803338050842,1.0
1112.5047607421875,875.4703369140625,1399.6466064453125,1046.6004638671875,18.0,0.9067848920822144,2.0
801.8085327148438,907.3746948242188,2053.3876953125,1273.7974853515625,1.0,0.9472088813781738,1.0
1105.2415771484375,873.1583862304688,1416.48388671875,1047.400634765625,18.0,0.901533305644989,2.0
801.5286254882812,907.460205078125,2053.196533203125,1273.890869140625,1.0,0.947180449962616,1.0
1104.5020751953125,866.4749755859375,1424.771484375,1046.63720703125,18.0,0.9051464796066284,2.0
801.2940673828125,907.1680908203125,2053.26611328125,1273.7930908203125,1.0,0.946948230266571,1.0
1104.9205322265625,863.2319946289062,1429.552734375,1046.465087890625,18.0,0.907235324382782,2.0
801.31640625,906.8671264648438,2053.2392578125,1273.811279296875,1.0,0.9472929835319519,1.0
1104.6085205078125,861.9280395507812,1431.8275146484375,1046.9727783203125,18.0,0.9084477424621582,2.0
801.439208984375,907.0093383789062,2053.16552734375,1273.8360595703125,1.0,0.9476398229598999,1.0
1104.9873046875,861.4632568359375,1431.5355224609375,1046.4171142578125,18.0,0.9085729718208313,2.0
801.299072265625,906.9723510742188,2053.06640625,1273.7320556640625,1.0,0.9474135637283325,1.0
1105.0853271484375,861.1731567382812,1431.19921875,1046.4931640625,18.0,0.9084636569023132,2.0
801.325439453125,906.89599609375,2052.95751953125,1273.6944580078125,1.0,0.947403609752655,1.0
1102.9473876953125,862.7384033203125,1431.1978759765625,1046.3016357421875,18.0,0.9086757302284241,2.0
801.388671875,906.4970703125,2052.903076171875,1273.6961669921875,1.0,0.9475114941596985,1.0
1096.2752685546875,817.9901123046875,1430.7564697265625,1046.8992919921875,18.0,0.81187504529953,2.0
800.2996826171875,907.890625,2052.972412109375,1273.8343505859375,1.0,0.9473965167999268,1.0
1075.87158203125,849.478271484375,1440.990478515625,1047.518798828125,18.0,0.8835949897766113,2.0
801.24609375,906.2750244140625,2052.743896484375,1273.7767333984375,1.0,0.9456824660301208,1.0
1091.4478759765625,825.5914306640625,1458.3883056640625,1039.9254150390625,18.0,0.9018971920013428,2.0
801.1795043945312,906.693603515625,2052.7802734375,1273.342529296875,1.0,0.946395754814148,1.0
1137.8397216796875,808.7302856445312,1481.5167236328125,1027.9130859375,18.0,0.8945838212966919,2.0
801.2865600585938,907.767822265625,2052.042724609375,1272.8363037109375,1.0,0.9461369514465332,1.0
1203.933837890625,805.3194580078125,1504.96240234375,1023.7427368164062,18.0,0.8870243430137634,2.0
800.8330688476562,906.93701171875,2052.62255859375,1272.8817138671875,1.0,0.9471295475959778,1.0
1296.9805908203125,829.3892822265625,1530.8565673828125,1039.409912109375,18.0,0.9122164249420166,2.0
800.8594970703125,907.0768432617188,2052.88671875,1273.12548828125,1.0,0.9495121836662292,1.0
1351.6478271484375,838.639892578125,1548.2958984375,1045.5472412109375,18.0,0.8684806823730469,2.0
800.885009765625,908.06201171875,2052.12841796875,1272.662109375,1.0,0.9484338164329529,1.0
1376.4390869140625,830.9874877929688,1554.0819091796875,1044.0009765625,18.0,0.8977332711219788,2.0
800.5801391601562,908.5780639648438,2052.7978515625,1272.5755615234375,1.0,0.9494309425354004,1.0
1386.1524658203125,826.619384765625,1555.2857666015625,1040.175048828125,18.0,0.9098585247993469,2.0
800.76220703125,908.760009765625,2053.173095703125,1272.5408935546875,1.0,0.947326123714447,1.0
1390.1151123046875,825.5237426757812,1553.0738525390625,1038.673583984375,18.0,0.8886131048202515,2.0
800.9895629882812,908.5115966796875,2053.189453125,1272.501953125,1.0,0.9490777850151062,1.0
1388.3333740234375,825.0987548828125,1550.5126953125,1039.4873046875,18.0,0.8923914432525635,2.0
800.7763671875,908.4180297851562,2053.15966796875,1272.5537109375,1.0,0.9496362209320068,1.0
1358.0191650390625,809.9197998046875,1548.6142578125,1039.603271484375,18.0,0.7519897818565369,5.0
800.151123046875,909.2380981445312,2052.99853515625,1273.3282470703125,1.0,0.8406544327735901,1.0
1381.776611328125,820.5601196289062,1561.0269775390625,1057.14892578125,18.0,0.8974964022636414,2.0
800.5513305664062,908.615966796875,2053.283935546875,1273.099853515625,1.0,0.9486563801765442,1.0
1196.89990234375,683.9613037109375,1466.83740234375,1023.24853515625,0.7471482157707214,5.0,
1192.826904296875,684.2415771484375,1467.539794921875,1022.724853515625,0.3943275809288025,3.0,
1197.3798828125,806.0924072265625,1462.75341796875,1018.7620849609375,0.3661520481109619,5.0,
1108.929443359375,776.33740234375,1397.485107421875,1010.8862915039062,23.0,0.8826611638069153,5.0
1121.3216552734375,799.3502807617188,1316.978271484375,961.9500732421875,23.0,0.7770200967788696,2.0
799.1110229492188,912.0457153320312,2053.077392578125,1273.446044921875,1.0,0.8884236216545105,1.0
799.4261474609375,911.28564453125,2052.75634765625,1274.4576416015625,1.0,0.8671350479125977,1.0
798.39453125,910.6152954101562,2052.92919921875,1273.940673828125,1.0,0.8094840049743652,1.0
802.11083984375,908.2393188476562,2051.66796875,1271.326171875,1.0,0.6969010829925537,1.0
802.4136352539062,904.0866088867188,2052.2451171875,1265.0133056640625,1.0,0.9491155743598938,1.0
797.53662109375,898.56689453125,2052.668701171875,1261.7269287109375,1.0,0.9570577144622803,1.0
797.4944458007812,897.580322265625,2053.052734375,1260.691162109375,1.0,0.9576172232627869,1.0
795.494140625,896.2769165039062,2053.3056640625,1260.2958984375,1.0,0.9572028517723083,1.0
794.7687377929688,895.4691772460938,2053.55615234375,1260.30224609375,1.0,0.9568054676055908,1.0
794.5694580078125,895.14697265625,2053.53515625,1260.3607177734375,1.0,0.9568867683410645,1.0
794.4447021484375,895.1820678710938,2053.626220703125,1260.3941650390625,1.0,0.9568976759910583,1.0
794.4191284179688,895.1143798828125,2053.6455078125,1260.4425048828125,1.0,0.9568454027175903,1.0
794.6680297851562,895.02685546875,2053.699462890625,1260.5802001953125,1.0,0.9568439722061157,1.0
794.8038330078125,895.0853881835938,2053.635986328125,1260.612060546875,1.0,0.9568368792533875,1.0
794.8258666992188,894.9591064453125,2053.549560546875,1260.6451416015625,1.0,0.9566810727119446,1.0
794.8314208984375,894.9030151367188,2053.62060546875,1260.7108154296875,1.0,0.9566622972488403,1.0
794.9080810546875,894.8659057617188,2053.697265625,1260.6732177734375,1.0,0.9567314386367798,1.0
794.8535766601562,895.0021362304688,2053.771240234375,1260.66455078125,1.0,0.9567390084266663,1.0
794.9193115234375,895.0697631835938,2053.829833984375,1260.753662109375,1.0,0.956786036491394,1.0
794.8805541992188,895.11083984375,2053.789306640625,1260.746826171875,1.0,0.9568250775337219,1.0
794.7733764648438,894.9854736328125,2053.830810546875,1260.7349853515625,1.0,0.9567775130271912,1.0
794.804443359375,894.84912109375,2053.841796875,1260.7491455078125,1.0,0.9567010402679443,1.0
794.852294921875,894.8831176757812,2053.789794921875,1260.7691650390625,1.0,0.9567427039146423,1.0
794.5272827148438,894.7732543945312,2054.21337890625,1260.777587890625,1.0,0.9566736221313477,1.0
794.5789794921875,895.085205078125,2054.21728515625,1260.813232421875,1.0,0.9567874073982239,1.0
794.3209838867188,895.087158203125,2054.28515625,1260.811279296875,1.0,0.9567887187004089,1.0
794.262939453125,895.164306640625,2054.138427734375,1260.857666015625,1.0,0.95681232213974,1.0
794.370849609375,895.20703125,2054.26123046875,1260.8414306640625,1.0,0.956816554069519,1.0
794.5431518554688,895.2578735351562,2054.13916015625,1260.8419189453125,1.0,0.9567790031433105,1.0
794.639404296875,895.375732421875,2054.16015625,1260.86572265625,1.0,0.9567968249320984,1.0
794.693603515625,895.4791259765625,2053.9921875,1260.8836669921875,1.0,0.9567844867706299,1.0
794.6517333984375,895.5155639648438,2053.93359375,1260.8392333984375,1.0,0.9567461609840393,1.0
794.9143676757812,895.4603271484375,2053.8818359375,1260.820556640625,1.0,0.9566381573677063,1.0
794.9194946289062,895.5928955078125,2053.705078125,1260.8890380859375,1.0,0.9567275047302246,1.0
795.00732421875,895.4996948242188,2053.751220703125,1260.906494140625,1.0,0.95667964220047,1.0
794.8280639648438,895.4161987304688,2053.71337890625,1260.912353515625,1.0,0.9567275047302246,1.0
794.771728515625,895.3519287109375,2053.732421875,1260.8575439453125,1.0,0.9567307829856873,1.0
794.7678833007812,895.4696655273438,2053.770751953125,1260.8626708984375,1.0,0.956796407699585,1.0
794.6694946289062,895.6513671875,2053.5615234375,1260.8834228515625,1.0,0.9569944739341736,1.0
794.5830688476562,895.5415649414062,2053.409423828125,1260.7919921875,1.0,0.9569590091705322,1.0
794.5532836914062,895.5760498046875,2053.401611328125,1260.7711181640625,1.0,0.9569704532623291,1.0
794.4352416992188,895.5947265625,2053.440185546875,1260.7100830078125,1.0,0.9569352269172668,1.0
794.4820556640625,895.5183715820312,2053.893798828125,1260.7298583984375,1.0,0.9568618535995483,1.0
794.4906616210938,895.4484252929688,2053.855224609375,1260.7374267578125,1.0,0.9568352103233337,1.0
794.6039428710938,895.1290283203125,2053.6787109375,1260.780029296875,1.0,0.9566474556922913,1.0
794.6834106445312,895.0382690429688,2053.548095703125,1260.7666015625,1.0,0.9567005634307861,1.0
794.7158813476562,895.007568359375,2053.57275390625,1260.7110595703125,1.0,0.9567357897758484,1.0
794.7301025390625,895.2141723632812,2053.503662109375,1260.70458984375,1.0,0.9568040370941162,1.0
794.7830810546875,895.36376953125,2053.5166015625,1260.732666015625,1.0,0.9568652510643005,1.0
794.740478515625,895.5074462890625,2053.525390625,1260.7601318359375,1.0,0.9568498730659485,1.0
794.8076782226562,895.5158081054688,2053.629638671875,1260.8671875,1.0,0.9569042325019836,1.0
794.7874145507812,895.4313354492188,2053.87744140625,1260.8787841796875,1.0,0.9568313360214233,1.0
794.7300415039062,895.6210327148438,2053.744384765625,1260.9263916015625,1.0,0.9569068551063538,1.0
794.3826904296875,895.3037109375,2053.8994140625,1260.771240234375,1.0,0.9566566944122314,1.0
794.395263671875,895.2606811523438,2053.771240234375,1260.834228515625,1.0,0.9566848874092102,1.0
794.4690551757812,895.2020263671875,2053.809326171875,1260.806640625,1.0,0.9566921591758728,1.0
794.6920776367188,895.3441772460938,2053.827392578125,1260.778076171875,1.0,0.9567654728889465,1.0
794.729248046875,895.3938598632812,2053.950927734375,1260.872802734375,1.0,0.9567931890487671,1.0
794.6749877929688,895.4857788085938,2053.84375,1260.944091796875,1.0,0.9568328261375427,1.0
794.7377319335938,895.4945068359375,2053.80712890625,1260.9473876953125,1.0,0.9568443894386292,1.0
794.8001098632812,895.3373413085938,2053.90771484375,1260.9337158203125,1.0,0.9567731618881226,1.0
794.8488159179688,895.0709838867188,2053.802490234375,1260.8958740234375,1.0,0.95668625831604,1.0
794.739501953125,894.9893188476562,2053.738037109375,1260.8853759765625,1.0,0.9566932916641235,1.0
794.5726928710938,895.0266723632812,2053.640869140625,1260.8433837890625,1.0,0.9566876888275146,1.0
794.5044555664062,895.1549682617188,2053.644287109375,1260.834228515625,1.0,0.9567121267318726,1.0
794.4453125,895.052490234375,2053.6572265625,1260.819091796875,1.0,0.9566771388053894,1.0
794.3594970703125,895.0593872070312,2053.805908203125,1260.79443359375,1.0,0.9566810727119446,1.0
794.5179443359375,895.0928955078125,2053.754150390625,1260.73046875,1.0,0.9566835761070251,1.0
794.5451049804688,895.045166015625,2054.0390625,1260.8699951171875,1.0,0.9566880464553833,1.0
794.6300048828125,894.8597412109375,2054.018798828125,1260.9227294921875,1.0,0.9566942453384399,1.0
794.5157470703125,894.8473510742188,2054.009765625,1260.9627685546875,1.0,0.9566612839698792,1.0
794.6046142578125,894.8690795898438,2054.05712890625,1261.012939453125,1.0,0.9566690325737,1.0
794.6561279296875,894.8147583007812,2054.184814453125,1260.97900390625,1.0,0.9566463232040405,1.0
794.5507202148438,894.8369750976562,2054.180908203125,1260.9755859375,1.0,0.956653356552124,1.0
794.5028076171875,894.77490234375,2054.029052734375,1261.039794921875,1.0,0.9567092061042786,1.0
794.4883422851562,894.6651611328125,2053.92724609375,1260.9400634765625,1.0,0.95662921667099,1.0
794.47705078125,894.7518310546875,2053.94677734375,1260.90234375,1.0,0.9565771818161011,1.0
794.485595703125,894.8822631835938,2053.97265625,1260.842529296875,1.0,0.9566611647605896,1.0
794.6098022460938,894.8511352539062,2053.960693359375,1260.7645263671875,1.0,0.9567273259162903,1.0
794.4669799804688,894.9219970703125,2053.917236328125,1260.7655029296875,1.0,0.9567568898200989,1.0
794.3524780273438,894.8995971679688,2054.078125,1260.837890625,1.0,0.9567410349845886,1.0
794.402587890625,894.8884887695312,2054.29443359375,1260.8443603515625,1.0,0.9566824436187744,1.0
794.47314453125,894.94091796875,2054.265625,1260.82470703125,1.0,0.9567068815231323,1.0
794.3076782226562,895.1390380859375,2053.748779296875,1260.8653564453125,1.0,0.9569076299667358,1.0
794.2228393554688,895.0569458007812,2053.772216796875,1260.88525390625,1.0,0.9568195343017578,1.0
794.0511474609375,895.0761108398438,2053.885498046875,1260.8670654296875,1.0,0.9568283557891846,1.0
794.0097045898438,894.9710083007812,2053.877685546875,1260.8712158203125,1.0,0.9567530751228333,1.0
793.8754272460938,895.2167358398438,2053.802734375,1260.88916015625,1.0,0.9568568468093872,1.0
793.91015625,895.2816162109375,2053.85986328125,1260.8699951171875,1.0,0.9568406939506531,1.0
794.09423828125,895.2720336914062,2053.81494140625,1260.957275390625,1.0,0.9568279385566711,1.0
794.1441650390625,895.222900390625,2053.851318359375,1260.927490234375,1.0,0.9568085074424744,1.0
794.0984497070312,895.2021484375,2053.790283203125,1260.8726806640625,1.0,0.9568495154380798,1.0
794.1044311523438,894.968017578125,2053.769775390625,1260.8961181640625,1.0,0.956734299659729,1.0
794.0789184570312,894.8706665039062,2053.53173828125,1260.899658203125,1.0,0.9567145705223083,1.0
794.0228881835938,895.0191650390625,2053.56396484375,1260.8507080078125,1.0,0.9567810893058777,1.0
793.9761352539062,895.0213012695312,2053.489013671875,1260.83447265625,1.0,0.9567712545394897,1.0
793.9824829101562,895.0697021484375,2053.6669921875,1260.7799072265625,1.0,0.9567440152168274,1.0
793.9884033203125,895.0655517578125,2053.732177734375,1260.79736328125,1.0,0.9567130208015442,1.0
793.7836303710938,894.9881591796875,2054.059326171875,1260.7806396484375,1.0,0.9566531181335449,1.0
793.8836669921875,895.052734375,2054.06982421875,1260.7371826171875,1.0,0.956777811050415,1.0
793.9033203125,895.0608520507812,2053.91259765625,1260.7476806640625,1.0,0.9566881656646729,1.0
794.0466918945312,894.9833374023438,2053.97265625,1260.7958984375,1.0,0.9566153883934021,1.0
794.250244140625,894.8148803710938,2054.03857421875,1260.7283935546875,1.0,0.9564783573150635,1.0
794.1728515625,894.6216430664062,2054.014404296875,1260.6815185546875,1.0,0.9564133882522583,1.0
794.223876953125,894.4607543945312,2053.837646484375,1260.7080078125,1.0,0.9563804268836975,1.0
794.398193359375,894.514892578125,2053.832275390625,1260.673583984375,1.0,0.9564536213874817,1.0
794.3946533203125,894.59130859375,2053.750732421875,1260.748046875,1.0,0.9564616680145264,1.0
794.2332153320312,894.6098022460938,2053.835693359375,1260.8121337890625,1.0,0.9565405249595642,1.0
794.359375,894.492919921875,2053.893798828125,1260.7569580078125,1.0,0.9564612507820129,1.0
794.3705444335938,894.6442260742188,2053.863525390625,1260.7491455078125,1.0,0.9565044641494751,1.0
794.273681640625,894.7725830078125,2053.7744140625,1260.80615234375,1.0,0.9565076231956482,1.0
794.30517578125,894.8056030273438,2053.73388671875,1260.9090576171875,1.0,0.9564993977546692,1.0
794.4077758789062,894.6934204101562,2053.768310546875,1260.9383544921875,1.0,0.9564666748046875,1.0
794.2086791992188,895.05078125,2053.947509765625,1261.0712890625,1.0,0.9567844867706299,1.0
793.9696044921875,895.1536865234375,2054.12744140625,1261.0126953125,1.0,0.9567164778709412,1.0
793.9598999023438,894.9943237304688,2054.265869140625,1260.9765625,1.0,0.9566391706466675,1.0
794.1402587890625,895.0494995117188,2054.31689453125,1261.0426025390625,1.0,0.9567075371742249,1.0
794.1730346679688,894.93603515625,2054.35791015625,1261.0531005859375,1.0,0.9566284418106079,1.0
794.186767578125,894.92431640625,2054.469482421875,1261.1339111328125,1.0,0.9566460251808167,1.0
794.0511474609375,895.082275390625,2054.2314453125,1261.07373046875,1.0,0.9567193388938904,1.0
794.0299682617188,895.1485595703125,2054.4228515625,1261.0667724609375,1.0,0.9567026495933533,1.0
794.1002807617188,895.2359008789062,2054.477294921875,1261.0831298828125,1.0,0.9567264318466187,1.0
794.1126098632812,895.3751220703125,2054.545166015625,1261.17724609375,1.0,0.9567038416862488,1.0
794.0499877929688,895.1857299804688,2054.392333984375,1261.1348876953125,1.0,0.956601619720459,1.0
794.2328491210938,895.0733032226562,2054.4326171875,1261.0753173828125,1.0,0.9565154314041138,1.0
794.4400634765625,894.8941650390625,2054.28466796875,1261.0213623046875,1.0,0.9565511345863342,1.0
794.4508056640625,894.6060791015625,2054.300048828125,1260.9886474609375,1.0,0.9564548134803772,1.0
794.3596801757812,894.5408325195312,2054.296142578125,1261.029052734375,1.0,0.9564833641052246,1.0
794.6463623046875,895.180419921875,2054.049072265625,1261.132080078125,1.0,0.9568676352500916,1.0
794.71142578125,895.399658203125,2053.950927734375,1261.1944580078125,1.0,0.9568979144096375,1.0
794.8150024414062,895.4298095703125,2053.8681640625,1261.109375,1.0,0.9568157196044922,1.0
794.958984375,895.3858032226562,2053.980224609375,1261.06884765625,1.0,0.9567910432815552,1.0
794.9693603515625,895.333251953125,2053.773193359375,1261.045166015625,1.0,0.9567477107048035,1.0
794.9457397460938,895.23974609375,2053.878662109375,1261.0877685546875,1.0,0.9566894173622131,1.0
794.7582397460938,895.2868041992188,2053.8056640625,1261.1168212890625,1.0,0.9567248225212097,1.0
794.6316528320312,895.2930297851562,2053.9228515625,1261.1103515625,1.0,0.9566770195960999,1.0
794.69140625,895.4105224609375,2054.185302734375,1261.0999755859375,1.0,0.9567326307296753,1.0
794.8052368164062,895.344482421875,2054.2109375,1261.1221923828125,1.0,0.9566604495048523,1.0
794.8446655273438,895.1978759765625,2053.912841796875,1261.1568603515625,1.0,0.9566402435302734,1.0
794.79345703125,895.3451538085938,2053.834716796875,1261.0855712890625,1.0,0.9567965865135193,1.0
794.6837158203125,895.2789916992188,2053.76708984375,1261.0855712890625,1.0,0.9566972851753235,1.0
794.6641845703125,895.3434448242188,2053.803466796875,1261.1893310546875,1.0,0.9567428231239319,1.0
794.7102661132812,895.3285522460938,2053.855712890625,1261.2044677734375,1.0,0.9567177891731262,1.0
794.346923828125,895.4165649414062,2054.073486328125,1261.1766357421875,1.0,0.9568918943405151,1.0
