frame,id,class,confidence,x1,y1,x2,y2
1,77.0,feeder,0.9484217166900635,862,968,2073,1355
2,77.0,feeder,0.9483249187469482,811,979,2003,1368
3,77.0,feeder,0.9480950832366943,792,982,1979,1373
4,77.0,feeder,0.9482806324958801,786,984,1969,1374
5,77.0,feeder,0.9484941959381104,783,984,1964,1375
6,77.0,feeder,0.9484127163887024,782,984,1964,1375
7,77.0,feeder,0.9481964707374573,783,983,1967,1375
8,77.0,feeder,0.9479483366012573,785,983,1972,1375
9,77.0,feeder,0.9483097791671753,788,984,1973,1375
10,77.0,feeder,0.9482361674308777,788,984,1972,1375
11,77.0,feeder,0.9482001066207886,789,984,1973,1375
12,77.0,feeder,0.9482957124710083,789,984,1974,1375
13,77.0,feeder,0.948351263999939,790,983,1975,1375
14,77.0,feeder,0.9478726983070374,791,983,1977,1375
15,77.0,feeder,0.948318600654602,791,983,1978,1374
16,77.0,feeder,0.9480382204055786,790,983,1975,1374
17,77.0,feeder,0.948395848274231,790,983,1974,1374
18,77.0,feeder,0.9482178092002869,790,983,1975,1374
19,77.0,feeder,0.9481796622276306,791,983,1977,1374
20,77.0,feeder,0.9484383463859558,792,983,1976,1373
21,77.0,feeder,0.9484142065048218,793,983,1977,1373
22,77.0,feeder,0.9483321905136108,793,983,1978,1373
23,77.0,feeder,0.9482148289680481,793,983,1979,1373
24,77.0,feeder,0.9480918049812317,793,983,1981,1373
25,77.0,feeder,0.9479875564575195,793,983,1981,1374
26,77.0,feeder,0.9480038285255432,793,983,1980,1373
27,77.0,feeder,0.948213517665863,793,983,1979,1373
28,77.0,feeder,0.9478273987770081,794,983,1980,1373
29,77.0,feeder,0.9478403329849243,793,983,1980,1373
30,77.0,feeder,0.9482426643371582,793,982,1981,1373
31,77.0,feeder,0.948291003704071,794,983,1980,1373
32,77.0,feeder,0.9478803277015686,794,983,1980,1374
33,77.0,feeder,0.9478685259819031,794,983,1979,1374
34,77.0,feeder,0.9476193785667419,794,983,1978,1374
35,77.0,feeder,0.9478511810302734,793,983,1978,1374
36,77.0,feeder,0.948408842086792,793,982,1979,1373
37,77.0,feeder,0.9482676386833191,793,982,1981,1373
38,77.0,feeder,0.9482376575469971,793,983,1979,1374
39,77.0,feeder,0.9479267001152039,794,983,1978,1374
40,77.0,feeder,0.9474872946739197,794,983,1977,1374
41,77.0,feeder,0.9479647278785706,794,984,1975,1374
42,77.0,feeder,0.9482308626174927,793,983,1974,1374
43,77.0,feeder,0.9481893181800842,793,983,1975,1374
44,77.0,feeder,0.948124885559082,794,983,1974,1374
45,77.0,feeder,0.9484430551528931,793,984,1974,1374
46,77.0,feeder,0.9481231570243835,792,984,1975,1374
47,77.0,feeder,0.9478838443756104,790,984,1975,1374
48,77.0,feeder,0.9479061365127563,789,984,1974,1374
49,77.0,feeder,0.9478508234024048,788,983,1973,1374
50,77.0,feeder,0.9482353925704956,787,984,1972,1374
51,77.0,feeder,0.948281466960907,786,983,1970,1374
52,77.0,feeder,0.9484323263168335,786,983,1970,1374
53,77.0,feeder,0.9481337070465088,787,984,1971,1374
54,77.0,feeder,0.948140025138855,787,984,1971,1374
55,77.0,feeder,0.947944700717926,787,983,1971,1374
56,77.0,feeder,0.9475542902946472,786,983,1971,1374
57,77.0,feeder,0.9477706551551819,786,983,1971,1374
58,77.0,feeder,0.9476913213729858,786,984,1971,1373
59,77.0,feeder,0.9481372237205505,786,984,1971,1373
60,77.0,feeder,0.9478464722633362,786,984,1971,1373
61,77.0,feeder,0.9487038254737854,786,983,1971,1373
62,77.0,feeder,0.9488382935523987,785,984,1970,1373
63,77.0,feeder,0.9485807418823242,785,984,1970,1373
64,77.0,feeder,0.9483203887939453,785,984,1971,1373
65,77.0,feeder,0.9482153654098511,784,983,1970,1373
66,77.0,feeder,0.9483740925788879,784,983,1970,1373
67,77.0,feeder,0.9484660029411316,785,983,1970,1373
68,77.0,feeder,0.9483335614204407,785,983,1970,1373
69,77.0,feeder,0.9483274817466736,785,983,1970,1373
70,77.0,feeder,0.9483489990234375,785,983,1969,1373
71,77.0,feeder,0.9483950138092041,785,983,1971,1373
72,77.0,feeder,0.9485640525817871,786,982,1974,1373
73,77.0,feeder,0.948701798915863,787,983,1974,1374
74,77.0,feeder,0.9481936693191528,787,983,1973,1374
75,77.0,feeder,0.9481164216995239,787,984,1972,1374
76,77.0,feeder,0.9481915235519409,787,983,1972,1373
77,77.0,feeder,0.9482391476631165,787,983,1974,1373
78,77.0,feeder,0.9488238096237183,789,983,1976,1374
79,77.0,feeder,0.948550283908844,790,982,1977,1374
80,77.0,feeder,0.9484714865684509,790,983,1976,1374
81,77.0,feeder,0.9484381079673767,791,983,1977,1374
82,77.0,feeder,0.948398232460022,792,983,1976,1374
83,77.0,feeder,0.9481549859046936,792,983,1977,1374
84,77.0,feeder,0.9479178786277771,792,983,1980,1374
85,77.0,feeder,0.9481343030929565,792,982,1983,1374
86,77.0,feeder,0.9481204152107239,792,982,1982,1374
87,77.0,feeder,0.9482348561286926,792,983,1981,1374
88,77.0,feeder,0.9482811689376831,792,983,1981,1374
89,77.0,feeder,0.9484124183654785,792,983,1980,1374
90,77.0,feeder,0.9485998749732971,792,982,1980,1374
91,77.0,feeder,0.947904109954834,792,983,1979,1373
92,77.0,feeder,0.9476749300956726,792,983,1981,1374
93,77.0,feeder,0.9476273059844971,791,982,1983,1374
94,77.0,feeder,0.9478834271430969,792,983,1982,1374
95,77.0,feeder,0.948147714138031,791,983,1979,1374
96,77.0,feeder,0.948249101638794,791,982,1978,1374
97,77.0,feeder,0.9485231637954712,790,982,1978,1374
98,77.0,feeder,0.9483446478843689,790,982,1978,1374
99,77.0,feeder,0.9483669400215149,790,982,1979,1374
100,77.0,feeder,0.948307454586029,790,983,1978,1374
101,77.0,feeder,0.948529839515686,789,983,1976,1374
102,77.0,feeder,0.9483237266540527,789,984,1974,1373
103,77.0,feeder,0.9486194849014282,788,984,1973,1374
104,77.0,feeder,0.9484697580337524,788,983,1973,1373
105,77.0,feeder,0.9489332437515259,788,983,1975,1373
106,77.0,feeder,0.9484608769416809,789,983,1976,1373
107,77.0,feeder,0.949009358882904,789,984,1976,1374
108,77.0,feeder,0.9487717151641846,788,984,1975,1374
109,77.0,feeder,0.9485726952552795,788,983,1974,1374
110,77.0,feeder,0.9482121467590332,787,983,1972,1373
111,77.0,feeder,0.9480648040771484,786,982,1974,1373
112,77.0,feeder,0.9487828016281128,787,983,1975,1373
113,77.0,feeder,0.9482184648513794,789,983,1976,1374
114,77.0,feeder,0.9484019875526428,790,982,1976,1374
115,77.0,feeder,0.9482544660568237,790,982,1978,1374
116,77.0,feeder,0.9487106800079346,790,982,1979,1374
117,77.0,feeder,0.9485831260681152,789,982,1978,1373
118,77.0,feeder,0.9486717581748962,789,982,1977,1373
119,77.0,feeder,0.9487406015396118,790,982,1976,1374
120,77.0,feeder,0.9483366012573242,790,982,1976,1374
121,77.0,feeder,0.9489302635192871,791,983,1974,1374
122,77.0,feeder,0.9485712051391602,791,983,1973,1374
123,77.0,feeder,0.9486200213432312,790,983,1974,1374
124,77.0,feeder,0.9487293362617493,790,983,1973,1374
125,77.0,feeder,0.9488845467567444,790,983,1973,1374
126,77.0,feeder,0.9488298892974854,791,983,1973,1374
127,77.0,feeder,0.9491402506828308,791,983,1972,1373
128,77.0,feeder,0.9491696953773499,790,983,1972,1374
129,77.0,feeder,0.9488884210586548,790,983,1973,1373
130,77.0,feeder,0.9491173028945923,790,982,1973,1373
131,77.0,feeder,0.9488202333450317,790,983,1973,1374
132,77.0,feeder,0.948456346988678,790,983,1974,1374
133,77.0,feeder,0.948550283908844,791,983,1975,1374
134,77.0,feeder,0.9486454725265503,791,983,1975,1374
135,77.0,feeder,0.9485670328140259,791,983,1975,1374
136,77.0,feeder,0.947684109210968,791,983,1976,1374
137,77.0,feeder,0.9478015899658203,791,983,1977,1374
138,77.0,feeder,0.947839081287384,791,983,1978,1375
139,77.0,feeder,0.9478933811187744,791,983,1978,1374
140,77.0,feeder,0.9479824900627136,789,983,1975,1374
141,77.0,feeder,0.9477050304412842,787,984,1974,1374
142,77.0,feeder,0.9478567242622375,787,983,1973,1373
143,77.0,feeder,0.9481189846992493,788,983,1975,1374
144,77.0,feeder,0.9484989047050476,790,983,1976,1374
145,77.0,feeder,0.9482627511024475,790,984,1976,1374
146,77.0,feeder,0.948031485080719,790,983,1975,1374
147,77.0,feeder,0.9485388398170471,789,983,1974,1374
148,77.0,feeder,0.9481910467147827,789,983,1974,1374
149,77.0,feeder,0.9481467604637146,788,982,1974,1374
150,77.0,feeder,0.9482787251472473,788,982,1975,1374
151,77.0,feeder,0.9483642578125,790,982,1974,1374
152,77.0,feeder,0.9483668208122253,791,983,1974,1374
153,77.0,feeder,0.9482684135437012,791,983,1974,1374
154,77.0,feeder,0.9480603933334351,792,982,1975,1374
155,77.0,feeder,0.9480817317962646,791,982,1974,1374
156,77.0,feeder,0.9482869505882263,791,982,1974,1373
157,77.0,feeder,0.9483276009559631,792,982,1976,1373
158,77.0,feeder,0.9480669498443604,792,982,1976,1373
159,77.0,feeder,0.9481173753738403,791,982,1974,1374
160,77.0,feeder,0.9484115242958069,789,982,1973,1373
161,77.0,feeder,0.9480797648429871,788,983,1972,1374
162,77.0,feeder,0.9484321475028992,788,983,1973,1374
163,77.0,feeder,0.9482845664024353,787,982,1973,1373
164,77.0,feeder,0.9481823444366455,787,982,1975,1373
165,77.0,feeder,0.948702871799469,788,982,1976,1373
166,77.0,feeder,0.9479867815971375,789,983,1975,1373
167,77.0,feeder,0.9481094479560852,791,983,1976,1374
168,77.0,feeder,0.9481348395347595,792,984,1978,1374
169,77.0,feeder,0.9481337070465088,793,984,1979,1374
170,77.0,feeder,0.9480283260345459,794,983,1980,1373
171,77.0,feeder,0.9480972290039062,794,981,1982,1373
172,77.0,feeder,0.9484264254570007,796,980,1984,1373
173,77.0,feeder,0.9482627511024475,796,982,1984,1374
174,77.0,feeder,0.9483304619789124,796,983,1983,1374
175,77.0,feeder,0.9481600522994995,796,984,1983,1374
176,77.0,feeder,0.9479061365127563,797,983,1984,1374
177,77.0,feeder,0.9476633667945862,797,982,1984,1374
178,77.0,feeder,0.9479812383651733,796,982,1983,1373
179,77.0,feeder,0.9480927586555481,796,982,1982,1373
180,77.0,feeder,0.9474543333053589,796,983,1981,1373
181,77.0,feeder,0.9473021626472473,796,982,1982,1373
182,77.0,feeder,0.9474157094955444,796,982,1982,1373
183,77.0,feeder,0.9477365612983704,796,982,1983,1374
184,77.0,feeder,0.947956383228302,796,982,1982,1374
185,77.0,feeder,0.9473593235015869,795,982,1982,1374
186,77.0,feeder,0.9474749565124512,795,982,1981,1374
187,77.0,feeder,0.9475493431091309,794,982,1981,1374
188,77.0,feeder,0.9478877782821655,794,982,1981,1374
189,77.0,feeder,0.9475778341293335,794,981,1983,1374
190,77.0,feeder,0.9478682279586792,795,981,1983,1374
191,77.0,feeder,0.9478548169136047,794,982,1982,1374
192,77.0,feeder,0.9482161998748779,793,982,1981,1374
193,77.0,feeder,0.9480626583099365,793,982,1979,1374
194,77.0,feeder,0.9481388330459595,791,982,1979,1374
195,77.0,feeder,0.9480313658714294,792,982,1981,1374
196,77.0,feeder,0.9478691816329956,791,982,1981,1374
197,77.0,feeder,0.9477768540382385,792,982,1982,1374
198,77.0,feeder,0.9477611184120178,792,982,1982,1374
199,77.0,feeder,0.9478499889373779,793,983,1983,1374
200,77.0,feeder,0.9477061629295349,792,983,1983,1374
201,77.0,feeder,0.9479533433914185,792,983,1981,1374
202,77.0,feeder,0.9478808641433716,792,983,1980,1374
203,77.0,feeder,0.9481403231620789,792,983,1978,1374
204,77.0,feeder,0.9483202695846558,792,983,1978,1374
205,77.0,feeder,0.9479978084564209,792,982,1979,1374
206,77.0,feeder,0.9476826190948486,792,982,1982,1374
207,77.0,feeder,0.9479139447212219,791,983,1983,1374
208,77.0,feeder,0.9479897618293762,791,983,1980,1374
209,77.0,feeder,0.9475975036621094,790,983,1978,1374
210,77.0,feeder,0.9479275345802307,790,983,1978,1374
211,77.0,feeder,0.94837486743927,790,983,1976,1373
212,77.0,feeder,0.9485793709754944,790,982,1977,1373
213,77.0,feeder,0.9484027624130249,790,982,1979,1373
214,77.0,feeder,0.9480642676353455,791,981,1980,1373
215,77.0,feeder,0.9479561448097229,792,981,1981,1373
216,77.0,feeder,0.9483689665794373,795,981,1982,1373
217,77.0,feeder,0.9481459856033325,796,981,1982,1373
218,77.0,feeder,0.9481949806213379,796,982,1982,1373
219,77.0,feeder,0.9481433033943176,795,982,1982,1373
220,77.0,feeder,0.9478193521499634,794,982,1982,1373
221,77.0,feeder,0.9482066631317139,793,981,1981,1373
222,77.0,feeder,0.9487276077270508,793,982,1981,1373
223,77.0,feeder,0.9485999941825867,795,982,1981,1374
224,77.0,feeder,0.948115885257721,796,982,1982,1374
225,77.0,feeder,0.9484411478042603,795,982,1982,1374
226,77.0,feeder,0.9482776522636414,796,983,1980,1373
227,77.0,feeder,0.9490013122558594,795,983,1978,1373
228,77.0,feeder,0.9487837553024292,794,983,1977,1373
229,77.0,feeder,0.9486267566680908,794,983,1978,1373
230,77.0,feeder,0.9482579231262207,794,983,1979,1374
231,77.0,feeder,0.9483548998832703,794,983,1978,1373
232,77.0,feeder,0.9480677843093872,794,982,1978,1374
233,77.0,feeder,0.9489158987998962,794,982,1977,1373
234,77.0,feeder,0.9488625526428223,793,982,1977,1373
235,77.0,feeder,0.9485899806022644,792,982,1976,1373
236,77.0,feeder,0.9487705826759338,791,983,1975,1374
237,77.0,feeder,0.9488494396209717,791,983,1975,1374
238,77.0,feeder,0.9487398862838745,791,984,1975,1374
239,77.0,feeder,0.9484232068061829,791,983,1976,1373
240,77.0,feeder,0.9485447406768799,791,982,1977,1373
241,77.0,feeder,0.9476374387741089,791,982,1979,1373
242,77.0,feeder,0.9480170011520386,791,982,1980,1373
243,77.0,feeder,0.9478954076766968,791,982,1980,1374
244,77.0,feeder,0.9482281804084778,791,982,1979,1374
245,77.0,feeder,0.9482455849647522,791,983,1977,1374
246,77.0,feeder,0.9480931758880615,791,983,1976,1373
247,77.0,feeder,0.948115348815918,793,983,1977,1373
248,77.0,feeder,0.9481105208396912,793,982,1978,1374
249,77.0,feeder,0.9478263258934021,794,983,1980,1373
250,77.0,feeder,0.947357177734375,794,982,1982,1374
251,77.0,feeder,0.9472251534461975,796,983,1983,1374
252,77.0,feeder,0.9472970366477966,797,983,1984,1374
253,77.0,feeder,0.947597861289978,797,983,1984,1373
254,77.0,feeder,0.9473742842674255,796,983,1983,1373
255,77.0,feeder,0.9477970004081726,795,983,1984,1373
256,77.0,feeder,0.9483267068862915,793,983,1981,1373
257,77.0,feeder,0.9481299519538879,792,982,1979,1373
258,77.0,feeder,0.9482425451278687,792,982,1979,1373
259,77.0,feeder,0.9478664994239807,792,982,1980,1373
260,77.0,feeder,0.9476783275604248,793,982,1982,1373
261,77.0,feeder,0.9481983184814453,795,981,1984,1373
262,77.0,feeder,0.9475969672203064,797,980,1985,1373
263,77.0,feeder,0.9480915665626526,797,980,1984,1373
264,77.0,feeder,0.948469877243042,796,982,1982,1374
265,77.0,feeder,0.9488774538040161,793,983,1979,1374
266,77.0,feeder,0.9491194486618042,791,983,1976,1374
267,77.0,feeder,0.9492655992507935,792,982,1977,1374
268,77.0,feeder,0.9488261342048645,793,981,1981,1374
269,77.0,feeder,0.948531985282898,794,982,1982,1374
270,77.0,feeder,0.9482850432395935,795,982,1982,1374
271,77.0,feeder,0.9475741982460022,795,982,1983,1373
272,77.0,feeder,0.9481160044670105,793,982,1982,1373
273,77.0,feeder,0.9485935568809509,790,982,1978,1373
274,77.0,feeder,0.9486331343650818,789,982,1977,1374
275,77.0,feeder,0.947790265083313,791,982,1979,1374
276,77.0,feeder,0.9477316737174988,794,983,1982,1374
277,77.0,feeder,0.9470115303993225,797,983,1986,1374
278,77.0,feeder,0.9473294615745544,798,982,1987,1373
279,77.0,feeder,0.9472007751464844,797,981,1986,1373
280,77.0,feeder,0.947617769241333,797,981,1986,1373
281,77.0,feeder,0.9476193785667419,797,981,1985,1373
282,77.0,feeder,0.9469152092933655,797,982,1987,1373
283,77.0,feeder,0.9467836022377014,798,982,1988,1373
284,77.0,feeder,0.9469497203826904,800,981,1989,1373
285,77.0,feeder,0.947052538394928,799,981,1989,1373
286,77.0,feeder,0.9477160573005676,800,980,1986,1373
287,77.0,feeder,0.9473971724510193,800,980,1986,1373
288,77.0,feeder,0.9474430680274963,799,981,1986,1373
289,77.0,feeder,0.947539746761322,800,982,1985,1373
290,77.0,feeder,0.9477698802947998,800,982,1985,1373
291,77.0,feeder,0.9468295574188232,800,982,1987,1373
292,77.0,feeder,0.9466584920883179,801,981,1988,1373
293,77.0,feeder,0.9473735094070435,800,981,1987,1373
294,77.0,feeder,0.9478384256362915,797,982,1985,1374
295,77.0,feeder,0.947608232498169,795,982,1982,1374
296,77.0,feeder,0.9477066993713379,795,983,1981,1374
297,77.0,feeder,0.947787880897522,795,983,1981,1374
298,77.0,feeder,0.9477207660675049,795,983,1981,1374
299,77.0,feeder,0.9476141929626465,795,982,1981,1374
300,77.0,feeder,0.9480947852134705,794,982,1981,1374
301,77.0,feeder,0.9482296109199524,794,982,1979,1373
302,77.0,feeder,0.9478815793991089,793,981,1981,1373
303,77.0,feeder,0.9479632377624512,793,981,1981,1373
304,77.0,feeder,0.9479271173477173,794,981,1981,1374
305,77.0,feeder,0.9484524726867676,794,981,1978,1373
306,77.0,feeder,0.9482309818267822,793,981,1978,1374
307,77.0,feeder,0.9478251338005066,792,981,1979,1373
308,77.0,feeder,0.947982907295227,792,981,1981,1374
309,77.0,feeder,0.9479096531867981,794,981,1982,1374
310,77.0,feeder,0.9479557275772095,795,981,1984,1374
311,77.0,feeder,0.9477329254150391,796,981,1985,1374
312,77.0,feeder,0.9482243657112122,796,982,1983,1374
313,77.0,feeder,0.9476670026779175,794,982,1982,1374
314,77.0,feeder,0.9477871060371399,793,982,1982,1374
315,77.0,feeder,0.9477192163467407,795,982,1982,1374
316,77.0,feeder,0.9476580023765564,794,982,1981,1373
317,77.0,feeder,0.9479025602340698,794,982,1981,1373
318,77.0,feeder,0.9479518532752991,794,982,1980,1373
319,77.0,feeder,0.947666347026825,793,982,1980,1374
320,77.0,feeder,0.9473678469657898,792,982,1981,1374
321,77.0,feeder,0.9474974274635315,793,983,1982,1374
322,77.0,feeder,0.947688102722168,793,982,1983,1374
323,77.0,feeder,0.947338879108429,796,983,1985,1374
324,77.0,feeder,0.9428365230560303,802,984,1985,1374
325,77.0,feeder,0.9361900091171265,806,986,1984,1372
326,77.0,feeder,0.9322817921638489,806,989,1982,1370
326,106.0,gt,0.8218911290168762,293,1107,687,1351
327,77.0,feeder,0.9418251514434814,807,990,1980,1369
327,106.0,gt,0.8405657410621643,437,1080,790,1359
328,77.0,feeder,0.9418191313743591,809,992,1980,1369
328,106.0,gt,0.8904396295547485,485,1049,895,1304
329,77.0,feeder,0.944086492061615,808,993,1979,1370
329,106.0,gt,0.8459222912788391,503,1013,955,1256
330,77.0,feeder,0.9436483383178711,807,994,1979,1370
330,106.0,gt,0.8766686916351318,529,999,978,1238
331,77.0,feeder,0.9437358975410461,808,994,1978,1367
331,106.0,gt,0.8877853155136108,538,996,986,1236
332,77.0,feeder,0.9436213374137878,807,994,1978,1369
332,106.0,gt,0.8950620889663696,545,996,988,1237
333,77.0,feeder,0.9427601099014282,807,994,1978,1366
333,106.0,gt,0.8805966973304749,590,998,994,1257
334,77.0,feeder,0.9424316883087158,808,994,1978,1368
334,106.0,gt,0.8979869484901428,571,995,1023,1230
335,77.0,feeder,0.9426109790802002,806,993,1978,1368
335,106.0,gt,0.897438108921051,578,989,1045,1222
336,77.0,feeder,0.9429571628570557,805,993,1978,1368
336,106.0,gt,0.8928850889205933,580,987,1051,1220
337,77.0,feeder,0.9436755180358887,803,993,1977,1368
337,106.0,gt,0.8992252349853516,587,988,1049,1219
338,77.0,feeder,0.9435110092163086,802,992,1976,1368
338,106.0,gt,0.9007865190505981,583,988,1047,1219
339,77.0,feeder,0.9433465003967285,802,991,1977,1368
339,106.0,gt,0.8934897184371948,589,988,1046,1219
340,77.0,feeder,0.9429482221603394,802,991,1977,1368
340,106.0,gt,0.9031028151512146,594,989,1044,1219
341,77.0,feeder,0.9442502856254578,802,993,1976,1368
341,106.0,gt,0.9043533205986023,594,989,1054,1221
342,77.0,feeder,0.9441238045692444,802,994,1977,1369
342,106.0,gt,0.9130576848983765,600,993,1060,1222
343,77.0,feeder,0.9438760876655579,803,995,1977,1369
343,106.0,gt,0.9068273305892944,605,994,1061,1224
344,77.0,feeder,0.9441561102867126,803,994,1977,1368
344,106.0,gt,0.9049755334854126,606,996,1064,1225
345,77.0,feeder,0.9438716173171997,803,993,1978,1368
345,106.0,gt,0.9033324718475342,603,997,1067,1225
346,77.0,feeder,0.9436048865318298,804,993,1977,1367
346,106.0,gt,0.9098039269447327,595,998,1068,1217
347,77.0,feeder,0.9431790709495544,803,992,1977,1367
347,106.0,gt,0.9046610593795776,600,1002,1069,1217
348,77.0,feeder,0.9418851137161255,804,991,1977,1367
348,106.0,gt,0.8974766135215759,614,1009,1078,1222
349,77.0,feeder,0.9397099018096924,804,994,1976,1366
349,106.0,gt,0.8223121762275696,659,995,1112,1200
350,77.0,feeder,0.9425888657569885,802,994,1975,1366
350,106.0,gt,0.8849900364875793,727,982,1154,1169
351,77.0,feeder,0.9423589706420898,804,992,1976,1366
351,106.0,gt,0.8971508145332336,792,993,1201,1170
352,77.0,feeder,0.9387721419334412,806,989,1977,1367
352,106.0,gt,0.8602726459503174,877,1032,1241,1174
353,77.0,feeder,0.9372191429138184,807,988,1979,1368
353,106.0,gt,0.85177081823349,935,1060,1281,1175
354,77.0,feeder,0.9329466223716736,807,988,1980,1368
354,106.0,gt,0.7916139364242554,954,1070,1299,1174
355,77.0,feeder,0.9281585812568665,807,987,1980,1368
355,106.0,gt,0.7446739077568054,965,1070,1310,1174
356,77.0,feeder,0.8775263428688049,808,987,1980,1370
356,106.0,bt,0.7201645970344543,963,1076,1314,1173
357,77.0,feeder,0.9278563261032104,807,987,1980,1369
357,106.0,gt,0.7339363098144531,963,1075,1324,1174
358,77.0,feeder,0.9380254745483398,808,988,1979,1368
358,106.0,gt,0.863284707069397,960,1066,1335,1174
359,77.0,feeder,0.9347575902938843,807,989,1978,1368
359,106.0,gt,0.8523993492126465,947,1067,1352,1175
360,77.0,feeder,0.9387097358703613,806,989,1978,1367
360,106.0,gt,0.8361414074897766,943,1061,1343,1175
361,77.0,feeder,0.9390852451324463,805,991,1977,1368
361,106.0,gt,0.8544617295265198,945,1059,1353,1176
362,77.0,feeder,0.9408636093139648,805,991,1977,1367
362,106.0,gt,0.8661354184150696,932,1053,1344,1177
363,77.0,feeder,0.941175639629364,804,991,1977,1367
363,106.0,gt,0.8624018430709839,926,1046,1339,1177
364,77.0,feeder,0.9405248761177063,804,992,1976,1368
364,106.0,gt,0.8732008337974548,922,1048,1337,1178
365,77.0,feeder,0.940772533416748,803,992,1974,1368
365,106.0,gt,0.8731988072395325,920,1050,1336,1179
366,77.0,feeder,0.9407445788383484,802,992,1973,1368
366,106.0,gt,0.8740994930267334,917,1048,1335,1179
367,77.0,feeder,0.940694272518158,802,991,1974,1368
367,106.0,gt,0.8723880648612976,917,1049,1335,1180
368,77.0,feeder,0.940371572971344,803,992,1976,1368
368,106.0,gt,0.8639296293258667,917,1051,1337,1178
369,77.0,feeder,0.9395855069160461,805,989,1977,1367
369,106.0,gt,0.8651756644248962,925,1040,1342,1177
370,77.0,feeder,0.9421342611312866,805,987,1977,1367
370,106.0,gt,0.8893036842346191,954,1021,1347,1174
371,77.0,feeder,0.9402565360069275,803,987,1976,1367
371,106.0,gt,0.8722562789916992,976,1015,1354,1173
372,77.0,feeder,0.9406922459602356,802,987,1974,1367
372,106.0,gt,0.8724914193153381,1002,1012,1353,1172
373,77.0,feeder,0.9415483474731445,802,986,1974,1367
373,106.0,gt,0.8941415548324585,1011,1010,1352,1173
374,77.0,feeder,0.9413851499557495,803,986,1976,1368
374,106.0,gt,0.8969646692276001,1016,1009,1354,1173
375,77.0,feeder,0.940527617931366,805,986,1977,1368
375,106.0,gt,0.8759827613830566,1023,1010,1355,1173
376,77.0,feeder,0.9376909732818604,806,987,1977,1368
376,106.0,gt,0.8661420345306396,1016,1009,1351,1172
377,77.0,feeder,0.9425655603408813,805,988,1976,1368
377,106.0,gt,0.9048992395401001,1064,1006,1343,1175
378,77.0,feeder,0.9410470128059387,804,987,1976,1368
378,106.0,gt,0.9046066999435425,1093,1004,1340,1177
379,77.0,feeder,0.9412655234336853,804,987,1976,1368
379,106.0,gt,0.8867536783218384,1101,1003,1339,1177
380,77.0,feeder,0.9398289918899536,806,986,1978,1368
380,106.0,gt,0.8789119124412537,1104,1002,1340,1176
381,77.0,feeder,0.938983142375946,806,986,1979,1369
381,106.0,gt,0.8487867712974548,1111,1002,1340,1175
382,77.0,feeder,0.9405517578125,807,987,1980,1369
382,106.0,gt,0.8765550255775452,1112,1002,1340,1175
383,77.0,feeder,0.9417470693588257,807,987,1978,1368
383,106.0,gt,0.8760212063789368,1106,1009,1344,1176
384,77.0,feeder,0.9117679595947266,804,989,1977,1370
384,106.0,bt,0.8652445077896118,1101,1034,1326,1178
385,77.0,feeder,0.937134861946106,803,989,1976,1370
385,106.0,gt,0.7239097356796265,1098,1059,1312,1178
386,77.0,feeder,0.9365980625152588,802,990,1976,1370
386,106.0,gt,0.7827588319778442,1102,1069,1304,1177
387,77.0,feeder,0.9391580820083618,803,989,1977,1370
387,106.0,gt,0.8456594944000244,1097,1072,1302,1179
388,77.0,feeder,0.9394127130508423,804,989,1979,1370
388,106.0,gt,0.8432202339172363,1098,1075,1304,1177
389,77.0,feeder,0.9382999539375305,805,988,1979,1370
389,106.0,gt,0.8197932839393616,1105,1078,1303,1177
390,77.0,feeder,0.9389997720718384,804,988,1978,1371
390,106.0,gt,0.8511655926704407,1093,1086,1305,1178
391,77.0,feeder,0.940697193145752,802,988,1977,1371
391,106.0,gt,0.8628451228141785,1089,1088,1305,1179
392,77.0,feeder,0.9391571283340454,802,988,1975,1371
392,106.0,gt,0.8361112475395203,1097,1084,1301,1178
393,77.0,feeder,0.939332127571106,801,988,1975,1371
393,106.0,gt,0.8266695737838745,1105,1081,1298,1176
394,77.0,feeder,0.9361214637756348,802,988,1976,1371
394,106.0,gt,0.8426520824432373,1102,1075,1295,1177
395,77.0,feeder,0.9377110004425049,803,988,1976,1371
395,106.0,gt,0.8293665647506714,1106,1071,1294,1175
396,77.0,feeder,0.9398397207260132,803,988,1978,1371
396,106.0,gt,0.8530188798904419,1111,1071,1295,1175
397,77.0,feeder,0.9392565488815308,803,988,1977,1371
397,106.0,gt,0.8393736481666565,1117,1067,1296,1175
398,77.0,feeder,0.9382944107055664,802,988,1977,1371
398,106.0,gt,0.8385263085365295,1122,1064,1297,1175
399,77.0,feeder,0.9373326301574707,802,988,1977,1371
399,106.0,gt,0.8356384038925171,1120,1064,1300,1176
400,77.0,feeder,0.9340221285820007,802,988,1976,1371
400,106.0,gt,0.8066518902778625,1119,1063,1300,1176
401,77.0,feeder,0.9362732768058777,802,988,1976,1371
401,106.0,gt,0.8278089761734009,1119,1063,1301,1176
402,77.0,feeder,0.9339025616645813,803,988,1976,1370
402,106.0,gt,0.7788724303245544,1113,1060,1299,1176
403,77.0,feeder,0.9331348538398743,803,989,1977,1370
403,106.0,gt,0.8036147356033325,1111,1062,1298,1176
404,77.0,feeder,0.9106431603431702,802,989,1976,1371
404,106.0,bt,0.6217151880264282,1110,1062,1297,1176
405,77.0,feeder,0.9319689869880676,803,989,1977,1371
405,106.0,gt,0.7832009196281433,1111,1062,1296,1176
406,77.0,feeder,0.8209273219108582,803,988,1976,1371
406,106.0,bt,0.8477994203567505,1111,1062,1294,1178
407,77.0,feeder,0.9267714619636536,802,989,1974,1371
407,106.0,gt,0.7720935940742493,1113,1059,1293,1177
408,77.0,feeder,0.9407543540000916,802,989,1973,1371
408,106.0,gt,0.8382508754730225,1101,1049,1326,1174
409,77.0,feeder,0.9422460198402405,801,988,1973,1370
409,106.0,gt,0.8801587224006653,1098,1032,1349,1173
410,77.0,feeder,0.9427458047866821,801,987,1974,1370
410,106.0,gt,0.8902614712715149,1097,1025,1360,1173
411,77.0,feeder,0.9422621130943298,801,987,1975,1370
411,106.0,gt,0.8910717964172363,1097,1021,1365,1173
412,77.0,feeder,0.9421135187149048,801,988,1975,1370
412,106.0,gt,0.8928569555282593,1097,1020,1367,1173
413,77.0,feeder,0.9423477053642273,801,988,1974,1369
413,106.0,gt,0.8927100300788879,1098,1019,1366,1173
414,77.0,feeder,0.9427262544631958,801,988,1973,1368
414,106.0,gt,0.8945646286010742,1095,1018,1364,1172
415,77.0,feeder,0.9419296383857727,801,987,1973,1369
415,106.0,gt,0.8986440896987915,1093,1018,1365,1174
416,77.0,feeder,0.9412476420402527,801,987,1975,1370
416,106.0,gt,0.9013975858688354,1090,1014,1374,1175
417,77.0,feeder,0.9431739449501038,803,986,1976,1370
417,106.0,gt,0.8807340860366821,1058,1005,1397,1173
418,77.0,feeder,0.9434844255447388,804,986,1975,1369
418,106.0,gt,0.8888452649116516,1043,999,1407,1172
419,77.0,feeder,0.9433425664901733,803,986,1974,1370
419,106.0,gt,0.8909770846366882,1042,995,1411,1170
420,77.0,feeder,0.9433330297470093,802,986,1972,1370
420,106.0,gt,0.8965803384780884,1037,991,1409,1172
421,77.0,feeder,0.9435506463050842,802,986,1973,1369
421,106.0,gt,0.8905148506164551,1027,990,1409,1172
422,77.0,feeder,0.9434071183204651,802,985,1975,1369
422,106.0,gt,0.8912159204483032,1040,991,1409,1173
423,77.0,feeder,0.9437689185142517,803,986,1976,1369
423,106.0,gt,0.8855963945388794,1034,993,1410,1172
424,77.0,feeder,0.9432712197303772,804,986,1977,1369
424,106.0,gt,0.893856406211853,1041,995,1411,1171
425,77.0,feeder,0.9426886439323425,805,987,1976,1370
425,106.0,gt,0.894152820110321,1038,998,1411,1171
426,77.0,feeder,0.9426089525222778,804,989,1974,1370
426,106.0,gt,0.8870657086372375,1026,1003,1416,1172
427,77.0,feeder,0.9423689842224121,804,989,1973,1369
427,106.0,gt,0.882891833782196,1015,1007,1419,1172
428,77.0,feeder,0.9424598217010498,803,988,1973,1369
428,106.0,gt,0.883445680141449,1016,1006,1419,1171
429,77.0,feeder,0.9431992173194885,802,987,1974,1369
429,106.0,gt,0.8882780075073242,1015,1005,1418,1171
430,77.0,feeder,0.9434201717376709,803,986,1976,1369
430,106.0,gt,0.8875322937965393,1020,1006,1418,1171
431,77.0,feeder,0.9427940249443054,803,987,1976,1369
431,106.0,gt,0.887661874294281,1020,1008,1420,1172
432,77.0,feeder,0.9419573545455933,803,987,1975,1370
432,106.0,gt,0.8889791369438171,1022,1010,1413,1172
433,77.0,feeder,0.9420691132545471,802,988,1974,1370
433,106.0,gt,0.8799757361412048,1014,1009,1409,1172
434,77.0,feeder,0.9425351619720459,803,988,1974,1369
434,106.0,gt,0.8767793774604797,1018,1008,1407,1171
435,77.0,feeder,0.9432393908500671,803,987,1975,1369
435,106.0,gt,0.8754120469093323,1019,1006,1408,1171
436,77.0,feeder,0.9424542188644409,804,987,1975,1368
436,106.0,gt,0.8733523488044739,1019,1006,1410,1170
437,77.0,feeder,0.942433774471283,803,987,1974,1368
437,106.0,gt,0.8737993836402893,1018,1005,1409,1171
438,77.0,feeder,0.9426777958869934,801,987,1971,1369
438,106.0,gt,0.8758141994476318,1037,1007,1410,1175
439,77.0,feeder,0.9424031972885132,800,987,1971,1370
439,106.0,gt,0.89748215675354,1093,1013,1423,1175
440,77.0,feeder,0.9417559504508972,800,987,1971,1370
440,106.0,gt,0.8591791987419128,1066,1028,1447,1176
441,77.0,feeder,0.9415693283081055,801,987,1971,1370
441,106.0,gt,0.8895949125289917,1069,1043,1459,1172
442,77.0,feeder,0.94135981798172,801,987,1972,1370
442,106.0,gt,0.8793721795082092,1069,1051,1479,1170
443,77.0,feeder,0.9401863813400269,800,987,1970,1370
443,106.0,gt,0.8791153430938721,1066,1053,1484,1169
444,77.0,feeder,0.9416730403900146,800,988,1969,1370
444,106.0,gt,0.8781576752662659,1069,1045,1471,1169
445,77.0,feeder,0.9419567584991455,800,988,1968,1370
445,106.0,gt,0.8763819336891174,1069,1041,1470,1167
446,77.0,feeder,0.9423626661300659,800,988,1969,1370
446,106.0,gt,0.8694579005241394,1053,1034,1467,1167
447,77.0,feeder,0.9424729943275452,801,988,1971,1370
447,106.0,gt,0.8663960695266724,1050,1032,1469,1167
448,77.0,feeder,0.9424652457237244,802,988,1972,1370
448,106.0,gt,0.8692391514778137,1045,1026,1465,1166
449,77.0,feeder,0.9438270330429077,802,987,1971,1369
449,106.0,gt,0.8754855990409851,1046,1008,1455,1165
450,77.0,feeder,0.94403475522995,800,988,1969,1369
450,106.0,gt,0.8857269287109375,1052,991,1452,1164
451,77.0,feeder,0.9447582960128784,799,988,1968,1369
451,106.0,gt,0.8772711753845215,1051,984,1451,1163
452,77.0,feeder,0.9440608024597168,800,988,1970,1369
452,106.0,gt,0.878071129322052,1051,981,1452,1163
453,77.0,feeder,0.9438940286636353,801,988,1974,1369
453,106.0,gt,0.8822116851806641,1065,979,1454,1163
454,77.0,feeder,0.943355143070221,803,988,1976,1370
454,106.0,gt,0.8814032077789307,1077,979,1455,1163
455,77.0,feeder,0.9427700638771057,803,988,1976,1370
455,106.0,gt,0.8900760412216187,1096,982,1465,1163
456,77.0,feeder,0.9430632591247559,802,990,1976,1370
456,106.0,gt,0.8865986466407776,1108,979,1477,1160
457,77.0,feeder,0.9454277157783508,801,991,1974,1369
457,106.0,gt,0.872916042804718,1133,974,1495,1148
458,77.0,feeder,0.9445754289627075,802,990,1974,1369
458,106.0,gt,0.8783122301101685,1134,983,1525,1155
459,77.0,feeder,0.9449299573898315,801,988,1974,1369
459,106.0,gt,0.8765161037445068,1141,983,1539,1152
460,77.0,feeder,0.9450317025184631,801,988,1975,1369
460,106.0,gt,0.8810976147651672,1150,982,1546,1151
461,77.0,feeder,0.9452279806137085,802,988,1976,1369
461,106.0,gt,0.8782935738563538,1153,982,1548,1149
462,77.0,feeder,0.9454579949378967,803,988,1975,1368
462,106.0,gt,0.8793356418609619,1156,982,1548,1149
463,77.0,feeder,0.9459875226020813,802,988,1974,1368
463,106.0,gt,0.8792675137519836,1151,983,1547,1150
464,77.0,feeder,0.9461071491241455,802,988,1973,1368
464,106.0,gt,0.8707149624824524,1158,990,1545,1149
465,77.0,feeder,0.9458176493644714,801,987,1973,1368
465,106.0,gt,0.8801493048667908,1155,1004,1547,1151
466,77.0,feeder,0.9442923665046692,800,987,1973,1369
466,106.0,gt,0.8770281076431274,1151,1010,1550,1149
467,77.0,feeder,0.9445272088050842,801,988,1974,1370
467,106.0,gt,0.8882315754890442,1153,995,1554,1150
468,77.0,feeder,0.9458968043327332,801,989,1974,1370
468,106.0,gt,0.8914963603019714,1157,975,1562,1151
469,77.0,feeder,0.9461976289749146,801,990,1972,1370
469,106.0,gt,0.8895776867866516,1156,965,1565,1151
470,77.0,feeder,0.9463972449302673,800,990,1970,1369
470,106.0,gt,0.8918333649635315,1154,961,1566,1152
471,77.0,feeder,0.946183979511261,800,989,1970,1369
471,106.0,gt,0.8851047158241272,1153,959,1566,1151
472,77.0,feeder,0.9464515447616577,800,989,1970,1369
472,106.0,gt,0.8835408687591553,1154,958,1565,1151
473,77.0,feeder,0.9460837841033936,800,989,1970,1369
473,106.0,gt,0.8852903842926025,1158,957,1565,1151
474,77.0,feeder,0.9462807178497314,799,989,1971,1369
474,106.0,gt,0.8897126913070679,1155,962,1558,1151
475,77.0,feeder,0.945342481136322,799,989,1971,1370
475,106.0,gt,0.8877913355827332,1152,975,1545,1151
476,77.0,feeder,0.9444580078125,799,989,1970,1370
476,106.0,gt,0.885968804359436,1155,982,1539,1151
477,77.0,feeder,0.9443579316139221,800,989,1970,1370
477,106.0,gt,0.8868609070777893,1156,984,1537,1151
478,77.0,feeder,0.9441930651664734,800,988,1971,1369
478,106.0,gt,0.8874905109405518,1158,984,1536,1150
479,77.0,feeder,0.9446240067481995,799,988,1971,1369
479,106.0,gt,0.8880241513252258,1161,984,1536,1150
480,77.0,feeder,0.9442623853683472,800,989,1971,1370
480,106.0,gt,0.8893358707427979,1165,984,1535,1150
481,77.0,feeder,0.9439951181411743,800,989,1971,1369
481,106.0,gt,0.8897451758384705,1160,985,1534,1152
482,77.0,feeder,0.9437710642814636,799,988,1971,1369
482,106.0,gt,0.8914910554885864,1159,984,1534,1153
483,77.0,feeder,0.9433180093765259,799,989,1970,1369
483,106.0,gt,0.8877975344657898,1165,984,1531,1154
484,77.0,feeder,0.9438894391059875,799,988,1969,1369
484,106.0,gt,0.8796060681343079,1160,989,1530,1152
485,77.0,feeder,0.9442504048347473,799,988,1968,1369
485,106.0,gt,0.8809592723846436,1158,991,1528,1152
486,77.0,feeder,0.9441136121749878,800,988,1969,1369
486,106.0,gt,0.875343918800354,1152,992,1525,1151
487,77.0,feeder,0.9451085925102234,800,988,1970,1369
487,106.0,gt,0.8840315341949463,1150,990,1525,1152
488,77.0,feeder,0.9452029466629028,800,988,1970,1369
488,106.0,gt,0.887346088886261,1149,990,1525,1153
489,77.0,feeder,0.9452514052391052,799,989,1969,1369
489,106.0,gt,0.8845301270484924,1151,998,1526,1152
490,77.0,feeder,0.9454872608184814,799,988,1969,1369
490,106.0,gt,0.8777057528495789,1151,1008,1531,1151
491,77.0,feeder,0.9446312785148621,799,988,1969,1369
491,106.0,gt,0.8791854977607727,1151,1014,1538,1151
492,77.0,feeder,0.945880651473999,800,989,1971,1369
492,106.0,gt,0.885421097278595,1154,1006,1545,1150
493,77.0,feeder,0.9462781548500061,800,989,1972,1369
493,106.0,gt,0.8830693960189819,1156,1000,1551,1150
494,77.0,feeder,0.9454925060272217,800,989,1971,1369
494,106.0,gt,0.8949559330940247,1156,994,1558,1150
495,77.0,feeder,0.945496141910553,800,989,1970,1369
495,106.0,gt,0.8941197991371155,1154,990,1566,1151
496,77.0,feeder,0.9459190964698792,800,990,1969,1369
496,106.0,gt,0.8966035842895508,1159,981,1561,1152
497,77.0,feeder,0.9465052485466003,799,990,1968,1369
497,106.0,gt,0.8933128714561462,1157,976,1556,1152
498,77.0,feeder,0.9464854598045349,799,991,1967,1369
498,106.0,gt,0.8937801122665405,1153,974,1550,1153
499,77.0,feeder,0.9463282227516174,799,991,1967,1369
499,106.0,gt,0.8941013216972351,1149,971,1551,1153
500,77.0,feeder,0.9464391469955444,799,991,1968,1369
500,106.0,gt,0.8919492363929749,1144,969,1551,1154
501,77.0,feeder,0.9461526274681091,798,991,1967,1369
501,106.0,gt,0.8999418616294861,1143,969,1551,1154
502,77.0,feeder,0.9464442729949951,798,990,1968,1369
502,106.0,gt,0.9008089900016785,1144,969,1552,1154
503,77.0,feeder,0.9464035630226135,798,990,1969,1369
503,106.0,gt,0.8999796509742737,1144,969,1552,1153
504,77.0,feeder,0.9458268284797668,799,990,1970,1369
504,106.0,gt,0.9015441536903381,1150,969,1552,1153
505,77.0,feeder,0.9456087946891785,799,990,1971,1369
505,106.0,gt,0.9023944139480591,1153,969,1553,1154
506,77.0,feeder,0.9460433721542358,801,990,1973,1369
506,106.0,gt,0.8986061811447144,1151,969,1553,1154
507,77.0,feeder,0.9453244805335999,804,989,1976,1370
507,106.0,gt,0.9119433760643005,1164,975,1548,1155
508,77.0,feeder,0.9450135231018066,805,989,1977,1370
508,106.0,gt,0.9138742685317993,1174,979,1542,1156
509,77.0,feeder,0.9459632039070129,806,989,1977,1369
509,106.0,gt,0.8941353559494019,1190,961,1548,1150
510,77.0,feeder,0.9461248517036438,804,989,1976,1369
510,106.0,gt,0.8832437992095947,1237,929,1559,1151
511,77.0,feeder,0.9472025036811829,802,989,1973,1368
511,106.0,gt,0.8815920948982239,1260,915,1566,1140
512,77.0,feeder,0.9469667077064514,801,989,1970,1369
512,106.0,gt,0.8916329145431519,1277,914,1568,1178
513,77.0,feeder,0.9469020366668701,802,989,1971,1370
513,106.0,gt,0.9085374474525452,1281,917,1573,1196
514,77.0,feeder,0.9472531676292419,803,989,1973,1370
514,106.0,gt,0.9176015853881836,1284,917,1585,1204
515,77.0,feeder,0.9465808272361755,804,989,1975,1370
515,106.0,gt,0.9194100499153137,1280,916,1594,1208
516,77.0,feeder,0.9462281465530396,804,989,1977,1370
516,106.0,gt,0.9171263575553894,1287,913,1598,1209
517,77.0,feeder,0.946516752243042,804,989,1976,1370
517,106.0,gt,0.9074340462684631,1290,913,1597,1206
518,77.0,feeder,0.9463838338851929,803,989,1974,1370
518,106.0,gt,0.9112123250961304,1282,920,1596,1202
519,77.0,feeder,0.9442602396011353,803,989,1973,1371
519,106.0,gt,0.8664231896400452,1289,970,1576,1196
520,77.0,feeder,0.9453117847442627,803,990,1973,1371
520,106.0,gt,0.8925657868385315,1295,958,1560,1189
521,77.0,feeder,0.9054591059684753,802,991,1973,1369
522,77.0,feeder,0.9377844929695129,799,989,1977,1371
523,77.0,feeder,0.7707216143608093,797,986,1978,1371
524,77.0,feeder,0.940726637840271,795,984,1978,1372
525,77.0,feeder,0.9491457343101501,793,982,1978,1373
526,77.0,feeder,0.9481387138366699,792,982,1978,1373
527,77.0,feeder,0.9481762051582336,792,982,1978,1373
528,77.0,feeder,0.94838547706604,791,982,1978,1373
529,77.0,feeder,0.9483689665794373,791,981,1978,1373
530,77.0,feeder,0.9483669400215149,791,981,1979,1373
531,77.0,feeder,0.9483658671379089,790,981,1979,1373
532,77.0,feeder,0.948513925075531,790,981,1977,1373
533,77.0,feeder,0.9486487507820129,790,981,1976,1373
534,77.0,feeder,0.9487797021865845,791,982,1976,1373
535,77.0,feeder,0.9484513998031616,791,982,1976,1373
536,77.0,feeder,0.9484085440635681,790,982,1977,1373
537,77.0,feeder,0.9485988020896912,790,982,1977,1373
538,77.0,feeder,0.9485073089599609,791,982,1975,1373
539,77.0,feeder,0.9484147429466248,791,982,1973,1373
540,77.0,feeder,0.9484768509864807,790,982,1972,1373
541,77.0,feeder,0.9490485787391663,791,982,1974,1373
542,77.0,feeder,0.9489388465881348,791,982,1976,1373
543,77.0,feeder,0.9493016004562378,791,983,1977,1374
544,77.0,feeder,0.9491295218467712,792,983,1976,1374
545,77.0,feeder,0.9490220546722412,791,983,1976,1374
546,77.0,feeder,0.9489328265190125,792,983,1976,1374
547,77.0,feeder,0.9486330151557922,792,983,1975,1374
548,77.0,feeder,0.9484975337982178,792,983,1974,1374
549,77.0,feeder,0.9486560821533203,793,982,1975,1374
550,77.0,feeder,0.9482478499412537,792,982,1975,1374
551,77.0,feeder,0.9487888216972351,791,982,1973,1373
552,77.0,feeder,0.9489215612411499,791,982,1971,1373
553,77.0,feeder,0.9486314058303833,790,982,1971,1373
554,77.0,feeder,0.9485703706741333,790,982,1971,1373
555,77.0,feeder,0.9487354755401611,790,982,1972,1373
556,77.0,feeder,0.9486846923828125,789,982,1973,1372
557,77.0,feeder,0.9488328099250793,789,982,1973,1373
558,77.0,feeder,0.9484208822250366,790,982,1973,1373
559,77.0,feeder,0.9482663869857788,790,982,1973,1373
560,77.0,feeder,0.9483362436294556,790,983,1973,1373
561,77.0,feeder,0.9487660527229309,790,982,1974,1372
562,77.0,feeder,0.9483510851860046,789,982,1975,1372
563,77.0,feeder,0.9486983418464661,789,981,1975,1372
564,77.0,feeder,0.9486583471298218,789,981,1975,1372
565,77.0,feeder,0.948688805103302,788,982,1974,1373
566,77.0,feeder,0.9490045309066772,788,982,1974,1373
567,77.0,feeder,0.9489904642105103,788,982,1974,1373
568,77.0,feeder,0.9489326477050781,789,982,1975,1373
569,77.0,feeder,0.9486801028251648,788,982,1975,1373
570,77.0,feeder,0.9484359622001648,787,982,1975,1373
571,77.0,feeder,0.9484907984733582,787,983,1972,1372
572,77.0,feeder,0.9487136006355286,787,983,1971,1373
573,77.0,feeder,0.9483892321586609,787,983,1972,1373
574,77.0,feeder,0.9485496878623962,788,982,1972,1373
575,77.0,feeder,0.9484438300132751,788,982,1972,1373
576,77.0,feeder,0.9483164548873901,788,982,1972,1373
577,77.0,feeder,0.9485794901847839,789,982,1972,1372
578,77.0,feeder,0.948660671710968,789,982,1971,1373
579,77.0,feeder,0.9486616253852844,789,982,1972,1373
580,77.0,feeder,0.9487467408180237,789,982,1972,1373
581,77.0,feeder,0.9485936164855957,790,982,1972,1373
582,77.0,feeder,0.9484413266181946,788,982,1972,1373
583,77.0,feeder,0.9481255412101746,789,982,1973,1373
584,77.0,feeder,0.9479715824127197,790,983,1975,1374
585,77.0,feeder,0.948069155216217,790,983,1976,1374
586,77.0,feeder,0.948316216468811,790,984,1974,1374
587,77.0,feeder,0.9487790465354919,789,983,1972,1373
588,77.0,feeder,0.948750913143158,789,983,1973,1373
589,77.0,feeder,0.9487254619598389,789,981,1978,1373
590,77.0,feeder,0.9487869739532471,790,981,1980,1374
591,77.0,feeder,0.9486992955207825,791,982,1980,1374
592,77.0,feeder,0.9484713673591614,791,983,1978,1374
593,77.0,feeder,0.9486300945281982,792,983,1977,1374
594,77.0,feeder,0.9487299919128418,792,983,1977,1373
595,77.0,feeder,0.948660135269165,791,982,1979,1374
596,77.0,feeder,0.9486681818962097,791,982,1980,1374
597,77.0,feeder,0.9486080408096313,791,982,1979,1374
598,77.0,feeder,0.9483181238174438,792,982,1978,1374
599,77.0,feeder,0.948025107383728,791,982,1977,1374
600,77.0,feeder,0.9482238292694092,792,982,1977,1374
601,77.0,feeder,0.9483031630516052,792,982,1977,1373
602,77.0,feeder,0.9484413266181946,792,982,1979,1373
603,77.0,feeder,0.9474703669548035,793,982,1980,1373
604,77.0,feeder,0.9479478001594543,793,982,1979,1373
605,77.0,feeder,0.9482545852661133,792,982,1976,1373
606,77.0,feeder,0.94830721616745,792,983,1976,1373
607,77.0,feeder,0.9485239386558533,792,982,1977,1373
608,77.0,feeder,0.9483292698860168,792,982,1978,1373
609,77.0,feeder,0.9477455615997314,792,981,1980,1373
610,77.0,feeder,0.9477815628051758,793,982,1980,1373
611,77.0,feeder,0.9477460980415344,793,982,1981,1373
612,77.0,feeder,0.9481920599937439,793,982,1981,1373
613,77.0,feeder,0.9484948515892029,792,982,1979,1373
614,77.0,feeder,0.9481995701789856,791,982,1977,1373
615,77.0,feeder,0.9483073353767395,791,982,1976,1373
616,77.0,feeder,0.948968231678009,791,982,1975,1373
617,77.0,feeder,0.948585033416748,791,983,1976,1373
618,77.0,feeder,0.9486476182937622,791,982,1976,1373
619,77.0,feeder,0.9484928250312805,791,982,1976,1373
620,77.0,feeder,0.9483765959739685,790,982,1973,1372
621,77.0,feeder,0.9487055540084839,789,982,1971,1372
622,77.0,feeder,0.9485191702842712,789,982,1972,1372
623,77.0,feeder,0.9484559297561646,790,982,1973,1373
624,77.0,feeder,0.948628306388855,790,983,1973,1373
625,77.0,feeder,0.948696494102478,789,982,1973,1373
626,77.0,feeder,0.9481162428855896,787,982,1971,1372
627,77.0,feeder,0.9479109644889832,786,983,1972,1372
628,77.0,feeder,0.9476258754730225,786,983,1973,1373
629,77.0,feeder,0.9483063817024231,787,983,1973,1373
630,77.0,feeder,0.9482630491256714,787,983,1973,1373
631,77.0,feeder,0.9478029608726501,788,982,1974,1373
632,77.0,feeder,0.9481208324432373,789,981,1974,1373
633,77.0,feeder,0.9482795596122742,790,982,1975,1373
634,77.0,feeder,0.9483048319816589,791,982,1976,1374
635,77.0,feeder,0.948330283164978,792,983,1976,1373
636,77.0,feeder,0.9484736323356628,792,982,1976,1373
637,77.0,feeder,0.9486099481582642,792,982,1976,1373
638,77.0,feeder,0.9482417106628418,791,982,1976,1373
639,77.0,feeder,0.9486109018325806,792,982,1977,1373
640,77.0,feeder,0.9478944540023804,792,983,1975,1374
641,77.0,feeder,0.9483352899551392,791,983,1974,1374
642,77.0,feeder,0.9483329653739929,791,983,1973,1374
643,77.0,feeder,0.9486396312713623,791,982,1973,1373
644,77.0,feeder,0.9483113884925842,790,981,1975,1373
645,77.0,feeder,0.9484959244728088,790,981,1977,1373
646,77.0,feeder,0.9480132460594177,791,982,1975,1373
647,77.0,feeder,0.948118269443512,790,982,1974,1373
648,77.0,feeder,0.948228120803833,789,982,1973,1373
649,77.0,feeder,0.9481639266014099,789,982,1974,1373
650,77.0,feeder,0.9482796788215637,788,982,1974,1373
651,77.0,feeder,0.9481152296066284,788,982,1974,1373
652,77.0,feeder,0.9481785893440247,788,982,1974,1373
653,77.0,feeder,0.9484156966209412,788,982,1973,1373
654,77.0,feeder,0.948249876499176,788,982,1973,1373
655,77.0,feeder,0.9484305381774902,789,982,1973,1373
656,77.0,feeder,0.9485473036766052,788,982,1973,1373
657,77.0,feeder,0.9485761523246765,788,982,1972,1373
658,77.0,feeder,0.9486318230628967,788,982,1972,1373
659,77.0,feeder,0.948792576789856,787,982,1972,1373
660,77.0,feeder,0.9486744999885559,788,982,1972,1373
661,77.0,feeder,0.9483281970024109,789,982,1972,1373
662,77.0,feeder,0.9482656121253967,790,982,1973,1373
663,77.0,feeder,0.9481385946273804,789,982,1973,1373
664,77.0,feeder,0.9480322003364563,790,983,1972,1373
665,77.0,feeder,0.9482395648956299,790,982,1972,1373
666,77.0,feeder,0.9478442072868347,789,982,1973,1373
667,77.0,feeder,0.9483060240745544,790,982,1973,1373
668,77.0,feeder,0.9484826326370239,790,982,1974,1373
669,77.0,feeder,0.9483771324157715,790,982,1973,1373
670,77.0,feeder,0.9480886459350586,789,982,1973,1373
671,77.0,feeder,0.9480381011962891,789,982,1973,1373
672,77.0,feeder,0.9485104084014893,789,982,1973,1372
673,77.0,feeder,0.9483543038368225,789,982,1974,1372
674,77.0,feeder,0.9481375217437744,789,982,1974,1373
675,77.0,feeder,0.9484413266181946,789,982,1974,1373
676,77.0,feeder,0.9482452273368835,790,982,1974,1373
677,77.0,feeder,0.9482071995735168,790,982,1973,1373
678,77.0,feeder,0.9482012987136841,789,982,1973,1373
679,77.0,feeder,0.9483179450035095,788,982,1973,1373
680,77.0,feeder,0.9481881260871887,788,982,1972,1373
681,77.0,feeder,0.9482970237731934,788,982,1972,1373
682,77.0,feeder,0.9484961628913879,788,982,1972,1373
683,77.0,feeder,0.9484198093414307,789,982,1972,1373
684,77.0,feeder,0.9483959674835205,789,982,1971,1373
685,77.0,feeder,0.9481726884841919,789,982,1972,1373
686,77.0,feeder,0.9484370350837708,789,982,1972,1373
687,77.0,feeder,0.9485394954681396,788,983,1973,1373
688,77.0,feeder,0.9484124779701233,788,983,1973,1373
689,77.0,feeder,0.9484714865684509,788,983,1972,1373
690,77.0,feeder,0.9484400749206543,789,983,1972,1373
691,77.0,feeder,0.9481438398361206,788,983,1973,1373
692,77.0,feeder,0.9481211304664612,787,983,1972,1372
693,77.0,feeder,0.9483695030212402,787,982,1973,1373
694,77.0,feeder,0.9480993747711182,786,982,1973,1373
695,77.0,feeder,0.9481572508811951,786,982,1974,1373
696,77.0,feeder,0.9482405185699463,787,982,1974,1373
697,77.0,feeder,0.948258638381958,787,982,1973,1373
698,77.0,feeder,0.9477694630622864,788,982,1974,1373
699,77.0,feeder,0.9479474425315857,787,982,1974,1372
700,77.0,feeder,0.9478546977043152,787,982,1975,1373
701,77.0,feeder,0.9478821158409119,787,982,1975,1373
702,77.0,feeder,0.9478728175163269,788,982,1973,1373
703,77.0,feeder,0.9476745128631592,787,982,1973,1373
704,77.0,feeder,0.9476504325866699,787,982,1973,1373
705,77.0,feeder,0.9477465748786926,787,982,1973,1373
706,77.0,feeder,0.94782954454422,785,982,1972,1372
707,77.0,feeder,0.9475743770599365,785,982,1972,1372
708,77.0,feeder,0.9475817680358887,784,983,1972,1373
709,77.0,feeder,0.9476506114006042,784,983,1971,1373
710,77.0,feeder,0.9477123022079468,784,983,1971,1373
711,77.0,feeder,0.9476550221443176,785,983,1971,1373
712,77.0,feeder,0.9474260807037354,784,983,1971,1373
713,77.0,feeder,0.9475560784339905,784,983,1970,1373
714,77.0,feeder,0.9476751089096069,785,982,1970,1373
715,77.0,feeder,0.9476757645606995,786,983,1972,1373
716,77.0,feeder,0.9475329518318176,786,983,1973,1373
717,77.0,feeder,0.9477408528327942,785,983,1972,1373
718,77.0,feeder,0.9473729729652405,785,983,1973,1373
719,77.0,feeder,0.9474320411682129,785,982,1973,1373
720,77.0,feeder,0.9471201300621033,784,982,1974,1373
721,77.0,feeder,0.9475098848342896,785,982,1973,1372
722,77.0,feeder,0.947759747505188,785,982,1973,1372
723,77.0,feeder,0.9475454092025757,785,982,1972,1372
724,77.0,feeder,0.9477210640907288,785,982,1971,1372
725,77.0,feeder,0.947547197341919,785,982,1971,1372
726,77.0,feeder,0.9477991461753845,785,982,1971,1372
727,77.0,feeder,0.947657585144043,784,982,1971,1372
728,77.0,feeder,0.9475643634796143,785,982,1971,1372
729,77.0,feeder,0.9475166201591492,785,982,1970,1372
730,77.0,feeder,0.9474084973335266,785,982,1971,1373
731,77.0,feeder,0.9478772282600403,786,982,1971,1373
732,77.0,feeder,0.9476028680801392,785,982,1972,1373
733,77.0,feeder,0.9475497007369995,785,982,1972,1373
734,77.0,feeder,0.9474913477897644,784,981,1971,1372
735,77.0,feeder,0.947470486164093,784,981,1970,1372
736,77.0,feeder,0.948408842086792,784,982,1970,1372
737,77.0,feeder,0.9481993913650513,785,983,1971,1373
738,77.0,feeder,0.9478260278701782,785,983,1972,1372
739,77.0,feeder,0.947998046875,784,983,1971,1373
740,77.0,feeder,0.9480071663856506,784,983,1971,1373
741,77.0,feeder,0.9481353163719177,784,983,1972,1372
742,77.0,feeder,0.9479653835296631,784,983,1971,1372
743,77.0,feeder,0.9482531547546387,784,982,1971,1372
744,77.0,feeder,0.9481391310691833,785,982,1971,1372
745,77.0,feeder,0.948029100894928,785,982,1972,1372
746,77.0,feeder,0.9477967619895935,785,982,1973,1372
747,77.0,feeder,0.9480300545692444,785,982,1974,1372
748,77.0,feeder,0.948127031326294,785,982,1974,1372
749,77.0,feeder,0.9481685161590576,785,982,1974,1373
750,77.0,feeder,0.9477021098136902,785,982,1975,1373
751,77.0,feeder,0.9480229020118713,785,982,1972,1372
752,77.0,feeder,0.9480632543563843,785,982,1970,1372
753,77.0,feeder,0.9481971263885498,784,981,1969,1372
754,77.0,feeder,0.9479882717132568,783,981,1969,1372
755,77.0,feeder,0.9481189846992493,783,981,1970,1372
756,77.0,feeder,0.9481422305107117,784,982,1971,1373
757,77.0,feeder,0.9481356143951416,784,982,1969,1373
758,77.0,feeder,0.94755619764328,784,982,1969,1373
759,77.0,feeder,0.9477062821388245,784,982,1969,1372
760,77.0,feeder,0.9482164978981018,783,982,1968,1372
761,77.0,feeder,0.9482280015945435,785,982,1968,1372
762,77.0,feeder,0.9483465552330017,786,982,1968,1372
763,77.0,feeder,0.948060154914856,785,982,1968,1372
764,77.0,feeder,0.9483190178871155,785,982,1968,1372
765,77.0,feeder,0.9484062790870667,783,982,1967,1372
766,77.0,feeder,0.9482218027114868,784,982,1968,1372
767,77.0,feeder,0.9481826424598694,783,982,1968,1372
768,77.0,feeder,0.9479924440383911,784,982,1968,1372
769,77.0,feeder,0.9481790065765381,784,982,1968,1372
770,77.0,feeder,0.9479185342788696,785,982,1969,1372
771,77.0,feeder,0.9480618834495544,785,982,1970,1372
772,77.0,feeder,0.9478471279144287,785,981,1972,1372
773,77.0,feeder,0.9481932520866394,785,981,1972,1372
774,77.0,feeder,0.9487510323524475,786,981,1972,1372
775,77.0,feeder,0.9485538601875305,786,981,1972,1373
776,77.0,feeder,0.9478403329849243,785,982,1972,1373
777,77.0,feeder,0.9480831027030945,785,982,1972,1373
778,77.0,feeder,0.948304295539856,786,982,1972,1373
779,77.0,feeder,0.9486542344093323,786,982,1974,1373
780,77.0,feeder,0.9489309191703796,787,982,1974,1373
781,77.0,feeder,0.948919415473938,789,982,1975,1373
782,77.0,feeder,0.9487143158912659,791,982,1978,1374
783,77.0,feeder,0.9485697150230408,791,982,1979,1374
784,77.0,feeder,0.9486562013626099,792,983,1978,1374
785,77.0,feeder,0.9484004974365234,791,983,1977,1373
786,77.0,feeder,0.9482802152633667,790,983,1974,1373
787,77.0,feeder,0.948319673538208,790,983,1974,1373
788,77.0,feeder,0.9481143951416016,792,982,1977,1373
789,77.0,feeder,0.9484931230545044,792,982,1978,1373
790,77.0,feeder,0.9481613039970398,791,983,1977,1373
791,77.0,feeder,0.9485931992530823,789,983,1973,1373
792,77.0,feeder,0.9485114812850952,788,983,1971,1373
793,77.0,feeder,0.9481428861618042,787,982,1969,1373
794,77.0,feeder,0.9488667249679565,787,982,1970,1373
795,77.0,feeder,0.9488804340362549,787,982,1972,1373
796,77.0,feeder,0.9491281509399414,789,981,1972,1373
797,77.0,feeder,0.9493388533592224,789,982,1972,1373
798,77.0,feeder,0.9491875171661377,789,982,1971,1373
799,77.0,feeder,0.9487916827201843,789,982,1971,1373
800,77.0,feeder,0.9486516714096069,790,982,1973,1373
801,77.0,feeder,0.9485912919044495,790,981,1976,1373
802,77.0,feeder,0.9485184550285339,790,981,1977,1373
803,77.0,feeder,0.9485248923301697,789,981,1977,1373
804,77.0,feeder,0.9490287899971008,789,982,1973,1373
805,77.0,feeder,0.9485333561897278,788,982,1971,1373
806,77.0,feeder,0.9485443234443665,786,982,1969,1373
807,77.0,feeder,0.9483684301376343,785,981,1969,1372
808,77.0,feeder,0.9483285546302795,786,981,1972,1372
809,77.0,feeder,0.9484861493110657,787,981,1973,1373
810,77.0,feeder,0.9487773180007935,787,982,1972,1373
811,77.0,feeder,0.9487719535827637,786,982,1971,1372
812,77.0,feeder,0.9488899111747742,786,983,1969,1372
813,77.0,feeder,0.9486063122749329,784,982,1969,1372
814,77.0,feeder,0.948523998260498,784,982,1971,1372
815,77.0,feeder,0.948576807975769,785,982,1973,1372
816,77.0,feeder,0.9488582611083984,786,982,1973,1373
817,77.0,feeder,0.9486942887306213,787,982,1974,1373
818,77.0,feeder,0.948588490486145,789,982,1974,1373
819,77.0,feeder,0.9490407109260559,790,982,1972,1373
820,77.0,feeder,0.9491934180259705,789,982,1972,1373
821,77.0,feeder,0.949016809463501,788,982,1972,1373
822,77.0,feeder,0.9491884708404541,788,981,1972,1373
823,77.0,feeder,0.9488482475280762,789,982,1973,1373
824,77.0,feeder,0.948919951915741,790,982,1973,1373
825,77.0,feeder,0.9489132761955261,790,982,1973,1373
826,77.0,feeder,0.9480502009391785,788,981,1974,1373
827,77.0,feeder,0.9479248523712158,788,981,1975,1373
828,77.0,feeder,0.9481204748153687,790,981,1977,1373
829,77.0,feeder,0.9484055042266846,790,982,1978,1373
830,77.0,feeder,0.9483452439308167,790,982,1976,1373
831,77.0,feeder,0.9483546018600464,791,982,1975,1373
832,77.0,feeder,0.9484637379646301,791,982,1973,1373
833,77.0,feeder,0.9481017589569092,789,982,1973,1373
834,77.0,feeder,0.9479459524154663,790,981,1972,1373
835,77.0,feeder,0.9481726884841919,791,982,1975,1373
836,77.0,feeder,0.9481431245803833,791,982,1975,1373
837,77.0,feeder,0.9481672048568726,791,982,1976,1373
838,77.0,feeder,0.9479151964187622,791,982,1974,1374
839,77.0,feeder,0.9480406641960144,790,982,1974,1374
840,77.0,feeder,0.948481559753418,790,982,1975,1373
841,77.0,feeder,0.9486241936683655,791,982,1976,1373
842,77.0,feeder,0.9485601782798767,791,982,1979,1373
843,77.0,feeder,0.9477056264877319,792,983,1978,1374
844,77.0,feeder,0.9479549527168274,791,983,1975,1373
845,77.0,feeder,0.9481139779090881,790,983,1973,1373
846,77.0,feeder,0.9484186172485352,789,983,1974,1373
847,77.0,feeder,0.9485439658164978,788,982,1973,1373
848,77.0,feeder,0.9483696222305298,790,982,1975,1373
849,77.0,feeder,0.948096513748169,790,982,1977,1373
850,77.0,feeder,0.9480500221252441,790,983,1975,1373
851,77.0,feeder,0.9484284520149231,789,983,1972,1373
852,77.0,feeder,0.948550820350647,786,982,1971,1373
853,77.0,feeder,0.9482936263084412,785,982,1972,1373
854,77.0,feeder,0.9486368894577026,786,982,1973,1373
855,77.0,feeder,0.948363721370697,787,982,1973,1373
856,77.0,feeder,0.9486457705497742,789,983,1972,1373
857,77.0,feeder,0.9482109546661377,788,983,1973,1373
858,77.0,feeder,0.9480682015419006,788,982,1971,1373
859,77.0,feeder,0.9479230642318726,787,982,1970,1372
860,77.0,feeder,0.9478136897087097,786,982,1970,1372
861,77.0,feeder,0.9480374455451965,786,982,1971,1373
862,77.0,feeder,0.9480009078979492,786,981,1972,1373
863,77.0,feeder,0.9482802152633667,788,982,1972,1373
864,77.0,feeder,0.9477590918540955,787,982,1970,1373
865,77.0,feeder,0.9479146599769592,785,982,1970,1373
866,77.0,feeder,0.9479881525039673,786,982,1970,1373
867,77.0,feeder,0.9481788277626038,787,981,1972,1373
868,77.0,feeder,0.9481915235519409,788,981,1973,1373
869,77.0,feeder,0.9482448101043701,787,982,1973,1373
870,77.0,feeder,0.9479551911354065,786,982,1971,1373
871,77.0,feeder,0.9481086134910583,785,982,1971,1372
872,77.0,feeder,0.948192298412323,785,983,1972,1372
873,77.0,feeder,0.9483835697174072,786,982,1974,1372
874,77.0,feeder,0.9485347270965576,786,982,1973,1373
875,77.0,feeder,0.9487383365631104,787,982,1973,1373
876,77.0,feeder,0.9484825134277344,787,982,1974,1373
877,77.0,feeder,0.9484444260597229,787,983,1972,1373
878,77.0,feeder,0.9480416178703308,786,982,1971,1373
879,77.0,feeder,0.9483817219734192,786,982,1971,1373
880,77.0,feeder,0.948429524898529,787,982,1972,1373
881,77.0,feeder,0.9482868313789368,787,982,1972,1373
882,77.0,feeder,0.9484331011772156,787,982,1972,1373
883,77.0,feeder,0.9480849504470825,786,982,1972,1373
884,77.0,feeder,0.9477463364601135,786,982,1971,1373
885,77.0,feeder,0.9478036165237427,787,982,1971,1372
886,77.0,feeder,0.9480512738227844,787,982,1970,1372
887,77.0,feeder,0.9486073851585388,787,981,1970,1373
888,77.0,feeder,0.9481341242790222,787,982,1970,1373
889,77.0,feeder,0.9482113718986511,786,982,1970,1373
890,77.0,feeder,0.9479101896286011,785,982,1969,1373
891,77.0,feeder,0.947847306728363,785,982,1969,1373
892,77.0,feeder,0.9477814435958862,785,982,1970,1373
893,77.0,feeder,0.9481571316719055,785,982,1972,1373
894,77.0,feeder,0.9480537176132202,785,982,1972,1373
895,77.0,feeder,0.9478781819343567,784,982,1971,1373
896,77.0,feeder,0.9474895000457764,783,982,1972,1373
897,77.0,feeder,0.9477975368499756,783,982,1971,1373
898,77.0,feeder,0.9478526711463928,783,982,1970,1373
899,77.0,feeder,0.9477927088737488,784,982,1970,1373
900,77.0,feeder,0.9477723836898804,784,982,1970,1373
901,77.0,feeder,0.9477365016937256,786,982,1971,1373
902,77.0,feeder,0.9478366374969482,786,982,1971,1372
903,77.0,feeder,0.9478617906570435,786,982,1972,1372
904,77.0,feeder,0.9476951360702515,786,982,1974,1373
905,77.0,feeder,0.9479073882102966,786,982,1972,1373
906,77.0,feeder,0.94796222448349,786,982,1972,1373
907,77.0,feeder,0.9479478001594543,786,981,1973,1373
908,77.0,feeder,0.9479580521583557,786,981,1973,1373
909,77.0,feeder,0.9477381110191345,786,981,1974,1373
910,77.0,feeder,0.9478465914726257,787,981,1974,1372
911,77.0,feeder,0.9481326937675476,787,981,1972,1373
912,77.0,feeder,0.9478310346603394,786,982,1972,1373
913,77.0,feeder,0.9473998546600342,786,982,1971,1373
914,77.0,feeder,0.947307825088501,786,982,1971,1373
915,77.0,feeder,0.9479399919509888,787,982,1972,1372
916,77.0,feeder,0.9483347535133362,787,982,1971,1372
917,77.0,feeder,0.9484425187110901,787,982,1971,1372
918,77.0,feeder,0.9486681818962097,787,982,1971,1372
919,77.0,feeder,0.9485286474227905,787,982,1971,1372
920,77.0,feeder,0.9483355283737183,787,982,1972,1372
921,77.0,feeder,0.9480631947517395,787,982,1972,1373
922,77.0,feeder,0.948549747467041,787,982,1972,1372
923,77.0,feeder,0.948401153087616,786,982,1973,1372
924,77.0,feeder,0.9484388828277588,785,982,1972,1372
925,77.0,feeder,0.9481548070907593,785,982,1972,1372
926,77.0,feeder,0.9483217000961304,784,982,1971,1372
927,77.0,feeder,0.9482356905937195,784,982,1970,1372
928,77.0,feeder,0.9480431079864502,784,982,1970,1372
929,77.0,feeder,0.9480432271957397,784,982,1971,1372
930,77.0,feeder,0.9482995867729187,785,982,1973,1372
931,77.0,feeder,0.9483304619789124,787,982,1972,1372
932,77.0,feeder,0.9483644366264343,787,982,1972,1373
933,77.0,feeder,0.9484673142433167,787,982,1972,1372
934,77.0,feeder,0.9483588933944702,786,982,1971,1372
935,77.0,feeder,0.9485459327697754,785,982,1971,1372
936,77.0,feeder,0.9482521414756775,785,982,1972,1372
937,77.0,feeder,0.9482529759407043,786,982,1972,1372
938,77.0,feeder,0.9480249285697937,786,982,1972,1373
939,77.0,feeder,0.94797682762146,785,982,1970,1373
940,77.0,feeder,0.9480672478675842,784,982,1970,1373
941,77.0,feeder,0.9477919340133667,784,982,1969,1373
942,77.0,feeder,0.9475371241569519,784,982,1970,1373
943,77.0,feeder,0.9475907683372498,785,982,1972,1373
944,77.0,feeder,0.9477221369743347,786,982,1973,1373
945,77.0,feeder,0.9475271105766296,785,983,1973,1373
946,77.0,feeder,0.9485361576080322,784,982,1970,1373
947,77.0,feeder,0.9487051963806152,783,982,1969,1373
948,77.0,feeder,0.9485129714012146,783,982,1968,1373
949,77.0,feeder,0.9484236240386963,784,982,1970,1373
950,77.0,feeder,0.9482811689376831,784,982,1971,1373
951,77.0,feeder,0.9482735395431519,784,982,1971,1373
952,77.0,feeder,0.9482320547103882,784,982,1970,1372
953,77.0,feeder,0.9481333494186401,784,982,1969,1373
954,77.0,feeder,0.9479929804801941,784,982,1969,1372
955,77.0,feeder,0.94791179895401,785,982,1969,1372
956,77.0,feeder,0.9477294087409973,785,982,1970,1373
957,77.0,feeder,0.9474825859069824,785,982,1972,1372
958,77.0,feeder,0.9477282166481018,785,982,1973,1373
959,77.0,feeder,0.9480531215667725,786,982,1974,1373
960,77.0,feeder,0.9478916525840759,785,982,1975,1373
961,77.0,feeder,0.9485111832618713,787,981,1974,1372
962,77.0,feeder,0.9486648440361023,787,981,1974,1372
963,77.0,feeder,0.9485467672348022,787,981,1974,1372
964,77.0,feeder,0.9485714435577393,786,982,1974,1372
965,77.0,feeder,0.9486208558082581,786,982,1972,1372
966,77.0,feeder,0.9484979510307312,786,982,1971,1372
967,77.0,feeder,0.9485086798667908,786,982,1970,1372
968,77.0,feeder,0.9483484625816345,786,982,1970,1373
969,77.0,feeder,0.9484174251556396,785,982,1970,1373
970,77.0,feeder,0.9487887024879456,786,982,1971,1372
971,77.0,feeder,0.9487594962120056,786,981,1971,1372
972,77.0,feeder,0.9486009478569031,785,982,1971,1372
973,77.0,feeder,0.9485822916030884,785,982,1970,1372
974,77.0,feeder,0.948574960231781,784,982,1969,1373
975,77.0,feeder,0.9486740827560425,784,982,1969,1372
976,77.0,feeder,0.9485026001930237,783,982,1969,1371
977,77.0,feeder,0.9485753178596497,782,981,1969,1371
978,77.0,feeder,0.9486727118492126,783,982,1969,1372
979,77.0,feeder,0.9484062790870667,783,982,1969,1372
980,77.0,feeder,0.9481605887413025,783,982,1969,1372
981,77.0,feeder,0.9483224153518677,783,982,1969,1372
982,77.0,feeder,0.9483705759048462,783,982,1969,1371
983,77.0,feeder,0.9483485817909241,783,982,1968,1371
984,77.0,feeder,0.9480782747268677,783,982,1969,1372
985,77.0,feeder,0.9467102289199829,784,982,1970,1372
986,77.0,feeder,0.9406234622001648,790,983,1970,1372
987,77.0,feeder,0.5842317342758179,792,985,1970,1371
988,,bt,0.8302764296531677,552,1125,749,1351
989,,bt,0.8056575655937195,746,1118,835,1284
989,,bt,0.35435494780540466,745,1119,844,1332
989,,feeder,0.21934877336025238,790,986,1966,1370
990,77.0,feeder,0.9484445452690125,787,983,1972,1372
991,77.0,feeder,0.9483092427253723,785,983,1970,1372
992,77.0,feeder,0.9479695558547974,784,983,1969,1372
993,77.0,feeder,0.9481428861618042,785,983,1969,1373
994,77.0,feeder,0.9484483003616333,786,982,1972,1373
995,77.0,feeder,0.9485452771186829,787,982,1972,1373
996,77.0,feeder,0.9478840827941895,787,982,1972,1373
997,77.0,feeder,0.9160676002502441,784,983,1970,1372
998,77.0,feeder,0.8961323499679565,783,984,1968,1371
999,77.0,feeder,0.6877694725990295,787,984,1967,1370
1000,77.0,feeder,0.6443952918052673,790,983,1967,1369
1001,77.0,feeder,0.8238362669944763,790,983,1968,1369
1002,77.0,feeder,0.9473373889923096,787,983,1970,1371
1003,77.0,feeder,0.9472712874412537,785,983,1969,1371
1004,77.0,feeder,0.948354184627533,782,983,1969,1372
1005,77.0,feeder,0.9478666186332703,782,982,1968,1372
1006,77.0,feeder,0.945665717124939,783,982,1969,1371
1007,77.0,feeder,0.9405901432037354,783,982,1969,1371
1008,77.0,feeder,0.9312414526939392,784,983,1969,1371
1009,77.0,feeder,0.927596926689148,785,983,1968,1371
1010,77.0,feeder,0.9061379432678223,785,984,1968,1370
1011,77.0,feeder,0.917204737663269,785,984,1968,1370
1012,77.0,feeder,0.9104577302932739,786,984,1969,1370
1013,77.0,feeder,0.9070668816566467,786,985,1968,1370
1014,77.0,feeder,0.9059359431266785,786,985,1969,1371
1015,77.0,feeder,0.8900359272956848,787,986,1968,1370
1016,77.0,feeder,0.8898665904998779,787,986,1968,1370
1017,77.0,feeder,0.9484759569168091,787,983,1972,1371
1018,77.0,feeder,0.948651134967804,786,982,1973,1371
1019,77.0,feeder,0.9487329125404358,786,981,1972,1372
1020,77.0,feeder,0.9489168524742126,786,981,1971,1372
1021,77.0,feeder,0.9485664963722229,786,982,1970,1372
1022,77.0,feeder,0.9485031366348267,786,982,1970,1372
1023,77.0,feeder,0.9428582787513733,788,983,1970,1371
1024,77.0,feeder,0.2225160300731659,791,983,1969,1370
1025,123.0,bt,0.8057973384857178,976,1087,1058,1183
1026,123.0,bt,0.8392989039421082,972,1083,1083,1184
1027,123.0,bt,0.8553267121315002,969,1091,1109,1185
1028,123.0,bt,0.8680511116981506,966,1094,1123,1185
1029,123.0,bt,0.8801185488700867,964,1095,1130,1184
1030,123.0,bt,0.8595900535583496,966,1094,1135,1185
1031,123.0,bt,0.8567904233932495,967,1095,1137,1185
1032,123.0,bt,0.8638855814933777,968,1089,1146,1186
1033,123.0,bt,0.877873957157135,970,1078,1150,1187
1034,123.0,bt,0.8784303069114685,971,1074,1151,1187
1035,123.0,bt,0.8815417885780334,970,1072,1150,1187
1036,123.0,bt,0.8808686137199402,971,1064,1138,1187
1037,123.0,bt,0.8882242441177368,971,1055,1137,1186
1038,123.0,bt,0.887863039970398,972,1051,1139,1186
1039,123.0,bt,0.8858932256698608,975,1047,1142,1187
1040,123.0,bt,0.886043131351471,976,1045,1144,1187
1041,123.0,bt,0.88814777135849,976,1045,1145,1187
1042,123.0,bt,0.8903177976608276,976,1045,1145,1188
1043,123.0,bt,0.8907417058944702,976,1045,1144,1187
1044,123.0,bt,0.8925312161445618,975,1045,1144,1187
1045,123.0,bt,0.8932642340660095,974,1049,1141,1186
1046,123.0,bt,0.8850316405296326,972,1055,1138,1186
1047,123.0,bt,0.8767871260643005,972,1059,1137,1186
1048,123.0,bt,0.8819763660430908,971,1061,1136,1186
1049,123.0,bt,0.8719121813774109,970,1077,1134,1184
1050,123.0,bt,0.8783090114593506,970,1091,1136,1183
1051,123.0,bt,0.86396324634552,973,1100,1141,1184
1052,123.0,bt,0.8769339323043823,974,1094,1157,1186
1053,123.0,bt,0.88307124376297,976,1091,1164,1186
1054,123.0,bt,0.8675448894500732,976,1089,1169,1185
1055,123.0,bt,0.87256920337677,980,1069,1195,1180
1056,123.0,bt,0.8776025772094727,984,1033,1232,1156
1057,123.0,bt,0.8728989958763123,998,1011,1272,1136
1058,123.0,gt,0.694966197013855,1037,915,1319,1143
1059,123.0,j,0.856777548789978,1065,857,1348,1141
1060,123.0,bt,0.6248689293861389,1115,852,1397,1124
1061,123.0,lt,0.8859322667121887,1125,848,1407,1120
1062,123.0,lt,0.6702829003334045,1162,896,1419,1143
1062,131.0,gt,0.7773061394691467,869,971,1073,1096
1063,123.0,gt,0.8072948455810547,1155,980,1436,1155
1063,131.0,bt,0.7367834448814392,786,967,1077,1089
1064,123.0,bt,0.8504267930984497,1217,1029,1454,1163
1064,131.0,bt,0.768704891204834,796,966,1079,1096
1064,137.0,feeder,0.8574528694152832,800,993,1970,1369
1064,138.0,bt,0.6111173033714294,892,965,1077,1097
1065,123.0,bt,0.8545611500740051,1221,1037,1451,1166
1065,137.0,feeder,0.929262638092041,802,993,1971,1368
1065,138.0,gt,0.7823436856269836,906,956,1073,1092
1066,123.0,bt,0.8421061038970947,1189,1031,1460,1168
1066,137.0,feeder,0.9306946992874146,804,994,1970,1368
1066,138.0,gt,0.8462900519371033,917,940,1070,1112
1067,123.0,bt,0.8628661036491394,1181,1028,1463,1169
1067,137.0,feeder,0.9356297254562378,803,993,1970,1365
1067,138.0,gt,0.8565325140953064,918,935,1073,1122
1068,123.0,bt,0.8506343364715576,1177,1027,1462,1170
1068,137.0,feeder,0.9360952377319336,803,993,1968,1364
1068,138.0,gt,0.859002947807312,918,934,1075,1127
1069,123.0,bt,0.8523824214935303,1175,1025,1462,1170
1069,137.0,feeder,0.9295598864555359,802,994,1968,1364
1069,138.0,gt,0.8588827252388,919,934,1078,1129
1070,123.0,bt,0.8453269004821777,1156,1023,1464,1170
1070,137.0,feeder,0.9406006932258606,802,993,1969,1364
1070,138.0,gt,0.8695874214172363,919,934,1079,1130
1071,123.0,bt,0.8648113012313843,1170,1008,1473,1166
1071,137.0,feeder,0.9301914572715759,803,994,1969,1364
1071,138.0,gt,0.859437108039856,920,934,1079,1129
1072,123.0,bt,0.8681854009628296,1169,1002,1475,1172
1072,137.0,feeder,0.9316266775131226,802,993,1969,1364
1072,138.0,gt,0.8528530597686768,920,935,1079,1128
1073,123.0,bt,0.8639764189720154,1147,999,1476,1176
1073,137.0,feeder,0.9310596585273743,802,992,1970,1364
1073,138.0,gt,0.8445386290550232,919,937,1080,1127
1074,123.0,bt,0.8618142604827881,1138,997,1481,1176
1074,137.0,feeder,0.9330244064331055,802,991,1970,1363
1074,138.0,gt,0.8656767010688782,918,952,1097,1129
1075,123.0,bt,0.854145884513855,1123,997,1479,1176
1075,137.0,feeder,0.8992153406143188,801,992,1971,1366
1075,138.0,gt,0.8052319884300232,918,961,1117,1124
1076,123.0,bt,0.8686193227767944,1117,996,1478,1176
1076,137.0,feeder,0.8624534606933594,801,991,1973,1367
1076,138.0,gt,0.7933082580566406,917,957,1147,1103
1076,140.0,bt,0.5697007179260254,917,958,1154,1095
1077,123.0,bt,0.820220947265625,1098,995,1476,1175
1077,137.0,feeder,0.7347045540809631,802,989,1974,1369
1077,138.0,bt,0.7781579494476318,921,972,1184,1112
1077,140.0,gt,0.5639615058898926,918,973,1193,1113
1078,123.0,bt,0.8455546498298645,1129,995,1473,1176
1078,137.0,feeder,0.1257007122039795,801,989,1973,1369
1078,138.0,bt,0.5756809711456299,934,995,1229,1131
1078,140.0,gt,0.590115487575531,933,997,1239,1136
1079,123.0,bt,0.8436693549156189,1159,994,1472,1176
1079,137.0,feeder,0.22294966876506805,801,988,1972,1369
1079,140.0,gt,0.774423360824585,955,993,1267,1145
1080,123.0,bt,0.8416391611099243,1161,993,1472,1176
1080,140.0,gt,0.720930814743042,960,992,1280,1153
1080,138.0,bt,0.5184683203697205,953,991,1268,1149
1081,123.0,bt,0.8513980507850647,1168,992,1472,1176
1081,140.0,bt,0.7071201801300049,968,991,1287,1164
1081,138.0,gt,0.7188120484352112,963,989,1276,1160
1082,123.0,bt,0.8465738296508789,1187,994,1472,1176
1082,140.0,bt,0.6728988885879517,970,991,1285,1166
1082,138.0,gt,0.7101250290870667,967,990,1275,1164
1083,123.0,bt,0.8480126261711121,1186,995,1472,1176
1083,140.0,bt,0.5327658653259277,973,996,1276,1165
1083,138.0,gt,0.6926440596580505,970,994,1272,1165
1084,123.0,bt,0.8452519178390503,1180,996,1471,1177
1084,140.0,bt,0.36483412981033325,963,1000,1271,1167
1084,138.0,gt,0.7337960600852966,963,997,1271,1165
1085,123.0,bt,0.854769229888916,1178,996,1469,1177
1085,140.0,bt,0.6436753869056702,970,1002,1269,1163
1085,138.0,gt,0.7157993316650391,968,998,1268,1162
1086,123.0,bt,0.8463014960289001,1180,990,1456,1178
1086,138.0,gt,0.7449463605880737,968,998,1267,1163
1086,137.0,feeder,0.8498789668083191,797,987,1967,1369
1087,123.0,bt,0.8422893285751343,1187,990,1442,1177
1087,138.0,gt,0.7308446168899536,958,998,1261,1162
1087,137.0,feeder,0.11608267575502396,795,988,1967,1369
1088,123.0,bt,0.8380268812179565,1192,989,1436,1177
1088,138.0,gt,0.7635760307312012,954,1001,1263,1160
1088,137.0,feeder,0.6401768326759338,795,987,1967,1368
1088,142.0,bt,0.5033297538757324,944,1004,1254,1154
1089,123.0,bt,0.8295416235923767,1204,989,1435,1179
1089,138.0,gt,0.7636610865592957,953,1000,1260,1160
1089,137.0,feeder,0.7944359183311462,795,987,1967,1368
1089,142.0,bt,0.26314499974250793,943,1001,1253,1154
1090,123.0,bt,0.8691859841346741,1205,986,1438,1178
1090,138.0,gt,0.7956140637397766,956,1003,1255,1159
1090,137.0,feeder,0.6873539686203003,795,987,1967,1368
1091,123.0,bt,0.8684328198432922,1195,981,1449,1178
1091,138.0,gt,0.7238231301307678,967,1011,1252,1161
1091,137.0,feeder,0.11159185320138931,794,987,1966,1369
1092,123.0,bt,0.7882570624351501,1102,981,1456,1179
1092,137.0,feeder,0.939046323299408,794,989,1965,1367
1093,123.0,bt,0.6432163715362549,1021,931,1463,1180
1093,137.0,feeder,0.923361599445343,793,988,1964,1366
1093,145.0,gt,0.5967193841934204,956,913,1476,1183
1093,138.0,gt,0.6297363638877869,960,980,1387,1157
1094,123.0,gt,0.7902002930641174,998,953,1462,1179
1094,137.0,feeder,0.9432398080825806,795,986,1965,1366
1095,123.0,gt,0.8055026531219482,1001,963,1473,1177
1095,137.0,feeder,0.9402546882629395,795,986,1965,1367
1096,123.0,gt,0.8113029599189758,991,962,1451,1176
1096,137.0,feeder,0.8906932473182678,795,986,1965,1368
1096,145.0,bt,0.5335486531257629,1050,980,1465,1174
1096,138.0,gt,0.6171339750289917,1028,965,1361,1171
1097,123.0,gt,0.8140094876289368,993,963,1459,1176
1097,137.0,feeder,0.9173354506492615,796,987,1965,1369
1097,145.0,bt,0.3203246593475342,1057,985,1464,1173
1098,123.0,gt,0.7986496090888977,994,962,1445,1175
1098,137.0,feeder,0.8402270078659058,794,985,1965,1369
1098,145.0,bt,0.49050185084342957,1046,977,1468,1175
1099,137.0,feeder,0.5124295353889465,793,983,1964,1369
1099,145.0,bt,0.7169884443283081,1044,976,1468,1175
1099,138.0,gt,0.7681441903114319,1013,964,1376,1172
1100,137.0,feeder,0.2677544951438904,793,982,1964,1369
1100,145.0,bt,0.7255759239196777,1042,975,1468,1176
1100,138.0,gt,0.7327152490615845,1008,965,1375,1171
1101,137.0,feeder,0.448264479637146,793,982,1964,1369
1101,145.0,bt,0.7309237718582153,1041,974,1468,1175
1101,138.0,gt,0.7634760141372681,1006,965,1381,1171
1102,137.0,feeder,0.8644412755966187,794,985,1965,1369
1102,145.0,bt,0.6194746494293213,1050,974,1449,1176
1102,138.0,gt,0.7851306796073914,1016,964,1427,1174
1103,137.0,feeder,0.9439103007316589,796,987,1966,1368
1104,137.0,feeder,0.9438614249229431,796,988,1966,1368
1104,138.0,gt,0.8466770052909851,1055,967,1438,1176
1105,137.0,feeder,0.9422317147254944,796,988,1965,1368
1105,138.0,gt,0.8351812958717346,1054,967,1439,1177
1106,137.0,feeder,0.9376106858253479,795,989,1965,1369
1106,138.0,gt,0.8248630166053772,1067,969,1437,1177
1107,137.0,feeder,0.9180827140808105,795,988,1964,1370
1107,138.0,gt,0.8232565522193909,1070,972,1446,1177
1108,137.0,feeder,0.9398068785667419,795,988,1965,1369
1108,138.0,gt,0.8232656717300415,1067,968,1450,1175
1109,137.0,feeder,0.31404098868370056,791,986,1966,1370
1109,138.0,bt,0.8375175595283508,1065,936,1447,1177
1110,137.0,feeder,0.930022120475769,794,988,1965,1367
1110,138.0,gt,0.5712871551513672,1092,847,1519,1165
1111,137.0,feeder,0.9328956604003906,793,988,1965,1369
1111,138.0,bt,0.8324843049049377,1112,597,1425,1172
1112,137.0,feeder,0.9408071041107178,793,988,1966,1369
1112,123.0,gt,0.8286901116371155,1058,1019,1328,1143
1113,137.0,feeder,0.9418423175811768,793,989,1966,1369
1113,123.0,gt,0.8244529962539673,1061,1019,1329,1145
1114,137.0,feeder,0.942261278629303,794,989,1966,1369
1114,123.0,gt,0.8334786891937256,1063,1019,1324,1141
1115,137.0,feeder,0.9438270926475525,794,988,1966,1368
1115,123.0,gt,0.8806755542755127,1053,1018,1345,1145
1116,137.0,feeder,0.9461592435836792,795,987,1966,1367
1116,123.0,gt,0.9187096357345581,1045,1000,1377,1146
1117,137.0,feeder,0.9456169605255127,795,987,1966,1367
1117,123.0,gt,0.8986342549324036,1019,991,1387,1149
1118,137.0,feeder,0.9452263712882996,796,987,1966,1367
1118,123.0,gt,0.8979352116584778,1012,988,1392,1149
1119,137.0,feeder,0.9451082348823547,796,987,1966,1367
1119,123.0,gt,0.8892351984977722,1010,987,1396,1148
1120,137.0,feeder,0.9460409879684448,795,988,1965,1367
1120,123.0,gt,0.8896700143814087,1033,966,1389,1137
1121,137.0,feeder,0.9463251233100891,794,989,1965,1368
1121,123.0,gt,0.8742222785949707,1119,943,1384,1122
1122,137.0,feeder,0.9457799792289734,793,988,1965,1369
1122,123.0,gt,0.8688845634460449,1155,932,1383,1143
1123,137.0,feeder,0.9460474252700806,795,988,1967,1369
1123,123.0,gt,0.8771502375602722,1174,929,1388,1139
1124,137.0,feeder,0.9453401565551758,796,988,1967,1369
1124,123.0,gt,0.884812593460083,1176,927,1398,1148
1125,137.0,feeder,0.9470422863960266,797,988,1967,1368
1125,123.0,gt,0.8861227631568909,1177,925,1426,1142
1126,137.0,feeder,0.9480634927749634,798,989,1968,1368
1126,123.0,gt,0.9034901857376099,1163,911,1467,1126
1127,137.0,feeder,0.9485986828804016,797,988,1967,1368
1127,123.0,gt,0.8999189734458923,1152,905,1482,1115
1128,137.0,feeder,0.9485598206520081,796,988,1966,1368
1128,123.0,gt,0.9008750319480896,1150,901,1488,1109
1129,137.0,feeder,0.9486846923828125,796,988,1966,1368
1129,123.0,gt,0.9030233025550842,1149,901,1488,1104
1130,137.0,feeder,0.9482388496398926,796,989,1966,1368
1130,123.0,gt,0.9122070670127869,1152,903,1488,1099
1131,137.0,feeder,0.947766125202179,796,989,1967,1368
1131,123.0,gt,0.9032204151153564,1154,900,1473,1097
1132,137.0,feeder,0.9472741484642029,796,989,1967,1368
1132,123.0,gt,0.9162319302558899,1166,896,1463,1100
1133,137.0,feeder,0.9475361108779907,796,989,1966,1368
1133,123.0,gt,0.8986837267875671,1165,894,1458,1098
1134,137.0,feeder,0.9474192261695862,796,989,1965,1368
1134,123.0,gt,0.9047241806983948,1164,894,1456,1096
1135,137.0,feeder,0.9474763870239258,795,989,1965,1369
1135,123.0,gt,0.9065226316452026,1166,895,1457,1095
1136,137.0,feeder,0.9483567476272583,796,989,1966,1368
1136,123.0,gt,0.9141926765441895,1165,912,1485,1096
1137,137.0,feeder,0.9473612308502197,795,989,1967,1368
1137,123.0,gt,0.892079770565033,1152,928,1500,1099
1138,137.0,feeder,0.9476933479309082,796,989,1968,1368
1138,123.0,gt,0.8898674845695496,1150,933,1506,1101
1139,137.0,feeder,0.9475096464157104,796,988,1968,1368
1139,123.0,gt,0.8902714848518372,1146,935,1507,1102
1140,137.0,feeder,0.9476691484451294,795,988,1968,1368
1140,123.0,gt,0.8844003677368164,1145,935,1506,1103
1141,137.0,feeder,0.9468845129013062,794,988,1965,1368
1141,123.0,gt,0.8818091154098511,1153,936,1506,1105
1142,137.0,feeder,0.9472325444221497,795,989,1964,1368
1142,123.0,gt,0.8767670392990112,1162,932,1516,1109
1143,137.0,feeder,0.9477843642234802,795,990,1965,1368
1143,123.0,gt,0.8887733221054077,1170,929,1520,1111
1144,137.0,feeder,0.9479765892028809,796,990,1965,1369
1144,123.0,gt,0.8779822587966919,1174,928,1528,1110
1145,137.0,feeder,0.9480018615722656,796,990,1965,1368
1145,123.0,gt,0.8879919648170471,1193,926,1529,1110
1146,137.0,feeder,0.947810173034668,797,991,1966,1369
1146,123.0,gt,0.8855123519897461,1200,926,1528,1111
1147,137.0,feeder,0.9476544857025146,796,991,1965,1369
1147,123.0,gt,0.8831959962844849,1201,926,1528,1112
1148,137.0,feeder,0.9476755857467651,796,991,1965,1368
1148,123.0,gt,0.8804868459701538,1201,926,1528,1113
1149,137.0,feeder,0.9476062059402466,797,991,1966,1369
1149,123.0,gt,0.87998366355896,1198,926,1528,1113
1150,137.0,feeder,0.9473667740821838,796,991,1967,1369
1150,123.0,gt,0.8783125877380371,1214,927,1528,1113
1151,137.0,feeder,0.9468458294868469,797,991,1967,1369
1151,123.0,gt,0.8809662461280823,1231,927,1517,1112
1152,137.0,feeder,0.946435809135437,796,992,1967,1369
1152,123.0,gt,0.8784802556037903,1241,925,1513,1114
1153,137.0,feeder,0.9461796283721924,796,993,1967,1369
1153,123.0,gt,0.8811545372009277,1256,924,1513,1115
1154,137.0,feeder,0.945233941078186,797,992,1968,1369
1154,123.0,gt,0.8799135088920593,1267,924,1516,1111
1155,137.0,feeder,0.9448195695877075,798,991,1969,1369
1155,123.0,gt,0.8818651437759399,1276,923,1514,1104
1156,137.0,feeder,0.945918619632721,798,991,1969,1368
1156,123.0,gt,0.8874856233596802,1293,923,1517,1117
1157,137.0,feeder,0.9458345174789429,797,991,1968,1368
1157,123.0,gt,0.8910271525382996,1299,924,1517,1121
1158,137.0,feeder,0.9456361532211304,797,992,1968,1368
1158,123.0,gt,0.8881808519363403,1302,923,1517,1122
1159,137.0,feeder,0.9457309246063232,797,993,1967,1369
1159,123.0,gt,0.8817256093025208,1301,923,1517,1124
1160,137.0,feeder,0.9455291628837585,797,992,1968,1369
1160,123.0,gt,0.8579385876655579,1308,934,1542,1122
1161,137.0,feeder,0.9445390105247498,796,992,1967,1369
1161,123.0,gt,0.8790845274925232,1300,951,1572,1119
1162,137.0,feeder,0.9394052624702454,796,992,1967,1369
1162,123.0,gt,0.8576364517211914,1292,978,1601,1116
1163,137.0,feeder,0.9394845962524414,794,992,1966,1369
1163,123.0,gt,0.8499384522438049,1291,1002,1625,1120
1164,137.0,feeder,0.8973419070243835,793,992,1964,1370
1164,123.0,gt,0.8308936953544617,1295,1012,1645,1121
1165,137.0,feeder,0.926028847694397,794,993,1963,1370
1165,123.0,gt,0.8072718381881714,1298,1015,1659,1123
1166,137.0,feeder,0.9336245059967041,794,992,1965,1370
1166,123.0,gt,0.8175579309463501,1300,1015,1656,1120
1167,137.0,feeder,0.9314579963684082,796,993,1966,1370
1167,123.0,gt,0.8387348055839539,1304,1012,1663,1119
1168,137.0,feeder,0.9438055753707886,796,993,1967,1370
1168,123.0,gt,0.8839501142501831,1300,989,1665,1125
1169,137.0,feeder,0.9435968399047852,796,993,1966,1370
1169,123.0,gt,0.8818092346191406,1287,977,1666,1125
1170,137.0,feeder,0.9440816044807434,795,994,1966,1370
1170,123.0,gt,0.8776956796646118,1278,972,1665,1126
1171,137.0,feeder,0.9443272352218628,796,993,1966,1369
1171,123.0,gt,0.8743716478347778,1279,970,1663,1126
1172,137.0,feeder,0.944649875164032,796,993,1966,1369
1172,123.0,gt,0.8720528483390808,1276,970,1657,1126
1173,137.0,feeder,0.9446262717247009,796,993,1965,1369
1173,123.0,gt,0.8747006058692932,1277,969,1654,1125
1174,137.0,feeder,0.9440685510635376,796,993,1966,1370
1174,123.0,gt,0.8729304075241089,1279,970,1651,1127
1175,137.0,feeder,0.9447731971740723,796,994,1966,1369
1175,123.0,gt,0.8849301934242249,1284,964,1634,1128
1176,137.0,feeder,0.9451054930686951,797,994,1966,1370
1176,123.0,gt,0.886472225189209,1290,957,1625,1128
1177,137.0,feeder,0.9453956484794617,797,994,1966,1369
1177,123.0,gt,0.8906118273735046,1295,954,1621,1128
1178,137.0,feeder,0.9453121423721313,797,994,1967,1370
1178,123.0,gt,0.8892665505409241,1296,953,1619,1126
1179,137.0,feeder,0.9449397325515747,797,994,1966,1369
1179,123.0,gt,0.887270450592041,1297,953,1618,1125
1180,137.0,feeder,0.9436200857162476,798,994,1966,1369
1180,123.0,gt,0.8850518465042114,1303,955,1605,1126
1181,137.0,feeder,0.9432471394538879,797,994,1966,1369
1181,123.0,gt,0.8781167268753052,1310,952,1597,1124
1182,137.0,feeder,0.9433546662330627,798,994,1966,1370
1182,123.0,gt,0.8763536810874939,1311,951,1592,1123
1183,137.0,feeder,0.9434966444969177,799,994,1967,1370
1183,123.0,gt,0.8753835558891296,1316,951,1592,1123
1184,137.0,feeder,0.9436668157577515,799,994,1967,1370
1184,123.0,gt,0.8744198679924011,1318,951,1591,1122
1185,137.0,feeder,0.9430114030838013,797,994,1966,1370
1185,123.0,gt,0.8718371987342834,1314,952,1591,1121
1186,137.0,feeder,0.9401616454124451,798,993,1966,1370
1186,123.0,gt,0.8671528100967407,1306,961,1608,1125
1187,137.0,feeder,0.9440369009971619,798,993,1967,1370
1187,123.0,gt,0.8681700229644775,1293,966,1618,1128
1188,137.0,feeder,0.9436318874359131,798,992,1966,1369
1188,123.0,gt,0.8667346239089966,1286,968,1622,1128
1189,137.0,feeder,0.9434641599655151,798,992,1966,1369
1189,123.0,gt,0.8674668073654175,1283,969,1623,1129
1190,137.0,feeder,0.9432029128074646,798,992,1967,1369
1190,123.0,gt,0.8694448471069336,1291,969,1624,1130
1191,137.0,feeder,0.9441978931427002,799,992,1968,1369
1191,123.0,gt,0.8745604157447815,1298,960,1607,1129
1192,137.0,feeder,0.9442439079284668,799,992,1968,1369
1192,123.0,gt,0.8761153221130371,1307,955,1600,1130
1193,137.0,feeder,0.9441468715667725,799,992,1968,1369
1193,123.0,gt,0.8832151293754578,1307,952,1597,1128
1194,137.0,feeder,0.9439759254455566,798,993,1967,1369
1194,123.0,gt,0.8837884664535522,1307,951,1596,1125
1195,137.0,feeder,0.9437375068664551,798,993,1967,1369
1195,123.0,gt,0.8832693099975586,1307,951,1596,1124
1196,137.0,feeder,0.9436991810798645,798,993,1967,1369
1196,123.0,gt,0.8808649182319641,1308,951,1596,1122
1197,137.0,feeder,0.9431402087211609,798,992,1967,1370
1197,123.0,gt,0.8566026091575623,1310,955,1595,1125
1198,137.0,feeder,0.9373555779457092,799,993,1967,1370
1198,123.0,gt,0.8343681693077087,1312,966,1593,1128
1199,137.0,feeder,0.9356064200401306,799,993,1967,1371
1199,123.0,gt,0.8285143375396729,1314,971,1591,1127
1200,137.0,feeder,0.9359495639801025,798,993,1966,1371
1200,123.0,gt,0.8196659684181213,1318,973,1591,1127
1201,137.0,feeder,0.9385694265365601,798,992,1968,1370
1201,123.0,gt,0.8358021974563599,1321,977,1594,1134
1202,137.0,feeder,0.93504798412323,798,992,1968,1370
1202,123.0,gt,0.8374163508415222,1327,978,1591,1135
1203,137.0,feeder,0.9391248822212219,799,991,1969,1370
1203,123.0,gt,0.8415465950965881,1330,981,1589,1136
1204,137.0,feeder,0.9326066970825195,799,992,1968,1371
1204,123.0,gt,0.8451625108718872,1337,986,1591,1131
1205,137.0,feeder,0.9339002966880798,799,992,1968,1370
1205,123.0,gt,0.8388068079948425,1336,995,1588,1128
1206,137.0,feeder,0.9363664984703064,799,992,1968,1371
1206,123.0,gt,0.8475618958473206,1332,998,1585,1128
1207,137.0,feeder,0.8919822573661804,798,991,1968,1371
1207,123.0,gt,0.7989124655723572,1341,1002,1577,1124
1208,137.0,feeder,0.9376453757286072,798,991,1969,1371
1208,123.0,gt,0.830022394657135,1348,994,1574,1125
1209,137.0,feeder,0.9399295449256897,799,991,1969,1371
1209,123.0,gt,0.8486773371696472,1354,985,1573,1128
1210,137.0,feeder,0.9411138296127319,799,991,1968,1371
1210,123.0,gt,0.8531394600868225,1358,980,1574,1130
1211,137.0,feeder,0.941909670829773,799,992,1967,1371
1211,123.0,gt,0.8501297831535339,1354,978,1573,1131
1212,137.0,feeder,0.941794753074646,797,992,1966,1371
1212,123.0,gt,0.8518850803375244,1356,978,1569,1131
1213,137.0,feeder,0.9414269924163818,797,992,1966,1370
1213,123.0,gt,0.856876015663147,1352,977,1566,1136
1214,137.0,feeder,0.9398507475852966,796,992,1966,1370
1214,123.0,gt,0.8618927001953125,1342,978,1568,1138
1215,137.0,feeder,0.940763533115387,795,991,1966,1370
1215,123.0,gt,0.8638976812362671,1320,982,1592,1134
1216,137.0,feeder,0.9433385729789734,796,992,1967,1370
1216,123.0,gt,0.8836100101470947,1303,980,1611,1130
1217,137.0,feeder,0.9446277618408203,796,992,1966,1370
1217,123.0,gt,0.8825745582580566,1285,976,1622,1127
1218,137.0,feeder,0.9444628953933716,796,992,1966,1370
1218,123.0,gt,0.8809183239936829,1277,974,1627,1126
1219,137.0,feeder,0.9440036416053772,795,992,1966,1370
1219,123.0,gt,0.8733561038970947,1273,972,1628,1121
1220,137.0,feeder,0.9453101754188538,795,993,1965,1369
1220,123.0,gt,0.8811284303665161,1278,961,1621,1119
1221,137.0,feeder,0.9453046321868896,795,993,1965,1370
1221,123.0,gt,0.859599769115448,1310,935,1632,1097
1222,137.0,feeder,0.9462230801582336,795,992,1965,1370
1222,123.0,gt,0.8720574378967285,1350,918,1642,1085
1223,137.0,feeder,0.9454767107963562,796,992,1966,1370
1223,123.0,gt,0.8579899668693542,1398,909,1654,1081
1224,137.0,feeder,0.9438967704772949,796,991,1966,1370
1224,123.0,gt,0.8783501982688904,1423,903,1657,1074
1225,137.0,feeder,0.9432120323181152,796,991,1965,1370
1225,123.0,gt,0.865012526512146,1422,900,1657,1070
1226,137.0,feeder,0.943223774433136,795,991,1964,1369
1226,123.0,gt,0.8615580201148987,1420,899,1655,1068
1227,137.0,feeder,0.9445878863334656,794,992,1963,1370
1227,123.0,gt,0.870123565196991,1424,901,1659,1067
1228,137.0,feeder,0.9448869228363037,793,992,1962,1370
1228,123.0,gt,0.8751618266105652,1427,900,1674,1065
1229,137.0,feeder,0.9445590376853943,794,992,1962,1370
1229,123.0,gt,0.8785271048545837,1417,901,1682,1065
1230,137.0,feeder,0.9448404312133789,794,992,1963,1370
1230,123.0,gt,0.8744376301765442,1413,900,1684,1065
1231,137.0,feeder,0.9437913298606873,794,992,1964,1370
1231,123.0,gt,0.8708058595657349,1411,899,1684,1064
1232,137.0,feeder,0.9431690573692322,794,992,1964,1370
1232,123.0,gt,0.8695374727249146,1411,899,1684,1063
1233,137.0,feeder,0.9433033466339111,794,993,1964,1370
1233,123.0,gt,0.8633903861045837,1407,899,1684,1063
1234,137.0,feeder,0.9424664974212646,794,992,1965,1370
1234,123.0,gt,0.8510666489601135,1405,903,1672,1063
1235,137.0,feeder,0.9419344067573547,794,992,1965,1370
1235,123.0,gt,0.8675772547721863,1413,906,1661,1064
1236,137.0,feeder,0.9422340393066406,794,992,1965,1370
1236,123.0,gt,0.8617343902587891,1413,907,1656,1063
1237,137.0,feeder,0.9425578117370605,795,992,1966,1370
1237,123.0,gt,0.8589641451835632,1414,908,1654,1063
1238,137.0,feeder,0.9425152540206909,795,992,1966,1369
1238,123.0,gt,0.8672448396682739,1415,909,1652,1065
1239,137.0,feeder,0.9422115087509155,795,992,1965,1369
1239,123.0,gt,0.8615056276321411,1413,909,1651,1065
1240,137.0,feeder,0.94179767370224,795,992,1965,1369
1240,123.0,gt,0.8657787442207336,1412,907,1651,1066
1241,137.0,feeder,0.9424545764923096,795,992,1964,1369
1241,123.0,gt,0.8630703687667847,1415,912,1652,1066
1242,137.0,feeder,0.9410073161125183,795,992,1965,1369
1242,123.0,gt,0.8359432816505432,1421,910,1649,1065
1243,137.0,feeder,0.9404714107513428,795,993,1966,1369
1243,123.0,gt,0.8443326950073242,1423,873,1632,1066
1244,,j,0.2647113800048828,1433,704,1696,1027
1244,,lt,0.22628335654735565,1436,703,1695,1026
1245,137.0,feeder,0.2748960256576538,789,988,1966,1370
1246,137.0,feeder,0.9490984678268433,785,984,1967,1371
1247,137.0,feeder,0.9491576552391052,784,982,1967,1372
1248,137.0,feeder,0.9488924741744995,784,982,1969,1373
1249,137.0,feeder,0.9491596221923828,785,982,1970,1373
1250,137.0,feeder,0.9489802718162537,785,982,1971,1373
1251,137.0,feeder,0.9491174817085266,785,982,1970,1373
1252,137.0,feeder,0.9483343362808228,784,982,1969,1373
1253,137.0,feeder,0.9468692541122437,786,982,1969,1372
1254,137.0,feeder,0.9488019943237305,786,982,1969,1373
1255,137.0,feeder,0.9486362338066101,787,982,1970,1373
1256,137.0,feeder,0.9487965106964111,786,982,1971,1373
1257,137.0,feeder,0.9490525126457214,786,982,1970,1372
1258,137.0,feeder,0.9488718509674072,785,982,1969,1372
1259,137.0,feeder,0.9489534497261047,785,982,1969,1372
1260,137.0,feeder,0.9487160444259644,785,982,1969,1373
1261,137.0,feeder,0.9475166201591492,785,982,1970,1373
1262,137.0,feeder,0.9475491642951965,784,982,1970,1373
1263,137.0,feeder,0.9478018283843994,783,982,1971,1373
1264,137.0,feeder,0.9479385614395142,783,982,1971,1372
1265,137.0,feeder,0.9476468563079834,783,982,1971,1373
1266,137.0,feeder,0.9475716948509216,784,982,1971,1373
1267,137.0,feeder,0.9476006031036377,784,983,1971,1372
1268,137.0,feeder,0.9478814601898193,783,983,1972,1373
1269,137.0,feeder,0.9481263756752014,784,983,1972,1373
1270,137.0,feeder,0.9479780793190002,784,983,1972,1373
1271,137.0,feeder,0.9479549527168274,784,982,1973,1373
1272,137.0,feeder,0.9479815363883972,784,982,1972,1373
1273,137.0,feeder,0.9478959441184998,783,982,1972,1373
1274,137.0,feeder,0.9481862783432007,784,981,1973,1373
1275,137.0,feeder,0.9482349753379822,786,981,1974,1373
1276,137.0,feeder,0.9486881494522095,787,982,1975,1373
1277,137.0,feeder,0.9488821625709534,787,982,1973,1373
1278,137.0,feeder,0.9490381479263306,787,983,1973,1373
1279,137.0,feeder,0.9483991861343384,787,983,1973,1373
1280,137.0,feeder,0.9485127925872803,788,983,1974,1373
1281,137.0,feeder,0.9486268758773804,788,982,1974,1373
1282,137.0,feeder,0.9486535787582397,788,981,1975,1372
1283,137.0,feeder,0.9486504793167114,788,981,1974,1372
1284,137.0,feeder,0.9488331079483032,788,982,1972,1373
1285,137.0,feeder,0.9486393332481384,786,982,1972,1373
1286,137.0,feeder,0.9488047957420349,787,982,1972,1373
1287,137.0,feeder,0.9489461183547974,787,981,1974,1372
1288,137.0,feeder,0.9485731720924377,788,980,1978,1372
1289,137.0,feeder,0.9486628174781799,787,980,1978,1372
1290,137.0,feeder,0.9490652084350586,787,982,1974,1373
1291,137.0,feeder,0.9480124711990356,788,981,1972,1373
1292,137.0,feeder,0.947817862033844,787,981,1972,1373
1293,137.0,feeder,0.9482216835021973,787,981,1973,1373
1294,137.0,feeder,0.948329746723175,788,980,1976,1373
1295,137.0,feeder,0.9482980966567993,789,980,1978,1373
1296,137.0,feeder,0.9482471942901611,789,980,1975,1373
1297,137.0,feeder,0.9479113817214966,787,981,1974,1373
1298,137.0,feeder,0.9479838013648987,787,981,1974,1373
1299,137.0,feeder,0.9481740593910217,788,980,1974,1373
1300,137.0,feeder,0.9484062790870667,789,980,1974,1372
1301,137.0,feeder,0.948483407497406,788,980,1973,1373
1302,137.0,feeder,0.9481425881385803,786,981,1972,1373
1303,137.0,feeder,0.9481559991836548,785,981,1970,1373
1304,137.0,feeder,0.9482313990592957,783,981,1970,1373
1305,137.0,feeder,0.9484583139419556,783,981,1970,1373
1306,137.0,feeder,0.9481635689735413,783,981,1970,1373
1307,137.0,feeder,0.9483276009559631,784,981,1970,1373
1308,137.0,feeder,0.9486373066902161,784,982,1970,1373
1309,137.0,feeder,0.9484225511550903,784,982,1969,1373
1310,137.0,feeder,0.9483621120452881,784,982,1969,1372
1311,137.0,feeder,0.9482633471488953,784,982,1968,1372
1312,137.0,feeder,0.948292076587677,785,982,1969,1372
1313,137.0,feeder,0.9485726356506348,785,982,1970,1373
1314,137.0,feeder,0.9482720494270325,787,982,1973,1373
1315,137.0,feeder,0.9484034776687622,788,982,1974,1373
1316,137.0,feeder,0.9481435418128967,788,982,1973,1373
1317,137.0,feeder,0.9482274651527405,786,983,1972,1373
1318,137.0,feeder,0.9482913613319397,784,983,1968,1372
1319,137.0,feeder,0.9480480551719666,782,983,1967,1372
1320,137.0,feeder,0.9484028220176697,784,982,1971,1373
1321,137.0,feeder,0.9486172199249268,787,981,1973,1373
1322,137.0,feeder,0.9488182067871094,788,981,1972,1372
1323,137.0,feeder,0.9484524726867676,787,982,1971,1373
1324,137.0,feeder,0.9481601715087891,785,982,1971,1372
1325,137.0,feeder,0.9483577013015747,783,982,1970,1372
1326,137.0,feeder,0.9484553933143616,783,982,1971,1372
1327,137.0,feeder,0.9485318660736084,784,981,1973,1372
1328,137.0,feeder,0.9485834240913391,786,982,1973,1373
1329,137.0,feeder,0.9486165642738342,788,982,1975,1373
1330,137.0,feeder,0.9484119415283203,790,982,1977,1373
1331,137.0,feeder,0.9484145045280457,789,981,1977,1373
1332,137.0,feeder,0.9481261968612671,788,981,1976,1373
1333,137.0,feeder,0.948009729385376,788,981,1976,1373
1334,137.0,feeder,0.9481125473976135,789,981,1975,1373
1335,137.0,feeder,0.9481331706047058,790,981,1976,1373
1336,137.0,feeder,0.948365330696106,790,981,1976,1373
1337,137.0,feeder,0.9485215544700623,790,982,1974,1372
1338,137.0,feeder,0.9483920335769653,790,982,1975,1373
1339,137.0,feeder,0.9484969973564148,789,982,1974,1373
1340,137.0,feeder,0.94881272315979,789,982,1973,1373
1341,137.0,feeder,0.9487960934638977,788,982,1974,1373
1342,137.0,feeder,0.9487563967704773,788,982,1973,1373
1343,137.0,feeder,0.9489288330078125,788,982,1973,1373
1344,137.0,feeder,0.9486735463142395,787,982,1974,1373
1345,137.0,feeder,0.9485494494438171,788,982,1974,1373
1346,137.0,feeder,0.9487722516059875,789,982,1974,1373
1347,137.0,feeder,0.9488937854766846,789,982,1973,1373
1348,137.0,feeder,0.948723316192627,789,982,1973,1373
1349,137.0,feeder,0.9487001895904541,790,982,1974,1373
1350,137.0,feeder,0.94837486743927,790,982,1976,1373
1351,137.0,feeder,0.9477518200874329,791,982,1976,1373
1352,137.0,feeder,0.9479776620864868,790,982,1974,1373
1353,137.0,feeder,0.9486951231956482,788,982,1973,1373
1354,137.0,feeder,0.9482990503311157,787,982,1972,1373
1355,137.0,feeder,0.9484519362449646,788,983,1971,1373
1356,137.0,feeder,0.9481691718101501,788,982,1973,1373
1357,137.0,feeder,0.947900652885437,790,982,1975,1373
1358,137.0,feeder,0.947961688041687,791,982,1976,1373
1359,137.0,feeder,0.9479286074638367,790,982,1973,1373
1360,137.0,feeder,0.9483126997947693,789,982,1972,1373
1361,137.0,feeder,0.9484512209892273,789,982,1972,1373
1362,137.0,feeder,0.948722243309021,790,982,1974,1373
1363,137.0,feeder,0.9483386278152466,789,981,1977,1373
1364,137.0,feeder,0.948303759098053,789,982,1977,1373
1365,137.0,feeder,0.9482890963554382,789,981,1976,1373
1366,137.0,feeder,0.948182225227356,790,982,1974,1373
1367,137.0,feeder,0.9483807682991028,790,982,1972,1373
1368,137.0,feeder,0.9482630491256714,790,981,1972,1373
1369,137.0,feeder,0.9481914639472961,788,981,1973,1373
1370,137.0,feeder,0.9481455683708191,788,981,1973,1373
1371,137.0,feeder,0.9479553699493408,788,981,1973,1373
1372,137.0,feeder,0.9477983713150024,789,982,1973,1373
1373,137.0,feeder,0.9473943114280701,790,982,1973,1373
1374,137.0,feeder,0.9477117657661438,789,982,1975,1373
1375,137.0,feeder,0.947912335395813,789,981,1976,1373
1376,137.0,feeder,0.9484002590179443,789,981,1976,1373
1377,137.0,feeder,0.9481567144393921,789,981,1977,1373
1378,137.0,feeder,0.9481001496315002,790,981,1974,1373
1379,137.0,feeder,0.9481613039970398,789,981,1973,1373
1380,137.0,feeder,0.9481115937232971,789,982,1973,1373
1381,137.0,feeder,0.9484754204750061,790,981,1975,1373
1382,137.0,feeder,0.9481999278068542,790,981,1977,1373
1383,137.0,feeder,0.9482153654098511,791,981,1978,1373
1384,137.0,feeder,0.9481552243232727,791,981,1976,1373
1385,137.0,feeder,0.948072612285614,790,982,1975,1373
1386,137.0,feeder,0.9482558369636536,790,982,1973,1373
1387,137.0,feeder,0.9480066895484924,789,982,1972,1373
1388,137.0,feeder,0.9480369091033936,789,981,1973,1373
1389,137.0,feeder,0.9482117295265198,788,981,1973,1373
1390,137.0,feeder,0.9481769800186157,787,981,1974,1373
1391,137.0,feeder,0.9482355117797852,787,982,1974,1373
1392,137.0,feeder,0.948636531829834,788,982,1973,1373
1393,137.0,feeder,0.9484670758247375,789,982,1973,1373
1394,137.0,feeder,0.9483689665794373,789,982,1973,1373
1395,137.0,feeder,0.9482073187828064,789,981,1972,1373
1396,137.0,feeder,0.9479565620422363,788,981,1973,1373
1397,137.0,feeder,0.9479928612709045,788,981,1973,1373
1398,137.0,feeder,0.9479197263717651,787,981,1973,1373
1399,137.0,feeder,0.9478511810302734,788,981,1973,1373
1400,137.0,feeder,0.9479897618293762,788,981,1972,1373
1401,137.0,feeder,0.9482763409614563,787,981,1973,1373
1402,137.0,feeder,0.9486398696899414,787,981,1973,1372
1403,137.0,feeder,0.9487732648849487,787,981,1973,1372
1404,137.0,feeder,0.9484578371047974,788,982,1972,1373
1405,137.0,feeder,0.9484856128692627,787,982,1972,1372
1406,137.0,feeder,0.9481790065765381,787,982,1972,1372
1407,137.0,feeder,0.9482181072235107,786,981,1973,1372
1408,137.0,feeder,0.9484544396400452,786,981,1971,1372
1409,137.0,feeder,0.9483519196510315,786,982,1971,1372
1410,137.0,feeder,0.948239266872406,787,981,1972,1373
1411,137.0,feeder,0.9483921527862549,789,981,1974,1373
1412,137.0,feeder,0.9481470584869385,790,981,1975,1373
1413,137.0,feeder,0.947901725769043,789,981,1973,1373
1414,137.0,feeder,0.9486080408096313,789,981,1973,1373
1415,137.0,feeder,0.9485204815864563,788,981,1974,1373
1416,137.0,feeder,0.9485164284706116,788,981,1974,1373
1417,137.0,feeder,0.9485030174255371,788,981,1974,1373
1418,137.0,feeder,0.9485433101654053,788,981,1973,1373
1419,137.0,feeder,0.9482161998748779,788,981,1972,1373
1420,137.0,feeder,0.9481294751167297,788,981,1973,1373
1421,137.0,feeder,0.9482443928718567,788,981,1973,1373
1422,137.0,feeder,0.9485929012298584,787,981,1973,1373
1423,137.0,feeder,0.9483936429023743,787,981,1972,1373
1424,137.0,feeder,0.9484872221946716,787,981,1972,1373
1425,137.0,feeder,0.9482792615890503,787,981,1972,1373
1426,137.0,feeder,0.9477476477622986,787,982,1972,1373
1427,137.0,feeder,0.9483245611190796,787,982,1972,1373
1428,137.0,feeder,0.9483737945556641,787,982,1971,1372
1429,137.0,feeder,0.9483802318572998,788,982,1971,1372
1430,137.0,feeder,0.9482887983322144,788,982,1971,1373
1431,137.0,feeder,0.9479103088378906,788,982,1972,1373
1432,137.0,feeder,0.947849690914154,788,982,1972,1373
1433,137.0,feeder,0.9481071829795837,788,982,1972,1372
1434,137.0,feeder,0.9481013417243958,788,982,1972,1372
1435,137.0,feeder,0.9483391642570496,788,982,1971,1373
1436,137.0,feeder,0.9482142925262451,788,982,1972,1373
1437,137.0,feeder,0.9477823376655579,788,982,1972,1373
1438,137.0,feeder,0.947766125202179,788,982,1971,1373
1439,137.0,feeder,0.9478424787521362,787,982,1970,1373
1440,137.0,feeder,0.9478676915168762,787,982,1970,1373
1441,137.0,feeder,0.9480329751968384,785,982,1970,1372
1442,137.0,feeder,0.9479159712791443,784,982,1971,1372
1443,137.0,feeder,0.9477486610412598,784,982,1971,1372
1444,137.0,feeder,0.947878360748291,784,982,1971,1372
1445,137.0,feeder,0.9477204084396362,783,982,1970,1372
1446,137.0,feeder,0.947759211063385,784,982,1970,1372
1447,137.0,feeder,0.947672963142395,784,982,1973,1373
1448,137.0,feeder,0.9480524659156799,784,982,1972,1373
1449,137.0,feeder,0.9482133388519287,784,982,1971,1373
1450,137.0,feeder,0.9482751488685608,784,983,1970,1373
1451,137.0,feeder,0.948272168636322,784,983,1971,1373
1452,137.0,feeder,0.9480845928192139,784,982,1971,1373
1453,137.0,feeder,0.9482017159461975,784,982,1970,1373
1454,137.0,feeder,0.9478928446769714,783,982,1971,1372
1455,137.0,feeder,0.9476561546325684,783,982,1972,1373
1456,137.0,feeder,0.9480937123298645,784,982,1970,1372
1457,137.0,feeder,0.9480144381523132,784,983,1970,1373
1458,137.0,feeder,0.9479862451553345,784,982,1969,1373
1459,137.0,feeder,0.948291003704071,784,982,1969,1373
1460,137.0,feeder,0.9481830596923828,783,982,1969,1373
1461,137.0,feeder,0.948407769203186,784,982,1968,1373
1462,137.0,feeder,0.9481679797172546,784,982,1968,1373
1463,137.0,feeder,0.9484515190124512,784,982,1969,1373
1464,137.0,feeder,0.9484160542488098,785,982,1970,1373
1465,137.0,feeder,0.9480451941490173,786,982,1971,1373
1466,137.0,feeder,0.9481792449951172,786,982,1971,1373
1467,137.0,feeder,0.9480471014976501,785,982,1971,1372
1468,137.0,feeder,0.9479231238365173,784,982,1972,1372
1469,137.0,feeder,0.9480070471763611,784,982,1971,1373
1470,137.0,feeder,0.9480159282684326,784,982,1971,1373
1471,137.0,feeder,0.9477482438087463,784,983,1970,1372
1472,137.0,feeder,0.9476318955421448,784,983,1969,1372
1473,137.0,feeder,0.9475702047348022,783,983,1969,1372
1474,137.0,feeder,0.947647750377655,783,983,1969,1372
1475,137.0,feeder,0.9474939107894897,783,983,1970,1372
1476,137.0,feeder,0.947171151638031,784,983,1970,1372
1477,137.0,feeder,0.9476197957992554,784,983,1970,1372
1478,137.0,feeder,0.9474970102310181,784,982,1970,1372
1479,137.0,feeder,0.9474250078201294,784,982,1969,1372
1480,137.0,feeder,0.9477166533470154,784,982,1968,1372
1481,137.0,feeder,0.9477823972702026,784,982,1967,1372
1482,137.0,feeder,0.9476191401481628,783,982,1968,1372
1483,137.0,feeder,0.9477108716964722,783,982,1969,1372
1484,137.0,feeder,0.9476521015167236,784,982,1969,1372
1485,137.0,feeder,0.9477018713951111,785,982,1970,1372
1486,137.0,feeder,0.9482957124710083,784,982,1971,1372
1487,137.0,feeder,0.9481020569801331,784,982,1971,1372
1488,137.0,feeder,0.948194146156311,784,983,1969,1372
1489,137.0,feeder,0.9480845928192139,784,983,1969,1372
1490,137.0,feeder,0.9482728838920593,785,982,1971,1372
1491,137.0,feeder,0.9483834505081177,784,981,1974,1372
1492,137.0,feeder,0.9483903050422668,785,981,1975,1371
1493,137.0,feeder,0.9482682943344116,785,981,1974,1372
1494,137.0,feeder,0.9482131004333496,786,982,1975,1372
1495,137.0,feeder,0.9483025074005127,785,982,1974,1372
1496,137.0,feeder,0.9481666088104248,786,982,1973,1372
1497,137.0,feeder,0.9482209086418152,786,982,1972,1372
1498,137.0,feeder,0.9480640292167664,786,981,1974,1371
1499,137.0,feeder,0.9340948462486267,789,982,1973,1370
1500,137.0,feeder,0.8922293186187744,791,984,1970,1370
1501,137.0,feeder,0.9330345988273621,791,984,1968,1370
1501,159.0,bt,0.6895620822906494,578,1107,706,1173
1502,137.0,feeder,0.691572904586792,792,985,1967,1369
1502,159.0,bt,0.6715134382247925,629,1110,732,1170
1503,137.0,feeder,0.8214839696884155,792,986,1967,1369
1504,137.0,feeder,0.8187348246574402,794,986,1967,1370
1505,137.0,feeder,0.19787807762622833,791,985,1967,1370
1506,137.0,feeder,0.9490435123443604,786,983,1969,1371
1507,137.0,feeder,0.9489601850509644,785,982,1970,1372
1508,137.0,feeder,0.9493470191955566,786,981,1970,1372
1509,137.0,feeder,0.8721461892127991,790,983,1968,1371
1510,137.0,feeder,0.9388980269432068,793,988,1967,1369
1511,137.0,feeder,0.9383769035339355,795,989,1966,1368
1512,137.0,feeder,0.9414562582969666,796,990,1966,1367
1512,166.0,gt,0.8093698620796204,1073,981,1181,1100
1513,137.0,feeder,0.9414294362068176,796,991,1966,1367
1513,166.0,gt,0.840856671333313,1080,971,1191,1100
1514,137.0,feeder,0.9416876435279846,796,992,1965,1367
1514,166.0,gt,0.8474617600440979,1085,965,1196,1098
1515,137.0,feeder,0.9422414302825928,796,992,1965,1367
1515,166.0,gt,0.8488643169403076,1086,963,1198,1097
1516,137.0,feeder,0.941546618938446,796,993,1965,1366
1516,166.0,gt,0.849509596824646,1083,963,1198,1097
1517,137.0,feeder,0.9410819411277771,796,993,1964,1366
1517,166.0,gt,0.8519917130470276,1080,961,1197,1098
1518,137.0,feeder,0.9414648413658142,796,994,1964,1366
1518,166.0,gt,0.8332872986793518,1083,946,1197,1096
1519,137.0,feeder,0.942493200302124,796,995,1965,1366
1519,166.0,gt,0.8497794270515442,1085,929,1197,1095
1520,137.0,feeder,0.9425505995750427,796,994,1965,1366
1520,166.0,gt,0.8555513024330139,1086,923,1197,1099
1521,137.0,feeder,0.9424693584442139,797,994,1965,1366
1521,166.0,gt,0.8598023056983948,1086,921,1197,1100
1522,137.0,feeder,0.9425595998764038,797,995,1965,1366
1522,166.0,gt,0.8591247797012329,1086,920,1197,1101
1523,137.0,feeder,0.9426559805870056,797,995,1964,1366
1523,166.0,gt,0.8584519028663635,1086,920,1196,1102
1524,137.0,feeder,0.9431070685386658,797,995,1964,1366
1524,166.0,gt,0.8686461448669434,1081,918,1196,1101
1525,137.0,feeder,0.9430146813392639,797,994,1966,1366
1525,166.0,gt,0.8823861479759216,1076,915,1196,1101
1526,137.0,feeder,0.9428074955940247,797,994,1966,1366
1526,166.0,gt,0.8822147846221924,1073,913,1196,1101
1527,137.0,feeder,0.9430494904518127,797,994,1966,1366
1527,166.0,gt,0.8823556303977966,1071,913,1196,1101
1528,137.0,feeder,0.9427853226661682,796,995,1965,1366
1528,166.0,gt,0.8813897967338562,1070,913,1196,1102
1529,137.0,feeder,0.942912220954895,796,995,1965,1366
1529,166.0,gt,0.8794947862625122,1070,913,1197,1102
1530,137.0,feeder,0.942952036857605,796,994,1965,1366
1530,166.0,gt,0.8822729587554932,1070,913,1197,1102
1531,137.0,feeder,0.9435605406761169,796,993,1967,1366
1531,166.0,gt,0.8814420104026794,1070,913,1197,1102
1532,137.0,feeder,0.9433308243751526,796,993,1967,1367
1532,166.0,gt,0.8844834566116333,1069,914,1197,1102
1533,137.0,feeder,0.9435446262359619,796,993,1966,1366
1533,166.0,gt,0.8829014301300049,1069,914,1197,1102
1534,137.0,feeder,0.9438092708587646,795,994,1965,1366
1534,166.0,gt,0.8859851360321045,1069,915,1197,1102
1535,137.0,feeder,0.9432616829872131,795,994,1965,1366
1535,166.0,gt,0.8838127255439758,1070,915,1196,1102
1536,137.0,feeder,0.9432476758956909,795,994,1964,1366
1536,166.0,gt,0.8694356083869934,1076,920,1195,1103
1537,137.0,feeder,0.9433457851409912,795,993,1964,1366
1537,166.0,gt,0.866533637046814,1079,922,1194,1103
1538,137.0,feeder,0.9431422352790833,794,993,1964,1366
1538,166.0,gt,0.8651086091995239,1080,923,1194,1103
1539,137.0,feeder,0.9431193470954895,795,993,1964,1367
1539,166.0,gt,0.8690094947814941,1081,926,1194,1102
1540,137.0,feeder,0.943146288394928,794,993,1964,1366
1540,166.0,gt,0.8698715567588806,1082,927,1194,1103
1541,137.0,feeder,0.9428269863128662,794,993,1964,1366
1541,166.0,gt,0.8640148639678955,1083,928,1194,1102
1542,137.0,feeder,0.9430477619171143,794,993,1964,1366
1542,166.0,gt,0.8635466694831848,1083,927,1193,1102
1543,137.0,feeder,0.9428805112838745,794,993,1964,1366
1543,166.0,gt,0.8616503477096558,1084,927,1193,1102
1544,137.0,feeder,0.942905843257904,794,994,1963,1366
1544,166.0,gt,0.8642989993095398,1084,927,1194,1103
1545,137.0,feeder,0.9431465864181519,794,994,1963,1366
1545,166.0,gt,0.8615554571151733,1073,927,1193,1104
1546,137.0,feeder,0.9427509903907776,793,993,1963,1366
1546,166.0,gt,0.8757622838020325,1060,927,1192,1105
1547,137.0,feeder,0.9423931241035461,792,994,1963,1366
1547,166.0,gt,0.8674975633621216,1063,929,1194,1106
1548,137.0,feeder,0.9421457052230835,792,994,1962,1366
1548,166.0,gt,0.8608823418617249,1062,929,1196,1105
1549,137.0,feeder,0.9419577121734619,792,994,1962,1367
1549,166.0,gt,0.859995424747467,1064,930,1197,1105
1550,137.0,feeder,0.9416506290435791,792,994,1962,1367
1550,166.0,gt,0.8535803556442261,1062,931,1199,1105
1551,137.0,feeder,0.9416847825050354,793,994,1962,1367
1551,166.0,gt,0.852456271648407,1055,932,1201,1105
1552,137.0,feeder,0.9414682388305664,793,994,1962,1367
1552,166.0,gt,0.8546821475028992,1053,931,1202,1105
1553,137.0,feeder,0.9416820406913757,793,994,1962,1367
1553,166.0,gt,0.8539972901344299,1053,932,1202,1105
1554,137.0,feeder,0.941692054271698,793,994,1962,1367
1554,166.0,gt,0.8564683198928833,1051,932,1202,1104
1555,137.0,feeder,0.9414664506912231,793,994,1962,1367
1555,166.0,gt,0.8551649451255798,1051,933,1202,1104
1556,137.0,feeder,0.9410810470581055,792,994,1962,1367
1556,166.0,gt,0.8541304469108582,1051,933,1203,1104
1557,137.0,feeder,0.9414146542549133,792,994,1962,1367
1557,166.0,gt,0.853234052658081,1052,933,1204,1105
1558,137.0,feeder,0.9418277144432068,792,994,1962,1367
1558,166.0,gt,0.8495213389396667,1053,931,1205,1105
1559,137.0,feeder,0.941922128200531,793,994,1962,1367
1559,166.0,gt,0.852351725101471,1054,931,1206,1106
1560,137.0,feeder,0.9414308071136475,792,994,1962,1367
1560,166.0,gt,0.8474755883216858,1055,931,1206,1106
1561,137.0,feeder,0.9410016536712646,793,994,1962,1367
1561,166.0,gt,0.8489974737167358,1054,933,1206,1106
1562,137.0,feeder,0.9419346451759338,793,994,1962,1367
1562,166.0,gt,0.8531864881515503,1054,933,1206,1106
1563,137.0,feeder,0.9419966340065002,793,994,1962,1367
1563,166.0,gt,0.8522449731826782,1053,934,1206,1106
1564,137.0,feeder,0.9416611194610596,793,994,1962,1367
1564,166.0,gt,0.8547431230545044,1053,934,1206,1106
1565,137.0,feeder,0.9417048692703247,793,994,1962,1367
1565,166.0,gt,0.8568986654281616,1052,933,1205,1106
1566,137.0,feeder,0.941804051399231,793,993,1962,1367
1566,166.0,gt,0.8584133386611938,1051,933,1206,1106
1567,137.0,feeder,0.9421380758285522,793,993,1962,1367
1567,166.0,gt,0.8560647964477539,1054,933,1206,1107
1568,137.0,feeder,0.9420907497406006,793,993,1962,1368
1568,166.0,gt,0.8543881177902222,1055,934,1206,1107
1569,137.0,feeder,0.9422123432159424,793,993,1963,1367
1569,166.0,gt,0.8508296608924866,1056,933,1206,1106
1570,137.0,feeder,0.9422218799591064,793,993,1963,1367
1570,166.0,gt,0.8515203595161438,1058,933,1206,1106
1571,137.0,feeder,0.942217230796814,793,993,1963,1367
1571,166.0,gt,0.8549934029579163,1059,936,1207,1106
1572,137.0,feeder,0.942762553691864,794,993,1963,1368
1572,166.0,gt,0.8513082265853882,1059,938,1207,1106
1573,137.0,feeder,0.9422659277915955,794,993,1963,1368
1573,166.0,gt,0.8527043461799622,1060,940,1207,1106
1574,137.0,feeder,0.9425923228263855,794,993,1963,1368
1574,166.0,gt,0.8507039546966553,1064,940,1209,1106
1575,137.0,feeder,0.9422352313995361,794,993,1964,1366
1575,166.0,gt,0.850044310092926,1064,938,1208,1106
1576,137.0,feeder,0.9432596564292908,793,993,1964,1366
1576,166.0,gt,0.8551992177963257,1059,938,1206,1104
1577,137.0,feeder,0.9428621530532837,792,993,1964,1366
1577,166.0,gt,0.8550602793693542,1062,939,1206,1104
1578,137.0,feeder,0.9420900344848633,792,994,1963,1367
1578,166.0,gt,0.8512682914733887,1062,940,1207,1105
1579,137.0,feeder,0.9420179724693298,793,994,1962,1367
1579,166.0,gt,0.8541681170463562,1063,940,1207,1105
1580,137.0,feeder,0.9417724013328552,793,995,1963,1367
1580,166.0,gt,0.8512573838233948,1062,941,1206,1105
1581,137.0,feeder,0.9418240189552307,792,993,1963,1367
1581,166.0,gt,0.839528501033783,1072,944,1202,1103
1582,137.0,feeder,0.9418084621429443,792,993,1963,1366
1582,166.0,gt,0.8446414470672607,1075,947,1198,1103
1583,137.0,feeder,0.9414701461791992,792,994,1963,1367
1583,166.0,gt,0.8496047258377075,1058,949,1194,1090
1584,137.0,feeder,0.9412422776222229,793,992,1962,1367
1584,166.0,gt,0.8230910301208496,1042,975,1187,1124
1585,137.0,feeder,0.9431619644165039,792,991,1962,1367
1585,166.0,gt,0.843206524848938,1026,1001,1179,1145
1586,137.0,feeder,0.9348633289337158,792,989,1962,1368
1586,166.0,gt,0.8224002718925476,1011,1023,1175,1165
1587,137.0,feeder,0.9295022487640381,792,989,1962,1369
1587,166.0,gt,0.8262888193130493,990,1029,1176,1172
1587,167.0,bt,0.4342288672924042,987,1027,1178,1170
1588,137.0,feeder,0.9380080699920654,792,988,1962,1368
1589,137.0,feeder,0.9405288696289062,792,988,1962,1368
1589,166.0,gt,0.8435449004173279,975,1031,1177,1168
1590,137.0,feeder,0.9421007037162781,792,989,1962,1368
1590,166.0,gt,0.8514130711555481,969,1037,1179,1172
1591,137.0,feeder,0.9394553303718567,792,989,1962,1368
1591,166.0,gt,0.8453482389450073,954,1035,1181,1172
1592,137.0,feeder,0.9412863254547119,792,990,1962,1368
1592,166.0,gt,0.8574925661087036,945,1033,1181,1173
1593,137.0,feeder,0.9416093230247498,792,990,1962,1368
1593,166.0,gt,0.8539800643920898,945,1032,1181,1174
1594,137.0,feeder,0.9425095915794373,792,989,1963,1368
1594,166.0,gt,0.8564295768737793,960,1028,1180,1174
1595,137.0,feeder,0.9428787231445312,792,989,1963,1367
1595,166.0,gt,0.8790267705917358,972,1008,1180,1177
1596,137.0,feeder,0.943103551864624,792,989,1963,1367
1596,166.0,gt,0.8578924536705017,982,997,1177,1177
1597,137.0,feeder,0.9429022073745728,792,989,1962,1367
1597,166.0,gt,0.8562206625938416,986,991,1174,1176
1598,137.0,feeder,0.9428623914718628,792,989,1962,1367
1598,166.0,gt,0.8533217906951904,989,989,1173,1174
1599,137.0,feeder,0.9430963397026062,792,989,1963,1367
1599,166.0,gt,0.8589245080947876,988,986,1173,1174
1600,137.0,feeder,0.9433130025863647,793,988,1962,1366
1600,166.0,gt,0.8591406345367432,988,984,1173,1174
1601,137.0,feeder,0.9430907368659973,793,988,1963,1367
1601,166.0,gt,0.853206992149353,988,980,1172,1173
1602,137.0,feeder,0.9434438347816467,793,989,1963,1367
1602,166.0,gt,0.85849529504776,988,986,1172,1173
1603,137.0,feeder,0.9430606961250305,793,989,1962,1367
1603,166.0,gt,0.8462663292884827,990,991,1174,1176
1604,137.0,feeder,0.9429876804351807,792,989,1962,1367
1604,166.0,gt,0.8475555181503296,989,993,1175,1177
1605,137.0,feeder,0.9428837895393372,793,989,1962,1367
1605,166.0,gt,0.8541135787963867,988,994,1175,1177
1606,137.0,feeder,0.9418742656707764,793,989,1963,1367
1606,166.0,gt,0.834485650062561,993,995,1176,1173
1607,137.0,feeder,0.9415361881256104,792,989,1963,1367
1607,166.0,gt,0.8288736343383789,995,995,1177,1170
1608,137.0,feeder,0.9414246678352356,792,989,1962,1367
1608,166.0,gt,0.8225551843643188,998,995,1178,1167
1609,137.0,feeder,0.9415283203125,792,989,1962,1367
1609,166.0,gt,0.8238191604614258,1002,995,1179,1165
1610,137.0,feeder,0.9416778087615967,791,989,1962,1367
1610,166.0,gt,0.8184126019477844,1002,995,1181,1165
1611,137.0,feeder,0.9417454600334167,792,989,1962,1367
1611,166.0,gt,0.853874921798706,994,998,1179,1165
1612,137.0,feeder,0.9184235334396362,792,990,1962,1368
1612,166.0,gt,0.7961694598197937,988,1001,1180,1164
1613,137.0,feeder,0.9303825497627258,792,990,1963,1368
1613,166.0,gt,0.837877631187439,988,1002,1181,1167
1613,168.0,bt,0.3965146541595459,988,1001,1180,1159
1614,137.0,feeder,0.9290554523468018,792,990,1962,1369
1614,166.0,gt,0.8376927375793457,984,1002,1181,1167
1614,168.0,bt,0.40478840470314026,985,1000,1179,1159
1615,137.0,feeder,0.9306035041809082,792,990,1963,1369
1615,166.0,gt,0.8258875012397766,975,1003,1180,1169
1615,168.0,bt,0.4363909959793091,975,1001,1179,1160
1616,137.0,feeder,0.9300841093063354,792,990,1963,1369
1616,166.0,gt,0.8165119886398315,970,1003,1180,1167
1616,168.0,bt,0.3479903042316437,970,1002,1179,1159
1617,137.0,feeder,0.9302429556846619,792,990,1963,1369
1617,166.0,gt,0.8516910076141357,979,1004,1182,1168
1617,168.0,bt,0.48775753378868103,981,1002,1180,1161
1618,137.0,feeder,0.9403594136238098,792,989,1963,1368
1618,166.0,gt,0.8472265005111694,988,1005,1193,1170
1619,137.0,feeder,0.9391940832138062,792,989,1963,1367
1619,166.0,gt,0.8034392595291138,986,1009,1232,1155
1619,168.0,bt,0.3483043611049652,984,1009,1239,1146
1620,137.0,feeder,0.5285374522209167,793,989,1964,1368
1620,168.0,bt,0.823746383190155,988,1014,1270,1143
1621,137.0,feeder,0.9351628422737122,794,989,1965,1367
1621,168.0,gt,0.8440561294555664,987,1025,1294,1142
1622,137.0,feeder,0.9394834041595459,795,989,1966,1367
1622,168.0,gt,0.8401654958724976,994,1029,1316,1146
1623,137.0,feeder,0.9414404034614563,795,989,1966,1367
1623,168.0,gt,0.8631516098976135,992,1031,1324,1147
1624,137.0,feeder,0.9383849501609802,795,989,1966,1367
1624,168.0,gt,0.865183413028717,996,1032,1325,1145
1625,137.0,feeder,0.9414249062538147,796,989,1966,1367
1625,168.0,gt,0.8693915009498596,995,1029,1327,1145
1626,137.0,feeder,0.9427081942558289,796,988,1966,1366
1626,168.0,gt,0.8877829909324646,988,1019,1325,1145
1627,137.0,feeder,0.9437602162361145,796,988,1967,1365
1627,168.0,gt,0.8950541615486145,986,1015,1322,1145
1628,137.0,feeder,0.9410341382026672,796,988,1967,1365
1628,168.0,gt,0.8814452886581421,985,1010,1333,1144
1629,137.0,feeder,0.9450831413269043,797,989,1967,1365
1629,168.0,gt,0.901401162147522,984,990,1316,1143
1630,137.0,feeder,0.9446386098861694,797,990,1967,1365
1630,168.0,gt,0.8930106163024902,981,981,1307,1143
1631,137.0,feeder,0.9447633028030396,797,990,1967,1365
1631,168.0,gt,0.897508978843689,978,976,1307,1145
1632,137.0,feeder,0.9449662566184998,798,990,1967,1365
1632,168.0,gt,0.9030725955963135,977,973,1314,1147
1633,137.0,feeder,0.9449294209480286,798,989,1968,1365
1633,168.0,gt,0.9000345468521118,979,971,1318,1146
1634,137.0,feeder,0.9449910521507263,798,989,1968,1365
1634,168.0,gt,0.897652268409729,982,970,1319,1145
1635,137.0,feeder,0.9451197385787964,798,990,1968,1365
1635,168.0,gt,0.8980973362922668,983,969,1319,1145
1636,137.0,feeder,0.944807231426239,798,990,1967,1366
1636,168.0,gt,0.8968440890312195,984,970,1319,1141
1637,137.0,feeder,0.9454799294471741,798,991,1966,1365
1637,168.0,gt,0.8936850428581238,987,973,1325,1140
1638,137.0,feeder,0.9460520148277283,798,991,1966,1366
1638,168.0,gt,0.8884913921356201,1002,969,1334,1145
1639,137.0,feeder,0.9467806220054626,799,990,1967,1366
1639,168.0,gt,0.8983835577964783,1013,966,1340,1141
1640,137.0,feeder,0.9453489780426025,799,989,1967,1366
1640,168.0,gt,0.901828944683075,1032,966,1343,1138
1641,137.0,feeder,0.9451278448104858,798,989,1966,1366
1641,168.0,gt,0.9034168720245361,1046,967,1343,1138
1642,137.0,feeder,0.9445818066596985,797,990,1965,1367
1642,168.0,gt,0.8935558199882507,1052,967,1343,1138
1643,137.0,feeder,0.9444884061813354,796,990,1964,1367
1643,168.0,gt,0.8912854790687561,1060,967,1342,1139
1644,137.0,feeder,0.9450066685676575,796,989,1964,1367
1644,168.0,gt,0.88631272315979,1065,967,1343,1138
1645,137.0,feeder,0.9450237154960632,796,989,1965,1366
1645,168.0,gt,0.8839148283004761,1066,967,1343,1138
1646,137.0,feeder,0.9453164935112,796,989,1966,1367
1646,168.0,gt,0.9003481864929199,1069,974,1354,1138
1647,137.0,feeder,0.9403500556945801,795,989,1965,1367
1647,168.0,gt,0.8684348464012146,1066,988,1363,1137
1648,137.0,feeder,0.9325911402702332,794,990,1964,1369
1648,168.0,gt,0.8588910698890686,1066,994,1366,1135
1649,137.0,feeder,0.9356293678283691,794,990,1963,1369
1649,168.0,gt,0.8697906136512756,1065,995,1366,1134
1650,137.0,feeder,0.9422129988670349,794,989,1963,1368
1650,168.0,gt,0.8847804665565491,1063,994,1365,1139
1651,137.0,feeder,0.9424818754196167,794,988,1963,1368
1651,168.0,gt,0.8943219780921936,1063,985,1358,1141
1652,137.0,feeder,0.9422756433486938,794,988,1964,1368
1652,168.0,gt,0.8929004073143005,1063,981,1354,1142
1653,137.0,feeder,0.9423483610153198,794,988,1963,1368
1653,168.0,gt,0.8923617005348206,1062,980,1353,1143
1654,137.0,feeder,0.9420262575149536,793,988,1963,1368
1654,168.0,gt,0.8898416757583618,1062,980,1352,1142
1655,137.0,feeder,0.9427241086959839,793,988,1963,1368
1655,168.0,gt,0.8992884159088135,1064,979,1352,1142
1656,137.0,feeder,0.9416518211364746,793,988,1963,1367
1656,168.0,gt,0.8994855880737305,1066,979,1351,1142
1657,137.0,feeder,0.9437846541404724,793,988,1963,1367
1657,168.0,gt,0.8932893872261047,1075,976,1375,1141
1658,137.0,feeder,0.9449891448020935,793,988,1963,1368
1658,168.0,gt,0.8858433365821838,1079,980,1399,1132
1659,137.0,feeder,0.9451133608818054,792,988,1963,1367
1659,168.0,gt,0.8572310209274292,1089,990,1419,1133
1660,137.0,feeder,0.9445879459381104,792,988,1963,1368
1660,168.0,gt,0.8888770341873169,1090,1002,1432,1133
1661,137.0,feeder,0.9440829753875732,792,989,1963,1368
1661,168.0,gt,0.8796741366386414,1092,1003,1437,1132
1662,137.0,feeder,0.9455161690711975,792,989,1963,1368
1662,168.0,gt,0.886563241481781,1090,984,1438,1130
1663,137.0,feeder,0.945012629032135,792,989,1964,1368
1663,168.0,gt,0.8977768421173096,1102,968,1435,1124
1664,137.0,feeder,0.9453039169311523,793,990,1964,1368
1664,168.0,gt,0.8924561142921448,1106,961,1433,1122
1665,137.0,feeder,0.9454450607299805,793,990,1965,1368
1665,168.0,gt,0.8937307596206665,1109,958,1432,1119
1666,137.0,feeder,0.9454395174980164,795,991,1965,1367
1666,168.0,gt,0.887604296207428,1120,960,1441,1120
1667,137.0,feeder,0.9452108144760132,795,991,1965,1367
1667,168.0,gt,0.8774805665016174,1127,970,1457,1121
1668,137.0,feeder,0.943697452545166,795,991,1966,1367
1668,168.0,gt,0.8856979012489319,1137,967,1477,1121
1669,137.0,feeder,0.9449480175971985,795,992,1966,1368
1669,168.0,gt,0.8720908761024475,1168,943,1506,1100
1670,137.0,feeder,0.9432915449142456,795,992,1965,1368
1670,168.0,gt,0.8648874163627625,1207,933,1530,1083
1671,137.0,feeder,0.9420145750045776,795,993,1965,1369
1671,168.0,gt,0.8580570816993713,1287,931,1559,1082
1672,137.0,feeder,0.939919114112854,796,994,1965,1369
1672,168.0,gt,0.8507348299026489,1346,923,1578,1080
1673,137.0,feeder,0.9385627508163452,796,994,1964,1369
1673,168.0,gt,0.845635175704956,1362,917,1586,1077
1674,137.0,feeder,0.9384239315986633,796,994,1964,1369
1674,168.0,gt,0.854767918586731,1376,916,1589,1076
1675,137.0,feeder,0.940157949924469,795,993,1963,1369
1675,168.0,gt,0.8412057161331177,1369,912,1593,1073
1676,137.0,feeder,0.9410164952278137,794,993,1963,1368
1676,168.0,gt,0.8486753106117249,1374,912,1597,1069
1677,137.0,feeder,0.939287543296814,794,992,1963,1368
1677,168.0,gt,0.846858561038971,1366,920,1606,1066
1678,137.0,feeder,0.9410412311553955,793,993,1962,1368
1678,168.0,gt,0.850676953792572,1363,923,1621,1065
1679,137.0,feeder,0.9414246082305908,793,993,1962,1368
1679,168.0,gt,0.8559250235557556,1354,924,1626,1065
1680,137.0,feeder,0.9419451355934143,793,993,1963,1368
1680,168.0,gt,0.864358127117157,1350,923,1627,1065
1681,137.0,feeder,0.9431992173194885,793,993,1962,1368
1681,168.0,gt,0.8657299280166626,1348,923,1629,1065
1682,137.0,feeder,0.9435402750968933,792,993,1962,1368
1682,168.0,gt,0.8487057089805603,1350,920,1635,1064
1683,137.0,feeder,0.9417014718055725,792,992,1962,1369
1683,168.0,gt,0.8422715067863464,1366,900,1652,1052
1684,137.0,feeder,0.9385208487510681,788,993,1962,1370
1685,137.0,feeder,0.9242644906044006,786,991,1962,1370
1686,137.0,feeder,0.917210578918457,784,986,1962,1371
1687,137.0,feeder,0.9338452816009521,784,984,1965,1371
1688,137.0,feeder,0.9486669898033142,783,983,1967,1371
1689,137.0,feeder,0.9485346674919128,783,982,1967,1372
1690,137.0,feeder,0.94840008020401,783,982,1968,1372
1691,137.0,feeder,0.9485896825790405,783,982,1967,1372
1692,137.0,feeder,0.9484861493110657,784,982,1967,1372
1693,137.0,feeder,0.948648989200592,784,982,1967,1372
1694,137.0,feeder,0.9476363658905029,784,982,1967,1372
1695,137.0,feeder,0.9480773210525513,784,982,1967,1372
1696,137.0,feeder,0.8993265628814697,782,983,1967,1371
1697,137.0,feeder,0.948354184627533,782,982,1967,1371
1698,137.0,feeder,0.9483993053436279,782,982,1967,1371
1699,137.0,feeder,0.9485894441604614,782,982,1967,1371
1700,137.0,feeder,0.9484519362449646,782,982,1967,1371
1701,137.0,feeder,0.9484953880310059,783,982,1967,1371
1702,137.0,feeder,0.9484671950340271,783,982,1967,1371
1703,137.0,feeder,0.9486967325210571,782,982,1967,1372
1704,137.0,feeder,0.9487971663475037,782,982,1967,1371
1705,137.0,feeder,0.948649525642395,782,982,1967,1371
1706,137.0,feeder,0.9483628273010254,782,982,1967,1372
1707,137.0,feeder,0.94832843542099,782,982,1967,1371
1708,137.0,feeder,0.9485320448875427,782,982,1967,1371
1709,137.0,feeder,0.9486487507820129,782,983,1966,1371
1710,137.0,feeder,0.9486717581748962,782,982,1966,1371
1711,137.0,feeder,0.9489782452583313,782,982,1966,1371
1712,137.0,feeder,0.9487534761428833,782,981,1966,1371
1713,137.0,feeder,0.948625922203064,782,981,1966,1371
1714,137.0,feeder,0.948837399482727,782,981,1966,1372
1715,137.0,feeder,0.9488710165023804,783,982,1966,1371
1716,137.0,feeder,0.948882520198822,783,981,1967,1371
1717,137.0,feeder,0.9489883184432983,783,981,1967,1372
1718,137.0,feeder,0.9491786360740662,783,982,1968,1371
1719,137.0,feeder,0.9491462707519531,783,982,1968,1371
1720,137.0,feeder,0.9490851759910583,783,982,1968,1371
1721,137.0,feeder,0.9490947127342224,783,982,1968,1371
1722,137.0,feeder,0.9489877820014954,784,982,1969,1371
1723,137.0,feeder,0.9487844109535217,784,982,1970,1371
1724,137.0,feeder,0.9488959908485413,784,982,1969,1371
1725,137.0,feeder,0.9489348530769348,783,983,1968,1371
1726,137.0,feeder,0.9483539462089539,782,982,1968,1372
1727,137.0,feeder,0.9482780694961548,783,982,1969,1372
1728,137.0,feeder,0.9479499459266663,783,982,1970,1372
1729,137.0,feeder,0.947920024394989,783,982,1970,1372
1730,137.0,feeder,0.9481271505355835,783,982,1970,1372
1731,137.0,feeder,0.948183536529541,783,982,1969,1372
1732,137.0,feeder,0.9480922222137451,783,982,1969,1372
1733,137.0,feeder,0.9482563734054565,783,982,1969,1372
1734,137.0,feeder,0.9484364986419678,783,982,1971,1372
1735,137.0,feeder,0.9483042359352112,783,982,1971,1372
1736,137.0,feeder,0.9484629034996033,783,982,1971,1372
1737,137.0,feeder,0.9483895301818848,783,982,1970,1372
1738,137.0,feeder,0.9485448598861694,783,982,1969,1372
1739,137.0,feeder,0.9485839605331421,783,982,1969,1372
1740,137.0,feeder,0.9484062790870667,783,982,1969,1372
1741,137.0,feeder,0.9482376575469971,783,982,1972,1372
1742,137.0,feeder,0.9480645656585693,784,982,1972,1372
1743,137.0,feeder,0.9484230279922485,784,982,1972,1372
1744,137.0,feeder,0.9484775066375732,784,982,1971,1372
1745,137.0,feeder,0.9484512209892273,784,982,1970,1372
1746,137.0,feeder,0.948479413986206,784,982,1969,1372
1747,137.0,feeder,0.9483016133308411,784,983,1970,1372
1748,137.0,feeder,0.9482793211936951,784,983,1970,1372
1749,137.0,feeder,0.9483157992362976,784,983,1971,1372
1750,137.0,feeder,0.9486722946166992,784,983,1970,1372
1751,137.0,feeder,0.9483224153518677,784,983,1971,1372
1752,137.0,feeder,0.9482744336128235,784,983,1971,1372
1753,137.0,feeder,0.948390543460846,784,983,1970,1372
1754,137.0,feeder,0.9481960535049438,784,983,1970,1372
1755,137.0,feeder,0.9483473300933838,784,983,1970,1372
1756,137.0,feeder,0.9483994245529175,784,983,1969,1371
1757,137.0,feeder,0.9484501481056213,784,982,1969,1371
1758,137.0,feeder,0.9483084678649902,784,982,1969,1371
1759,137.0,feeder,0.9484354257583618,785,982,1968,1371
1760,137.0,feeder,0.9484208822250366,785,982,1969,1371
1761,137.0,feeder,0.9484449625015259,785,982,1970,1372
1762,137.0,feeder,0.9485498666763306,786,982,1971,1371
1763,137.0,feeder,0.9484606385231018,785,982,1970,1371
1764,137.0,feeder,0.9485543966293335,784,982,1969,1371
1765,137.0,feeder,0.9484717845916748,784,982,1969,1371
1766,137.0,feeder,0.9486286044120789,784,982,1969,1372
1767,137.0,feeder,0.9485260844230652,784,982,1969,1371
1768,137.0,feeder,0.9483994245529175,784,982,1969,1371
1769,137.0,feeder,0.9484364986419678,783,982,1970,1371
1770,137.0,feeder,0.9484162330627441,783,982,1969,1372
1771,137.0,feeder,0.9480950832366943,783,982,1970,1371
1772,137.0,feeder,0.9480304718017578,783,983,1971,1372
1773,137.0,feeder,0.9481761455535889,783,983,1971,1372
1774,137.0,feeder,0.9483194351196289,782,983,1972,1372
1775,137.0,feeder,0.9482728242874146,782,983,1973,1372
1776,137.0,feeder,0.9483039975166321,782,982,1973,1372
1777,137.0,feeder,0.9483106136322021,782,983,1972,1372
1778,137.0,feeder,0.9484080076217651,782,983,1971,1372
1779,137.0,feeder,0.9482736587524414,782,982,1970,1372
1780,137.0,feeder,0.9483156800270081,782,982,1970,1372
1781,137.0,feeder,0.9482706785202026,783,982,1971,1372
1782,137.0,feeder,0.9480405449867249,783,982,1972,1371
1783,137.0,feeder,0.9479199647903442,784,982,1972,1372
1784,137.0,feeder,0.9481067657470703,784,983,1974,1372
1785,137.0,feeder,0.9481772184371948,784,983,1974,1372
1786,137.0,feeder,0.9481464624404907,785,983,1971,1372
1787,137.0,feeder,0.9481849074363708,784,983,1970,1371
1788,137.0,feeder,0.9481252431869507,784,983,1970,1372
1789,137.0,feeder,0.948214590549469,784,983,1970,1372
1790,137.0,feeder,0.9482892155647278,784,983,1969,1372
1791,137.0,feeder,0.948107123374939,784,983,1968,1372
1792,137.0,feeder,0.948126494884491,784,983,1969,1372
1793,137.0,feeder,0.9482861757278442,784,983,1969,1372
1794,137.0,feeder,0.9481294751167297,784,983,1970,1372
1795,137.0,feeder,0.9477686285972595,785,983,1971,1372
1796,137.0,feeder,0.9476109147071838,785,983,1971,1372
1797,137.0,feeder,0.9476137757301331,785,983,1971,1372
1798,137.0,feeder,0.9476959109306335,785,983,1970,1372
1799,137.0,feeder,0.9478631615638733,785,983,1970,1372
1800,137.0,feeder,0.9480240941047668,785,982,1970,1372
1801,137.0,feeder,0.9484859704971313,785,982,1971,1372
1802,137.0,feeder,0.9481993913650513,785,982,1971,1372
1803,137.0,feeder,0.9480214715003967,785,982,1972,1372
1804,137.0,feeder,0.9482665657997131,785,982,1972,1372
1805,137.0,feeder,0.9485184550285339,784,982,1972,1372
1806,137.0,feeder,0.94835364818573,784,982,1971,1372
1807,137.0,feeder,0.9485004544258118,784,982,1970,1373
1808,137.0,feeder,0.9482987523078918,783,982,1969,1373
1809,137.0,feeder,0.948029100894928,783,982,1970,1372
1810,137.0,feeder,0.9481112957000732,783,982,1971,1372
1811,137.0,feeder,0.9481375217437744,783,982,1972,1372
1812,137.0,feeder,0.9482330083847046,783,982,1972,1372
1813,137.0,feeder,0.9483726024627686,783,982,1971,1372
1814,137.0,feeder,0.9483692049980164,783,982,1970,1372
1815,137.0,feeder,0.9486044645309448,783,982,1969,1372
1816,137.0,feeder,0.9479886293411255,783,982,1970,1372
1817,137.0,feeder,0.9478693008422852,783,982,1969,1372
1818,137.0,feeder,0.9481762051582336,783,982,1970,1372
1819,137.0,feeder,0.9483778476715088,783,982,1969,1372
1820,137.0,feeder,0.9481319785118103,783,982,1968,1372
1821,137.0,feeder,0.9482361674308777,782,982,1968,1372
1822,137.0,feeder,0.9483449459075928,782,982,1968,1372
1823,137.0,feeder,0.9480769038200378,782,981,1969,1372
1824,137.0,feeder,0.9480186104774475,783,981,1968,1371
1825,137.0,feeder,0.9479736089706421,782,981,1968,1371
1826,137.0,feeder,0.9480399489402771,782,982,1969,1372
1827,137.0,feeder,0.9480988383293152,782,982,1968,1372
1828,137.0,feeder,0.9480841755867004,782,982,1968,1372
1829,137.0,feeder,0.948224663734436,783,981,1968,1372
1830,137.0,feeder,0.9483317732810974,783,981,1968,1372
1831,137.0,feeder,0.948331892490387,782,982,1969,1371
1832,137.0,feeder,0.9481667876243591,782,983,1969,1371
1833,137.0,feeder,0.9479827284812927,782,983,1969,1371
1834,137.0,feeder,0.9483150243759155,783,983,1971,1371
1835,137.0,feeder,0.948350727558136,783,983,1973,1371
1836,137.0,feeder,0.9480898380279541,783,983,1973,1371
1837,137.0,feeder,0.9481181502342224,783,983,1972,1372
1838,137.0,feeder,0.9483094811439514,783,983,1971,1372
1839,137.0,feeder,0.9481215476989746,783,983,1970,1372
1840,137.0,feeder,0.9481238126754761,783,983,1970,1372
1841,137.0,feeder,0.9480125904083252,783,983,1971,1372
1842,137.0,feeder,0.9480246901512146,783,983,1972,1372
1843,137.0,feeder,0.9480522274971008,783,983,1972,1372
1844,137.0,feeder,0.9481082558631897,784,983,1972,1372
1845,137.0,feeder,0.9480335116386414,783,983,1971,1372
1846,137.0,feeder,0.9485911726951599,784,983,1969,1371
1847,137.0,feeder,0.9482677578926086,783,982,1969,1372
1848,137.0,feeder,0.9479855895042419,784,982,1969,1372
1849,137.0,feeder,0.948029100894928,784,982,1970,1372
1850,137.0,feeder,0.9480777382850647,784,982,1970,1372
1851,137.0,feeder,0.9484726786613464,784,982,1969,1372
1852,137.0,feeder,0.9484245181083679,784,982,1969,1372
1853,137.0,feeder,0.9484133720397949,784,982,1968,1372
1854,137.0,feeder,0.9482983946800232,784,982,1969,1372
1855,137.0,feeder,0.9485867619514465,784,982,1970,1372
1856,137.0,feeder,0.9485781788825989,784,982,1970,1372
1857,137.0,feeder,0.9482552409172058,785,983,1971,1372
1858,137.0,feeder,0.9483218789100647,785,983,1971,1372
1859,137.0,feeder,0.948262631893158,785,983,1971,1372
1860,137.0,feeder,0.948339581489563,785,983,1972,1372
1861,137.0,feeder,0.9482831954956055,786,983,1972,1371
1862,137.0,feeder,0.9481453895568848,786,983,1972,1371
1863,137.0,feeder,0.9480578303337097,785,983,1972,1371
1864,137.0,feeder,0.9479733109474182,785,983,1972,1371
1865,137.0,feeder,0.948071300983429,785,983,1971,1371
1866,137.0,feeder,0.9481527805328369,785,983,1972,1371
1867,137.0,feeder,0.9483340978622437,786,983,1971,1371
1868,137.0,feeder,0.9481871724128723,786,983,1972,1371
1869,137.0,feeder,0.9480156302452087,786,982,1972,1372
1870,137.0,feeder,0.9480151534080505,786,982,1972,1372
1871,137.0,feeder,0.948081910610199,786,982,1972,1372
1872,137.0,feeder,0.9482975602149963,786,983,1972,1372
1873,137.0,feeder,0.9483584761619568,787,983,1972,1371
1874,137.0,feeder,0.9480886459350586,787,983,1972,1371
1875,137.0,feeder,0.9480534195899963,786,982,1972,1371
1876,137.0,feeder,0.9482786059379578,785,982,1972,1372
1877,137.0,feeder,0.9483688473701477,785,982,1972,1372
1878,137.0,feeder,0.9483746290206909,785,983,1972,1372
1879,137.0,feeder,0.9483100175857544,785,983,1972,1372
1880,137.0,feeder,0.9483472108840942,785,983,1972,1371
1881,137.0,feeder,0.9483080506324768,785,983,1972,1372
1882,137.0,feeder,0.9484245181083679,786,983,1972,1372
1883,137.0,feeder,0.948502779006958,785,983,1971,1372
1884,137.0,feeder,0.948433518409729,784,983,1971,1372
1885,137.0,feeder,0.9480776190757751,784,983,1971,1372
1886,137.0,feeder,0.9481450319290161,784,983,1971,1372
1887,137.0,feeder,0.9480281472206116,784,983,1971,1372
1888,137.0,feeder,0.9482085108757019,784,983,1971,1372
1889,137.0,feeder,0.9483241438865662,785,983,1971,1372
1890,137.0,feeder,0.9483740329742432,785,983,1972,1372
1891,137.0,feeder,0.947705864906311,785,983,1973,1372
1892,137.0,feeder,0.9478897452354431,784,983,1973,1372
1893,137.0,feeder,0.9480457305908203,785,983,1973,1372
1894,137.0,feeder,0.9483537673950195,787,983,1974,1372
1895,137.0,feeder,0.9482131004333496,787,983,1974,1372
1896,137.0,feeder,0.9485344290733337,788,983,1974,1372
1897,137.0,feeder,0.9484347105026245,788,983,1974,1372
1898,137.0,feeder,0.948374330997467,788,983,1974,1372
1899,137.0,feeder,0.9483829140663147,788,983,1974,1372
1900,137.0,feeder,0.9483728408813477,789,982,1973,1372
1901,137.0,feeder,0.9485037326812744,789,982,1973,1372
1902,137.0,feeder,0.9484268426895142,789,983,1973,1372
1903,137.0,feeder,0.9482409358024597,788,983,1973,1372
1904,137.0,feeder,0.9482759237289429,788,983,1974,1372
1905,137.0,feeder,0.9481298327445984,788,982,1974,1372
1906,137.0,feeder,0.9489611983299255,789,982,1973,1372
1907,137.0,feeder,0.9491516351699829,789,982,1973,1371
1908,137.0,feeder,0.9490051865577698,789,982,1972,1371
1909,137.0,feeder,0.949028491973877,789,982,1972,1371
1910,137.0,feeder,0.9488853812217712,789,982,1972,1371
1911,137.0,feeder,0.948919415473938,789,982,1971,1371
1912,137.0,feeder,0.9488982558250427,788,982,1971,1371
1913,137.0,feeder,0.9488731622695923,788,983,1971,1372
1914,137.0,feeder,0.9488404393196106,788,983,1972,1372
1915,137.0,feeder,0.9487850666046143,788,983,1972,1371
1916,137.0,feeder,0.9487325549125671,788,982,1972,1371
1917,137.0,feeder,0.9486043453216553,788,983,1972,1372
1918,137.0,feeder,0.9485679864883423,789,983,1971,1372
1919,137.0,feeder,0.9486401677131653,789,983,1972,1372
1920,137.0,feeder,0.9483497738838196,789,983,1972,1372
1921,137.0,feeder,0.9479041695594788,788,983,1973,1372
1922,137.0,feeder,0.9478241801261902,788,983,1973,1372
1923,137.0,feeder,0.9479730725288391,787,983,1973,1372
1924,137.0,feeder,0.947909951210022,787,983,1973,1372
1925,137.0,feeder,0.9480324387550354,788,983,1973,1372
1926,137.0,feeder,0.9480446577072144,787,983,1973,1372
1927,137.0,feeder,0.9480817317962646,788,982,1974,1372
1928,137.0,feeder,0.9481826424598694,788,983,1974,1372
1929,137.0,feeder,0.9481827616691589,787,983,1974,1372
1930,137.0,feeder,0.9482718110084534,787,983,1972,1372
1931,137.0,feeder,0.9480286836624146,787,983,1972,1372
1932,137.0,feeder,0.9478471875190735,787,983,1974,1372
1933,137.0,feeder,0.9480049014091492,788,982,1973,1372
1934,137.0,feeder,0.9478462338447571,788,983,1975,1372
1935,137.0,feeder,0.9480176568031311,789,983,1974,1372
1936,137.0,feeder,0.948491096496582,787,983,1972,1372
1937,137.0,feeder,0.948354184627533,787,983,1973,1372
1938,137.0,feeder,0.9484449028968811,787,983,1973,1372
1939,137.0,feeder,0.9484332799911499,787,983,1973,1372
1940,137.0,feeder,0.9486092925071716,787,983,1973,1372
1941,137.0,feeder,0.9483934044837952,787,983,1973,1372
1942,137.0,feeder,0.9483798742294312,786,983,1973,1372
1943,137.0,feeder,0.9483485817909241,785,983,1972,1372
1944,137.0,feeder,0.9484847784042358,786,982,1972,1372
1945,137.0,feeder,0.9485291838645935,785,982,1972,1372
1946,137.0,feeder,0.9482986330986023,786,982,1972,1372
1947,137.0,feeder,0.9480975866317749,787,982,1973,1372
1948,137.0,feeder,0.9482353925704956,787,982,1973,1372
1949,137.0,feeder,0.9484727382659912,787,982,1972,1372
1950,137.0,feeder,0.9482794404029846,788,982,1975,1372
1951,137.0,feeder,0.9488629698753357,790,982,1975,1372
1952,137.0,feeder,0.9487637877464294,790,982,1973,1372
1953,137.0,feeder,0.9487893581390381,790,982,1972,1371
1954,137.0,feeder,0.9485405683517456,790,982,1972,1371
1955,137.0,feeder,0.9482356905937195,789,982,1972,1372
1956,137.0,feeder,0.9487977027893066,789,982,1972,1372
1957,137.0,feeder,0.948714017868042,790,982,1973,1371
1958,137.0,feeder,0.9485823512077332,791,982,1974,1371
1959,137.0,feeder,0.9483069777488708,790,982,1972,1371
1960,137.0,feeder,0.9486512541770935,788,982,1970,1372
1961,137.0,feeder,0.9489911198616028,786,982,1969,1372
1962,137.0,feeder,0.948842465877533,786,982,1969,1371
1963,137.0,feeder,0.9487776160240173,786,982,1971,1371
1964,137.0,feeder,0.9484937787055969,787,982,1973,1372
1965,137.0,feeder,0.9485336542129517,787,982,1974,1372
1966,137.0,feeder,0.9487184286117554,786,982,1973,1372
1967,137.0,feeder,0.9487672448158264,784,982,1971,1372
1968,137.0,feeder,0.9486567378044128,784,982,1970,1372
1969,137.0,feeder,0.9489359259605408,784,982,1969,1372
1970,137.0,feeder,0.9490376114845276,784,982,1969,1372
1971,137.0,feeder,0.9489455223083496,785,982,1970,1372
1972,137.0,feeder,0.9489485025405884,784,983,1970,1372
1973,137.0,feeder,0.9487247467041016,783,982,1969,1372
1974,137.0,feeder,0.9487293362617493,783,982,1969,1372
1975,137.0,feeder,0.9484729766845703,782,982,1969,1372
1976,137.0,feeder,0.9486303329467773,782,982,1968,1372
1977,137.0,feeder,0.9487776160240173,782,982,1969,1372
1978,137.0,feeder,0.948697030544281,783,982,1970,1372
1979,137.0,feeder,0.9488469362258911,783,982,1971,1372
1980,137.0,feeder,0.9488447904586792,783,982,1970,1372
1981,137.0,feeder,0.9481998085975647,783,982,1969,1371
1982,137.0,feeder,0.9483398199081421,781,982,1968,1372
1983,137.0,feeder,0.9485538601875305,781,982,1968,1372
1984,137.0,feeder,0.9486339688301086,781,982,1969,1372
1985,137.0,feeder,0.9485155344009399,781,982,1969,1372
1986,137.0,feeder,0.9486027359962463,782,982,1969,1372
1987,137.0,feeder,0.9484073519706726,781,982,1969,1372
1988,137.0,feeder,0.948246419429779,782,982,1969,1372
1989,137.0,feeder,0.9483153820037842,782,982,1969,1372
1990,137.0,feeder,0.9483806490898132,782,982,1969,1372
1991,137.0,feeder,0.9485094547271729,782,982,1969,1372
1992,137.0,feeder,0.9484738111495972,782,982,1969,1372
1993,137.0,feeder,0.94834303855896,782,982,1968,1372
1994,137.0,feeder,0.9482618570327759,782,982,1968,1372
1995,137.0,feeder,0.9483564496040344,781,982,1968,1372
1996,137.0,feeder,0.9486749768257141,781,982,1968,1372
1997,137.0,feeder,0.9487255811691284,782,982,1968,1372
1998,137.0,feeder,0.9485875368118286,782,982,1968,1372
1999,137.0,feeder,0.9486751556396484,782,982,1969,1372
2000,137.0,feeder,0.9485390186309814,782,982,1969,1372
2001,137.0,feeder,0.9486347436904907,782,982,1968,1372
2002,137.0,feeder,0.9484227895736694,782,982,1969,1372
2003,137.0,feeder,0.9483565092086792,781,982,1969,1372
2004,137.0,feeder,0.9487998485565186,781,982,1969,1372
2005,137.0,feeder,0.9484949707984924,781,982,1968,1372
2006,137.0,feeder,0.9485068917274475,781,982,1968,1372
2007,137.0,feeder,0.9487000703811646,782,982,1967,1372
2008,137.0,feeder,0.9484434723854065,782,982,1967,1371
2009,137.0,feeder,0.9486193656921387,782,982,1967,1372
2010,137.0,feeder,0.9484511017799377,782,982,1966,1372
2011,137.0,feeder,0.948435366153717,782,982,1968,1372
2012,137.0,feeder,0.9483057260513306,782,982,1968,1372
2013,137.0,feeder,0.9482186436653137,781,982,1969,1372
2014,137.0,feeder,0.9484989047050476,781,982,1969,1372
2015,137.0,feeder,0.9484243988990784,781,982,1968,1372
2016,137.0,feeder,0.9483791589736938,781,982,1969,1372
2017,137.0,feeder,0.9485341310501099,781,982,1969,1372
2018,137.0,feeder,0.9485099911689758,782,982,1968,1371
2019,137.0,feeder,0.9484593868255615,782,982,1969,1371
2020,137.0,feeder,0.9483442902565002,782,982,1969,1372
2021,137.0,feeder,0.9480981826782227,782,982,1969,1371
2022,137.0,feeder,0.9481432437896729,782,982,1968,1371
2023,137.0,feeder,0.9479890465736389,783,982,1969,1372
2024,137.0,feeder,0.9477085471153259,785,982,1971,1372
2025,137.0,feeder,0.9477056264877319,786,982,1972,1371
2026,137.0,feeder,0.9485048055648804,786,982,1972,1371
2027,137.0,feeder,0.9485210180282593,786,982,1972,1371
2028,137.0,feeder,0.9486241936683655,785,981,1972,1371
2029,137.0,feeder,0.9486598372459412,786,981,1972,1371
2030,137.0,feeder,0.9484660029411316,788,981,1973,1372
2031,137.0,feeder,0.94820237159729,789,982,1975,1372
2032,137.0,feeder,0.9480960965156555,790,983,1976,1373
2033,137.0,feeder,0.948081374168396,790,983,1976,1373
2034,137.0,feeder,0.9482861757278442,788,982,1973,1373
2035,137.0,feeder,0.9487727284431458,787,982,1973,1372
2036,137.0,feeder,0.9487837553024292,787,982,1972,1372
2037,137.0,feeder,0.94842129945755,788,982,1973,1372
2038,137.0,feeder,0.9482303261756897,788,982,1974,1372
2039,137.0,feeder,0.9483075141906738,789,982,1974,1373
2040,137.0,feeder,0.9486986398696899,788,982,1973,1372
2041,137.0,feeder,0.9483437538146973,787,982,1971,1372
2042,137.0,feeder,0.9482644200325012,786,982,1972,1372
2043,137.0,feeder,0.9481149315834045,787,981,1975,1372
2044,137.0,feeder,0.948382556438446,789,981,1977,1372
2045,137.0,feeder,0.9483858942985535,790,981,1979,1372
2046,137.0,feeder,0.9484158158302307,790,981,1979,1372
2047,137.0,feeder,0.94782954454422,791,981,1979,1372
2048,137.0,feeder,0.9479791522026062,794,980,1981,1373
2049,137.0,feeder,0.947879433631897,798,980,1985,1372
2050,137.0,feeder,0.9477839469909668,801,979,1987,1371
2051,137.0,feeder,0.9476184844970703,802,980,1987,1372
2052,137.0,feeder,0.9479963183403015,799,981,1984,1372
2053,137.0,feeder,0.9474063515663147,797,982,1983,1372
2054,137.0,feeder,0.9474122524261475,795,982,1981,1372
2055,137.0,feeder,0.9475444555282593,794,982,1980,1372
2056,137.0,feeder,0.9478554725646973,795,983,1979,1372
2057,137.0,feeder,0.9477471113204956,795,983,1979,1372
2058,137.0,feeder,0.9471625089645386,795,982,1979,1371
2059,137.0,feeder,0.9474545121192932,795,982,1980,1371
2060,137.0,feeder,0.9478684067726135,795,982,1981,1372
2061,137.0,feeder,0.9478991627693176,795,982,1981,1372
2062,137.0,feeder,0.9479207992553711,795,982,1981,1372
2063,137.0,feeder,0.9480379819869995,795,982,1981,1372
2064,137.0,feeder,0.9478693008422852,796,982,1981,1372
2065,137.0,feeder,0.9479696154594421,796,982,1981,1372
2066,137.0,feeder,0.947705864906311,796,982,1982,1372
2067,137.0,feeder,0.9477234482765198,795,982,1982,1372
2068,137.0,feeder,0.9474956393241882,794,982,1981,1372
2069,137.0,feeder,0.9481980800628662,793,983,1978,1372
2070,137.0,feeder,0.9482240080833435,790,983,1975,1372
2071,137.0,feeder,0.9487361311912537,787,982,1972,1372
2072,137.0,feeder,0.9484307169914246,785,981,1972,1372
2073,137.0,feeder,0.9481298327445984,787,981,1978,1372
2074,137.0,feeder,0.9484886527061462,792,980,1982,1372
2075,137.0,feeder,0.9479992985725403,798,981,1986,1372
2076,137.0,feeder,0.9472898840904236,801,982,1989,1372
2077,137.0,feeder,0.9472947120666504,802,982,1989,1372
2078,137.0,feeder,0.9476786851882935,801,982,1988,1372
2079,137.0,feeder,0.9481184482574463,797,982,1985,1372
2080,137.0,feeder,0.94806969165802,794,981,1983,1372
2081,137.0,feeder,0.94835364818573,793,981,1982,1372
2082,137.0,feeder,0.9480913281440735,793,981,1981,1372
2083,137.0,feeder,0.9484061598777771,795,981,1983,1372
2084,137.0,feeder,0.9482119083404541,798,981,1986,1373
2085,137.0,feeder,0.9486038088798523,799,981,1986,1372
2086,137.0,feeder,0.9476724863052368,799,981,1986,1372
2087,137.0,feeder,0.9485266208648682,797,981,1985,1372
2088,137.0,feeder,0.9486117959022522,797,981,1984,1372
2089,137.0,feeder,0.948095440864563,796,982,1983,1372
2090,137.0,feeder,0.9484969973564148,796,982,1981,1372
2091,137.0,feeder,0.948481023311615,795,982,1981,1372
2092,137.0,feeder,0.9483143091201782,795,982,1981,1372
2093,137.0,feeder,0.9484722018241882,795,982,1981,1372
2094,137.0,feeder,0.9480974674224854,794,981,1982,1372
2095,137.0,feeder,0.947903573513031,795,981,1982,1372
2096,137.0,feeder,0.9479823708534241,794,981,1982,1372
2097,137.0,feeder,0.9480571746826172,795,981,1982,1372
2098,137.0,feeder,0.9481058120727539,795,982,1982,1372
2099,137.0,feeder,0.948249101638794,795,982,1981,1372
2100,137.0,feeder,0.9483182430267334,794,982,1980,1372
2101,137.0,feeder,0.9483574628829956,795,982,1980,1371
2102,137.0,feeder,0.9482247829437256,796,982,1980,1372
2103,137.0,feeder,0.9481881260871887,795,982,1981,1372
2104,137.0,feeder,0.9483439922332764,795,982,1981,1372
2105,137.0,feeder,0.9483873248100281,795,982,1980,1372
2106,137.0,feeder,0.9486849308013916,794,982,1980,1371
2107,137.0,feeder,0.9487932920455933,793,981,1979,1372
2108,137.0,feeder,0.948904275894165,793,981,1979,1371
2109,137.0,feeder,0.9487490057945251,794,981,1979,1372
2110,137.0,feeder,0.9486969709396362,794,981,1980,1372
2111,137.0,feeder,0.9488319158554077,794,981,1980,1372
2112,137.0,feeder,0.9489229321479797,794,982,1980,1372
2113,137.0,feeder,0.9488482475280762,792,982,1979,1372
2114,137.0,feeder,0.9488487839698792,791,982,1979,1372
2115,137.0,feeder,0.948698878288269,791,982,1978,1372
2116,137.0,feeder,0.9478735327720642,791,982,1978,1372
2117,137.0,feeder,0.9475902318954468,791,982,1979,1372
2118,137.0,feeder,0.9478433728218079,790,982,1980,1372
2119,137.0,feeder,0.947911262512207,790,982,1981,1373
2120,137.0,feeder,0.9482033252716064,791,982,1981,1372
2121,137.0,feeder,0.9481079578399658,791,982,1980,1372
2122,137.0,feeder,0.9481561779975891,791,982,1980,1372
2123,137.0,feeder,0.9481582045555115,791,981,1980,1373
2124,137.0,feeder,0.9482088088989258,791,982,1980,1373
2125,137.0,feeder,0.9484480023384094,792,983,1979,1373
2126,137.0,feeder,0.9483215808868408,792,982,1980,1373
2127,137.0,feeder,0.9484577775001526,792,981,1981,1373
2128,137.0,feeder,0.9485588669776917,792,981,1981,1373
2129,137.0,feeder,0.9484583735466003,792,981,1981,1372
2130,137.0,feeder,0.9478647708892822,792,981,1980,1373
2131,137.0,feeder,0.9486536979675293,792,983,1976,1372
2132,137.0,feeder,0.9488392472267151,792,983,1975,1373
2133,137.0,feeder,0.9486594200134277,792,983,1976,1372
2134,137.0,feeder,0.9485769867897034,793,982,1978,1372
2135,137.0,feeder,0.9483969211578369,793,982,1979,1372
2136,137.0,feeder,0.9484081864356995,793,982,1980,1372
2137,137.0,feeder,0.9485343098640442,793,982,1978,1373
2138,137.0,feeder,0.9487079977989197,792,983,1977,1373
2139,137.0,feeder,0.9485801458358765,792,983,1976,1373
2140,137.0,feeder,0.9484918713569641,793,982,1976,1373
2141,137.0,feeder,0.9486842751502991,793,982,1978,1373
2142,137.0,feeder,0.948933482170105,791,982,1977,1373
2143,137.0,feeder,0.9488179087638855,792,982,1977,1372
2144,137.0,feeder,0.9487447142601013,792,983,1976,1372
2145,137.0,feeder,0.9484226703643799,792,983,1976,1372
2146,137.0,feeder,0.9484994411468506,792,983,1976,1371
2147,137.0,feeder,0.9484072327613831,791,982,1975,1371
2148,137.0,feeder,0.9486645460128784,790,982,1975,1372
2149,137.0,feeder,0.9484646916389465,790,982,1974,1372
2150,137.0,feeder,0.9483516216278076,791,982,1975,1372
2151,137.0,feeder,0.9483799934387207,791,982,1973,1372
2152,137.0,feeder,0.9486061930656433,791,982,1972,1372
2153,137.0,feeder,0.9483621120452881,791,982,1972,1371
2154,137.0,feeder,0.9482155442237854,791,982,1973,1372
2155,137.0,feeder,0.948501706123352,791,982,1974,1372
2156,137.0,feeder,0.9485090374946594,790,982,1972,1372
2157,137.0,feeder,0.9485212564468384,790,982,1971,1372
2158,137.0,feeder,0.9483798146247864,790,982,1971,1372
2159,137.0,feeder,0.9483684301376343,790,982,1971,1372
2160,137.0,feeder,0.9479279518127441,791,982,1972,1372
2161,137.0,feeder,0.9479464888572693,791,983,1973,1372
2162,137.0,feeder,0.9480675458908081,791,983,1974,1372
2163,137.0,feeder,0.9481446146965027,791,983,1974,1372
2164,137.0,feeder,0.9482486844062805,791,982,1972,1372
2165,137.0,feeder,0.9484260082244873,791,982,1972,1372
2166,137.0,feeder,0.9483462572097778,791,982,1973,1372
2167,137.0,feeder,0.9481209516525269,791,982,1973,1373
2168,137.0,feeder,0.9480754733085632,791,983,1974,1372
2169,137.0,feeder,0.9480410218238831,791,983,1974,1372
2170,137.0,feeder,0.9481103420257568,790,982,1975,1373
2171,137.0,feeder,0.9478054642677307,789,981,1976,1373
2172,137.0,feeder,0.9481030106544495,789,982,1975,1372
2173,137.0,feeder,0.9479297995567322,790,983,1976,1373
2174,137.0,feeder,0.9479933381080627,791,984,1976,1373
2175,137.0,feeder,0.9478719234466553,791,983,1975,1372
2176,137.0,feeder,0.9481196403503418,791,982,1975,1371
2177,137.0,feeder,0.9482793211936951,790,982,1975,1372
2178,137.0,feeder,0.9484865665435791,790,981,1974,1371
2179,137.0,feeder,0.9483312368392944,790,982,1975,1372
2180,137.0,feeder,0.948269784450531,790,982,1975,1372
2181,137.0,feeder,0.9482313394546509,790,982,1975,1372
2182,137.0,feeder,0.9485580325126648,791,982,1975,1372
2183,137.0,feeder,0.9482419490814209,790,982,1974,1372
2184,137.0,feeder,0.9485259652137756,789,981,1973,1372
2185,137.0,feeder,0.9484075903892517,789,982,1973,1372
2186,137.0,feeder,0.9481752514839172,789,981,1973,1372
2187,137.0,feeder,0.9483177065849304,790,982,1975,1372
2188,137.0,feeder,0.9481110572814941,790,982,1975,1372
2189,137.0,feeder,0.9481192231178284,790,982,1976,1372
2190,137.0,feeder,0.947965681552887,789,982,1974,1372
2191,137.0,feeder,0.9481325149536133,789,982,1973,1372
2192,137.0,feeder,0.9481530785560608,789,982,1974,1372
2193,137.0,feeder,0.948573887348175,789,981,1975,1372
2194,137.0,feeder,0.9486037492752075,790,982,1975,1372
2195,137.0,feeder,0.948442816734314,790,982,1975,1372
2196,137.0,feeder,0.9480348825454712,790,982,1976,1372
2197,137.0,feeder,0.9482872486114502,790,982,1974,1372
2198,137.0,feeder,0.9483926892280579,789,982,1973,1372
2199,137.0,feeder,0.9482986330986023,790,982,1973,1372
2200,137.0,feeder,0.9484176635742188,790,982,1974,1372
2201,137.0,feeder,0.9485255479812622,790,981,1974,1372
2202,137.0,feeder,0.9482390284538269,791,982,1975,1373
2202,173.0,gt,0.8576754331588745,0,1227,225,1383
2203,137.0,feeder,0.9474983215332031,794,982,1974,1372
2204,137.0,feeder,0.9461266994476318,797,982,1973,1371
2204,175.0,gt,0.8428260684013367,110,1136,500,1389
2205,137.0,feeder,0.9371748566627502,799,987,1970,1369
2205,175.0,gt,0.8630232810974121,226,1138,605,1386
2206,137.0,feeder,0.9411517381668091,800,990,1968,1368
2206,175.0,bt,0.8134830594062805,305,1101,731,1325
2207,137.0,feeder,0.9452060461044312,799,990,1968,1369
2207,175.0,gt,0.8686259388923645,414,1064,843,1299
2208,137.0,feeder,0.9455487728118896,799,991,1968,1369
2208,175.0,gt,0.8549545407295227,497,1023,916,1299
2209,137.0,feeder,0.9447908401489258,800,992,1967,1369
2209,175.0,gt,0.8583371639251709,519,998,949,1265
2210,137.0,feeder,0.9441494941711426,797,991,1967,1368
2210,175.0,gt,0.893527626991272,548,984,964,1261
2211,137.0,feeder,0.9452576637268066,797,991,1967,1368
2211,175.0,gt,0.8899789452552795,583,977,966,1271
2212,137.0,feeder,0.9454078674316406,795,991,1967,1368
2212,175.0,gt,0.8891830444335938,574,963,956,1253
2213,137.0,feeder,0.9454059600830078,796,990,1967,1368
2213,175.0,gt,0.8822494745254517,555,955,958,1225
2214,137.0,feeder,0.9452131390571594,796,991,1967,1368
2214,175.0,gt,0.8806103467941284,546,953,960,1213
2215,137.0,feeder,0.9453078508377075,796,991,1967,1368
2215,175.0,gt,0.8752334713935852,546,953,960,1208
2216,137.0,feeder,0.9453831911087036,796,991,1968,1368
2216,175.0,gt,0.8775619864463806,541,952,958,1207
2217,137.0,feeder,0.9448168277740479,796,992,1968,1369
2217,175.0,gt,0.8821694254875183,543,955,961,1206
2218,137.0,feeder,0.9456251859664917,796,992,1967,1369
2218,175.0,gt,0.9037128686904907,540,960,998,1204
2219,137.0,feeder,0.9456617832183838,795,992,1967,1369
2219,175.0,gt,0.9102996587753296,543,962,1014,1205
2220,137.0,feeder,0.9457802176475525,794,992,1966,1368
2220,175.0,gt,0.9108760952949524,548,962,1020,1204
2221,137.0,feeder,0.9455202221870422,794,992,1966,1368
2221,175.0,gt,0.8969138860702515,552,963,1022,1206
2222,137.0,feeder,0.9452553391456604,795,993,1967,1368
2222,175.0,gt,0.8948685526847839,557,960,1003,1204
2223,137.0,feeder,0.9450616240501404,795,993,1967,1368
2223,175.0,gt,0.8913978934288025,560,954,992,1203
2224,137.0,feeder,0.9450215697288513,795,993,1967,1368
2224,175.0,gt,0.8873952031135559,552,951,986,1204
2225,137.0,feeder,0.9451817274093628,795,994,1967,1368
2225,175.0,gt,0.8942981362342834,556,950,984,1205
2226,137.0,feeder,0.9450972676277161,795,994,1968,1368
2226,175.0,gt,0.8967728614807129,555,949,983,1206
2227,137.0,feeder,0.9449797868728638,794,993,1967,1368
2227,175.0,gt,0.8961536288261414,557,950,982,1206
2228,137.0,feeder,0.9449173808097839,794,993,1967,1368
2228,175.0,gt,0.8948214054107666,555,951,982,1205
2229,137.0,feeder,0.9451789855957031,794,993,1967,1368
2229,175.0,gt,0.8998984098434448,560,958,997,1203
2230,137.0,feeder,0.9442108273506165,795,992,1969,1368
2230,175.0,gt,0.8831504583358765,601,982,1053,1200
2231,137.0,feeder,0.9430582523345947,796,993,1969,1367
2231,175.0,gt,0.8526023626327515,679,976,1139,1188
2232,137.0,feeder,0.9431514739990234,800,992,1969,1365
2232,175.0,gt,0.8912768959999084,786,950,1249,1166
2233,137.0,feeder,0.9453952312469482,800,989,1969,1366
2233,175.0,gt,0.9102481007575989,929,951,1370,1162
2234,137.0,feeder,0.9448462724685669,801,990,1968,1368
2234,175.0,gt,0.9004511833190918,1056,958,1483,1163
2235,137.0,feeder,0.9452652335166931,800,991,1968,1370
2235,175.0,gt,0.8860669136047363,1132,941,1561,1162
2236,137.0,feeder,0.9452517032623291,800,991,1968,1370
2236,175.0,gt,0.8980690836906433,1172,930,1604,1158
2237,137.0,feeder,0.9452964663505554,800,992,1968,1370
2237,175.0,gt,0.8905047178268433,1197,927,1619,1156
2238,137.0,feeder,0.9450453519821167,800,992,1969,1370
2238,175.0,gt,0.8896429538726807,1212,926,1622,1156
2239,137.0,feeder,0.9442597031593323,800,993,1969,1371
2239,175.0,gt,0.8790883421897888,1224,923,1606,1156
2240,137.0,feeder,0.9442828893661499,800,993,1969,1370
2240,175.0,gt,0.8781368136405945,1225,922,1598,1155
2241,137.0,feeder,0.9444155693054199,800,992,1968,1370
2241,175.0,gt,0.8763434290885925,1225,922,1595,1154
2242,137.0,feeder,0.9447500705718994,799,992,1968,1370
2242,175.0,gt,0.8768584132194519,1224,923,1594,1153
2243,137.0,feeder,0.9438158869743347,799,992,1967,1370
2243,175.0,gt,0.8738963603973389,1223,923,1595,1153
2244,137.0,feeder,0.9460291862487793,799,992,1967,1370
2244,175.0,gt,0.9034391045570374,1216,937,1626,1154
2245,137.0,feeder,0.9456194639205933,799,992,1968,1370
2245,175.0,gt,0.9019054174423218,1213,945,1635,1153
2246,137.0,feeder,0.9455575346946716,799,992,1968,1370
2246,175.0,gt,0.8946918249130249,1214,947,1638,1153
2247,137.0,feeder,0.9452423453330994,799,992,1968,1370
2247,175.0,gt,0.8965687155723572,1211,948,1638,1154
2248,137.0,feeder,0.9455620050430298,799,992,1967,1370
2248,175.0,gt,0.8987337350845337,1211,949,1638,1154
2249,137.0,feeder,0.9450750350952148,799,992,1967,1370
2249,175.0,gt,0.9002756476402283,1208,950,1631,1154
2250,137.0,feeder,0.9450569152832031,799,993,1966,1370
2250,175.0,gt,0.8977376818656921,1208,948,1629,1155
2251,137.0,feeder,0.9454559683799744,797,992,1967,1370
2251,175.0,gt,0.902332603931427,1204,948,1627,1154
2252,137.0,feeder,0.945613443851471,796,991,1967,1370
2252,175.0,gt,0.9015086889266968,1202,949,1626,1154
2253,137.0,feeder,0.9452680945396423,796,992,1967,1370
2253,175.0,gt,0.8963095545768738,1200,950,1625,1154
2254,137.0,feeder,0.9448698163032532,796,992,1967,1370
2254,175.0,gt,0.8928006887435913,1203,951,1619,1154
2255,137.0,feeder,0.9448439478874207,797,992,1967,1370
2255,175.0,gt,0.8871703147888184,1206,952,1616,1152
2256,137.0,feeder,0.9453004002571106,797,992,1968,1370
2256,175.0,gt,0.8914144039154053,1213,952,1617,1152
2257,137.0,feeder,0.9449238777160645,797,991,1968,1370
2257,175.0,gt,0.8903875350952148,1211,952,1617,1152
2258,137.0,feeder,0.9452680349349976,795,991,1968,1370
2258,175.0,gt,0.8901484608650208,1208,952,1617,1151
2259,137.0,feeder,0.9447602033615112,795,991,1967,1370
2259,175.0,gt,0.895952045917511,1208,952,1615,1152
2260,137.0,feeder,0.9446849822998047,794,992,1967,1370
2260,175.0,gt,0.8974250555038452,1209,953,1614,1152
2261,137.0,feeder,0.9449569582939148,795,992,1966,1371
2261,175.0,gt,0.8971146941184998,1209,956,1614,1153
2262,137.0,feeder,0.9452193379402161,796,992,1967,1371
2262,175.0,gt,0.893844485282898,1209,957,1616,1153
2263,137.0,feeder,0.9454271793365479,797,992,1967,1371
2263,175.0,gt,0.8961426019668579,1211,957,1616,1152
2264,137.0,feeder,0.9453654885292053,797,992,1969,1370
2264,175.0,gt,0.8916239142417908,1212,958,1617,1152
2265,137.0,feeder,0.9448237419128418,796,992,1969,1370
2265,175.0,gt,0.8896251320838928,1210,960,1618,1152
2266,137.0,feeder,0.9446634650230408,797,993,1967,1370
2266,175.0,gt,0.8917301297187805,1214,961,1619,1151
2267,137.0,feeder,0.9444981217384338,798,993,1966,1370
2267,175.0,gt,0.8908538818359375,1217,962,1619,1151
2268,137.0,feeder,0.9438876509666443,798,994,1967,1370
2268,175.0,gt,0.8853611946105957,1220,963,1621,1152
2269,137.0,feeder,0.9418060183525085,798,994,1968,1370
2269,175.0,gt,0.88114333152771,1228,962,1627,1153
2270,137.0,feeder,0.9457702040672302,798,992,1969,1370
2270,175.0,gt,0.8894392848014832,1254,959,1633,1152
2271,137.0,feeder,0.9457934498786926,800,992,1969,1370
2271,175.0,gt,0.9024720788002014,1305,944,1638,1146
2272,137.0,feeder,0.9438092708587646,800,992,1969,1370
2272,175.0,gt,0.8783097267150879,1354,945,1651,1143
2273,137.0,feeder,0.9407902359962463,800,993,1968,1370
2273,175.0,gt,0.8240011930465698,1490,947,1668,1140
2274,137.0,feeder,0.9408671855926514,799,994,1966,1370
2274,175.0,gt,0.8392027616500854,1496,946,1682,1138
2275,137.0,feeder,0.941024661064148,799,995,1966,1370
2275,175.0,gt,0.8434459567070007,1511,946,1688,1138
2276,137.0,feeder,0.9411443471908569,800,995,1965,1370
2276,175.0,gt,0.8338422179222107,1522,945,1692,1138
2277,137.0,feeder,0.9407139420509338,800,995,1967,1370
2277,175.0,gt,0.8485064506530762,1510,945,1693,1138
2278,137.0,feeder,0.9424041509628296,800,994,1968,1369
2278,175.0,gt,0.849593460559845,1520,941,1694,1140
2279,137.0,feeder,0.9421524405479431,800,994,1967,1369
2279,175.0,gt,0.8494182825088501,1522,937,1691,1139
2280,137.0,feeder,0.9409549832344055,799,994,1966,1370
2280,175.0,gt,0.8413575887680054,1534,935,1689,1140
2281,137.0,feeder,0.9417474865913391,798,994,1966,1370
2281,175.0,gt,0.856795072555542,1532,936,1686,1141
2282,137.0,feeder,0.9419283866882324,797,994,1966,1370
2282,175.0,gt,0.8439045548439026,1524,936,1685,1141
2283,137.0,feeder,0.9417361617088318,797,994,1966,1370
2283,175.0,gt,0.8445667028427124,1522,936,1685,1141
2284,137.0,feeder,0.9422778487205505,798,994,1966,1370
2284,175.0,gt,0.8401944637298584,1531,937,1685,1141
2285,137.0,feeder,0.9441131949424744,798,995,1966,1370
2285,175.0,gt,0.8415938019752502,1525,931,1686,1131
2286,137.0,feeder,0.9444719552993774,798,995,1966,1370
2286,175.0,gt,0.8743488788604736,1518,930,1687,1126
2287,137.0,feeder,0.9449242949485779,798,996,1965,1369
2287,175.0,gt,0.8822237849235535,1515,929,1691,1130
2288,137.0,feeder,0.94509357213974,799,996,1966,1369
2288,175.0,gt,0.8758537769317627,1515,929,1695,1131
2289,137.0,feeder,0.9449437856674194,799,996,1967,1370
2289,175.0,gt,0.8728629946708679,1515,929,1701,1132
2290,137.0,feeder,0.9446238279342651,798,996,1967,1370
2290,175.0,gt,0.8736287951469421,1515,929,1705,1131
2291,137.0,feeder,0.9444270730018616,799,995,1967,1370
2291,175.0,gt,0.8830146193504333,1526,931,1711,1132
2292,137.0,feeder,0.9442054033279419,799,995,1967,1370
2292,175.0,gt,0.8793689012527466,1529,932,1713,1131
2293,137.0,feeder,0.9446151852607727,799,995,1967,1370
2293,175.0,gt,0.8839338421821594,1529,930,1715,1131
2294,137.0,feeder,0.9442789554595947,799,995,1966,1370
2294,175.0,gt,0.8760788440704346,1528,933,1714,1131
2295,137.0,feeder,0.9438085556030273,798,995,1966,1369
2295,175.0,gt,0.8760113716125488,1526,934,1713,1131
2296,137.0,feeder,0.9440808892250061,798,995,1965,1369
2296,175.0,gt,0.8743878602981567,1524,933,1714,1129
2297,137.0,feeder,0.9439263939857483,797,996,1965,1369
2297,175.0,gt,0.8775126934051514,1523,935,1712,1129
2298,137.0,feeder,0.9435844421386719,796,996,1965,1370
2298,175.0,gt,0.8737357258796692,1526,952,1714,1128
2299,137.0,feeder,0.9424082040786743,796,994,1965,1370
2299,175.0,gt,0.8622041940689087,1523,975,1716,1129
2300,137.0,feeder,0.9438576102256775,796,994,1966,1370
2300,175.0,gt,0.861264169216156,1521,977,1716,1132
2301,137.0,feeder,0.9426502585411072,796,993,1966,1370
2301,175.0,gt,0.8627133369445801,1521,988,1709,1132
2302,137.0,feeder,0.9430386424064636,796,994,1965,1370
2302,175.0,gt,0.8590624332427979,1516,986,1714,1133
2303,137.0,feeder,0.943570613861084,796,995,1965,1370
2303,175.0,gt,0.8779003024101257,1505,982,1722,1133
2304,137.0,feeder,0.9436959028244019,796,995,1965,1370
2304,175.0,gt,0.8879314661026001,1487,969,1729,1132
2305,137.0,feeder,0.9451075196266174,797,995,1965,1370
2305,175.0,gt,0.9070742130279541,1465,952,1747,1131
2306,137.0,feeder,0.9445587396621704,797,996,1965,1370
2306,175.0,gt,0.9039469957351685,1454,945,1759,1131
2307,137.0,feeder,0.9442055225372314,797,996,1965,1370
2307,175.0,gt,0.9075428247451782,1442,947,1769,1129
2308,137.0,feeder,0.9441218972206116,797,996,1965,1370
2308,175.0,gt,0.9045395255088806,1436,941,1782,1129
2309,137.0,feeder,0.9444905519485474,796,996,1964,1370
2309,175.0,gt,0.8902561664581299,1425,935,1801,1122
2310,137.0,feeder,0.9453012347221375,796,995,1964,1370
2310,175.0,gt,0.8744281530380249,1419,934,1800,1128
2311,137.0,feeder,0.9450662136077881,797,995,1966,1369
2311,175.0,gt,0.8850057721138,1413,933,1798,1132
2312,137.0,feeder,0.9450715184211731,798,995,1966,1369
2312,175.0,gt,0.886117160320282,1409,932,1798,1133
2313,137.0,feeder,0.9449695348739624,798,995,1966,1368
2313,175.0,gt,0.8859577178955078,1409,931,1794,1133
2314,137.0,feeder,0.9446746706962585,798,995,1966,1368
2314,175.0,gt,0.8899491429328918,1416,931,1795,1133
2315,137.0,feeder,0.9450156092643738,797,995,1966,1369
2315,175.0,gt,0.8934134244918823,1420,930,1791,1133
2316,137.0,feeder,0.9456308484077454,797,995,1966,1368
2316,175.0,gt,0.8890422582626343,1423,928,1783,1129
2317,137.0,feeder,0.9457284212112427,797,994,1966,1368
2317,175.0,gt,0.8662874698638916,1428,929,1777,1138
2318,137.0,feeder,0.9440965056419373,797,994,1967,1369
2318,175.0,gt,0.8506563305854797,1443,946,1761,1140
2319,137.0,feeder,0.9440669417381287,797,993,1967,1369
2319,175.0,gt,0.8361129760742188,1452,952,1737,1144
2320,137.0,feeder,0.9442785382270813,797,993,1967,1369
2320,175.0,gt,0.8420230746269226,1462,934,1690,1145
2321,137.0,feeder,0.9451408386230469,798,993,1967,1369
2321,175.0,gt,0.8805045485496521,1468,928,1651,1135
2322,137.0,feeder,0.9438137412071228,798,991,1968,1370
2322,175.0,gt,0.8909412026405334,1461,946,1627,1155
2323,137.0,feeder,0.9433133006095886,799,992,1969,1370
2323,175.0,gt,0.8835810422897339,1446,957,1627,1164
2324,137.0,feeder,0.9444665312767029,799,992,1969,1369
2324,175.0,gt,0.8999201059341431,1421,953,1632,1167
2325,137.0,feeder,0.9431472420692444,799,992,1968,1368
2325,175.0,gt,0.878477156162262,1406,939,1639,1195
2326,137.0,feeder,0.9425102472305298,799,992,1968,1369
2326,175.0,gt,0.8797396421432495,1381,929,1646,1209
2327,137.0,feeder,0.9430198073387146,799,992,1968,1369
2327,175.0,gt,0.8791066408157349,1364,924,1650,1214
2328,137.0,feeder,0.9428317546844482,799,992,1967,1369
2328,175.0,gt,0.8767227530479431,1360,917,1652,1214
2329,137.0,feeder,0.9419714212417603,799,991,1968,1370
2329,175.0,gt,0.8914558291435242,1347,914,1646,1208
2330,137.0,feeder,0.9395818114280701,799,991,1967,1370
2330,175.0,gt,0.8760042786598206,1352,934,1634,1199
2331,137.0,feeder,0.8738290667533875,795,989,1967,1375
2331,175.0,gt,0.758327841758728,1290,908,1612,1299
2332,137.0,feeder,0.7980935573577881,790,987,1969,1385
2333,,j,0.6395817399024963,483,1052,1174,1394
2334,137.0,feeder,0.9498135447502136,791,983,1971,1375
2335,137.0,feeder,0.9499284029006958,790,983,1970,1373
2336,137.0,feeder,0.9495725035667419,789,983,1970,1372
2337,137.0,feeder,0.9494979381561279,789,983,1970,1371
2338,137.0,feeder,0.9493093490600586,789,983,1970,1371
2339,137.0,feeder,0.9493598341941833,789,983,1972,1371
2340,137.0,feeder,0.9490935802459717,789,983,1971,1371
2341,137.0,feeder,0.9497875571250916,787,983,1969,1371
2342,137.0,feeder,0.9497835636138916,786,983,1969,1371
2343,137.0,feeder,0.9496992230415344,785,983,1969,1371
2344,137.0,feeder,0.9498295783996582,785,982,1969,1371
2345,137.0,feeder,0.9499205946922302,786,982,1970,1371
2346,137.0,feeder,0.9498416185379028,785,982,1971,1371
2347,137.0,feeder,0.9496954679489136,786,983,1971,1371
2348,137.0,feeder,0.9497570991516113,785,983,1971,1371
2349,137.0,feeder,0.9495904445648193,784,982,1970,1372
2350,137.0,feeder,0.9499684572219849,784,982,1970,1372
2351,137.0,feeder,0.9498493671417236,784,982,1971,1371
2352,137.0,feeder,0.9499874711036682,784,982,1972,1371
2353,137.0,feeder,0.9498676657676697,784,983,1972,1371
2354,137.0,feeder,0.9496715068817139,784,983,1971,1372
2355,137.0,feeder,0.9495271444320679,783,983,1969,1371
2356,137.0,feeder,0.9493006467819214,781,982,1967,1371
2357,137.0,feeder,0.9494559168815613,781,983,1966,1371
2358,137.0,feeder,0.9497389197349548,782,983,1968,1372
2359,137.0,feeder,0.9496663212776184,782,983,1967,1371
2360,137.0,feeder,0.9496894478797913,782,983,1967,1371
2361,137.0,feeder,0.9495775699615479,783,983,1967,1372
2362,137.0,feeder,0.9496645331382751,782,983,1967,1372
2363,137.0,feeder,0.9497439861297607,782,983,1967,1371
2364,137.0,feeder,0.9496058225631714,782,983,1967,1372
2365,137.0,feeder,0.9496678709983826,782,983,1967,1372
2366,137.0,feeder,0.9497467875480652,782,983,1967,1372
2367,137.0,feeder,0.9496799111366272,782,983,1967,1372
2368,137.0,feeder,0.9496034383773804,782,983,1968,1372
2369,137.0,feeder,0.9496455788612366,782,983,1968,1372
2370,137.0,feeder,0.9497514963150024,782,983,1968,1372
2371,137.0,feeder,0.9499305486679077,782,983,1967,1372
2372,137.0,feeder,0.9497551918029785,782,983,1968,1372
2373,137.0,feeder,0.9498948454856873,783,983,1969,1372
2374,137.0,feeder,0.9497151374816895,784,983,1970,1372
2375,137.0,feeder,0.9498917460441589,783,983,1970,1372
2376,137.0,feeder,0.9495807886123657,783,983,1969,1372
2377,137.0,feeder,0.9498112797737122,782,983,1968,1372
2378,137.0,feeder,0.9497283101081848,782,983,1968,1372
2379,137.0,feeder,0.9496166706085205,782,983,1969,1372
2380,137.0,feeder,0.9499840140342712,783,983,1971,1372
2381,137.0,feeder,0.9497453570365906,784,983,1972,1372
2382,137.0,feeder,0.9496799111366272,783,983,1973,1372
2383,137.0,feeder,0.9495857357978821,784,983,1972,1372
2384,137.0,feeder,0.9497437477111816,785,983,1972,1372
2385,137.0,feeder,0.9498517513275146,786,983,1972,1372
2386,137.0,feeder,0.9505135416984558,786,983,1971,1371
2387,137.0,feeder,0.9506392478942871,786,982,1971,1371
2388,137.0,feeder,0.9502618908882141,787,982,1972,1371
2389,137.0,feeder,0.9497545957565308,787,982,1973,1371
2390,137.0,feeder,0.9497172236442566,788,982,1974,1372
2391,137.0,feeder,0.9497934579849243,789,982,1974,1372
2392,137.0,feeder,0.9495941996574402,790,982,1974,1372
2393,137.0,feeder,0.9490588903427124,790,982,1974,1372
2394,137.0,feeder,0.9495697021484375,790,982,1975,1371
2395,137.0,feeder,0.9496023058891296,790,981,1975,1371
2396,137.0,feeder,0.9497584104537964,790,981,1975,1371
2397,137.0,feeder,0.9494864344596863,790,982,1975,1372
2398,137.0,feeder,0.9495675563812256,791,982,1975,1372
2399,137.0,feeder,0.9492686986923218,790,982,1975,1372
2400,137.0,feeder,0.9495269060134888,790,982,1975,1371
2401,137.0,feeder,0.949211597442627,788,982,1973,1372
2402,137.0,feeder,0.9490913152694702,788,982,1973,1372
2403,137.0,feeder,0.9492284655570984,789,983,1973,1372
2404,137.0,feeder,0.9490810036659241,788,983,1973,1372
2405,137.0,feeder,0.9493591785430908,788,983,1972,1372
2406,137.0,feeder,0.9492793679237366,788,983,1971,1372
2407,137.0,feeder,0.9493934512138367,787,982,1971,1372
2408,137.0,feeder,0.9494615793228149,786,982,1970,1371
2409,137.0,feeder,0.94957035779953,786,982,1970,1371
2410,137.0,feeder,0.949870228767395,787,982,1970,1371
2411,137.0,feeder,0.9495400190353394,787,982,1971,1371
2412,137.0,feeder,0.9494611620903015,788,982,1973,1372
2413,137.0,feeder,0.9495991468429565,789,982,1975,1372
2414,137.0,feeder,0.9493319988250732,790,982,1976,1372
2415,137.0,feeder,0.9494351744651794,790,982,1976,1372
2416,137.0,feeder,0.9498131275177002,790,982,1976,1372
2417,137.0,feeder,0.9493098855018616,789,982,1977,1372
2418,137.0,feeder,0.9495506882667542,790,982,1977,1372
2419,137.0,feeder,0.9495851993560791,790,982,1978,1372
2420,137.0,feeder,0.9497759342193604,790,983,1979,1372
2421,137.0,feeder,0.9498115181922913,790,982,1978,1371
2422,137.0,feeder,0.949701189994812,789,982,1978,1371
2423,137.0,feeder,0.9495776891708374,790,983,1978,1372
2424,137.0,feeder,0.94950932264328,791,983,1979,1372
2425,137.0,feeder,0.9497836828231812,792,983,1979,1372
2426,137.0,feeder,0.9500422477722168,792,983,1978,1371
2427,137.0,feeder,0.9499577879905701,791,983,1975,1371
2428,137.0,feeder,0.9496708512306213,791,982,1976,1371
2429,137.0,feeder,0.9496475458145142,791,982,1975,1371
2430,137.0,feeder,0.9497734308242798,791,982,1977,1371
2431,137.0,feeder,0.9491509795188904,791,983,1977,1372
2432,137.0,feeder,0.9495632648468018,792,983,1977,1372
2433,137.0,feeder,0.9495588541030884,792,983,1976,1372
2434,137.0,feeder,0.949414849281311,791,984,1973,1372
2435,137.0,feeder,0.9492078423500061,789,983,1973,1372
2436,137.0,feeder,0.9489010572433472,789,983,1974,1372
2437,137.0,feeder,0.9490906596183777,790,983,1975,1372
2438,137.0,feeder,0.9492698907852173,792,983,1977,1372
2439,137.0,feeder,0.9492893815040588,793,983,1978,1372
2440,137.0,feeder,0.9493383169174194,793,983,1978,1372
2441,137.0,feeder,0.9493935704231262,793,982,1979,1372
2442,137.0,feeder,0.9493761658668518,792,983,1978,1372
2443,137.0,feeder,0.9499486684799194,793,983,1977,1372
2444,137.0,feeder,0.9500407576560974,793,983,1976,1372
2445,137.0,feeder,0.9497644305229187,792,983,1976,1372
2446,137.0,feeder,0.9491639733314514,792,982,1976,1371
2447,137.0,feeder,0.9489396810531616,792,981,1975,1371
2448,137.0,feeder,0.9491744041442871,793,981,1974,1371
2449,137.0,feeder,0.9495672583580017,793,982,1975,1371
2450,137.0,feeder,0.9497179388999939,793,982,1974,1372
2451,137.0,feeder,0.9496367573738098,793,982,1974,1372
2452,137.0,feeder,0.9491925835609436,793,982,1975,1371
2453,137.0,feeder,0.9487104415893555,792,981,1976,1371
2454,137.0,feeder,0.9487749338150024,792,981,1975,1371
2455,137.0,feeder,0.9493471384048462,791,982,1973,1371
2456,137.0,feeder,0.9494705200195312,791,982,1973,1372
2457,137.0,feeder,0.9498739838600159,790,981,1971,1371
2458,137.0,feeder,0.9496871829032898,791,981,1973,1371
2459,137.0,feeder,0.9492437839508057,792,981,1974,1371
2460,137.0,feeder,0.9492834210395813,791,981,1974,1372
2461,137.0,feeder,0.9502833485603333,791,982,1971,1371
2462,137.0,feeder,0.9503018260002136,790,982,1970,1372
2463,137.0,feeder,0.9499875903129578,789,982,1970,1372
2464,137.0,feeder,0.9496750831604004,790,982,1972,1372
2465,137.0,feeder,0.9496822357177734,790,982,1972,1372
2466,137.0,feeder,0.9496073126792908,789,982,1971,1372
2467,137.0,feeder,0.9498132467269897,789,982,1970,1372
2468,137.0,feeder,0.9500684142112732,788,983,1970,1372
2469,137.0,feeder,0.9501373767852783,788,983,1969,1372
2470,137.0,feeder,0.9499828815460205,787,982,1970,1371
2471,137.0,feeder,0.9498524069786072,787,982,1971,1371
2472,137.0,feeder,0.9501327276229858,787,982,1970,1372
2473,137.0,feeder,0.9498724937438965,788,983,1970,1372
2474,137.0,feeder,0.9499706029891968,788,982,1971,1371
2475,137.0,feeder,0.9499003291130066,788,982,1970,1371
2476,137.0,feeder,0.9498252868652344,788,982,1970,1371
2477,137.0,feeder,0.9498007297515869,788,983,1971,1371
2478,137.0,feeder,0.9497687220573425,787,983,1971,1371
2479,137.0,feeder,0.9495706558227539,787,983,1971,1371
2480,137.0,feeder,0.9495224356651306,788,983,1970,1371
2481,137.0,feeder,0.9497036337852478,788,983,1970,1372
2482,137.0,feeder,0.9497963190078735,788,983,1970,1372
2483,137.0,feeder,0.9496990442276001,789,983,1970,1372
2484,137.0,feeder,0.9497631192207336,789,983,1970,1372
2485,137.0,feeder,0.9496729373931885,789,983,1971,1372
2486,137.0,feeder,0.9496707320213318,789,983,1971,1372
2487,137.0,feeder,0.9498295783996582,788,983,1970,1372
2488,137.0,feeder,0.9500011205673218,789,983,1970,1372
2489,137.0,feeder,0.9499669671058655,789,983,1970,1372
2490,137.0,feeder,0.949819028377533,789,983,1970,1372
2491,137.0,feeder,0.949557900428772,787,983,1971,1372
2492,137.0,feeder,0.9495612382888794,786,983,1972,1372
2493,137.0,feeder,0.9495617747306824,786,983,1972,1372
2494,137.0,feeder,0.9496814012527466,787,983,1972,1372
2495,137.0,feeder,0.9496875405311584,787,983,1972,1372
2496,137.0,feeder,0.949765682220459,787,982,1973,1372
2497,137.0,feeder,0.9495601654052734,787,982,1972,1372
2498,137.0,feeder,0.9493889212608337,787,983,1972,1372
2499,137.0,feeder,0.9496198296546936,786,983,1972,1372
2500,137.0,feeder,0.9496358036994934,786,983,1971,1372
2501,137.0,feeder,0.9495219588279724,786,983,1971,1372
2502,137.0,feeder,0.9492220878601074,786,983,1971,1372
2503,137.0,feeder,0.9492690563201904,786,983,1972,1372
2504,137.0,feeder,0.9494333267211914,786,983,1971,1372
2505,137.0,feeder,0.9494470953941345,786,983,1972,1372
2506,137.0,feeder,0.9496911764144897,785,983,1971,1371
2507,137.0,feeder,0.949633002281189,785,983,1970,1371
2508,137.0,feeder,0.9496203660964966,785,983,1970,1371
2509,137.0,feeder,0.9496095776557922,786,983,1971,1371
2510,137.0,feeder,0.9498339891433716,786,983,1970,1371
2511,137.0,feeder,0.9499387741088867,787,983,1971,1371
2512,137.0,feeder,0.9497529864311218,788,983,1970,1371
2513,137.0,feeder,0.9498649835586548,788,983,1970,1371
2514,137.0,feeder,0.9497787952423096,788,983,1970,1371
2515,137.0,feeder,0.9495214223861694,788,983,1971,1371
2516,137.0,feeder,0.9496824741363525,788,983,1971,1371
2517,137.0,feeder,0.9497665762901306,788,983,1971,1371
2518,137.0,feeder,0.9499541521072388,788,983,1971,1371
2519,137.0,feeder,0.9499450922012329,788,983,1971,1371
2520,137.0,feeder,0.9498779773712158,788,982,1971,1371
2521,137.0,feeder,0.9502445459365845,787,982,1971,1371
2522,137.0,feeder,0.9500682950019836,787,982,1972,1371
2523,137.0,feeder,0.9500439763069153,787,982,1972,1371
2524,137.0,feeder,0.9503119587898254,787,982,1971,1371
2525,137.0,feeder,0.9502146244049072,786,982,1970,1371
2526,137.0,feeder,0.9501466155052185,786,982,1970,1371
2527,137.0,feeder,0.9502227306365967,787,982,1971,1371
2528,137.0,feeder,0.9500232934951782,788,982,1971,1371
2529,137.0,feeder,0.9501802325248718,788,982,1972,1371
2530,137.0,feeder,0.950289249420166,789,982,1972,1371
2531,137.0,feeder,0.9501038193702698,789,982,1973,1371
2532,137.0,feeder,0.9498181939125061,789,982,1973,1371
2533,137.0,feeder,0.9498997926712036,790,982,1973,1371
2534,137.0,feeder,0.9498767852783203,789,982,1973,1371
2535,137.0,feeder,0.9504018425941467,788,982,1972,1371
2536,137.0,feeder,0.9497107267379761,788,982,1972,1371
2537,137.0,feeder,0.9500375986099243,789,982,1972,1371
2538,137.0,feeder,0.9494816660881042,791,982,1975,1371
2539,137.0,feeder,0.9497145414352417,791,982,1976,1371
2540,137.0,feeder,0.9496691226959229,791,982,1976,1371
2541,137.0,feeder,0.9498605728149414,790,982,1973,1371
2542,137.0,feeder,0.9498351812362671,788,982,1971,1371
2543,137.0,feeder,0.9499365091323853,788,982,1971,1371
2544,137.0,feeder,0.9499416351318359,790,982,1973,1371
2545,137.0,feeder,0.9497206211090088,791,982,1975,1371
2546,137.0,feeder,0.9498862624168396,791,982,1975,1372
2547,137.0,feeder,0.949876606464386,790,983,1974,1372
2548,137.0,feeder,0.9499112367630005,790,983,1972,1371
2549,137.0,feeder,0.9497491121292114,790,982,1971,1371
2550,137.0,feeder,0.9495229721069336,790,982,1972,1371
2551,137.0,feeder,0.9501134753227234,790,982,1973,1371
2552,137.0,feeder,0.9502013325691223,790,981,1974,1371
2553,137.0,feeder,0.9501681327819824,791,981,1974,1371
2554,137.0,feeder,0.9499171376228333,791,981,1974,1371
2555,137.0,feeder,0.9498888254165649,791,982,1974,1371
2556,137.0,feeder,0.9499067068099976,792,982,1974,1371
2557,137.0,feeder,0.9498847723007202,791,982,1974,1371
2558,137.0,feeder,0.9500303268432617,792,982,1974,1371
2559,137.0,feeder,0.9501084089279175,792,982,1975,1371
2560,137.0,feeder,0.9498506784439087,792,982,1975,1371
2561,137.0,feeder,0.9498447179794312,792,982,1974,1371
2562,137.0,feeder,0.9497197866439819,792,982,1974,1371
2563,137.0,feeder,0.9496905207633972,792,982,1974,1371
2564,137.0,feeder,0.9492645263671875,792,982,1975,1371
2565,137.0,feeder,0.9491889476776123,791,981,1975,1371
2566,137.0,feeder,0.9495124220848083,791,982,1975,1371
2567,137.0,feeder,0.9499269127845764,791,983,1976,1372
2568,137.0,feeder,0.9499881267547607,792,983,1977,1372
2569,137.0,feeder,0.9497258067131042,793,983,1978,1372
2570,137.0,feeder,0.9496784210205078,792,982,1978,1372
2571,137.0,feeder,0.9495283365249634,792,982,1978,1371
2572,137.0,feeder,0.9493890404701233,792,982,1978,1372
2573,137.0,feeder,0.9494644999504089,792,982,1978,1372
2574,137.0,feeder,0.9495454430580139,792,982,1979,1372
2575,137.0,feeder,0.9494568705558777,792,982,1979,1372
2576,137.0,feeder,0.9490571618080139,792,982,1979,1372
2577,137.0,feeder,0.9491026997566223,792,982,1979,1372
2578,137.0,feeder,0.9490748643875122,792,982,1979,1372
2579,137.0,feeder,0.9489749073982239,792,983,1978,1372
2580,137.0,feeder,0.9492436051368713,791,983,1976,1371
2581,137.0,feeder,0.9499922394752502,792,983,1976,1371
2582,137.0,feeder,0.9498111009597778,792,982,1977,1371
2583,137.0,feeder,0.9499074220657349,792,982,1978,1372
2584,137.0,feeder,0.9498663544654846,792,982,1978,1372
2585,137.0,feeder,0.9499247670173645,792,982,1978,1372
2586,137.0,feeder,0.949883222579956,793,982,1978,1372
2587,137.0,feeder,0.9495418667793274,793,982,1978,1372
2588,137.0,feeder,0.9496345520019531,793,981,1980,1372
2589,137.0,feeder,0.9498107433319092,793,981,1981,1372
2590,137.0,feeder,0.9498943090438843,793,982,1981,1372
2591,137.0,feeder,0.9497873187065125,793,982,1979,1371
2592,137.0,feeder,0.9497819542884827,793,983,1979,1371
2593,137.0,feeder,0.949857234954834,794,983,1978,1372
2594,137.0,feeder,0.949873685836792,794,982,1978,1372
2595,137.0,feeder,0.9495700597763062,793,982,1979,1372
2596,137.0,feeder,0.9495772123336792,793,981,1980,1371
2597,137.0,feeder,0.9491604566574097,794,981,1980,1372
2598,137.0,feeder,0.9495822787284851,794,981,1979,1372
2599,137.0,feeder,0.9497271776199341,793,981,1978,1371
2600,137.0,feeder,0.949981689453125,794,982,1979,1372
2601,137.0,feeder,0.9499592781066895,795,982,1979,1372
2602,137.0,feeder,0.94952392578125,795,982,1980,1371
2603,137.0,feeder,0.9497738480567932,795,982,1979,1371
2604,137.0,feeder,0.9498909711837769,793,981,1978,1371
2605,137.0,feeder,0.9495289921760559,793,982,1977,1371
2606,137.0,feeder,0.9497082829475403,793,982,1977,1371
2607,137.0,feeder,0.9499185085296631,793,981,1978,1371
2608,137.0,feeder,0.9499685764312744,793,982,1978,1372
2609,137.0,feeder,0.9501760005950928,793,982,1978,1372
2610,137.0,feeder,0.9499982595443726,793,982,1978,1372
2611,137.0,feeder,0.950031042098999,792,983,1975,1371
2612,137.0,feeder,0.9498339891433716,791,983,1975,1372
2613,137.0,feeder,0.9495814442634583,791,983,1976,1372
2614,137.0,feeder,0.949688196182251,791,983,1977,1372
2615,137.0,feeder,0.9495304822921753,791,983,1978,1372
2616,137.0,feeder,0.9496772885322571,792,983,1978,1372
2617,137.0,feeder,0.9496059417724609,793,983,1978,1372
2618,137.0,feeder,0.9496859312057495,793,983,1977,1372
2619,137.0,feeder,0.949702262878418,792,983,1975,1372
2620,137.0,feeder,0.9498854875564575,791,983,1974,1372
2621,137.0,feeder,0.9499104619026184,790,983,1973,1372
2622,137.0,feeder,0.9496138691902161,790,983,1973,1372
2623,137.0,feeder,0.9496673345565796,791,983,1974,1372
2624,137.0,feeder,0.9498329162597656,792,982,1975,1372
2625,137.0,feeder,0.9496434330940247,792,982,1975,1372
2626,137.0,feeder,0.9494897723197937,791,982,1974,1371
2627,137.0,feeder,0.9494957327842712,791,982,1973,1372
2628,137.0,feeder,0.949517011642456,791,982,1972,1371
2629,137.0,feeder,0.9494611620903015,792,982,1973,1372
2630,137.0,feeder,0.9498677849769592,792,982,1974,1372
2631,137.0,feeder,0.949803352355957,792,982,1975,1372
2632,137.0,feeder,0.9497762322425842,792,982,1974,1372
2633,137.0,feeder,0.9496350884437561,791,982,1974,1372
2634,137.0,feeder,0.9496011137962341,792,982,1974,1372
2635,137.0,feeder,0.9494061470031738,792,982,1974,1372
2636,137.0,feeder,0.9495015740394592,792,983,1974,1372
2637,137.0,feeder,0.9492997527122498,791,982,1975,1372
2638,137.0,feeder,0.9497363567352295,791,982,1977,1372
2639,137.0,feeder,0.9496851563453674,791,982,1977,1372
2640,137.0,feeder,0.9497109651565552,792,982,1976,1372
2641,137.0,feeder,0.9495845437049866,792,983,1975,1372
2642,137.0,feeder,0.9492682814598083,792,983,1974,1372
2643,137.0,feeder,0.9490688443183899,792,982,1974,1371
2644,137.0,feeder,0.949256181716919,792,982,1976,1372
2645,137.0,feeder,0.9494075179100037,792,982,1977,1372
2646,137.0,feeder,0.9493767023086548,792,982,1979,1372
2647,137.0,feeder,0.9495432376861572,793,982,1979,1372
2648,137.0,feeder,0.9495762586593628,792,981,1977,1371
2649,137.0,feeder,0.9493970274925232,792,982,1975,1371
2650,137.0,feeder,0.9495404958724976,791,982,1973,1371
2651,137.0,feeder,0.9497213959693909,791,982,1972,1372
2652,137.0,feeder,0.9494697451591492,791,982,1972,1371
2653,137.0,feeder,0.9496206641197205,792,982,1975,1372
2654,137.0,feeder,0.9494619965553284,792,982,1976,1372
2655,137.0,feeder,0.9497072100639343,792,982,1976,1371
2656,137.0,feeder,0.9500958323478699,792,982,1975,1371
2657,137.0,feeder,0.9501086473464966,792,982,1974,1372
2658,137.0,feeder,0.949965238571167,791,982,1972,1372
2659,137.0,feeder,0.9502770900726318,791,982,1971,1372
2660,137.0,feeder,0.9503182172775269,791,983,1972,1372
2661,137.0,feeder,0.9503753781318665,791,982,1973,1372
2662,137.0,feeder,0.9503248929977417,791,982,1973,1371
2663,137.0,feeder,0.9503065943717957,790,983,1974,1371
2664,137.0,feeder,0.9505358338356018,790,983,1972,1372
2665,137.0,feeder,0.9503174424171448,790,983,1971,1372
2666,137.0,feeder,0.9501973986625671,790,983,1971,1372
2667,137.0,feeder,0.9500645399093628,790,983,1971,1372
2668,137.0,feeder,0.949981153011322,791,982,1972,1372
2669,137.0,feeder,0.9499821066856384,791,982,1973,1372
2670,137.0,feeder,0.9499719142913818,792,983,1972,1372
2671,137.0,feeder,0.9498429298400879,791,983,1970,1371
2672,137.0,feeder,0.9495141506195068,791,982,1972,1371
2673,137.0,feeder,0.9495956301689148,791,982,1973,1371
2674,137.0,feeder,0.949735701084137,792,981,1974,1371
2675,137.0,feeder,0.9496600031852722,793,981,1975,1372
2676,137.0,feeder,0.9498711824417114,793,982,1975,1372
2677,137.0,feeder,0.9497985243797302,793,982,1975,1372
2678,137.0,feeder,0.949735701084137,792,983,1974,1372
2679,137.0,feeder,0.9496296048164368,792,982,1974,1371
2680,137.0,feeder,0.9498408436775208,792,982,1974,1372
2681,137.0,feeder,0.94987553358078,792,981,1974,1372
2682,137.0,feeder,0.9498089551925659,792,982,1972,1372
2683,137.0,feeder,0.9497724771499634,791,982,1971,1372
2684,137.0,feeder,0.9496904611587524,791,982,1971,1372
2685,137.0,feeder,0.9494259357452393,791,981,1971,1372
2686,137.0,feeder,0.950249433517456,791,982,1972,1372
2687,137.0,feeder,0.9501773118972778,791,983,1974,1372
2688,137.0,feeder,0.9500002861022949,791,983,1975,1372
2689,137.0,feeder,0.9500595927238464,790,983,1974,1371
2690,137.0,feeder,0.9500138163566589,790,983,1973,1371
2691,137.0,feeder,0.9499363899230957,789,982,1972,1371
2692,137.0,feeder,0.9498660564422607,789,982,1972,1371
2693,137.0,feeder,0.9498236775398254,789,982,1972,1371
2694,137.0,feeder,0.9497289061546326,789,982,1973,1372
2695,137.0,feeder,0.9497994780540466,788,982,1972,1371
2696,137.0,feeder,0.9498158097267151,788,982,1971,1371
2697,137.0,feeder,0.9500077962875366,789,982,1971,1371
2698,137.0,feeder,0.9500361084938049,789,982,1971,1371
2699,137.0,feeder,0.949949324131012,789,982,1971,1371
2700,137.0,feeder,0.9497109651565552,788,982,1971,1371
2701,137.0,feeder,0.9499887824058533,787,982,1971,1371
